data;horario;n_da_ocorrencia;tipo_de_ocorrencia;km;trecho;sentido;tipo_de_acidente;caminhao;ilesos;levemente_feridos;moderadamente_feridos;gravemente_feridos;mortos;3
16/03/2010;18:13:00;322;sem vítima;756;BR-381/MG;Sul;Colisão Traseira;1;2;;;;;1
16/03/2010;06:18:00;68;com vítima;781;BR-381/MG;Norte;Tombamento;1;0;2;;;;1
16/03/2010;21:22:00;370;sem vítima;842;BR-381/MG;Norte;Colisão Lateral;1;5;;;;;1
16/03/2010;03:04:00;42;sem vítima;866;BR-381/MG;Sul;Choque - Elemento de Drenagem;1;1;;;;;1
16/03/2010;05:10:00;58;com vítima;868;BR-381/MG;Norte;Colisão Traseira;2;1;1;;;;1
16/03/2010;06:08:00;67;sem vítima;890;BR-381/MG;Sul;Choque - Defensa, barreira ou "submarino";1;1;;;;;1
16/03/2010;02:07:00;34;sem vítima;910;BR-381/MG;Sul;Choque - Elemento de Drenagem;1;2;;;;;1
16/03/2010;18:21:00;325;sem vítima;921;BR-381/MG;Sul;Saida de Pista;1;1;;;;;1
17/03/2010;19:58:00;355;sem vítima;60;BR-381/SP;Norte;Colisão Transversal;2;4;;;;;1
17/03/2010;05:19:00;68;com vítima;90;BR-381/SP;Sul;Tombamento;1;0;1;;;;1
17/03/2010;23:59:00;395;sem vítima;508,3999938964844;BR-381/MG;Sul;Colisão Lateral;1;3;;;;;1
17/03/2010;12:58:00;190;sem vítima;511;BR-381/MG;Norte;Colisão Traseira;1;2;;;;;1
17/03/2010;02:49:00;46;com vítima;601,4000244140625;BR-381/MG;Norte;Saida de Pista;1;1;1;;;;1
17/03/2010;20:29:00;365;sem vítima;617;BR-381/MG;Norte;Outros - Sequência;1;1;;;;;1
17/03/2010;05:02:00;66;com vítima;932;BR-381/MG;Sul;Tombamento;1;0;1;;;;1
18/03/2010;03:02:00;36;sem vítima;32,29999923706055;BR-381/SP;Sul;Colisão Traseira;2;2;;;;;1
18/03/2010;12:33:00;170;com vítima;86;BR-381/SP;Norte;Outros - Sequência;3;3;1;;;;1
18/03/2010;10:26:00;139;com vítima;481;BR-381/MG;Norte;Colisão Traseira;1;1;1;;;;1
18/03/2010;18:57:00;311;sem vítima;533;BR-381/MG;Sul;Tombamento;1;2;;;;;1
18/03/2010;01:25:00;30;sem vítima;592,7000122070312;BR-381/MG;Sul;Choque - Defensa, barreira ou "submarino";1;1;;;;;1
18/03/2010;16:11:00;253;com vítima;745,2999877929688;BR-381/MG;Sul;Colisão Traseira;2;0;1;1;;;2
18/03/2010;19:33:00;322;sem vítima;756;BR-381/MG;Norte;Colisão Traseira;1;4;;;;;1
18/03/2010;20:48:00;342;sem vítima;801,7999877929688;BR-381/MG;Sul;Colisão Lateral;1;2;;;;;1
18/03/2010;17:17:00;273;com vítima;807,4000244140625;BR-381/MG;Norte;Choque - Defensa, barreira ou "submarino";1;0;1;;;;1
19/03/2010;14:13:00;244;com vítima;22;BR-381/SP;Norte;Colisão Traseira;1;1;1;;;;1
19/03/2010;05:22:00;68;sem vítima;61;BR-381/SP;Sul;Colisão Traseira;1;3;;;;;1
19/03/2010;14:42:00;253;com vítima;88,4000015258789;BR-381/SP;Norte;Colisão Lateral;1;1;1;;;;1
19/03/2010;15:48:00;280;sem vítima;88,80000305175781;BR-381/SP;Norte;Outros - Sequência;1;3;;;;;1
19/03/2010;17:20:00;316;sem vítima;483;BR-381/MG;Norte;Colisão Lateral;1;2;;;;;1
19/03/2010;06:42:00;83;sem vítima;487;BR-381/MG;Norte;Engavetamento;1;3;;;;;1
19/03/2010;14:45:00;254;sem vítima;487,6000061035156;BR-381/MG;Norte;Colisão Lateral;1;2;;;;;1
19/03/2010;17:51:00;338;sem vítima;512;BR-381/MG;Sul;Colisão Lateral;2;2;;;;;1
19/03/2010;05:46:00;71;sem vítima;695,2000122070312;BR-381/MG;Sul;Colisão Traseira;2;2;;;;;1
19/03/2010;01:47:00;32;com vítima;726,5;BR-381/MG;Sul;Colisão Traseira;2;1;;;2;;2
19/03/2010;17:44:00;333;sem vítima;843,4000244140625;BR-381/MG;Sul;Colisão Lateral;1;2;;;;;1
20/03/2010;02:59:00;47;sem vítima;41,5;BR-381/SP;Sul;Engavetamento;3;3;;;;;1
20/03/2010;13:15:00;205;sem vítima;495,5;BR-381/MG;Sul;Colisão Lateral;1;2;;;;;1
20/03/2010;17:18:00;268;sem vítima;524,5999755859375;BR-381/MG;Norte;Colisão Traseira;1;3;;;;;1
20/03/2010;19:51:00;307;sem vítima;539;BR-381/MG;Sul;Atropelamento de Animal;1;1;;;;;1
20/03/2010;07:20:00;96;com vítima;720,9000244140625;BR-381/MG;Norte;Tombamento;1;0;2;;;;1
20/03/2010;06:55:00;85;sem vítima;848;BR-381/MG;Norte;Choque - Defensa, barreira ou "submarino";1;1;;;;;1
20/03/2010;05:37:00;73;sem vítima;915,5;BR-381/MG;Sul;Tombamento;1;1;;;;;1
20/03/2010;04:41:00;63;sem vítima;943;BR-381/MG;Norte;Colisão Traseira;2;3;;;;;1
21/03/2010;14:36:00;203;com vítima;490;BR-381/MG;Sul;Atropelamento - Ciclista;1;1;;;;1;3
21/03/2010;06:29:00;68;com vítima;665,2999877929688;BR-381/MG;Norte;Tombamento;1;0;3;;;;1
21/03/2010;01:30:00;27;com vítima;749;BR-381/MG;Sul;Tombamento;1;0;1;;;;1
21/03/2010;07:09:00;82;sem vítima;901;BR-381/MG;Sul;Choque - Defensa, barreira ou "submarino";1;1;;;;;1
21/03/2010;03:04:00;46;sem vítima;926;BR-381/MG;Sul;Choque - Elemento de Drenagem;1;1;;;;;1
22/03/2010;14:36:00;190;sem vítima;485,8999938964844;BR-381/MG;Sul;Colisão Lateral;1;2;;;;;1
22/03/2010;13:10:00;170;com vítima;528;BR-381/MG;Sul;Choque - Suporte de Sinalização;1;0;1;;;;1
22/03/2010;20:18:00;303;sem vítima;657,4000244140625;BR-381/MG;Sul;Choque - Talude;1;1;;;;;1
22/03/2010;01:44:00;19;sem vítima;716;BR-381/MG;Sul;Saida de Pista;1;1;;;;;1
22/03/2010;23:35:00;337;sem vítima;850;BR-381/MG;Norte;Colisão Traseira;1;2;;;;;1
22/03/2010;23:45:00;342;com vítima;853;BR-381/MG;Sul;Colisão Traseira;1;1;2;;1;;2
23/03/2010;07:33:00;92;sem vítima;478;BR-381/MG;Norte;Colisão Traseira;1;2;;;;;1
23/03/2010;20:20:00;347;sem vítima;509;BR-381/MG;Norte;Colisão Lateral;1;2;;;;;1
23/03/2010;23:35:00;383;sem vítima;602;BR-381/MG;Sul;Colisão Traseira;2;2;;;;;1
23/03/2010;15:13:00;229;com vítima;733,5;BR-381/MG;Norte;Outros - Sequência;1;0;1;;;;1
23/03/2010;01:50:00;27;com vítima;756,2999877929688;BR-381/MG;Sul;Tombamento;1;0;2;;;;1
23/03/2010;14:41:00;219;sem vítima;900;BR-381/MG;Norte;Colisão Traseira;1;4;;;;;1
24/03/2010;17:00:00;368;sem vítima;68,80000305175781;BR-381/SP;Sul;Colisão Lateral;1;3;;;;;1
24/03/2010;17:52:00;391;sem vítima;80,19999694824219;BR-381/SP;Norte;Colisão Lateral;1;2;;;;;1
24/03/2010;09:03:00;187;sem vítima;481;BR-381/MG;Sul;Colisão Traseira;1;2;;;;;1
24/03/2010;10:42:00;226;sem vítima;483,5;BR-381/MG;Norte;Engavetamento;1;4;;;;;1
24/03/2010;14:46:00;318;sem vítima;492;BR-381/MG;Sul;Colisão Lateral;1;2;;;;;1
24/03/2010;19:04:00;420;sem vítima;496,6000061035156;BR-381/MG;Sul;Colisão Traseira;2;2;;;;;1
24/03/2010;14:23:00;309;com vítima;529;BR-381/MG;Norte;Colisão Traseira;1;1;2;;;;1
24/03/2010;22:47:00;467;com vítima;544,5;BR-381/MG;Sul;Choque - Suporte de Sinalização;1;0;1;;;;1
24/03/2010;12:55:00;280;com vítima;621,0999755859375;BR-381/MG;Sul;Tombamento;1;0;1;;;;1
24/03/2010;03:28:00;47;sem vítima;691,0999755859375;BR-381/MG;Norte;Tombamento;1;1;;;;;1
24/03/2010;02:07:00;31;com vítima;747;BR-381/MG;Norte;Choque - Veiculo parado no acostamento;4;1;;2;1;;2
24/03/2010;03:10:00;43;com vítima;789,5;BR-381/MG;Norte;Tombamento;1;0;1;;;;1
24/03/2010;00:18:00;5;sem vítima;874;BR-381/MG;Sul;Choque - Defensa, barreira ou "submarino";1;2;;;;;1
24/03/2010;06:24:00;125;sem vítima;934,7999877929688;BR-381/MG;Sul;Choque - Elemento de Drenagem;1;1;;;;;1
25/03/2010;20:23:00;415;com vítima;48;BR-381/SP;Norte;Colisão Traseira;1;3;1;;;;1
25/03/2010;23:07:00;447;com vítima;480,79998779296875;BR-381/MG;Norte;Colisão Lateral;1;1;2;;;;1
25/03/2010;21:11:00;429;com vítima;486,6000061035156;BR-381/MG;Norte;Colisão Traseira;2;0;2;1;;;2
25/03/2010;00:01:00;5;sem vítima;491,8999938964844;BR-381/MG;Sul;Colisão Traseira;1;2;;;;;1
25/03/2010;18:18:00;381;sem vítima;495;BR-381/MG;Sul;Engavetamento;1;4;;;;;1
25/03/2010;01:59:00;41;sem vítima;561,4000244140625;BR-381/MG;Sul;Atropelamento de Animal;1;1;;;;;1
25/03/2010;05:26:00;68;sem vítima;577;BR-381/MG;Norte;Tombamento;1;1;;;;;1
25/03/2010;10:47:00;178;sem vítima;597;BR-381/MG;Norte;Choque - Defensa, barreira ou "submarino";1;1;;;;;1
25/03/2010;13:39:00;241;com vítima;842;BR-381/MG;Sul;Outros - Sequência;1;0;4;;;;1
26/03/2010;20:31:00;430;com vítima;0,4000000059604645;BR-381/SP;Sul;Colisão Traseira;1;1;1;;;;1
26/03/2010;09:11:00;138;sem vítima;54,20000076293945;BR-381/SP;Norte;Choque - Defensa, barreira ou "submarino";1;1;;;;;1
26/03/2010;17:09:00;356;sem vítima;485;BR-381/MG;Sul;Engavetamento;1;3;;;;;1
26/03/2010;15:35:00;310;com vítima;517;BR-381/MG;Norte;Outros - Sequência;1;0;1;;;;1
26/03/2010;18:48:00;392;sem vítima;558,0999755859375;BR-381/MG;Sul;Outros - Sequência;2;3;;;;;1
26/03/2010;09:18:00;141;sem vítima;597;BR-381/MG;Norte;Colisão Traseira;1;2;;;;;1
26/03/2010;09:30:00;169;sem vítima;699,5;BR-381/MG;Norte;Outros;2;5;;;;;1
26/03/2010;05:50:00;57;com vítima;742;BR-381/MG;Norte;Tombamento;1;0;1;;;;1
26/03/2010;02:11:00;24;com vítima;766,4000244140625;BR-381/MG;Sul;Outros - Sequência;1;0;;;;1;3
26/03/2010;10:59:00;199;sem vítima;849;BR-381/MG;Sul;Colisão Traseira;1;3;;;;;1
27/03/2010;19:33:00;347;com vítima;16,5;BR-381/SP;Sul;Colisão Traseira;1;1;1;;;;1
27/03/2010;14:03:00;228;sem vítima;481;BR-381/MG;Norte;Colisão Traseira;1;2;;;;;1
27/03/2010;16:19:00;278;sem vítima;746;BR-381/MG;Norte;Outros;1;2;;;;;1
27/03/2010;04:22:00;53;sem vítima;786,7999877929688;BR-381/MG;Sul;Choque - Elemento de Drenagem;1;2;;;;;1
27/03/2010;04:05:00;48;com vítima;907;BR-381/MG;Sul;Tombamento;1;0;1;;;;1
28/03/2010;06:34:00;91;sem vítima;508,3999938964844;BR-381/MG;Sul;Colisão Lateral;1;2;;;;;1
28/03/2010;19:26:00;351;com vítima;565;BR-381/MG;Norte;Colisão Frontal;1;1;;1;;;2
28/03/2010;08:35:00;125;com vítima;637,7999877929688;BR-381/MG;Norte;Tombamento;1;0;1;;;;1
29/03/2010;18:25:00;346;sem vítima;25,200000762939453;BR-381/SP;Sul;Saida de Pista;1;1;;;;;1
29/03/2010;04:49:00;49;sem vítima;52,79999923706055;BR-381/SP;Sul;Colisão Traseira;1;2;;;;;1
29/03/2010;07:06:00;70;sem vítima;492,20001220703125;BR-381/MG;Sul;Colisão Lateral;1;2;;;;;1
29/03/2010;07:16:00;77;sem vítima;493;BR-381/MG;Norte;Colisão Traseira;1;4;;;;;1
29/03/2010;07:59:00;90;sem vítima;494,20001220703125;BR-381/MG;Norte;Colisão Traseira;1;2;;;;;1
29/03/2010;03:45:00;45;com vítima;715;BR-381/MG;Norte;Tombamento;1;0;;;1;1;3
29/03/2010;12:22:00;205;sem vítima;726,0999755859375;BR-381/MG;Sul;Colisão Traseira;2;2;;;;;1
29/03/2010;15:34:00;275;sem vítima;838;BR-381/MG;Sul;Choque - Defensa, barreira ou "submarino";1;1;;;;;1
29/03/2010;19:58:00;373;com vítima;859,2999877929688;BR-381/MG;Sul;Colisão Traseira;2;1;;1;;;2
29/03/2010;23:21:00;402;com vítima;923,9000244140625;BR-381/MG;Sul;Choque - Defensa, barreira ou "submarino";1;0;1;;1;;2
29/03/2010;19:42:00;368;sem vítima;932,5999755859375;BR-381/MG;Norte;Outros - Sequência;2;2;;;;;1
30/03/2010;13:16:00;238;sem vítima;64;BR-381/SP;Sul;Colisão Traseira;2;2;;;;;1
30/03/2010;18:53:00;347;com vítima;486,1000061035156;BR-381/MG;Sul;Colisão Traseira;1;1;1;;;;1
30/03/2010;18:53:00;354;sem vítima;486,1000061035156;BR-381/MG;Sul;Choque - Elemento de Drenagem;1;1;;;;;1
30/03/2010;13:44:00;247;sem vítima;500;BR-381/MG;Sul;Outros - Sequência;1;4;;;;;1
30/03/2010;06:46:00;86;sem vítima;521,5;BR-381/MG;Sul;Tombamento;1;1;;;;;1
30/03/2010;22:30:00;394;com vítima;556;BR-381/MG;Norte;Colisão Traseira;2;1;1;;;;1
30/03/2010;01:41:00;38;sem vítima;664;BR-381/MG;Sul;Colisão Traseira;2;2;;;;;1
30/03/2010;16:54:00;309;sem vítima;718;BR-381/MG;Sul;Saida de Pista;1;1;;;;;1
30/03/2010;15:10:00;268;com vítima;905,4000244140625;BR-381/MG;Norte;Outros - Sequência;2;1;1;;;;1
30/03/2010;03:50:00;54;com vítima;905,5999755859375;BR-381/MG;Norte;Tombamento;1;0;1;;;;1
31/03/2010;22:45:00;394;sem vítima;24,600000381469727;BR-381/SP;Norte;Colisão Traseira;1;2;;;;;1
31/03/2010;09:47:00;137;sem vítima;478;BR-381/MG;Norte;Colisão Lateral;1;2;;;;;1
31/03/2010;18:48:00;330;sem vítima;494,29998779296875;BR-381/MG;Sul;Colisão Traseira;1;2;;;;;1
31/03/2010;10:50:00;165;sem vítima;496,5;BR-381/MG;Norte;Colisão Traseira;1;2;;;;;1
31/03/2010;23:31:00;407;com vítima;660,2999877929688;BR-381/MG;Norte;Colisão Traseira;2;1;1;;;;1
31/03/2010;17:05:00;295;sem vítima;886;BR-381/MG;Sul;Colisão Traseira;1;3;;;;;1
01/04/2010;10:30:00;185;sem vítima;79;BR-381/SP;Norte;Engavetamento;1;3;;;;;1
01/04/2010;21:42:00;495;sem vítima;89,5;BR-381/SP;Norte;Colisão Frontal;1;2;;;;;1
01/04/2010;19:33:00;447;sem vítima;481;BR-381/MG;Sul;Colisão Traseira;1;2;;;;;1
01/04/2010;21:19:00;491;com vítima;482;BR-381/MG;Sul;Outros - Sequência;1;1;1;;;;1
01/04/2010;08:02:00;115;sem vítima;486;BR-381/MG;Sul;Colisão Traseira;1;2;;;;;1
01/04/2010;19:49:00;454;sem vítima;493,79998779296875;BR-381/MG;Sul;Colisão Traseira;1;2;;;;;1
01/04/2010;14:59:00;292;sem vítima;494;BR-381/MG;Sul;Engavetamento;1;6;;;;;1
01/04/2010;16:57:00;355;sem vítima;494;BR-381/MG;Norte;Colisão Traseira;1;2;;;;;1
01/04/2010;15:06:00;297;sem vítima;501,8999938964844;BR-381/MG;Norte;Colisão Lateral;1;2;;;;;1
01/04/2010;15:51:00;320;sem vítima;524;BR-381/MG;Sul;Outros - Sequência;1;1;;;;;1
01/04/2010;15:04:00;296;sem vítima;527;BR-381/MG;Norte;Colisão Traseira;2;2;;;;;1
01/04/2010;05:32:00;71;sem vítima;759,5;BR-381/MG;Sul;Saida de Pista;1;1;;;;;1
01/04/2010;02:11:00;30;com vítima;822,2999877929688;BR-381/MG;Sul;Colisão Traseira;2;1;2;;;;1
01/04/2010;19:08:00;437;com vítima;845;BR-381/MG;Norte;Colisão Traseira;1;2;1;;;;1
01/04/2010;14:58:00;291;com vítima;873,5;BR-381/MG;Norte;Tombamento;1;0;1;;;;1
02/04/2010;00:12:00;5;sem vítima;622,2000122070312;BR-381/MG;Sul;Outros;1;2;;;;;1
02/04/2010;21:36:00;397;sem vítima;724,2000122070312;BR-381/MG;Sul;Colisão Traseira;2;2;;;;;1
03/04/2010;09:11:00;96;com vítima;83;BR-381/SP;Norte;Outros - Sequência;1;0;2;;;;1
03/04/2010;08:08:00;75;sem vítima;850,2000122070312;BR-381/MG;Norte;Choque - Defensa, barreira ou "submarino";1;1;;;;;1
04/04/2010;13:41:00;175;sem vítima;494;BR-381/MG;Sul;Colisão Traseira;1;4;;;;;1
04/04/2010;23:01:00;395;sem vítima;513;BR-381/MG;Sul;Colisão Traseira;1;4;;;;;1
04/04/2010;21:58:00;364;com vítima;516;BR-381/MG;Norte;Colisão Traseira;1;1;;1;;;2
04/04/2010;15:52:00;224;sem vítima;518;BR-381/MG;Norte;Engavetamento;1;11;;;;;1
04/04/2010;14:05:00;188;com vítima;524,5;BR-381/MG;Sul;Tombamento;1;0;;;;1;3
04/04/2010;07:30:00;71;sem vítima;655;BR-381/MG;Sul;Colisão Lateral;2;2;;;;;1
04/04/2010;12:09:00;144;sem vítima;702,2000122070312;BR-381/MG;Norte;Colisão Lateral;1;4;;;;;1
04/04/2010;18:23:00;289;com vítima;897,4000244140625;BR-381/MG;Sul;Outros - Sequência;1;3;1;;;1;3
04/04/2010;19:26:00;315;sem vítima;918;BR-381/MG;Sul;Colisão Traseira;1;2;;;;;1
04/04/2010;15:23:00;213;sem vítima;929,7999877929688;BR-381/MG;Sul;Tombamento;1;1;;;;;1
05/04/2010;08:44:00;138;sem vítima;490,70001220703125;BR-381/MG;Norte;Outros - Sequência;1;2;;;;;1
05/04/2010;05:54:00;87;com vítima;916,5;BR-381/MG;Sul;Choque - Veiculo parado no acostamento;1;1;2;;;;1
06/04/2010;18:39:00;357;sem vítima;68;BR-381/SP;Sul;Colisão Lateral;2;2;;;;;1
06/04/2010;12:11:00;218;com vítima;485;BR-381/MG;Norte;Atropelamento - Morador;2;2;;;;1;3
06/04/2010;19:49:00;381;sem vítima;488;BR-381/MG;Sul;Colisão Traseira;1;2;;;;;1
06/04/2010;17:02:00;327;com vítima;618;BR-381/MG;Sul;Outros - Sequência;1;0;1;;;;1
06/04/2010;15:44:00;297;com vítima;628;BR-381/MG;Norte;Outros - Sequência;1;0;1;;;;1
06/04/2010;18:34:00;355;com vítima;649;BR-381/MG;Norte;Choque - Elemento de Drenagem;1;0;1;;;;1
06/04/2010;17:12:00;330;com vítima;666;BR-381/MG;Sul;Saida de Pista;1;0;1;;;;1
06/04/2010;18:21:00;353;sem vítima;757;BR-381/MG;Sul;Colisão Traseira;1;2;;;;;1
06/04/2010;21:20:00;400;sem vítima;760,0999755859375;BR-381/MG;Sul;Colisão Traseira;2;2;;;;;1
07/04/2010;05:05:00;52;sem vítima;32,70000076293945;BR-381/SP;Sul;Colisão Traseira;2;2;;;;;1
07/04/2010;11:47:00;183;com vítima;677,5;BR-381/MG;Sul;Capotamento;1;0;1;;;;1
07/04/2010;05:08:00;53;sem vítima;740,2000122070312;BR-381/MG;Norte;Tombamento;1;1;;;;;1
07/04/2010;05:19:00;55;com vítima;844,9500122070312;BR-381/MG;Norte;Tombamento;1;0;;1;1;;2
08/04/2010;07:23:00;102;com vítima;508;BR-381/MG;Sul;Outros - Sequência;1;0;3;;;;1
08/04/2010;00:59:00;16;sem vítima;544;BR-381/MG;Sul;Colisão Traseira;2;3;;;;;1
08/04/2010;16:15:00;291;sem vítima;723,5999755859375;BR-381/MG;Sul;Tombamento;1;1;;;;;1
08/04/2010;04:19:00;68;com vítima;740,2000122070312;BR-381/MG;Norte;Tombamento;1;0;;1;;;2
08/04/2010;22:40:00;393;com vítima;761,5;BR-381/MG;Sul;Choque - Elemento de Drenagem;1;0;1;;;;1
08/04/2010;02:52:00;47;sem vítima;781;BR-381/MG;Norte;Colisão Traseira;2;2;;;;;1
08/04/2010;22:47:00;396;sem vítima;823;BR-381/MG;Sul;Colisão Traseira;1;3;;;;;1
09/04/2010;09:21:00;150;com vítima;30,200000762939453;BR-381/SP;Sul;Engavetamento;1;9;1;;;;1
09/04/2010;01:38:00;26;sem vítima;74;BR-381/SP;Sul;Choque - Talude;1;1;;;;;1
09/04/2010;09:18:00;146;com vítima;485,79998779296875;BR-381/MG;Norte;Colisão Traseira;2;1;1;;;;1
09/04/2010;17:47:00;313;sem vítima;496,20001220703125;BR-381/MG;Norte;Colisão Traseira;1;2;;;;;1
09/04/2010;09:14:00;144;com vítima;519;BR-381/MG;Sul;Engavetamento;3;2;1;;;;1
09/04/2010;13:54:00;227;com vítima;617,5;BR-381/MG;Norte;Atropelamento - Outros;1;1;;;;1;3
09/04/2010;01:18:00;22;sem vítima;642;BR-381/MG;Norte;Choque - Elemento de Drenagem;1;1;;;;;1
09/04/2010;00:11:00;4;sem vítima;649,9500122070312;BR-381/MG;Sul;Choque - Suporte de Sinalização;1;1;;;;;1
09/04/2010;00:16:00;5;sem vítima;900,7999877929688;BR-381/MG;Norte;Colisão Traseira;1;2;;;;;1
09/04/2010;07:19:00;97;sem vítima;900,8900146484375;BR-381/MG;Norte;Colisão Traseira;1;2;;;;;1
09/04/2010;03:15:00;53;sem vítima;945;BR-381/MG;Sul;Choque - Defensa, barreira ou "submarino";1;1;;;;;1
10/04/2010;07:39:00;99;sem vítima;73,80000305175781;BR-381/SP;Sul;Outros - Sequência;1;3;;;;;1
10/04/2010;17:16:00;291;sem vítima;88;BR-381/SP;Sul;Engavetamento;1;7;;;;;1
10/04/2010;08:51:00;125;sem vítima;480;BR-381/MG;Norte;Colisão Lateral;1;2;;;;;1
10/04/2010;06:13:00;69;sem vítima;481;BR-381/MG;Norte;Colisão Traseira;1;2;;;;;1
10/04/2010;15:24:00;249;sem vítima;492,5;BR-381/MG;Sul;Colisão Traseira;1;2;;;;;1
10/04/2010;09:54:00;141;com vítima;525,5;BR-381/MG;Sul;Tombamento;1;0;1;;;;1
10/04/2010;05:45:00;67;com vítima;645,5;BR-381/MG;Sul;Colisão Traseira;1;1;2;;;;1
10/04/2010;03:23:00;42;com vítima;666,5;BR-381/MG;Sul;Colisão Lateral;1;1;1;;;;1
10/04/2010;02:50:00;36;com vítima;816,5999755859375;BR-381/MG;Sul;Colisão Traseira;2;0;2;;;;1
10/04/2010;00:41:00;14;sem vítima;919;BR-381/MG;Norte;Colisão Traseira;2;2;;;;;1
11/04/2010;22:58:00;361;sem vítima;481,70001220703125;BR-381/MG;Sul;Colisão Lateral;1;2;;;;;1
11/04/2010;04:41:00;41;sem vítima;648;BR-381/MG;Norte;Choque - Elemento de Drenagem;1;1;;;;;1
11/04/2010;18:53:00;291;com vítima;700,7999877929688;BR-381/MG;Sul;Tombamento;1;0;1;;;;1
11/04/2010;19:18:00;303;sem vítima;726;BR-381/MG;Sul;Colisão Traseira;2;2;;;;;1
11/04/2010;03:11:00;32;sem vítima;942;BR-381/MG;Sul;Choque - Elemento de Drenagem;1;1;;;;;1
12/04/2010;20:26:00;346;sem vítima;36;BR-381/SP;Norte;Outros;1;2;;;;;1
12/04/2010;16:32:00;281;com vítima;483;BR-381/MG;Sul;Tombamento;1;0;1;;;;1
12/04/2010;14:15:00;214;sem vítima;487,5;BR-381/MG;Norte;Colisão Traseira;1;2;;;;;1
12/04/2010;04:47:00;55;sem vítima;559,9000244140625;BR-381/MG;Norte;Choque - Veiculo parado na pista;1;2;;;;;1
12/04/2010;09:14:00;126;com vítima;780;BR-381/MG;Norte;Outros;1;0;1;;;;1
12/04/2010;15:59:00;267;com vítima;874;BR-381/MG;Sul;Tombamento;1;0;;1;;;2
12/04/2010;16:05:00;270;com vítima;882,7000122070312;BR-381/MG;Norte;Tombamento;1;0;2;;;;1
12/04/2010;14:08:00;213;com vítima;905,2000122070312;BR-381/MG;Norte;Tombamento;1;0;;1;;1;3
12/04/2010;23:59:00;396;com vítima;921,0999755859375;BR-381/MG;Sul;Tombamento;1;0;1;1;;;2
13/04/2010;18:55:00;359;sem vítima;18,200000762939453;BR-381/SP;Norte;Colisão Traseira;2;2;;;;;1
13/04/2010;04:48:00;61;sem vítima;722,0999755859375;BR-381/MG;Sul;Saida de Pista;1;2;;;;;1
13/04/2010;10:51:00;202;sem vítima;926,9000244140625;BR-381/MG;Sul;Tombamento;1;1;;;;;1
14/04/2010;19:10:00;339;com vítima;64;BR-381/SP;Sul;Outros - Sequência;1;3;1;;;;1
14/04/2010;16:10:00;269;sem vítima;479,3999938964844;BR-381/MG;Norte;Choque - Poste;1;1;;;;;1
14/04/2010;17:16:00;299;sem vítima;496;BR-381/MG;Norte;Colisão Traseira;1;2;;;;;1
14/04/2010;16:01:00;266;com vítima;542,5;BR-381/MG;Sul;Outros - Sequência;1;3;1;;;;1
14/04/2010;06:41:00;62;com vítima;621,2999877929688;BR-381/MG;Sul;Colisão Traseira;1;1;1;;;;1
14/04/2010;10:14:00;149;com vítima;870;BR-381/MG;Norte;Outros - Sequência;1;0;1;;;;1
14/04/2010;06:53:00;63;com vítima;921,7999877929688;BR-381/MG;Norte;Outros - Sequência;2;1;;;1;;2
15/04/2010;04:29:00;62;sem vítima;56,900001525878906;BR-381/SP;Sul;Saida de Pista;1;1;;;;;1
15/04/2010;16:45:00;297;sem vítima;479;BR-381/MG;Norte;Colisão Lateral;1;3;;;;;1
15/04/2010;03:44:00;58;com vítima;496;BR-381/MG;Norte;Colisão Lateral;1;1;1;;;;1
15/04/2010;20:49:00;388;sem vítima;545,7999877929688;BR-381/MG;Sul;Colisão Traseira;1;3;;;;;1
15/04/2010;12:52:00;223;sem vítima;597;BR-381/MG;Norte;Colisão Traseira;2;2;;;;;1
15/04/2010;22:50:00;412;sem vítima;680,7999877929688;BR-381/MG;Sul;Colisão Traseira;2;2;;;;;1
15/04/2010;02:15:00;39;com vítima;805,9000244140625;BR-381/MG;Norte;Choque - Suporte de Sinalização;1;0;2;;;;1
15/04/2010;23:14:00;419;sem vítima;836,5;BR-381/MG;Norte;Choque - Elemento de Drenagem;1;1;;;;;1
15/04/2010;05:30:00;70;com vítima;837,2999877929688;BR-381/MG;Norte;Colisão Traseira;2;1;1;;;;1
16/04/2010;13:59:00;257;com vítima;36,79999923706055;BR-381/SP;Sul;Outros - Sequência;1;1;;1;;;2
16/04/2010;22:41:00;457;sem vítima;524,7000122070312;BR-381/MG;Norte;Colisão Traseira;1;2;;;;;1
16/04/2010;10:22:00;167;sem vítima;540;BR-381/MG;Sul;Colisão Traseira;1;2;;;;;1
16/04/2010;00:51:00;14;com vítima;598,5;BR-381/MG;Sul;Colisão Traseira;2;1;1;;;;1
16/04/2010;02:09:00;26;sem vítima;712,0999755859375;BR-381/MG;Norte;Saida de Pista;1;1;;;;;1
16/04/2010;04:42:00;58;sem vítima;737;BR-381/MG;Norte;Saida de Pista;1;1;;;;;1
17/04/2010;05:19:00;83;sem vítima;49,20000076293945;BR-381/SP;Sul;Colisão Traseira;1;2;;;;;1