data;horario;n_da_ocorrencia;tipo_de_ocorrencia;km;trecho;sentido;tipo_de_acidente;caminhao;ilesos;levemente_feridos;moderadamente_feridos;gravemente_feridos;mortos;3
17/04/2010;06:03:00;98;com vítima;510;BR-381/MG;Norte;Outros - Sequência;2;2;;;2;;2
17/04/2010;11:49:00;226;sem vítima;521;BR-381/MG;Norte;Colisão Lateral;1;5;;;;;1
17/04/2010;23:01:00;397;sem vítima;569,2000122070312;BR-381/MG;Sul;Tombamento;1;1;;;;;1
17/04/2010;18:56:00;347;sem vítima;597,6699829101562;BR-381/MG;Sul;Choque - Outros;1;1;;;;;1
17/04/2010;00:32:00;12;com vítima;735,5;BR-381/MG;Norte;Choque - Defensa, barreira ou "submarino";1;0;;1;;;2
18/04/2010;16:16:00;242;sem vítima;477,29998779296875;BR-381/MG;Norte;Outros;1;1;;;;;1
18/04/2010;20:05:00;339;sem vítima;598,5999755859375;BR-381/MG;Sul;Tombamento;1;1;;;;;1
19/04/2010;07:59:00;122;sem vítima;89;BR-381/SP;Sul;Colisão Lateral;1;2;;;;;1
19/04/2010;16:54:00;316;sem vítima;478,20001220703125;BR-381/MG;Sul;Colisão Lateral;1;2;;;;;1
19/04/2010;14:24:00;265;sem vítima;636,5;BR-381/MG;Norte;Choque - Suporte de Sinalização;1;1;;;;;1
19/04/2010;23:15:00;425;sem vítima;658,2000122070312;BR-381/MG;Sul;Colisão Traseira;2;2;;;;;1
19/04/2010;22:36:00;410;sem vítima;663,7999877929688;BR-381/MG;Sul;Colisão Traseira;2;2;;;;;1
20/04/2010;19:07:00;355;sem vítima;486;BR-381/MG;Norte;Colisão Traseira;1;2;;;;;1
20/04/2010;13:35:00;244;com vítima;559,9000244140625;BR-381/MG;Sul;Choque - Defensa, barreira ou "submarino";1;0;1;;;;1
20/04/2010;02:24:00;36;sem vítima;859;BR-381/MG;Sul;Tombamento;1;1;;;;;1
21/04/2010;08:25:00;111;com vítima;524,4000244140625;BR-381/MG;Sul;Outros - Sequência;1;1;4;1;;;2
21/04/2010;20:13:00;315;sem vítima;910;BR-381/MG;Norte;Choque - Poste;1;1;;;;;1
22/04/2010;20:01:00;395;sem vítima;87;BR-381/SP;Norte;Colisão Lateral;1;2;;;;;1
22/04/2010;05:01:00;55;sem vítima;90;BR-381/SP;Norte;Choque - Outros;1;2;;;;;1
22/04/2010;10:38:00;185;sem vítima;482;BR-381/MG;Sul;Colisão Lateral;1;2;;;;;1
22/04/2010;09:42:00;153;sem vítima;483,3999938964844;BR-381/MG;Sul;Outros;1;1;;;;;1
22/04/2010;13:11:00;234;sem vítima;516,5;BR-381/MG;Norte;Choque - Talude;1;1;;;;;1
22/04/2010;09:24:00;143;sem vítima;529,7000122070312;BR-381/MG;Norte;Choque - Objeto sobre a pista;1;1;;;;;1
22/04/2010;06:49:00;74;sem vítima;567,5;BR-381/MG;Norte;Colisão Traseira;2;2;;;;;1
22/04/2010;15:09:00;272;sem vítima;606,7999877929688;BR-381/MG;Sul;Colisão Traseira;2;2;;;;;1
22/04/2010;23:50:00;453;sem vítima;742,0999755859375;BR-381/MG;Sul;Atropelamento de Animal;1;1;;;;;1
22/04/2010;07:16:00;83;com vítima;777,2000122070312;BR-381/MG;Sul;Engavetamento;3;2;1;;;;1
23/04/2010;08:04:00;94;sem vítima;496;BR-381/MG;Norte;Colisão Lateral;1;2;;;;;1
23/04/2010;11:27:00;166;sem vítima;497;BR-381/MG;Sul;Colisão Lateral;1;2;;;;;1
23/04/2010;04:33:00;47;com vítima;607,5;BR-381/MG;Sul;Tombamento;1;0;;1;;;2
23/04/2010;02:46:00;32;com vítima;679;BR-381/MG;Norte;Colisão Traseira;1;1;;1;;;2
23/04/2010;03:06:00;37;sem vítima;805;BR-381/MG;Norte;Colisão Traseira;1;2;;;;;1
23/04/2010;11:34:00;170;sem vítima;865,2000122070312;BR-381/MG;Sul;Colisão Traseira;2;2;;;;;1
23/04/2010;07:23:00;84;sem vítima;894;BR-381/MG;Norte;Colisão Traseira;1;2;;;;;1
23/04/2010;05:28:00;61;com vítima;907,5;BR-381/MG;Norte;Tombamento;1;0;1;;;;1
24/04/2010;17:56:00;332;sem vítima;69,30000305175781;BR-381/SP;Sul;Colisão Traseira;1;2;;;;;1
24/04/2010;06:23:00;83;com vítima;569;BR-381/MG;Norte;Outros;1;1;2;1;;;2
24/04/2010;03:11:00;54;sem vítima;647,7000122070312;BR-381/MG;Sul;Colisão Lateral;1;6;;;;;1
24/04/2010;01:43:00;32;com vítima;907,5;BR-381/MG;Norte;Tombamento;1;0;1;;;;1
24/04/2010;07:07:00;98;sem vítima;908,0999755859375;BR-381/MG;Sul;Tombamento;1;1;;;;;1
25/04/2010;13:27:00;185;sem vítima;13;BR-381/SP;Sul;Colisão Lateral;1;5;;;;;1
25/04/2010;04:26:00;59;com vítima;570,5;BR-381/MG;Norte;Outros - Sequência;1;0;;;;3;3
25/04/2010;11:32:00;156;sem vítima;805;BR-381/MG;Sul;Choque - Defensa, barreira ou "submarino";1;1;;;;;1
25/04/2010;02:04:00;34;sem vítima;928,9000244140625;BR-381/MG;Norte;Atropelamento de Animal;1;1;;;;;1
25/04/2010;07:45:00;93;sem vítima;936,4000244140625;BR-381/MG;Norte;Colisão Lateral;1;2;;;;;1
26/04/2010;02:11:00;30;sem vítima;48,70000076293945;BR-381/SP;Sul;Tombamento;1;2;;;;;1
26/04/2010;16:51:00;289;sem vítima;477,20001220703125;BR-381/MG;Sul;Colisão Traseira;2;2;;;;;1
26/04/2010;07:55:00;96;com vítima;478,5;BR-381/MG;Norte;Colisão Traseira;1;1;1;;;;1
26/04/2010;08:42:00;114;com vítima;523;BR-381/MG;Norte;Atropelamento - Funcionário;1;1;1;;;;1
26/04/2010;09:47:00;139;sem vítima;525,7999877929688;BR-381/MG;Sul;Colisão Traseira;1;2;;;;;1
26/04/2010;07:51:00;95;com vítima;729,7999877929688;BR-381/MG;Sul;Tombamento;1;0;3;1;;;2
26/04/2010;22:39:00;380;com vítima;902,7000122070312;BR-381/MG;Norte;Colisão Traseira;2;0;1;1;;;2
27/04/2010;22:48:00;368;sem vítima;579;BR-381/MG;Sul;Colisão Traseira;2;2;;;;;1
27/04/2010;05:34:00;50;sem vítima;708,5;BR-381/MG;Norte;Choque - Elemento de Drenagem;1;1;;;;;1
27/04/2010;14:54:00;224;com vítima;938,7000122070312;BR-381/MG;Sul;Tombamento;1;0;;1;;;2
27/04/2010;21:21:00;356;com vítima;941,0800170898438;BR-381/MG;Norte;Tombamento;1;0;1;;;;1
28/04/2010;16:13:00;315;sem vítima;485,20001220703125;BR-381/MG;Norte;Colisão Traseira;1;2;;;;;1
28/04/2010;05:09:00;65;com vítima;527,7999877929688;BR-381/MG;Norte;Tombamento;1;0;1;;;;1
28/04/2010;05:50:00;73;com vítima;527,7999877929688;BR-381/MG;Sul;Colisão Traseira;1;0;3;;;;1
28/04/2010;11:38:00;213;com vítima;530,0999755859375;BR-381/MG;Norte;Tombamento;1;0;1;;;;1
28/04/2010;07:24:00;92;com vítima;600,5;BR-381/MG;Norte;Colisão Traseira;2;0;3;;;;1
28/04/2010;04:30:00;56;com vítima;745,5;BR-381/MG;Sul;Colisão Traseira;2;1;1;;;;1
28/04/2010;10:20:00;177;sem vítima;817;BR-381/MG;Norte;Colisão Lateral;1;2;;;;;1
28/04/2010;10:55:00;194;sem vítima;925;BR-381/MG;Sul;Colisão Lateral;2;2;;;;;1
29/04/2010;13:16:00;242;sem vítima;531;BR-381/MG;Sul;Outros - Sequência;1;1;;;;;1
29/04/2010;06:19:00;72;sem vítima;882,9000244140625;BR-381/MG;Sul;Saida de Pista;1;1;;;;;1
30/04/2010;18:51:00;366;sem vítima;79,9000015258789;BR-381/SP;Norte;Colisão Lateral;1;2;;;;;1
30/04/2010;20:02:00;393;sem vítima;480;BR-381/MG;Norte;Colisão Traseira;1;2;;;;;1
30/04/2010;19:35:00;383;com vítima;504;BR-381/MG;Norte;Colisão Traseira;1;1;4;;;;1
30/04/2010;00:33:00;10;sem vítima;524;BR-381/MG;Sul;Choque - Defensa, barreira ou "submarino";1;1;;;;;1
30/04/2010;14:28:00;245;com vítima;539,9000244140625;BR-381/MG;Norte;Tombamento;1;0;1;;;;1
30/04/2010;12:43:00;220;sem vítima;558,9000244140625;BR-381/MG;Sul;Colisão Traseira;1;7;;;;;1
30/04/2010;04:29:00;60;com vítima;817,7999877929688;BR-381/MG;Norte;Colisão Traseira;2;0;2;;;;1
30/04/2010;00:10:00;5;com vítima;853,7999877929688;BR-381/MG;Sul;Colisão Traseira;2;1;;1;;;2
01/05/2010;01:49:00;41;com vítima;55,79999923706055;BR-381/SP;Sul;Outros;1;1;;;1;;2
01/05/2010;01:53:00;43;sem vítima;62,5;BR-381/SP;Norte;Saida de Pista;1;1;;;;;1
01/05/2010;05:26:00;77;sem vítima;63;BR-381/SP;Sul;Colisão Lateral;1;2;;;;;1
01/05/2010;13:38:00;229;sem vítima;488,8999938964844;BR-381/MG;Sul;Choque - Talude;1;1;;;;;1
01/05/2010;17:38:00;301;com vítima;560;BR-381/MG;Norte;Queda de Moto;1;1;1;;;;1
01/05/2010;01:10:00;28;sem vítima;597;BR-381/MG;Sul;Tombamento;1;2;;;;;1
01/05/2010;07:11:00;106;com vítima;633;BR-381/MG;Sul;Outros;1;0;;1;;;2
01/05/2010;10:57:00;191;sem vítima;688;BR-381/MG;Norte;Colisão Lateral;1;4;;;;;1
01/05/2010;01:30:00;33;com vítima;701,7000122070312;BR-381/MG;Norte;Colisão Traseira;2;1;1;;;;1
02/05/2010;18:12:00;286;com vítima;837;BR-381/MG;Sul;Outros - Sequência;1;4;1;;;;1
02/05/2010;08:30:00;93;sem vítima;863,7000122070312;BR-381/MG;Sul;Outros;1;1;;;;;1
03/05/2010;23:01:00;414;sem vítima;70,9000015258789;BR-381/SP;Sul;Colisão Traseira;1;2;;;;;1
03/05/2010;12:07:00;202;com vítima;477,29998779296875;BR-381/MG;Sul;Engavetamento;3;0;3;;;;1
03/05/2010;08:31:00;113;sem vítima;497;BR-381/MG;Norte;Colisão Lateral;1;2;;;;;1
03/05/2010;18:11:00;339;sem vítima;515,7999877929688;BR-381/MG;Norte;Outros - Sequência;1;1;;;;;1
03/05/2010;13:57:00;238;sem vítima;806;BR-381/MG;Norte;Choque - Defensa, barreira ou "submarino";1;1;;;;;1
03/05/2010;14:51:00;252;sem vítima;813;BR-381/MG;Norte;Saida de Pista;1;1;;;;;1
03/05/2010;15:04:00;261;sem vítima;817,5;BR-381/MG;Norte;Colisão Traseira;2;2;;;;;1
03/05/2010;23:12:00;419;sem vítima;873;BR-381/MG;Norte;Colisão Traseira;1;3;;;;;1
04/05/2010;16:31:00;298;sem vítima;28,200000762939453;BR-381/SP;Norte;Colisão Lateral;1;2;;;;;1
04/05/2010;11:29:00;181;sem vítima;495;BR-381/MG;Sul;Colisão Lateral;1;2;;;;;1
04/05/2010;17:46:00;334;sem vítima;495,5;BR-381/MG;Norte;Colisão Traseira;1;2;;;;;1
04/05/2010;19:25:00;366;sem vítima;502,1000061035156;BR-381/MG;Norte;Colisão Traseira;1;2;;;;;1
04/05/2010;00:30:00;4;com vítima;514;BR-381/MG;Sul;Colisão Traseira;1;13;1;;;1;3
04/05/2010;09:32:00;134;sem vítima;517;BR-381/MG;Norte;Choque - Defensa, barreira ou "submarino";1;1;;;;;1
04/05/2010;08:08:00;95;sem vítima;575,5;BR-381/MG;Norte;Colisão Traseira;1;5;;;;;1
04/05/2010;20:39:00;388;sem vítima;603,9000244140625;BR-381/MG;Norte;Outros - Sequência;1;7;;;;;1
04/05/2010;15:52:00;280;com vítima;622,2999877929688;BR-381/MG;Sul;Tombamento;1;0;1;;;;1
04/05/2010;08:55:00;112;sem vítima;837;BR-381/MG;Sul;Colisão Lateral;1;2;;;;;1
04/05/2010;07:54:00;86;com vítima;886;BR-381/MG;Norte;Tombamento;1;0;1;;;;1
05/05/2010;11:42:00;188;com vítima;73;BR-381/SP;Sul;Tombamento;1;0;;;1;;2
05/05/2010;17:34:00;305;sem vítima;78,9000015258789;BR-381/SP;Sul;Colisão Lateral;1;2;;;;;1
05/05/2010;07:31:00;85;sem vítima;88,9000015258789;BR-381/SP;Sul;Choque - Defensa, barreira ou "submarino";1;1;;;;;1
05/05/2010;07:37:00;90;com vítima;486;BR-381/MG;Norte;Colisão Lateral;1;1;1;;;;1
05/05/2010;10:25:00;166;com vítima;560;BR-381/MG;Sul;Outros - Sequência;2;2;;1;;;2
05/05/2010;19:45:00;350;sem vítima;925,4000244140625;BR-381/MG;Norte;Outros - Sequência;1;1;;;;;1
06/05/2010;00:26:00;17;sem vítima;50;BR-381/SP;Norte;Tombamento;1;1;;;;;1
06/05/2010;08:36:00;106;com vítima;492;BR-381/MG;Sul;Colisão Lateral;1;1;;1;;;2
06/05/2010;21:32:00;387;sem vítima;497,5;BR-381/MG;Norte;Colisão Traseira;1;2;;;;;1
06/05/2010;05:46:00;64;com vítima;558,5999755859375;BR-381/MG;Sul;Colisão Traseira;1;2;;;1;2;3
06/05/2010;19:53:00;361;sem vítima;563,5;BR-381/MG;Norte;Colisão Traseira;1;2;;;;;1
07/05/2010;09:58:00;170;com vítima;479,79998779296875;BR-381/MG;Sul;Atropelamento - Andarilho;1;1;1;;;;1
07/05/2010;15:59:00;296;sem vítima;485;BR-381/MG;Sul;Engavetamento;1;5;;;;;1
07/05/2010;18:06:00;357;com vítima;488;BR-381/MG;Sul;Colisão Traseira;1;1;1;;;;1
07/05/2010;15:35:00;281;sem vítima;493;BR-381/MG;Norte;Outros;2;2;;;;;1
07/05/2010;18:12:00;360;sem vítima;516;BR-381/MG;Sul;Colisão Traseira;1;2;;;;;1
07/05/2010;08:45:00;142;sem vítima;532,5;BR-381/MG;Norte;Colisão Traseira;2;2;;;;;1
07/05/2010;06:50:00;87;sem vítima;781,5;BR-381/MG;Sul;Colisão Lateral;1;4;;;;;1
07/05/2010;18:52:00;372;sem vítima;907,2000122070312;BR-381/MG;Norte;Tombamento;1;1;;;;;1
07/05/2010;15:10:00;269;sem vítima;938;BR-381/MG;Norte;Colisão Lateral;2;2;;;;;1
08/05/2010;05:24:00;57;com vítima;22,5;BR-381/SP;Norte;Colisão Traseira;2;1;1;;;;1
08/05/2010;22:39:00;358;sem vítima;25,799999237060547;BR-381/SP;Norte;Tombamento;1;1;;;;;1
08/05/2010;08:38:00;101;sem vítima;71,19999694824219;BR-381/SP;Sul;Outros - Sequência;1;3;;;;;1
08/05/2010;09:27:00;116;sem vítima;504,5;BR-381/MG;Norte;Outros - Sequência;1;5;;;;;1
08/05/2010;17:53:00;290;sem vítima;505;BR-381/MG;Sul;Outros - Sequência;1;4;;;;;1
08/05/2010;05:25:00;58;com vítima;623,5;BR-381/MG;Norte;Engavetamento;3;2;;;1;;2
09/05/2010;05:34:00;58;sem vítima;26,299999237060547;BR-381/SP;Norte;Colisão Traseira;1;2;;;;;1
09/05/2010;07:51:00;85;sem vítima;69,5999984741211;BR-381/SP;Sul;Colisão Traseira;1;2;;;;;1
09/05/2010;20:53:00;332;sem vítima;77;BR-381/SP;Sul;Engavetamento;1;4;;;;;1
09/05/2010;08:40:00;106;sem vítima;514;BR-381/MG;Sul;Outros - Sequência;2;2;;;;;1
09/05/2010;23:27:00;372;sem vítima;556,5;BR-381/MG;Sul;Tombamento;1;1;;;;;1
09/05/2010;18:08:00;266;sem vítima;658;BR-381/MG;Norte;Colisão Traseira;1;4;;;;;1
09/05/2010;05:48:00;63;sem vítima;845,5;BR-381/MG;Norte;Colisão Traseira;1;2;;;;;1
09/05/2010;09:18:00;111;sem vítima;919,5999755859375;BR-381/MG;Norte;Colisão Traseira;1;2;;;;;1
09/05/2010;06:53:00;68;sem vítima;938,4000244140625;BR-381/MG;Sul;Choque - Defensa, barreira ou "submarino";1;1;;;;;1
10/05/2010;20:11:00;327;sem vítima;17;BR-381/SP;Norte;Choque - Defensa, barreira ou "submarino";1;1;;;;;1
10/05/2010;07:17:00;87;sem vítima;65,5999984741211;BR-381/SP;Sul;Engavetamento;1;5;;;;;1
10/05/2010;01:59:00;36;com vítima;65,80000305175781;BR-381/SP;Sul;Choque - Outros;1;0;1;;;;1
10/05/2010;15:33:00;245;sem vítima;486;BR-381/MG;Norte;Engavetamento;1;3;;;;;1
10/05/2010;18:12:00;296;sem vítima;486;BR-381/MG;Norte;Colisão Lateral;1;2;;;;;1
10/05/2010;08:47:00;119;sem vítima;491,5;BR-381/MG;Norte;Colisão Lateral;1;2;;;;;1
10/05/2010;11:48:00;176;sem vítima;525;BR-381/MG;Sul;Choque - Defensa, barreira ou "submarino";1;1;;;;;1
10/05/2010;15:32:00;244;sem vítima;694,5;BR-381/MG;Norte;Tombamento;1;1;;;;;1
10/05/2010;01:09:00;25;sem vítima;745,7999877929688;BR-381/MG;Norte;Choque - Defensa, barreira ou "submarino";1;1;;;;;1
10/05/2010;10:00:00;139;com vítima;798;BR-381/MG;Norte;Colisão Lateral;1;1;;;1;;2
10/05/2010;07:47:00;96;com vítima;815,4000244140625;BR-381/MG;Norte;Tombamento;1;0;1;;;;1
11/05/2010;14:52:00;240;com vítima;522;BR-381/MG;Sul;Colisão Traseira;2;1;1;;;;1
11/05/2010;10:10:00;150;com vítima;735;BR-381/MG;Norte;Choque - Outros;1;1;1;;;;1
12/05/2010;10:18:00;144;sem vítima;27,5;BR-381/SP;Sul;Colisão Traseira;1;2;;;;;1
12/05/2010;13:38:00;199;sem vítima;484;BR-381/MG;Sul;Objeto lançado contra veículo;1;3;;;;;1
12/05/2010;04:24:00;34;sem vítima;512,0999755859375;BR-381/MG;Norte;Colisão Lateral;1;2;;;;;1
12/05/2010;05:58:00;47;com vítima;542;BR-381/MG;Norte;Tombamento;1;0;1;;;;1
12/05/2010;08:55:00;105;sem vítima;666;BR-381/MG;Norte;Choque - Elemento de Drenagem;1;1;;;;;1
12/05/2010;20:08:00;356;com vítima;726,9000244140625;BR-381/MG;Norte;Colisão Traseira;2;1;;1;;;2
12/05/2010;19:26:00;346;sem vítima;740;BR-381/MG;Sul;Saida de Pista;1;2;;;;;1
12/05/2010;04:15:00;33;sem vítima;865,5;BR-381/MG;Sul;Choque - Suporte de Sinalização;1;1;;;;;1
13/05/2010;05:59:00;52;sem vítima;61,5;BR-381/SP;Sul;Saida de Pista;1;1;;;;;1
13/05/2010;16:01:00;261;sem vítima;80;BR-381/SP;Norte;Colisão Traseira;2;2;;;;;1
13/05/2010;09:15:00;114;sem vítima;484;BR-381/MG;Norte;Colisão Lateral;1;2;;;;;1
13/05/2010;15:29:00;245;sem vítima;484,6000061035156;BR-381/MG;Sul;Outros - Sequência;2;3;;;;;1
13/05/2010;05:24:00;42;sem vítima;486;BR-381/MG;Norte;Colisão Traseira;1;2;;;;;1
13/05/2010;16:25:00;270;sem vítima;496;BR-381/MG;Norte;Engavetamento;4;7;;;;;1
13/05/2010;17:29:00;294;sem vítima;498;BR-381/MG;Sul;Choque - Defensa, barreira ou "submarino";1;1;;;;;1
13/05/2010;13:49:00;207;com vítima;503;BR-381/MG;Norte;Colisão Traseira;1;1;;;1;;2
13/05/2010;12:13:00;181;com vítima;757;BR-381/MG;Sul;Colisão Traseira;1;3;1;1;;;2
13/05/2010;01:30:00;20;com vítima;832;BR-381/MG;Sul;Tombamento;1;0;1;;;;1
13/05/2010;06:08:00;54;sem vítima;870,5999755859375;BR-381/MG;Norte;Saida de Pista;1;1;;;;;1
14/05/2010;04:56:00;67;com vítima;43,79999923706055;BR-381/SP;Sul;Colisão Traseira;2;1;1;;;;1
14/05/2010;14:35:00;260;sem vítima;477,5;BR-381/MG;Sul;Colisão Traseira;2;2;;;;;1
14/05/2010;07:01:00;94;sem vítima;478;BR-381/MG;Norte;Engavetamento;1;4;;;;;1
14/05/2010;09:48:00;162;sem vítima;512;BR-381/MG;Norte;Colisão Traseira;1;2;;;;;1
14/05/2010;23:28:00;560;sem vítima;662,9000244140625;BR-381/MG;Sul;Saida de Pista;1;2;;;;;1
14/05/2010;20:18:00;423;sem vítima;735,5;BR-381/MG;Sul;Choque - Outros;1;2;;;;;1
14/05/2010;06:10:00;83;sem vítima;865,5;BR-381/MG;Sul;Colisão Traseira;1;2;;;;;1
14/05/2010;21:39:00;472;sem vítima;905;BR-381/MG;Norte;Colisão Traseira;2;2;;;;;1
14/05/2010;00:17:00;8;sem vítima;908,2999877929688;BR-381/MG;Norte;Tombamento;1;1;;;;;1
15/05/2010;18:44:00;312;sem vítima;29,5;BR-381/SP;Norte;Colisão Traseira;1;2;;;;;1
15/05/2010;23:11:00;384;sem vítima;57;BR-381/SP;Sul;Colisão Traseira;1;2;;;;;1
15/05/2010;12:42:00;178;sem vítima;483;BR-381/MG;Sul;Outros - Sequência;1;2;;;;;1
15/05/2010;23:36:00;392;sem vítima;496,29998779296875;BR-381/MG;Sul;Colisão Traseira;1;2;;;;;1
15/05/2010;04:16:00;49;sem vítima;518;BR-381/MG;Sul;Tombamento;1;1;;;;;1
15/05/2010;19:41:00;331;com vítima;526;BR-381/MG;Sul;Tombamento;1;0;2;1;;;2
15/05/2010;00:18:00;13;sem vítima;527,5;BR-381/MG;Sul;Colisão Traseira;1;2;;;;;1
15/05/2010;06:25:00;64;sem vítima;668;BR-381/MG;Sul;Saida de Pista;1;1;;;;;1
15/05/2010;02:31:00;40;sem vítima;767,2999877929688;BR-381/MG;Sul;Colisão Traseira;2;2;;;;;1
15/05/2010;09:10:00;112;sem vítima;850;BR-381/MG;Sul;Tombamento;1;2;;;;;1
15/05/2010;12:19:00;173;sem vítima;901;BR-381/MG;Norte;Outros;1;2;;;;;1
16/05/2010;09:34:00;101;sem vítima;36,400001525878906;BR-381/SP;Norte;Tombamento;1;1;;;;;1
16/05/2010;16:54:00;242;sem vítima;776;BR-381/MG;Sul;Colisão Lateral;2;2;;;;;1
16/05/2010;13:18:00;156;sem vítima;809,5;BR-381/MG;Norte;Colisão Lateral;1;3;;;;;1
16/05/2010;00:43:00;21;sem vítima;891,5;BR-381/MG;Norte;Saida de Pista;1;1;;;;;1
16/05/2010;16:55:00;243;sem vítima;921,2000122070312;BR-381/MG;Norte;Colisão Lateral;1;3;;;;;1
17/05/2010;05:13:00;60;sem vítima;38,5;BR-381/SP;Sul;Atropelamento de Animal;1;1;;;;;1
17/05/2010;05:47:00;69;sem vítima;39;BR-381/SP;Sul;Colisão Traseira;1;2;;;;;1
17/05/2010;07:05:00;85;sem vítima;49,70000076293945;BR-381/SP;Sul;Engavetamento;2;3;;;;;1
17/05/2010;07:24:00;90;sem vítima;481;BR-381/MG;Norte;Colisão Lateral;1;2;;;;;1
17/05/2010;08:09:00;105;sem vítima;482;BR-381/MG;Sul;Engavetamento;1;3;;;;;1
17/05/2010;13:46:00;199;com vítima;513;BR-381/MG;Norte;Choque - Veiculo parado no acostamento;2;1;;;1;2;3
17/05/2010;07:55:00;99;sem vítima;525;BR-381/MG;Norte;Colisão Traseira;2;2;;;;;1
17/05/2010;03:55:00;50;sem vítima;569;BR-381/MG;Norte;Tombamento;1;1;;;;;1
17/05/2010;04:30:00;54;sem vítima;633,7999877929688;BR-381/MG;Norte;Colisão Traseira;2;3;;;;;1
17/05/2010;16:42:00;250;sem vítima;720,7999877929688;BR-381/MG;Sul;Colisão Traseira;1;3;;;;;1
17/05/2010;08:57:00;120;sem vítima;721;BR-381/MG;Sul;Choque - Outros;1;1;;;;;1
17/05/2010;15:13:00;217;sem vítima;858,5;BR-381/MG;Norte;Colisão Traseira;2;2;;;;;1
18/05/2010;03:47:00;48;sem vítima;484;BR-381/MG;Norte;Outros;1;1;;;;;1
18/05/2010;16:21:00;272;sem vítima;529;BR-381/MG;Sul;Choque - Talude;1;1;;;;;1
18/05/2010;21:30:00;359;sem vítima;580,2999877929688;BR-381/MG;Sul;Choque - Defensa, barreira ou "submarino";1;2;;;;;1
18/05/2010;08:43:00;124;sem vítima;597;BR-381/MG;Norte;Colisão Traseira;2;2;;;;;1
19/05/2010;11:26:00;179;sem vítima;65,5;BR-381/SP;Sul;Colisão Traseira;2;2;;;;;1
19/05/2010;12:28:00;201;com vítima;75,80000305175781;BR-381/SP;Sul;Colisão Lateral;1;1;1;;;;1
19/05/2010;09:09:00;124;sem vítima;90;BR-381/SP;Norte;Colisão Lateral;1;2;;;;;1
19/05/2010;11:35:00;182;com vítima;489,1000061035156;BR-381/MG;Sul;Tombamento;1;0;1;;;;1
19/05/2010;11:37:00;183;com vítima;901,2999877929688;BR-381/MG;Norte;Choque - Elemento de Drenagem;1;0;1;;;;1
20/05/2010;06:30:00;59;com vítima;88,9000015258789;BR-381/SP;Sul;Colisão Traseira;1;1;1;;;;1
20/05/2010;02:30:00;32;sem vítima;478;BR-381/MG;Sul;Colisão Traseira;1;2;;;;;1
20/05/2010;06:12:00;57;sem vítima;498;BR-381/MG;Norte;Tombamento;1;1;;;;;1
20/05/2010;06:00:00;56;sem vítima;641,7999877929688;BR-381/MG;Sul;Choque - Objeto sobre a pista;2;4;;;;;1
20/05/2010;18:25:00;341;com vítima;673,5;BR-381/MG;Sul;Saida de Pista;1;0;1;;;;1
20/05/2010;21:49:00;389;com vítima;705,2999877929688;BR-381/MG;Sul;Tombamento;1;0;1;;;;1
20/05/2010;22:30:00;398;com vítima;779;BR-381/MG;Sul;Tombamento;1;1;1;;;;1
20/05/2010;04:58:00;51;sem vítima;829;BR-381/MG;Norte;Tombamento;1;1;;;;;1
20/05/2010;06:35:00;61;sem vítima;939,5;BR-381/MG;Sul;Colisão Lateral;1;2;;;;;1
21/05/2010;04:52:00;52;com vítima;484,5;BR-381/MG;Sul;Outros - Sequência;1;0;1;1;;;2
21/05/2010;13:39:00;220;sem vítima;490;BR-381/MG;Norte;Outros - Sequência;1;2;;;;;1
21/05/2010;18:53:00;335;sem vítima;514;BR-381/MG;Norte;Saida de Pista;1;1;;;;;1
21/05/2010;05:48:00;57;com vítima;569,7999877929688;BR-381/MG;Norte;Choque - Suporte de Sinalização;1;0;1;;;;1
21/05/2010;00:55:00;14;sem vítima;737;BR-381/MG;Norte;Colisão Lateral;2;4;;;;;1
21/05/2010;01:01:00;16;com vítima;760,5;BR-381/MG;Norte;Colisão Traseira;2;1;1;;;;1
21/05/2010;11:39:00;190;com vítima;874;BR-381/MG;Sul;Tombamento;1;0;1;;;;1
21/05/2010;12:27:00;204;sem vítima;914;BR-381/MG;Sul;Colisão Lateral;1;2;;;;;1
21/05/2010;11:23:00;187;com vítima;914,9000244140625;BR-381/MG;Sul;Outros - Sequência;1;0;2;;;;1
22/05/2010;06:29:00;80;sem vítima;76;BR-381/SP;Sul;Colisão Lateral;1;2;;;;;1
22/05/2010;19:18:00;363;sem vítima;81,5;BR-381/SP;Sul;Colisão Transversal;1;4;;;;;1
22/05/2010;18:52:00;355;com vítima;479;BR-381/MG;Sul;Colisão Traseira;1;1;4;;;;1
22/05/2010;15:02:00;254;com vítima;494;BR-381/MG;Norte;Colisão Traseira;1;1;1;;;;1
22/05/2010;02:28:00;43;sem vítima;508;BR-381/MG;Norte;Outros - Sequência;1;2;;;;;1
22/05/2010;17:04:00;311;com vítima;699,5;BR-381/MG;Sul;Colisão Traseira;1;1;1;;;;1
22/05/2010;22:42:00;412;sem vítima;752,2999877929688;BR-381/MG;Norte;Saida de Pista;1;1;;;;;1
22/05/2010;14:06:00;228;sem vítima;942;BR-381/MG;Sul;Colisão Traseira;2;2;;;;;1