data;horario;n_da_ocorrencia;tipo_de_ocorrencia;km;trecho;sentido;tipo_de_acidente;caminhao;ilesos;levemente_feridos;moderadamente_feridos;gravemente_feridos;mortos;3
23/05/2010;07:45:00;76;com vítima;31,5;BR-381/SP;Sul;Colisão Traseira;1;1;;;1;;2
23/05/2010;09:57:00;111;sem vítima;36,599998474121094;BR-381/SP;Norte;Tombamento;1;1;;;;;1
23/05/2010;19:19:00;302;sem vítima;65;BR-381/SP;Sul;Colisão Lateral;1;2;;;;;1
23/05/2010;10:38:00;128;sem vítima;506;BR-381/MG;Norte;Colisão Lateral;1;5;;;;;1
23/05/2010;16:00:00;221;com vítima;510,1000061035156;BR-381/MG;Sul;Colisão Traseira;1;2;1;;;;1
23/05/2010;19:19:00;301;com vítima;514;BR-381/MG;Norte;Outros - Sequência;1;1;2;;;;1
23/05/2010;12:08:00;152;sem vítima;604;BR-381/MG;Sul;Tombamento;1;1;;;;;1
23/05/2010;03:12:00;41;sem vítima;740,9000244140625;BR-381/MG;Norte;Saida de Pista;1;1;;;;;1
24/05/2010;07:48:00;89;sem vítima;44,099998474121094;BR-381/SP;Norte;Colisão Lateral;1;2;;;;;1
24/05/2010;09:10:00;121;sem vítima;478;BR-381/MG;Norte;Engavetamento;1;3;;;;;1
24/05/2010;16:06:00;300;sem vítima;485,29998779296875;BR-381/MG;Sul;Colisão Traseira;1;2;;;;;1
24/05/2010;16:35:00;313;sem vítima;495;BR-381/MG;Sul;Colisão Traseira;1;2;;;;;1
24/05/2010;19:50:00;380;sem vítima;525;BR-381/MG;Norte;Outros - Sequência;1;1;;;;;1
24/05/2010;14:57:00;257;com vítima;550,0999755859375;BR-381/MG;Sul;Tombamento;1;0;1;;;;1
24/05/2010;12:30:00;212;sem vítima;700,5;BR-381/MG;Sul;Colisão Lateral;1;2;;;;;1
24/05/2010;05:57:00;61;sem vítima;934,5999755859375;BR-381/MG;Sul;Colisão Lateral;1;2;;;;;1
25/05/2010;14:00:00;239;com vítima;53,20000076293945;BR-381/SP;Sul;Colisão Traseira;1;1;1;;;;1
25/05/2010;18:50:00;328;sem vítima;482,8999938964844;BR-381/MG;Norte;Tombamento;1;1;;;;;1
25/05/2010;14:50:00;257;sem vítima;484;BR-381/MG;Norte;Colisão Traseira;1;2;;;;;1
25/05/2010;19:08:00;344;sem vítima;505;BR-381/MG;Sul;Saida de Pista;1;1;;;;;1
25/05/2010;10:11:00;162;com vítima;561;BR-381/MG;Sul;Tombamento;2;1;1;;;;1
26/05/2010;13:36:00;218;sem vítima;31,5;BR-381/SP;Sul;Objeto lançado contra veículo;1;2;;;;;1
26/05/2010;17:11:00;282;sem vítima;487,29998779296875;BR-381/MG;Sul;Colisão Lateral;1;2;;;;;1
26/05/2010;14:59:00;244;sem vítima;597,7999877929688;BR-381/MG;Sul;Colisão Lateral;2;2;;;;;1
26/05/2010;20:30:00;346;sem vítima;608,0999755859375;BR-381/MG;Norte;Atropelamento de Animal;1;2;;;;;1
26/05/2010;23:50:00;393;com vítima;666,7999877929688;BR-381/MG;Sul;Tombamento;1;0;1;;;;1
26/05/2010;02:55:00;39;com vítima;669;BR-381/MG;Norte;Tombamento;1;0;1;;;;1
26/05/2010;21:35:00;361;sem vítima;864;BR-381/MG;Sul;Colisão Traseira;1;2;;;;;1
27/05/2010;21:28:00;440;com vítima;79,9000015258789;BR-381/SP;Norte;Colisão Traseira;1;0;4;;;;1
27/05/2010;15:18:00;295;sem vítima;491;BR-381/MG;Norte;Engavetamento;3;4;;;;;1
28/05/2010;23:44:00;431;sem vítima;80;BR-381/SP;Norte;Colisão Traseira;2;2;;;;;1
28/05/2010;08:06:00;101;sem vítima;479;BR-381/MG;Norte;Colisão Traseira;2;2;;;;;1
28/05/2010;20:04:00;379;sem vítima;501;BR-381/MG;Norte;Colisão Traseira;2;2;;;;;1
28/05/2010;13:38:00;225;com vítima;525;BR-381/MG;Sul;Tombamento;1;0;1;;;;1
28/05/2010;07:05:00;79;sem vítima;634;BR-381/MG;Norte;Colisão Traseira;2;2;;;;;1
28/05/2010;01:51:00;34;sem vítima;840,0999755859375;BR-381/MG;Sul;Choque - Outros;1;1;;;;;1
28/05/2010;03:00:00;39;sem vítima;865;BR-381/MG;Sul;Colisão Traseira;1;2;;;;;1
28/05/2010;02:23:00;36;sem vítima;897;BR-381/MG;Norte;Saida de Pista;1;1;;;;;1
28/05/2010;14:55:00;244;com vítima;936;BR-381/MG;Norte;Colisão Lateral;1;2;3;;;;1
28/05/2010;23:01:00;421;com vítima;936,5;BR-381/MG;Norte;Outros - Sequência;2;1;;;;1;3
29/05/2010;00:36:00;8;sem vítima;501,6000061035156;BR-381/MG;Norte;Colisão Traseira;1;4;;;;;1
29/05/2010;09:20:00;125;com vítima;529;BR-381/MG;Sul;Choque - Defensa, barreira ou "submarino";1;0;1;;;;1
29/05/2010;13:37:00;194;sem vítima;597,5;BR-381/MG;Norte;Outros - Sequência;2;2;;;;;1
29/05/2010;02:59:00;31;sem vítima;772;BR-381/MG;Sul;Saida de Pista;1;1;;;;;1
29/05/2010;07:08:00;63;com vítima;791,0999755859375;BR-381/MG;Sul;Choque - Outros;1;0;1;;;;1
29/05/2010;22:00:00;351;com vítima;791,7999877929688;BR-381/MG;Norte;Capotamento;1;0;1;;;;1
30/05/2010;17:33:00;288;sem vítima;481,29998779296875;BR-381/MG;Norte;Engavetamento;1;4;;;;;1
30/05/2010;18:19:00;307;com vítima;722;BR-381/MG;Norte;Tombamento;1;1;1;;;;1
30/05/2010;21:46:00;366;sem vítima;726,2999877929688;BR-381/MG;Sul;Colisão Traseira;2;2;;;;;1
30/05/2010;18:23:00;309;sem vítima;786,9000244140625;BR-381/MG;Norte;Outros - Sequência;1;3;;;;;1
30/05/2010;18:35:00;313;com vítima;945,5999755859375;BR-381/MG;Norte;Outros - Sequência;1;3;1;1;;;2
31/05/2010;10:13:00;148;sem vítima;84;BR-381/SP;Sul;Colisão Lateral;1;2;;;;;1
31/05/2010;15:27:00;262;sem vítima;494;BR-381/MG;Sul;Outros - Sequência;1;1;;;;;1
31/05/2010;08:46:00;114;sem vítima;502,25;BR-381/MG;Norte;Colisão Traseira;1;3;;;;;1
31/05/2010;22:05:00;408;sem vítima;608;BR-381/MG;Sul;Colisão Lateral;1;2;;;;;1
31/05/2010;06:57:00;71;sem vítima;616;BR-381/MG;Norte;Colisão Lateral;1;2;;;;;1
31/05/2010;07:35:00;85;sem vítima;849;BR-381/MG;Norte;Choque - Defensa, barreira ou "submarino";1;1;;;;;1
31/05/2010;01:00:00;17;sem vítima;867;BR-381/MG;Sul;Saida de Pista;1;1;;;;;1
01/06/2010;18:50:00;354;sem vítima;478;BR-381/MG;Norte;Colisão Traseira;1;2;;;;;1
01/06/2010;07:13:00;72;sem vítima;483,5;BR-381/MG;Norte;Colisão Traseira;1;2;;;;;1
01/06/2010;11:52:00;183;sem vítima;494,5;BR-381/MG;Sul;Engavetamento;1;3;;;;;1
01/06/2010;23:10:00;436;com vítima;525;BR-381/MG;Sul;Engavetamento;3;2;2;;;;1
01/06/2010;08:57:00;117;com vítima;568,2999877929688;BR-381/MG;Norte;Choque - Talude;1;0;1;;;;1
01/06/2010;08:32:00;105;sem vítima;850;BR-381/MG;Sul;Outros;1;1;;;;;1
01/06/2010;13:06:00;200;com vítima;873,0999755859375;BR-381/MG;Norte;Choque - Elemento de Drenagem;1;0;1;;;;1
01/06/2010;04:10:00;41;sem vítima;942,2999877929688;BR-381/MG;Sul;Saida de Pista;1;1;;;;;1
02/06/2010;06:54:00;81;sem vítima;7;BR-381/SP;Sul;Colisão Traseira;2;2;;;;;1
02/06/2010;18:26:00;387;sem vítima;62,099998474121094;BR-381/SP;Norte;Colisão Lateral;1;2;;;;;1
02/06/2010;11:54:00;222;sem vítima;492;BR-381/MG;Sul;Colisão Traseira;1;4;;;;;1
02/06/2010;06:51:00;78;sem vítima;532;BR-381/MG;Norte;Choque - Defensa, barreira ou "submarino";1;1;;;;;1
02/06/2010;14:55:00;296;sem vítima;545,9000244140625;BR-381/MG;Norte;Colisão Lateral;1;3;;;;;1
02/06/2010;23:49:00;481;com vítima;591;BR-381/MG;Norte;Colisão Lateral;1;4;1;;;;1
02/06/2010;23:25:00;470;com vítima;664,5;BR-381/MG;Sul;Colisão Traseira;2;1;1;;;;1
02/06/2010;10:44:00;194;com vítima;792;BR-381/MG;Norte;Tombamento;1;0;;1;;;2
02/06/2010;20:02:00;414;sem vítima;901;BR-381/MG;Sul;Colisão Traseira;2;2;;;;;1
03/06/2010;22:41:00;432;com vítima;30,100000381469727;BR-381/SP;Norte;Colisão Traseira;1;2;1;;;;1
03/06/2010;06:50:00;83;sem vítima;42,099998474121094;BR-381/SP;Sul;Colisão Traseira;2;2;;;;;1
03/06/2010;17:22:00;337;sem vítima;73,5;BR-381/SP;Norte;Colisão Lateral;1;2;;;;;1
03/06/2010;19:00:00;373;com vítima;540;BR-381/MG;Norte;Outros - Sequência;1;1;;;;1;3
03/06/2010;22:46:00;434;com vítima;669;BR-381/MG;Sul;Tombamento;1;0;2;;;;1
03/06/2010;23:29:00;444;sem vítima;669;BR-381/MG;Norte;Choque - Objeto sobre a pista;1;1;;;;;1
03/06/2010;08:48:00;136;sem vítima;671,5499877929688;BR-381/MG;Norte;Colisão Lateral;1;2;;;;;1
03/06/2010;07:45:00;108;sem vítima;722,0999755859375;BR-381/MG;Norte;Tombamento;1;1;;;;;1
03/06/2010;02:26:00;26;sem vítima;783,7999877929688;BR-381/MG;Norte;Colisão Lateral;2;2;;;;;1
03/06/2010;18:00:00;354;sem vítima;810;BR-381/MG;Sul;Colisão Lateral;2;2;;;;;1
03/06/2010;21:01:00;411;sem vítima;849,9000244140625;BR-381/MG;Sul;Colisão Traseira;1;3;;;;;1
04/06/2010;19:28:00;328;sem vítima;523;BR-381/MG;Norte;Colisão Lateral;2;2;;;;;1
04/06/2010;14:35:00;204;sem vítima;546,2000122070312;BR-381/MG;Norte;Tombamento;1;1;;;;;1
04/06/2010;22:38:00;370;com vítima;719,7000122070312;BR-381/MG;Sul;Choque - Talude;1;0;2;;;;1
04/06/2010;11:13:00;157;com vítima;865;BR-381/MG;Sul;Colisão Traseira;2;2;1;;;;1
04/06/2010;04:51:00;41;sem vítima;923,2999877929688;BR-381/MG;Sul;Tombamento;1;1;;;;;1
05/06/2010;12:01:00;184;com vítima;85;BR-381/SP;Sul;Engavetamento;1;3;2;;;;1
05/06/2010;17:42:00;301;com vítima;524;BR-381/MG;Sul;Engavetamento;3;7;2;;;;1
05/06/2010;19:46:00;343;sem vítima;524;BR-381/MG;Sul;Engavetamento;1;4;;;;;1
05/06/2010;21:14:00;371;com vítima;558;BR-381/MG;Sul;Colisão Lateral;1;3;;1;1;2;3
05/06/2010;15:20:00;249;com vítima;704,7999877929688;BR-381/MG;Sul;Outros - Sequência;1;0;1;;;;1
05/06/2010;03:36:00;51;sem vítima;936,9000244140625;BR-381/MG;Sul;Outros - Sequência;1;1;;;;;1
06/06/2010;07:18:00;61;sem vítima;78,47899627685547;BR-381/SP;Norte;Colisão Lateral;1;2;;;;;1
06/06/2010;15:42:00;225;com vítima;588,9000244140625;BR-381/MG;Norte;Colisão Frontal;1;1;1;;;;1
06/06/2010;13:51:00;173;sem vítima;802,2000122070312;BR-381/MG;Sul;Colisão Traseira;1;2;;;;;1
06/06/2010;08:48:00;83;sem vítima;804;BR-381/MG;Sul;Tombamento;1;1;;;;;1
07/06/2010;09:30:00;132;sem vítima;484;BR-381/MG;Norte;Colisão Lateral;1;2;;;;;1
07/06/2010;19:36:00;387;sem vítima;489;BR-381/MG;Sul;Saida de Pista;1;1;;;;;1
07/06/2010;02:46:00;25;com vítima;514;BR-381/MG;Norte;Colisão Traseira;2;1;1;;;;1
07/06/2010;07:09:00;70;sem vítima;514;BR-381/MG;Norte;Colisão Traseira;2;2;;;;;1
07/06/2010;03:44:00;32;sem vítima;515,2000122070312;BR-381/MG;Sul;Choque - Defensa, barreira ou "submarino";1;1;;;;;1
07/06/2010;22:31:00;433;sem vítima;621,7999877929688;BR-381/MG;Sul;Saida de Pista;1;1;;;;;1
08/06/2010;07:07:00;63;sem vítima;9;BR-381/SP;Norte;Colisão Traseira;1;2;;;;;1
08/06/2010;00:24:00;7;sem vítima;563,5;BR-381/MG;Norte;Tombamento;1;1;;;;;1
08/06/2010;05:50:00;48;sem vítima;789,5;BR-381/MG;Norte;Engavetamento;2;3;;;;;1
09/06/2010;05:25:00;55;sem vítima;0,009999999776482582;BR-381/SP;Sul;Colisão Traseira;2;2;;;;;1
09/06/2010;07:57:00;88;sem vítima;67,19999694824219;BR-381/SP;Sul;Colisão Lateral;1;4;;;;;1
09/06/2010;07:48:00;83;sem vítima;67,30000305175781;BR-381/SP;Sul;Colisão Lateral;2;2;;;;;1
09/06/2010;07:51:00;85;sem vítima;480,5;BR-381/MG;Norte;Colisão Lateral;1;2;;;;;1
09/06/2010;11:15:00;187;sem vítima;496,5;BR-381/MG;Sul;Colisão Lateral;1;2;;;;;1
09/06/2010;10:50:00;167;com vítima;496,79998779296875;BR-381/MG;Sul;Colisão Traseira;2;1;1;;;;1
09/06/2010;17:21:00;302;sem vítima;497,79998779296875;BR-381/MG;Sul;Tombamento;1;1;;;;;1
09/06/2010;16:27:00;274;sem vítima;502;BR-381/MG;Sul;Tombamento;1;1;;;;;1
09/06/2010;15:23:00;253;sem vítima;520,7000122070312;BR-381/MG;Norte;Choque - Defensa, barreira ou "submarino";1;3;;;;;1
09/06/2010;13:32:00;220;com vítima;640;BR-381/MG;Norte;Colisão Traseira;2;0;1;;1;;2
09/06/2010;23:25:00;403;sem vítima;688;BR-381/MG;Sul;Colisão Lateral;1;2;;;;;1
09/06/2010;22:55:00;400;sem vítima;710,5;BR-381/MG;Norte;Colisão Traseira;2;2;;;;;1
09/06/2010;06:07:00;59;com vítima;859;BR-381/MG;Sul;Outros - Sequência;1;1;1;;;;1
09/06/2010;21:38:00;381;com vítima;914,2000122070312;BR-381/MG;Sul;Atropelamento - Andarilho;1;1;;;;1;3
10/06/2010;07:08:00;94;sem vítima;80;BR-381/SP;Sul;Outros;1;1;;;;;1
10/06/2010;16:09:00;292;sem vítima;90;BR-381/SP;Norte;Engavetamento;2;4;;;;;1
10/06/2010;19:05:00;367;sem vítima;494,6000061035156;BR-381/MG;Sul;Colisão Lateral;1;2;;;;;1
10/06/2010;08:14:00;123;sem vítima;501;BR-381/MG;Sul;Colisão Traseira;2;3;;;;;1
10/06/2010;11:36:00;209;com vítima;636;BR-381/MG;Norte;Choque - Outros;1;1;;1;;;2
10/06/2010;02:26:00;35;com vítima;647,5;BR-381/MG;Sul;Capotamento;1;0;1;;;;1
10/06/2010;02:54:00;40;sem vítima;658;BR-381/MG;Norte;Colisão Traseira;2;2;;;;;1
10/06/2010;07:56:00;113;sem vítima;803,4000244140625;BR-381/MG;Norte;Colisão Traseira;1;4;;;;;1
10/06/2010;01:35:00;29;sem vítima;899;BR-381/MG;Norte;Atropelamento de Animal;1;1;;;;;1
10/06/2010;16:37:00;307;sem vítima;908;BR-381/MG;Norte;Choque - Defensa, barreira ou "submarino";1;1;;;;;1
11/06/2010;06:47:00;72;com vítima;501;BR-381/MG;Norte;Engavetamento;1;3;2;;;;1
11/06/2010;14:15:00;240;sem vítima;620;BR-381/MG;Norte;Colisão Traseira;1;2;;;;;1
11/06/2010;15:07:00;256;com vítima;766;BR-381/MG;Norte;Colisão Traseira;1;1;1;;;;1
11/06/2010;02:46:00;40;sem vítima;780;BR-381/MG;Norte;Tombamento;1;1;;;;;1
11/06/2010;12:13:00;207;sem vítima;792;BR-381/MG;Norte;Choque - Defensa, barreira ou "submarino";1;1;;;;;1
11/06/2010;05:12:00;63;sem vítima;880;BR-381/MG;Sul;Outros;1;1;;;;;1
11/06/2010;23:51:00;402;sem vítima;881;BR-381/MG;Norte;Choque - Defensa, barreira ou "submarino";1;1;;;;;1
12/06/2010;01:20:00;23;sem vítima;36,099998474121094;BR-381/SP;Norte;Saida de Pista;1;1;;;;;1
12/06/2010;20:30:00;402;sem vítima;49,20000076293945;BR-381/SP;Sul;Colisão Lateral;1;2;;;;;1
12/06/2010;18:07:00;360;com vítima;501,6000061035156;BR-381/MG;Sul;Outros - Sequência;1;2;4;1;1;1;3
12/06/2010;15:24:00;280;sem vítima;501,8999938964844;BR-381/MG;Sul;Colisão Traseira;1;2;;;;;1
12/06/2010;09:54:00;166;sem vítima;502;BR-381/MG;Sul;Colisão Lateral;1;3;;;;;1
12/06/2010;08:44:00;135;com vítima;813;BR-381/MG;Norte;Outros - Sequência;1;4;1;;;;1
12/06/2010;17:49:00;348;sem vítima;927,2000122070312;BR-381/MG;Norte;Colisão Traseira;2;2;;;;;1
13/06/2010;01:19:00;12;com vítima;494,29998779296875;BR-381/MG;Sul;Outros - Sequência;2;2;1;;;;1
13/06/2010;23:16:00;354;sem vítima;540;BR-381/MG;Norte;Outros - Sequência;2;2;;;;;1
13/06/2010;10:35:00;112;sem vítima;920,7999877929688;BR-381/MG;Norte;Colisão Traseira;1;2;;;;;1
14/06/2010;11:21:00;173;sem vítima;35;BR-381/SP;Sul;Engavetamento;2;3;;;;;1
14/06/2010;18:00:00;341;sem vítima;486;BR-381/MG;Sul;Engavetamento;1;5;;;;;1
14/06/2010;17:59:00;340;sem vítima;487;BR-381/MG;Sul;Colisão Traseira;1;2;;;;;1
14/06/2010;07:35:00;72;sem vítima;489;BR-381/MG;Norte;Colisão Lateral;1;2;;;;;1
14/06/2010;08:19:00;91;sem vítima;804,9000244140625;BR-381/MG;Sul;Choque - Defensa, barreira ou "submarino";1;1;;;;;1
15/06/2010;01:00:00;27;com vítima;90,30000305175781;BR-381/SP;Norte;Tombamento;1;0;2;1;;;2
15/06/2010;05:41:00;69;sem vítima;483;BR-381/MG;Sul;Outros - Sequência;1;4;;;;;1
15/06/2010;07:51:00;98;sem vítima;483;BR-381/MG;Norte;Colisão Traseira;2;2;;;;;1
15/06/2010;06:48:00;78;com vítima;495;BR-381/MG;Sul;Engavetamento;1;2;3;;;;1
15/06/2010;20:54:00;364;sem vítima;565;BR-381/MG;Sul;Outros - Sequência;1;1;;;;;1
15/06/2010;05:49:00;70;com vítima;569;BR-381/MG;Norte;Choque - Elemento de Drenagem;1;0;1;;;;1
15/06/2010;08:32:00;116;sem vítima;797,5;BR-381/MG;Sul;Colisão Traseira;1;2;;;;;1
16/06/2010;12:09:00;217;sem vítima;82,69999694824219;BR-381/SP;Norte;Outros - Sequência;1;2;;;;;1
16/06/2010;17:45:00;357;sem vítima;484,79998779296875;BR-381/MG;Sul;Colisão Traseira;1;2;;;;;1
16/06/2010;15:16:00;281;sem vítima;495;BR-381/MG;Sul;Colisão Lateral;1;2;;;;;1
16/06/2010;21:06:00;429;com vítima;622,2999877929688;BR-381/MG;Sul;Tombamento;1;0;1;;;;1
16/06/2010;16:19:00;311;sem vítima;689;BR-381/MG;Sul;Colisão Traseira;2;2;;;;;1
17/06/2010;04:47:00;58;sem vítima;0,5;BR-381/SP;Sul;Outros - Sequência;2;2;;;;;1
17/06/2010;18:35:00;389;com vítima;491;BR-381/MG;Sul;Colisão Traseira;1;1;3;;;;1
17/06/2010;18:16:00;380;sem vítima;525;BR-381/MG;Sul;Colisão Traseira;2;2;;;;;1
17/06/2010;14:50:00;279;com vítima;633,7999877929688;BR-381/MG;Sul;Colisão Lateral;2;0;2;;;;1
17/06/2010;08:03:00;106;com vítima;722,2000122070312;BR-381/MG;Norte;Tombamento;1;0;1;;;;1
17/06/2010;08:23:00;111;com vítima;723,0999755859375;BR-381/MG;Norte;Engavetamento;1;10;3;;;;1
17/06/2010;15:39:00;306;com vítima;797;BR-381/MG;Norte;Outros - Sequência;1;1;2;1;;;2
17/06/2010;23:32:00;454;sem vítima;867;BR-381/MG;Norte;Colisão Traseira;1;2;;;;;1
17/06/2010;14:07:00;258;sem vítima;921;BR-381/MG;Sul;Choque - Defensa, barreira ou "submarino";1;1;;;;;1
18/06/2010;04:32:00;45;sem vítima;34,5;BR-381/SP;Norte;Colisão Traseira;1;2;;;;;1
18/06/2010;11:26:00;191;com vítima;71;BR-381/SP;Norte;Outros - Sequência;1;1;1;;;;1
18/06/2010;08:10:00;100;sem vítima;72;BR-381/SP;Sul;Engavetamento;2;4;;;;;1
18/06/2010;21:26:00;408;sem vítima;520,5999755859375;BR-381/MG;Sul;Choque - Defensa, barreira ou "submarino";1;1;;;;;1
18/06/2010;07:31:00;83;sem vítima;597;BR-381/MG;Norte;Colisão Traseira;1;2;;;;;1
18/06/2010;04:49:00;47;com vítima;671,5;BR-381/MG;Norte;Colisão Traseira;1;1;1;;;;1
18/06/2010;14:43:00;260;sem vítima;750,0999755859375;BR-381/MG;Sul;Tombamento;1;1;;;;;1
18/06/2010;03:00:00;31;sem vítima;823;BR-381/MG;Norte;Tombamento;1;1;;;;;1
19/06/2010;12:53:00;240;com vítima;478,5;BR-381/MG;Sul;Colisão Traseira;1;1;;1;;;2
19/06/2010;07:49:00;111;com vítima;482;BR-381/MG;Sul;Colisão Traseira;1;1;2;;;;1
19/06/2010;15:52:00;307;sem vítima;495;BR-381/MG;Norte;Colisão Lateral;1;2;;;;;1
19/06/2010;12:16:00;224;sem vítima;511;BR-381/MG;Sul;Colisão Lateral;1;2;;;;;1
19/06/2010;06:53:00;85;sem vítima;566,9000244140625;BR-381/MG;Norte;Colisão Traseira;1;4;;;;;1
19/06/2010;23:13:00;442;com vítima;593,9000244140625;BR-381/MG;Sul;Tombamento;1;0;1;;;;1
20/06/2010;03:38:00;41;sem vítima;787,4000244140625;BR-381/MG;Sul;Choque - Elemento de Drenagem;1;2;;;;;1
20/06/2010;20:40:00;323;com vítima;930;BR-381/MG;Sul;Tombamento;1;0;1;;;;1
21/06/2010;06:09:00;43;sem vítima;78;BR-381/SP;Sul;Choque - Objeto sobre a pista;1;2;;;;;1
21/06/2010;08:15:00;91;sem vítima;483;BR-381/MG;Sul;Engavetamento;1;5;;;;;1
21/06/2010;17:16:00;287;com vítima;492,79998779296875;BR-381/MG;Norte;Outros - Sequência;1;1;1;;;;1
21/06/2010;12:28:00;173;sem vítima;496;BR-381/MG;Sul;Colisão Lateral;1;2;;;;;1
21/06/2010;21:42:00;368;sem vítima;525,7000122070312;BR-381/MG;Sul;Tombamento;1;1;;;;;1
21/06/2010;21:40:00;367;com vítima;662,7999877929688;BR-381/MG;Sul;Tombamento;1;0;1;;;;1
21/06/2010;19:14:00;335;sem vítima;767,7999877929688;BR-381/MG;Sul;Choque - Elemento de Drenagem;1;1;;;;;1
21/06/2010;00:09:00;3;com vítima;928;BR-381/MG;Sul;Engavetamento;3;3;1;;;;1
22/06/2010;12:43:00;217;com vítima;30,799999237060547;BR-381/SP;Sul;Colisão Traseira;1;1;;1;;;2
22/06/2010;05:29:00;63;sem vítima;38,5;BR-381/SP;Sul;Atropelamento de Animal;1;2;;;;;1
22/06/2010;09:09:00;134;sem vítima;82,5;BR-381/SP;Norte;Colisão Lateral;1;3;;;;;1
22/06/2010;20:14:00;361;sem vítima;486;BR-381/MG;Norte;Colisão Traseira;1;2;;;;;1
22/06/2010;07:29:00;83;sem vítima;494,20001220703125;BR-381/MG;Norte;Colisão Lateral;1;2;;;;;1
22/06/2010;16:04:00;282;sem vítima;496;BR-381/MG;Norte;Colisão Traseira;1;2;;;;;1
22/06/2010;10:27:00;170;sem vítima;597,7000122070312;BR-381/MG;Sul;Colisão Traseira;2;2;;;;;1
22/06/2010;09:17:00;139;com vítima;637;BR-381/MG;Norte;Tombamento;1;1;1;;;;1
22/06/2010;02:58:00;41;com vítima;725,2000122070312;BR-381/MG;Sul;Colisão Traseira;2;1;1;;;;1
22/06/2010;14:31:00;246;com vítima;925,7000122070312;BR-381/MG;Norte;Outros - Sequência;1;1;1;;;;1
23/06/2010;18:11:00;358;com vítima;72,9000015258789;BR-381/SP;Sul;Choque - Talude;1;2;1;;;;1
23/06/2010;06:46:00;84;sem vítima;510;BR-381/MG;Norte;Saida de Pista;1;1;;;;;1
23/06/2010;12:02:00;214;sem vítima;517;BR-381/MG;Norte;Colisão Lateral;1;2;;;;;1
23/06/2010;00:06:00;5;sem vítima;856,5;BR-381/MG;Sul;Atropelamento de Animal;1;1;;;;;1
23/06/2010;20:53:00;412;com vítima;863,7000122070312;BR-381/MG;Sul;Colisão Traseira;2;1;;;1;;2
23/06/2010;09:31:00;151;sem vítima;881,7999877929688;BR-381/MG;Norte;Choque - Defensa, barreira ou "submarino";1;1;;;;;1
23/06/2010;20:57:00;413;com vítima;924,9000244140625;BR-381/MG;Sul;Tombamento;1;1;1;;;;1
24/06/2010;05:21:00;66;sem vítima;13,199999809265137;BR-381/SP;Sul;Colisão Traseira;1;2;;;;;1
24/06/2010;10:47:00;204;sem vítima;479,79998779296875;BR-381/MG;Sul;Colisão Traseira;2;3;;;;;1
24/06/2010;10:32:00;195;sem vítima;503;BR-381/MG;Sul;Colisão Traseira;2;2;;;;;1
24/06/2010;04:11:00;50;com vítima;602;BR-381/MG;Norte;Tombamento;1;0;1;;;;1
24/06/2010;04:16:00;55;sem vítima;650;BR-381/MG;Norte;Atropelamento de Animal;1;2;;;;;1
24/06/2010;03:14:00;48;com vítima;661,5999755859375;BR-381/MG;Norte;Choque - Elemento de Drenagem;1;0;1;;;;1
24/06/2010;11:12:00;217;sem vítima;669,7999877929688;BR-381/MG;Norte;Colisão Traseira;2;2;;;;;1
24/06/2010;01:08:00;20;com vítima;771,2000122070312;BR-381/MG;Sul;Engavetamento;6;2;;;6;1;3
25/06/2010;04:30:00;57;sem vítima;2;BR-381/SP;Sul;Outros;1;2;;;;;1
25/06/2010;06:52:00;79;sem vítima;52;BR-381/SP;Sul;Colisão Traseira;1;2;;;;;1
25/06/2010;08:00:00;117;sem vítima;88,5;BR-381/SP;Sul;Engavetamento;1;3;;;;;1
25/06/2010;04:04:00;54;sem vítima;695,7000122070312;BR-381/MG;Sul;Tombamento;1;1;;;;;1
25/06/2010;20:16:00;405;sem vítima;760,4000244140625;BR-381/MG;Sul;Choque - Elemento de Drenagem;1;1;;;;;1
25/06/2010;06:40:00;73;sem vítima;790;BR-381/MG;Sul;Colisão Lateral;2;2;;;;;1
26/06/2010;18:49:00;330;com vítima;483;BR-381/MG;Norte;Outros - Sequência;1;2;1;;;;1
26/06/2010;09:59:00;147;sem vítima;485;BR-381/MG;Norte;Colisão Traseira;1;2;;;;;1
26/06/2010;11:06:00;166;com vítima;513;BR-381/MG;Norte;Engavetamento;1;6;1;;;;1
26/06/2010;10:24:00;157;com vítima;513,0999755859375;BR-381/MG;Norte;Colisão Traseira;2;1;1;;;;1
26/06/2010;17:57:00;315;com vítima;695,5;BR-381/MG;Sul;Outros - Sequência;1;0;1;;;;1
26/06/2010;11:12:00;170;com vítima;704;BR-381/MG;Sul;Tombamento;1;1;1;;;;1
27/06/2010;08:27:00;114;com vítima;518;BR-381/MG;Sul;Colisão Traseira;1;4;1;;;;1
27/06/2010;10:12:00;147;com vítima;677,5;BR-381/MG;Norte;Tombamento;1;0;2;;;;1
27/06/2010;12:58:00;196;com vítima;829,6500244140625;BR-381/MG;Norte;Tombamento;1;0;1;;;;1
27/06/2010;23:10:00;409;com vítima;923,5;BR-381/MG;Sul;Tombamento;1;0;;;;1;3