data;horario;n_da_ocorrencia;tipo_de_ocorrencia;km;trecho;sentido;tipo_de_acidente;caminhao;ilesos;levemente_feridos;moderadamente_feridos;gravemente_feridos;mortos;3
28/06/2010;03:16:00;37;sem vítima;7,5;BR-381/SP;Sul;Choque - Outros;1;1;;;;;1
28/06/2010;11:53:00;171;com vítima;10;BR-381/SP;Norte;Atropelamento - Ambulante;1;1;;;1;;2
28/06/2010;10:00:00;139;sem vítima;21,5;BR-381/SP;Sul;Colisão Traseira;1;2;;;;;1
28/06/2010;14:42:00;228;sem vítima;71,5999984741211;BR-381/SP;Sul;Colisão Transversal;1;2;;;;;1
28/06/2010;07:52:00;89;sem vítima;77;BR-381/SP;Sul;Colisão Traseira;1;2;;;;;1
28/06/2010;15:56:00;255;sem vítima;480;BR-381/MG;Norte;Colisão Traseira;1;2;;;;;1
28/06/2010;13:40:00;203;sem vítima;480,5;BR-381/MG;Norte;Colisão Traseira;1;2;;;;;1
28/06/2010;14:11:00;217;com vítima;481;BR-381/MG;Norte;Colisão Traseira;1;2;1;;;;1
28/06/2010;13:57:00;211;sem vítima;492,79998779296875;BR-381/MG;Sul;Colisão Traseira;1;2;;;;;1
28/06/2010;09:39:00;127;sem vítima;503;BR-381/MG;Norte;Colisão Traseira;1;2;;;;;1
28/06/2010;04:53:00;48;com vítima;585;BR-381/MG;Norte;Tombamento;1;0;1;;;;1
28/06/2010;22:21:00;349;sem vítima;700,7999877929688;BR-381/MG;Sul;Choque - Suporte de Sinalização;1;1;;;;;1
28/06/2010;16:38:00;267;sem vítima;821;BR-381/MG;Norte;Colisão Traseira;1;2;;;;;1
29/06/2010;15:50:00;267;sem vítima;86,30000305175781;BR-381/SP;Sul;Colisão Traseira;1;2;;;;;1
29/06/2010;16:20:00;278;sem vítima;483,70001220703125;BR-381/MG;Norte;Outros;2;2;;;;;1
29/06/2010;11:40:00;187;sem vítima;501;BR-381/MG;Norte;Colisão Lateral;1;2;;;;;1
29/06/2010;12:26:00;200;sem vítima;555,2000122070312;BR-381/MG;Norte;Outros - Sequência;1;1;;;;;1
29/06/2010;03:55:00;36;sem vítima;757;BR-381/MG;Sul;Colisão Traseira;2;2;;;;;1
29/06/2010;18:16:00;331;com vítima;946,2000122070312;BR-381/MG;Norte;Atropelamento - Outros;1;2;1;;;1;3
30/06/2010;12:02:00;187;com vítima;78,69999694824219;BR-381/SP;Sul;Tombamento;1;0;1;;;;1
30/06/2010;08:03:00;93;sem vítima;479,5;BR-381/MG;Norte;Colisão Traseira;1;2;;;;;1
30/06/2010;16:03:00;272;com vítima;536;BR-381/MG;Sul;Choque - Defensa, barreira ou "submarino";1;0;;1;;;2
30/06/2010;11:26:00;175;sem vítima;622,5;BR-381/MG;Sul;Tombamento;1;1;;;;;1
01/07/2010;14:45:00;286;sem vítima;70;BR-381/SP;Norte;Choque - Talude;1;1;;;;;1
01/07/2010;06:26:00;82;sem vítima;79;BR-381/SP;Sul;Colisão Traseira;1;2;;;;;1
01/07/2010;05:58:00;77;com vítima;502;BR-381/MG;Sul;Outros - Sequência;1;0;1;;;;1
01/07/2010;06:09:00;79;sem vítima;502,1000061035156;BR-381/MG;Norte;Saida de Pista;1;1;;;;;1
01/07/2010;18:42:00;387;sem vítima;524,5;BR-381/MG;Sul;Tombamento;1;1;;;;;1
01/07/2010;21:53:00;436;sem vítima;736,4000244140625;BR-381/MG;Norte;Colisão Traseira;2;2;;;;;1
01/07/2010;14:39:00;284;sem vítima;745,4000244140625;BR-381/MG;Norte;Outros - Sequência;2;2;;;;;1
01/07/2010;17:18:00;355;sem vítima;836;BR-381/MG;Sul;Tombamento;1;1;;;;;1
01/07/2010;02:27:00;38;com vítima;925,4000244140625;BR-381/MG;Norte;Tombamento;1;0;1;;;;1
02/07/2010;18:40:00;359;sem vítima;60,400001525878906;BR-381/SP;Norte;Colisão Lateral;2;2;;;;;1
02/07/2010;09:58:00;159;com vítima;78,5;BR-381/SP;Norte;Atropelamento - Morador;1;1;;1;;;2
02/07/2010;20:13:00;381;sem vítima;492;BR-381/MG;Norte;Colisão Traseira;1;2;;;;;1
02/07/2010;11:19:00;196;sem vítima;498;BR-381/MG;Norte;Colisão Traseira;1;2;;;;;1
02/07/2010;16:16:00;305;com vítima;665,0999755859375;BR-381/MG;Norte;Colisão Lateral;1;0;2;;;;1
02/07/2010;15:16:00;285;sem vítima;683;BR-381/MG;Norte;Tombamento;2;2;;;;;1
02/07/2010;16:49:00;313;sem vítima;684,0999755859375;BR-381/MG;Norte;Colisão Lateral;1;5;;;;;1
02/07/2010;14:54:00;270;sem vítima;821,7999877929688;BR-381/MG;Sul;Colisão Traseira;1;2;;;;;1
02/07/2010;07:15:00;84;sem vítima;844,2999877929688;BR-381/MG;Norte;Colisão Lateral;1;2;;;;;1
02/07/2010;21:50:00;395;sem vítima;929,2999877929688;BR-381/MG;Sul;Saida de Pista;1;1;;;;;1
03/07/2010;09:10:00;126;sem vítima;482,70001220703125;BR-381/MG;Norte;Engavetamento;2;4;;;;;1
03/07/2010;10:17:00;153;com vítima;510,3999938964844;BR-381/MG;Norte;Colisão Lateral;1;3;2;;;;1
03/07/2010;04:52:00;51;com vítima;838,4000244140625;BR-381/MG;Sul;Tombamento;1;0;1;;;;1
03/07/2010;23:22:00;413;sem vítima;872,7999877929688;BR-381/MG;Norte;Saida de Pista;1;1;;;;;1
04/07/2010;07:51:00;84;sem vítima;513;BR-381/MG;Norte;Colisão Traseira;1;2;;;;;1
04/07/2010;11:06:00;143;sem vítima;597;BR-381/MG;Norte;Choque - Outros;1;1;;;;;1
04/07/2010;20:53:00;345;com vítima;705,7000122070312;BR-381/MG;Sul;Tombamento;1;0;;1;;;2
04/07/2010;03:02:00;38;com vítima;740;BR-381/MG;Norte;Tombamento;1;0;2;;;;1
04/07/2010;20:23:00;337;com vítima;874;BR-381/MG;Sul;Tombamento;1;0;1;;;;1
05/07/2010;04:03:00;43;sem vítima;35,20000076293945;BR-381/SP;Sul;Colisão Traseira;1;2;;;;;1
05/07/2010;11:21:00;159;sem vítima;478;BR-381/MG;Norte;Engavetamento;2;3;;;;;1
05/07/2010;05:27:00;52;com vítima;704;BR-381/MG;Norte;Tombamento;1;0;1;;;;1
06/07/2010;16:07:00;314;com vítima;19,899999618530273;BR-381/SP;Sul;Colisão Traseira;1;2;1;;;;1
06/07/2010;10:04:00;159;sem vítima;29,200000762939453;BR-381/SP;Sul;Colisão Traseira;1;2;;;;;1
06/07/2010;07:54:00;101;sem vítima;70,80000305175781;BR-381/SP;Sul;Outros - Sequência;2;6;;;;;1
06/07/2010;15:29:00;288;sem vítima;500;BR-381/MG;Sul;Colisão Lateral;1;2;;;;;1
06/07/2010;00:39:00;13;sem vítima;735;BR-381/MG;Sul;Colisão Traseira;1;2;;;;;1
06/07/2010;00:30:00;9;com vítima;755;BR-381/MG;Norte;Colisão Traseira;2;1;1;;;;1
07/07/2010;11:55:00;169;com vítima;56;BR-381/SP;Sul;Colisão Traseira;1;1;1;;;;1
07/07/2010;15:09:00;243;sem vítima;62;BR-381/SP;Sul;Colisão Lateral;1;2;;;;;1
07/07/2010;06:32:00;55;sem vítima;76,69999694824219;BR-381/SP;Norte;Colisão Traseira;1;2;;;;;1
07/07/2010;02:42:00;33;com vítima;556,5999755859375;BR-381/MG;Norte;Colisão Traseira;2;1;1;;;;1
07/07/2010;22:16:00;398;com vítima;667;BR-381/MG;Norte;Tombamento;1;0;1;1;;;2
07/07/2010;22:16:00;407;sem vítima;667;BR-381/MG;Sul;Choque - Outros;1;1;;;;;1
07/07/2010;00:05:00;2;com vítima;678,9000244140625;BR-381/MG;Sul;Colisão Traseira;2;0;2;;;;1
07/07/2010;05:40:00;49;com vítima;791,5;BR-381/MG;Norte;Tombamento;1;0;;;;1;3
07/07/2010;02:11:00;29;sem vítima;809;BR-381/MG;Sul;Choque - Defensa, barreira ou "submarino";1;1;;;;;1
07/07/2010;19:52:00;363;sem vítima;919;BR-381/MG;Sul;Colisão Traseira;2;3;;;;;1
08/07/2010;06:52:00;59;sem vítima;0,5;BR-381/SP;Sul;Colisão Traseira;2;2;;;;;1
08/07/2010;19:15:00;390;sem vítima;60,5;BR-381/SP;Norte;Engavetamento;2;7;;;;;1
08/07/2010;22:09:00;437;sem vítima;497,79998779296875;BR-381/MG;Sul;Colisão Traseira;2;2;;;;;1
08/07/2010;07:11:00;69;sem vítima;546;BR-381/MG;Norte;Colisão Traseira;1;2;;;;;1
08/07/2010;04:44:00;46;sem vítima;562,7000122070312;BR-381/MG;Norte;Colisão Lateral;2;2;;;;;1
08/07/2010;00:02:00;2;com vítima;666,9000244140625;BR-381/MG;Sul;Engavetamento;1;34;1;;;3;3
08/07/2010;15:35:00;280;sem vítima;854,0999755859375;BR-381/MG;Norte;Colisão Traseira;1;2;;;;;1
08/07/2010;00:31:00;7;com vítima;875;BR-381/MG;Sul;Colisão Traseira;2;1;1;;;;1
08/07/2010;08:09:00;93;sem vítima;949;BR-381/MG;Sul;Engavetamento;2;3;;;;;1
09/07/2010;14:55:00;291;sem vítima;7;BR-381/SP;Norte;Colisão Traseira;1;44;;;;;1
09/07/2010;18:31:00;408;sem vítima;39,599998474121094;BR-381/SP;Norte;Colisão Lateral;1;3;;;;;1
09/07/2010;12:24:00;234;sem vítima;51,79999923706055;BR-381/SP;Norte;Engavetamento;1;6;;;;;1
09/07/2010;09:35:00;163;sem vítima;65;BR-381/SP;Norte;Colisão Lateral;1;2;;;;;1
09/07/2010;21:02:00;453;sem vítima;477,79998779296875;BR-381/MG;Sul;Colisão Traseira;2;2;;;;;1
09/07/2010;18:38:00;411;sem vítima;481;BR-381/MG;Norte;Colisão Traseira;1;2;;;;;1
09/07/2010;13:14:00;249;sem vítima;497,5;BR-381/MG;Sul;Colisão Lateral;1;2;;;;;1
09/07/2010;12:30:00;236;sem vítima;498;BR-381/MG;Sul;Colisão Lateral;1;2;;;;;1
09/07/2010;16:43:00;347;sem vítima;546;BR-381/MG;Norte;Colisão Traseira;2;2;;;;;1
09/07/2010;16:39:00;344;sem vítima;576;BR-381/MG;Norte;Colisão Traseira;2;2;;;;;1
09/07/2010;01:58:00;40;com vítima;830,7000122070312;BR-381/MG;Sul;Tombamento;1;0;2;;;;1
09/07/2010;03:24:00;55;sem vítima;845;BR-381/MG;Norte;Choque - Objeto sobre a pista;1;1;;;;;1
09/07/2010;14:54:00;290;com vítima;910;BR-381/MG;Norte;Colisão Traseira;1;1;1;;;;1
10/07/2010;11:46:00;164;sem vítima;480,20001220703125;BR-381/MG;Sul;Colisão Traseira;1;2;;;;;1
10/07/2010;09:17:00;117;sem vítima;502,5;BR-381/MG;Sul;Colisão Lateral;2;2;;;;;1
10/07/2010;22:00:00;384;sem vítima;559;BR-381/MG;Norte;Colisão Traseira;2;2;;;;;1
10/07/2010;06:13:00;54;sem vítima;568,5999755859375;BR-381/MG;Norte;Outros - Sequência;1;3;;;;;1
10/07/2010;21:19:00;370;sem vítima;661,5;BR-381/MG;Norte;Atropelamento de Animal;1;1;;;;;1
10/07/2010;04:40:00;46;com vítima;854,0499877929688;BR-381/MG;Sul;Outros - Sequência;1;0;1;;;;1
10/07/2010;08:34:00;105;sem vítima;906;BR-381/MG;Sul;Outros;1;1;;;;;1
11/07/2010;11:47:00;181;sem vítima;500,8999938964844;BR-381/MG;Sul;Colisão Lateral;1;3;;;;;1
11/07/2010;21:02:00;392;sem vítima;562,7999877929688;BR-381/MG;Sul;Colisão Traseira;1;2;;;;;1
11/07/2010;03:44:00;55;sem vítima;695,4000244140625;BR-381/MG;Norte;Saida de Pista;1;1;;;;;1
11/07/2010;10:06:00;155;com vítima;790,7999877929688;BR-381/MG;Sul;Tombamento;1;0;1;;;;1
12/07/2010;19:10:00;416;sem vítima;497;BR-381/MG;Sul;Colisão Lateral;2;2;;;;;1
12/07/2010;12:57:00;244;sem vítima;500;BR-381/MG;Sul;Colisão Traseira;1;2;;;;;1
12/07/2010;17:07:00;350;sem vítima;500,5;BR-381/MG;Sul;Colisão Lateral;1;2;;;;;1
12/07/2010;23:30:00;493;com vítima;500,5;BR-381/MG;Sul;Engavetamento;2;3;2;;;;1
12/07/2010;07:04:00;93;com vítima;519;BR-381/MG;Sul;Colisão Traseira;1;3;1;;;;1
12/07/2010;21:41:00;465;sem vítima;666,0999755859375;BR-381/MG;Sul;Choque - Elemento de Drenagem;1;1;;;;;1
12/07/2010;18:31:00;392;sem vítima;761,5;BR-381/MG;Sul;Choque - Defensa, barreira ou "submarino";1;2;;;;;1
12/07/2010;21:01:00;447;sem vítima;802;BR-381/MG;Sul;Colisão Lateral;2;2;;;;;1
12/07/2010;18:52:00;402;sem vítima;926;BR-381/MG;Norte;Saida de Pista;1;2;;;;;1
13/07/2010;18:34:00;332;sem vítima;9;BR-381/SP;Norte;Tombamento;1;1;;;;;1
13/07/2010;04:02:00;65;com vítima;52,20000076293945;BR-381/SP;Sul;Colisão Traseira;1;1;1;;;;1
13/07/2010;10:12:00;164;sem vítima;73,5;BR-381/SP;Sul;Colisão Lateral;1;2;;;;;1
13/07/2010;18:40:00;333;sem vítima;478,95001220703125;BR-381/MG;Norte;Colisão Traseira;2;2;;;;;1
13/07/2010;16:01:00;286;sem vítima;483,70001220703125;BR-381/MG;Sul;Tombamento;1;1;;;;;1
13/07/2010;16:15:00;290;com vítima;483,79998779296875;BR-381/MG;Norte;Engavetamento;1;5;3;;;;1
13/07/2010;15:00:00;264;sem vítima;502;BR-381/MG;Sul;Colisão Traseira;1;2;;;;;1
13/07/2010;06:37:00;84;sem vítima;613,5;BR-381/MG;Norte;Saida de Pista;1;1;;;;;1
13/07/2010;05:11:00;71;sem vítima;690;BR-381/MG;Sul;Tombamento;1;1;;;;;1
13/07/2010;23:03:00;400;com vítima;908,0999755859375;BR-381/MG;Norte;Tombamento;1;0;2;;;;1
13/07/2010;11:25:00;196;sem vítima;921,7000122070312;BR-381/MG;Sul;Choque - Elemento de Drenagem;1;1;;;;;1
14/07/2010;21:05:00;409;com vítima;59;BR-381/SP;Norte;Outros - Sequência;1;2;;1;;;2
14/07/2010;06:12:00;68;sem vítima;61,5;BR-381/SP;Sul;Choque - Defensa, barreira ou "submarino";1;1;;;;;1
14/07/2010;22:50:00;443;sem vítima;485;BR-381/MG;Sul;Outros - Sequência;2;3;;;;;1
14/07/2010;14:59:00;275;sem vítima;485,3999938964844;BR-381/MG;Sul;Colisão Lateral;1;2;;;;;1
14/07/2010;20:42:00;398;com vítima;485,5;BR-381/MG;Norte;Outros - Sequência;1;1;1;;;;1
14/07/2010;17:30:00;329;sem vítima;503,29998779296875;BR-381/MG;Sul;Colisão Traseira;1;2;;;;;1
14/07/2010;17:00:00;319;sem vítima;504;BR-381/MG;Sul;Colisão Traseira;1;2;;;;;1
14/07/2010;20:51:00;403;sem vítima;520;BR-381/MG;Sul;Colisão Traseira;2;2;;;;;1
14/07/2010;06:47:00;73;sem vítima;660;BR-381/MG;Norte;Colisão Traseira;1;2;;;;;1
14/07/2010;11:34:00;197;sem vítima;666;BR-381/MG;Sul;Engavetamento;3;5;;;;;1
14/07/2010;01:48:00;24;sem vítima;831,2000122070312;BR-381/MG;Norte;Tombamento;1;1;;;;;1
15/07/2010;16:53:00;309;com vítima;30,5;BR-381/SP;Norte;Atropelamento - Morador;1;2;;;;1;3
15/07/2010;14:25:00;238;com vítima;62,20000076293945;BR-381/SP;Norte;Colisão Traseira;1;2;1;;;;1
15/07/2010;19:15:00;361;com vítima;71;BR-381/SP;Norte;Tombamento;1;0;1;;;;1
15/07/2010;22:56:00;413;sem vítima;85;BR-381/SP;Norte;Outros - Sequência;1;4;;;;;1
15/07/2010;10:55:00;176;sem vítima;477,5;BR-381/MG;Sul;Colisão Traseira;1;2;;;;;1
15/07/2010;17:10:00;314;sem vítima;501;BR-381/MG;Sul;Colisão Traseira;2;2;;;;;1
15/07/2010;18:11:00;329;sem vítima;502;BR-381/MG;Sul;Engavetamento;2;3;;;;;1
15/07/2010;18:52:00;354;sem vítima;512;BR-381/MG;Sul;Saida de Pista;1;1;;;;;1
15/07/2010;12:33:00;209;sem vítima;516;BR-381/MG;Norte;Tombamento;1;1;;;;;1
15/07/2010;05:22:00;54;sem vítima;564,0999755859375;BR-381/MG;Norte;Colisão Lateral;2;4;;;;;1
15/07/2010;23:28:00;420;com vítima;824,2000122070312;BR-381/MG;Norte;Tombamento;1;0;1;;;;1
15/07/2010;07:33:00;90;com vítima;855;BR-381/MG;Sul;Colisão Traseira;1;1;;;2;;2
15/07/2010;05:50:00;56;sem vítima;943,7999877929688;BR-381/MG;Norte;Colisão Traseira;2;2;;;;;1
16/07/2010;10:20:00;155;com vítima;29;BR-381/SP;Sul;Atropelamento - Morador;1;1;1;;;;1
16/07/2010;08:37:00;121;sem vítima;29,700000762939453;BR-381/SP;Sul;Saida de Pista;1;1;;;;;1
16/07/2010;19:18:00;383;sem vítima;30,200000762939453;BR-381/SP;Sul;Tombamento;1;2;;;;;1
16/07/2010;09:36:00;140;sem vítima;31,100000381469727;BR-381/SP;Sul;Colisão Traseira;1;2;;;;;1
16/07/2010;19:06:00;376;com vítima;511,70001220703125;BR-381/MG;Norte;Colisão Traseira;1;1;1;;;;1
16/07/2010;07:11:00;87;com vítima;592,5;BR-381/MG;Norte;Tombamento;1;0;1;;;;1
16/07/2010;10:30:00;157;sem vítima;597;BR-381/MG;Norte;Colisão Traseira;2;2;;;;;1
16/07/2010;06:44:00;79;sem vítima;722;BR-381/MG;Sul;Choque - Objeto sobre a pista;1;1;;;;;1
16/07/2010;06:01:00;70;com vítima;864,4000244140625;BR-381/MG;Sul;Colisão Traseira;1;1;1;;;;1
16/07/2010;14:29:00;229;sem vítima;901;BR-381/MG;Norte;Colisão Traseira;2;3;;;;;1
16/07/2010;02:15:00;30;sem vítima;907;BR-381/MG;Norte;Tombamento;1;1;;;;;1
17/07/2010;03:43:00;56;com vítima;633,9500122070312;BR-381/MG;Sul;Choque - Talude;1;0;1;;;;1
18/07/2010;17:53:00;304;sem vítima;485,20001220703125;BR-381/MG;Norte;Colisão Traseira;1;2;;;;;1
18/07/2010;07:37:00;79;com vítima;493;BR-381/MG;Sul;Atropelamento - Morador;1;1;1;;;;1
18/07/2010;12:59:00;176;sem vítima;597,7000122070312;BR-381/MG;Norte;Colisão Traseira;1;2;;;;;1
18/07/2010;15:07:00;214;com vítima;851;BR-381/MG;Sul;Colisão Traseira;1;1;;;1;;2
19/07/2010;14:54:00;270;sem vítima;537,9000244140625;BR-381/MG;Norte;Outros - Sequência;2;2;;;;;1
19/07/2010;04:48:00;53;com vítima;617,0999755859375;BR-381/MG;Sul;Tombamento;1;1;1;;;;1
19/07/2010;21:15:00;419;com vítima;657,7999877929688;BR-381/MG;Norte;Colisão Traseira;2;1;;2;;;2
19/07/2010;15:38:00;290;sem vítima;900,2000122070312;BR-381/MG;Sul;Saida de Pista;1;1;;;;;1
20/07/2010;21:47:00;418;sem vítima;23;BR-381/SP;Sul;Saida de Pista;1;1;;;;;1
20/07/2010;18:16:00;363;com vítima;517;BR-381/MG;Norte;Outros - Sequência;1;1;;;1;;2
20/07/2010;07:22:00;97;sem vítima;711,5;BR-381/MG;Sul;Outros - Sequência;1;1;;;;;1
20/07/2010;00:55:00;15;sem vítima;725,2000122070312;BR-381/MG;Sul;Saida de Pista;1;1;;;;;1
20/07/2010;22:38:00;430;sem vítima;864;BR-381/MG;Sul;Colisão Traseira;2;2;;;;;1
21/07/2010;16:39:00;303;sem vítima;7,599999904632568;BR-381/SP;Sul;Colisão Traseira;2;4;;;;;1
21/07/2010;11:33:00;183;sem vítima;32,599998474121094;BR-381/SP;Sul;Colisão Traseira;2;2;;;;;1
21/07/2010;15:19:00;264;com vítima;74;BR-381/SP;Norte;Tombamento;1;0;;1;;;2
21/07/2010;17:11:00;319;sem vítima;77;BR-381/SP;Norte;Colisão Traseira;2;2;;;;;1
21/07/2010;06:19:00;85;sem vítima;89,5;BR-381/SP;Sul;Engavetamento;2;5;;;;;1
21/07/2010;11:47:00;190;sem vítima;526;BR-381/MG;Norte;Colisão Lateral;1;5;;;;;1
21/07/2010;23:34:00;431;sem vítima;705,9000244140625;BR-381/MG;Sul;Saida de Pista;1;1;;;;;1
21/07/2010;07:58:00;109;sem vítima;834;BR-381/MG;Sul;Colisão Traseira;3;3;;;;;1
21/07/2010;07:17:00;98;com vítima;836;BR-381/MG;Norte;Tombamento;1;0;1;;;;1
22/07/2010;13:59:00;253;sem vítima;911,7000122070312;BR-381/MG;Norte;Colisão Traseira;2;2;;;;;1
23/07/2010;03:06:00;41;sem vítima;482,79998779296875;BR-381/MG;Norte;Colisão Traseira;1;2;;;;;1
23/07/2010;10:36:00;189;sem vítima;488;BR-381/MG;Sul;Colisão Lateral;2;2;;;;;1
23/07/2010;18:33:00;393;sem vítima;496,70001220703125;BR-381/MG;Sul;Engavetamento;2;4;;;;;1
23/07/2010;16:43:00;337;sem vítima;499;BR-381/MG;Sul;Colisão Lateral;1;2;;;;;1
23/07/2010;02:07:00;24;sem vítima;709;BR-381/MG;Norte;Colisão Lateral;2;2;;;;;1
23/07/2010;21:51:00;476;sem vítima;753,7000122070312;BR-381/MG;Norte;Colisão Traseira;1;2;;;;;1
24/07/2010;07:24:00;93;sem vítima;7;BR-381/SP;Norte;Colisão Traseira;1;3;;;;;1
24/07/2010;04:24:00;60;com vítima;38;BR-381/SP;Norte;Atropelamento - Ambulante;1;1;;;1;;2
24/07/2010;10:30:00;184;sem vítima;63,5;BR-381/SP;Norte;Colisão Traseira;1;2;;;;;1
24/07/2010;11:33:00;203;sem vítima;503;BR-381/MG;Sul;Colisão Lateral;1;2;;;;;1
24/07/2010;08:30:00;125;sem vítima;504;BR-381/MG;Norte;Colisão Lateral;1;2;;;;;1
24/07/2010;09:03:00;143;com vítima;533;BR-381/MG;Norte;Tombamento;1;0;1;;;;1
24/07/2010;22:29:00;451;com vítima;666,9000244140625;BR-381/MG;Norte;Tombamento;1;0;2;;1;;2
25/07/2010;06:43:00;74;com vítima;55,79999923706055;BR-381/SP;Sul;Outros - Sequência;1;1;;2;1;;2
25/07/2010;23:59:00;438;com vítima;540,4000244140625;BR-381/MG;Sul;Colisão Traseira;2;1;1;;;;1
25/07/2010;08:17:00;98;sem vítima;584;BR-381/MG;Norte;Colisão Traseira;1;5;;;;;1
25/07/2010;23:50:00;431;sem vítima;755,7000122070312;BR-381/MG;Sul;Colisão Traseira;1;2;;;;;1
26/07/2010;17:31:00;351;sem vítima;90;BR-381/SP;Norte;Colisão Traseira;1;2;;;;;1
26/07/2010;09:47:00;144;sem vítima;491;BR-381/MG;Norte;Colisão Lateral;1;4;;;;;1
26/07/2010;10:28:00;162;sem vítima;499,79998779296875;BR-381/MG;Sul;Colisão Lateral;1;2;;;;;1
26/07/2010;18:43:00;372;sem vítima;518;BR-381/MG;Sul;Colisão Lateral;2;2;;;;;1
26/07/2010;21:33:00;414;sem vítima;526,7999877929688;BR-381/MG;Sul;Colisão Traseira;2;2;;;;;1
27/07/2010;15:23:00;322;sem vítima;31;BR-381/SP;Sul;Colisão Lateral;1;2;;;;;1
27/07/2010;17:18:00;376;sem vítima;55,5;BR-381/SP;Norte;Colisão Traseira;1;2;;;;;1
27/07/2010;18:07:00;401;sem vítima;66,80000305175781;BR-381/SP;Sul;Outros - Sequência;2;2;;;;;1
27/07/2010;15:00:00;309;sem vítima;487;BR-381/MG;Sul;Engavetamento;1;4;;;;;1
27/07/2010;17:15:00;374;sem vítima;494;BR-381/MG;Norte;Colisão Traseira;1;2;;;;;1
27/07/2010;17:04:00;369;sem vítima;501,3999938964844;BR-381/MG;Sul;Colisão Lateral;1;2;;;;;1
27/07/2010;15:48:00;342;sem vítima;520;BR-381/MG;Norte;Colisão Traseira;2;2;;;;;1
27/07/2010;21:59:00;472;com vítima;526;BR-381/MG;Sul;Tombamento;1;0;1;;;;1
27/07/2010;07:08:00;108;sem vítima;546;BR-381/MG;Norte;Colisão Traseira;1;2;;;;;1
27/07/2010;16:49:00;361;sem vítima;546;BR-381/MG;Sul;Choque - Outros;1;1;;;;;1
27/07/2010;08:44:00;165;sem vítima;557,4000244140625;BR-381/MG;Norte;Colisão Traseira;1;2;;;;;1
27/07/2010;10:30:00;230;sem vítima;597,7999877929688;BR-381/MG;Norte;Choque - Suporte de Sinalização;1;1;;;;;1
27/07/2010;11:33:00;250;sem vítima;640,5;BR-381/MG;Norte;Colisão Traseira;2;2;;;;;1
27/07/2010;12:51:00;268;sem vítima;769,0999755859375;BR-381/MG;Sul;Colisão Lateral;1;5;;;;;1
27/07/2010;14:27:00;297;sem vítima;850;BR-381/MG;Norte;Colisão Lateral;2;2;;;;;1
28/07/2010;10:37:00;190;sem vítima;32;BR-381/SP;Sul;Colisão Lateral;1;3;;;;;1
28/07/2010;00:58:00;22;sem vítima;32,70000076293945;BR-381/SP;Sul;Colisão Traseira;2;2;;;;;1
28/07/2010;18:00:00;357;sem vítima;478,29998779296875;BR-381/MG;Sul;Engavetamento;1;6;;;;;1
28/07/2010;10:49:00;196;sem vítima;501;BR-381/MG;Norte;Colisão Lateral;1;4;;;;;1
28/07/2010;01:23:00;26;com vítima;565;BR-381/MG;Sul;Colisão Traseira;2;1;;1;;;2
28/07/2010;05:32:00;76;com vítima;617,5;BR-381/MG;Norte;Engavetamento;3;3;;;1;;2
28/07/2010;19:01:00;379;sem vítima;727,7000122070312;BR-381/MG;Norte;Choque - Suporte de Sinalização;1;1;;;;;1
28/07/2010;14:54:00;274;sem vítima;923;BR-381/MG;Norte;Colisão Transversal;1;2;;;;;1
29/07/2010;01:50:00;37;sem vítima;22,399999618530273;BR-381/SP;Sul;Colisão Traseira;2;2;;;;;1
29/07/2010;12:18:00;222;sem vítima;30,700000762939453;BR-381/SP;Norte;Outros - Sequência;1;1;;;;;1
29/07/2010;13:15:00;236;sem vítima;31;BR-381/SP;Sul;Colisão Traseira;2;2;;;;;1
29/07/2010;14:10:00;247;com vítima;489;BR-381/MG;Sul;Outros - Sequência;1;1;2;1;;;2
29/07/2010;12:37:00;228;sem vítima;615,5999755859375;BR-381/MG;Norte;Tombamento;1;1;;;;;1
29/07/2010;23:34:00;440;com vítima;669,7000122070312;BR-381/MG;Sul;Colisão Traseira;1;2;1;;;;1
29/07/2010;19:48:00;380;sem vítima;858;BR-381/MG;Sul;Atropelamento de Animal;1;1;;;;;1
29/07/2010;11:25:00;205;sem vítima;916;BR-381/MG;Norte;Colisão Lateral;1;2;;;;;1
30/07/2010;07:33:00;102;sem vítima;486;BR-381/MG;Sul;Colisão Traseira;1;2;;;;;1
30/07/2010;10:43:00;187;sem vítima;577;BR-381/MG;Norte;Colisão Lateral;1;3;;;;;1
30/07/2010;06:29:00;80;com vítima;803,0999755859375;BR-381/MG;Sul;Outros - Sequência;1;0;;2;;;2
30/07/2010;01:19:00;12;com vítima;889,0999755859375;BR-381/MG;Sul;Tombamento;1;0;1;;;;1
30/07/2010;21:20:00;449;sem vítima;908;BR-381/MG;Sul;Outros;1;1;;;;;1
30/07/2010;11:02:00;196;sem vítima;942;BR-381/MG;Sul;Choque - Defensa, barreira ou "submarino";1;1;;;;;1
31/07/2010;20:07:00;429;sem vítima;477,29998779296875;BR-381/MG;Sul;Colisão Lateral;1;2;;;;;1
31/07/2010;07:53:00;108;sem vítima;477,5;BR-381/MG;Norte;Colisão Traseira;1;2;;;;;1