data;horario;n_da_ocorrencia;tipo_de_ocorrencia;km;trecho;sentido;tipo_de_acidente;caminhao;ilesos;levemente_feridos;moderadamente_feridos;gravemente_feridos;mortos;3
31/07/2010;07:56:00;111;sem vítima;497;BR-381/MG;Norte;Colisão Lateral;1;3;;;;;1
31/07/2010;09:12:00;148;com vítima;498;BR-381/MG;Norte;Atropelamento - Andarilho;1;1;;;1;;2
31/07/2010;09:26:00;152;com vítima;722,5;BR-381/MG;Norte;Tombamento;1;0;1;;;;1
31/07/2010;18:28:00;393;com vítima;825,2999877929688;BR-381/MG;Sul;Colisão Traseira;1;0;1;;;1;3
31/07/2010;07:21:00;101;com vítima;900,7999877929688;BR-381/MG;Norte;Colisão Traseira;2;1;1;1;;;2
01/08/2010;12:59:00;206;sem vítima;519;BR-381/MG;Norte;Tombamento;1;1;;;;;1
01/08/2010;22:44:00;473;sem vítima;660,5;BR-381/MG;Norte;Colisão Traseira;2;2;;;;;1
01/08/2010;04:50:00;59;sem vítima;679;BR-381/MG;Sul;Choque - Poste;1;1;;;;;1
01/08/2010;16:41:00;308;com vítima;704,5;BR-381/MG;Norte;Tombamento;1;0;;1;;;2
01/08/2010;17:02:00;322;sem vítima;705;BR-381/MG;Sul;Engavetamento;3;3;;;;;1
02/08/2010;07:35:00;96;sem vítima;63;BR-381/SP;Norte;Colisão Traseira;1;2;;;;;1
02/08/2010;18:55:00;396;sem vítima;90;BR-381/SP;Sul;Colisão Lateral;1;2;;;;;1
02/08/2010;14:37:00;249;sem vítima;487;BR-381/MG;Sul;Colisão Traseira;1;2;;;;;1
02/08/2010;07:02:00;90;com vítima;495,5;BR-381/MG;Norte;Colisão Traseira;1;2;2;;;;1
02/08/2010;10:37:00;182;sem vítima;506;BR-381/MG;Sul;Colisão Traseira;1;2;;;;;1
02/08/2010;19:06:00;399;sem vítima;510,8999938964844;BR-381/MG;Sul;Colisão Traseira;1;2;;;;;1
02/08/2010;15:42:00;290;sem vítima;524;BR-381/MG;Sul;Saida de Pista;1;1;;;;;1
02/08/2010;06:03:00;78;sem vítima;525;BR-381/MG;Sul;Outros - Sequência;2;2;;;;;1
02/08/2010;09:26:00;147;sem vítima;526;BR-381/MG;Sul;Colisão Traseira;1;2;;;;;1
02/08/2010;09:42:00;154;sem vítima;828,5;BR-381/MG;Sul;Colisão Lateral;1;5;;;;;1
02/08/2010;21:58:00;447;sem vítima;879;BR-381/MG;Sul;Tombamento;1;1;;;;;1
02/08/2010;21:10:00;436;com vítima;930,2999877929688;BR-381/MG;Sul;Outros - Sequência;1;3;2;;;;1
02/08/2010;21:17:00;438;com vítima;930,4000244140625;BR-381/MG;Norte;Outros - Sequência;1;1;4;;;;1
03/08/2010;15:01:00;269;sem vítima;28,5;BR-381/SP;Sul;Colisão Traseira;1;2;;;;;1
03/08/2010;09:44:00;153;sem vítima;83,5;BR-381/SP;Sul;Colisão Lateral;2;2;;;;;1
03/08/2010;08:05:00;101;com vítima;525,7000122070312;BR-381/MG;Sul;Tombamento;1;0;1;;;;1
03/08/2010;04:23:00;52;com vítima;540,7999877929688;BR-381/MG;Norte;Colisão Traseira;2;1;1;;;;1
03/08/2010;13:14:00;235;com vítima;597,7000122070312;BR-381/MG;Norte;Tombamento;1;0;3;;;;1
03/08/2010;09:15:00;136;sem vítima;598;BR-381/MG;Sul;Colisão Lateral;2;2;;;;;1
03/08/2010;00:10:00;3;com vítima;696,7000122070312;BR-381/MG;Sul;Outros - Sequência;2;0;2;;;;1
03/08/2010;13:27:00;238;sem vítima;871;BR-381/MG;Norte;Colisão Lateral;1;2;;;;;1
04/08/2010;11:49:00;181;sem vítima;70;BR-381/SP;Sul;Outros;1;1;;;;;1
04/08/2010;19:01:00;356;sem vítima;79;BR-381/SP;Sul;Engavetamento;1;4;;;;;1
04/08/2010;17:12:00;313;sem vítima;490;BR-381/MG;Norte;Colisão Traseira;1;2;;;;;1
04/08/2010;16:09:00;284;sem vítima;526;BR-381/MG;Sul;Outros - Sequência;2;3;;;;;1
04/08/2010;07:11:00;75;sem vítima;546;BR-381/MG;Norte;Colisão Traseira;2;2;;;;;1
04/08/2010;17:02:00;309;sem vítima;597,5999755859375;BR-381/MG;Norte;Outros - Sequência;1;1;;;;;1
04/08/2010;09:24:00;127;sem vítima;735,7000122070312;BR-381/MG;Sul;Choque - Cancela de Pedagio;1;1;;;;;1
05/08/2010;06:40:00;82;sem vítima;594,5;BR-381/MG;Norte;Tombamento;1;1;;;;;1
06/08/2010;06:08:00;98;com vítima;39;BR-381/SP;Sul;Colisão Traseira;2;3;3;;;;1
06/08/2010;07:48:00;123;sem vítima;71,80000305175781;BR-381/SP;Sul;Colisão Traseira;1;2;;;;;1
06/08/2010;17:03:00;349;com vítima;480;BR-381/MG;Norte;Colisão Traseira;1;4;1;;;;1
06/08/2010;23:04:00;485;sem vítima;490,20001220703125;BR-381/MG;Sul;Colisão Traseira;1;3;;;;;1
06/08/2010;13:22:00;253;com vítima;602,4000244140625;BR-381/MG;Norte;Outros - Sequência;1;1;2;;;;1
06/08/2010;09:55:00;175;sem vítima;658;BR-381/MG;Norte;Engavetamento;2;4;;;;;1
06/08/2010;11:17:00;212;sem vítima;735;BR-381/MG;Norte;Choque - Defensa, barreira ou "submarino";1;1;;;;;1
06/08/2010;06:28:00;103;sem vítima;737;BR-381/MG;Sul;Choque - Defensa, barreira ou "submarino";1;1;;;;;1
06/08/2010;06:28:00;104;com vítima;938,5999755859375;BR-381/MG;Sul;Tombamento;1;0;1;;;;1
07/08/2010;20:27:00;378;com vítima;725;BR-381/MG;Sul;Colisão Traseira;2;1;;1;;;2
08/08/2010;21:02:00;377;sem vítima;15,899999618530273;BR-381/SP;Sul;Colisão Traseira;1;4;;;;;1
08/08/2010;05:36:00;51;sem vítima;785,0999755859375;BR-381/MG;Sul;Outros - Sequência;1;1;;;;;1
08/08/2010;19:09:00;328;sem vítima;805;BR-381/MG;Sul;Colisão Traseira;1;2;;;;;1
08/08/2010;17:37:00;275;sem vítima;892,5;BR-381/MG;Sul;Colisão Traseira;1;5;;;;;1
09/08/2010;12:23:00;178;sem vítima;84;BR-381/SP;Norte;Colisão Lateral;1;4;;;;;1
09/08/2010;20:07:00;359;sem vítima;516,7000122070312;BR-381/MG;Sul;Outros - Sequência;1;3;;;;;1
09/08/2010;10:12:00;124;sem vítima;597;BR-381/MG;Norte;Colisão Traseira;1;2;;;;;1
09/08/2010;14:38:00;227;com vítima;647,4000244140625;BR-381/MG;Norte;Colisão Traseira;2;0;2;;;;1
09/08/2010;16:22:00;272;com vítima;737,5;BR-381/MG;Sul;Choque - Talude;1;0;1;;;;1
09/08/2010;23:30:00;392;sem vítima;791,7999877929688;BR-381/MG;Sul;Colisão Traseira;2;2;;;;;1
09/08/2010;02:17:00;15;com vítima;863,0999755859375;BR-381/MG;Sul;Outros - Sequência;1;0;1;;;;1
09/08/2010;00:54:00;6;sem vítima;937;BR-381/MG;Norte;Outros - Sequência;1;2;;;;;1
10/08/2010;21:32:00;359;sem vítima;30;BR-381/SP;Sul;Atropelamento de Animal;1;1;;;;;1
10/08/2010;18:35:00;316;sem vítima;74,80000305175781;BR-381/SP;Sul;Objeto lançado contra veículo;1;3;;;;;1
10/08/2010;07:12:00;80;sem vítima;493;BR-381/MG;Sul;Colisão Lateral;1;2;;;;;1
10/08/2010;15:47:00;244;sem vítima;496,70001220703125;BR-381/MG;Sul;Colisão Traseira;1;2;;;;;1
10/08/2010;08:43:00;123;sem vítima;510;BR-381/MG;Norte;Colisão Traseira;2;2;;;;;1
10/08/2010;11:50:00;184;sem vítima;525;BR-381/MG;Sul;Tombamento;1;2;;;;;1
10/08/2010;14:17:00;216;sem vítima;631,4000244140625;BR-381/MG;Norte;Tombamento;1;1;;;;;1
10/08/2010;16:21:00;260;sem vítima;689,7999877929688;BR-381/MG;Sul;Colisão Traseira;1;2;;;;;1
10/08/2010;11:28:00;176;sem vítima;705,7999877929688;BR-381/MG;Sul;Tombamento;1;1;;;;;1
10/08/2010;08:45:00;125;sem vítima;755,2999877929688;BR-381/MG;Norte;Colisão Lateral;2;2;;;;;1
11/08/2010;08:54:00;119;sem vítima;2;BR-381/SP;Norte;Choque - Defensa, barreira ou "submarino";1;1;;;;;1
11/08/2010;03:06:00;32;sem vítima;17,700000762939453;BR-381/SP;Norte;Choque - Defensa, barreira ou "submarino";1;1;;;;;1
11/08/2010;09:50:00;140;sem vítima;498;BR-381/MG;Sul;Tombamento;1;1;;;;;1
11/08/2010;01:07:00;19;com vítima;586;BR-381/MG;Norte;Tombamento;1;0;2;;;;1
11/08/2010;15:19:00;272;com vítima;644,0499877929688;BR-381/MG;Sul;Tombamento;1;0;1;;;;1
11/08/2010;10:22:00;156;sem vítima;817,9000244140625;BR-381/MG;Norte;Choque - Talude;1;1;;;;;1
11/08/2010;15:51:00;288;com vítima;907,2999877929688;BR-381/MG;Norte;Tombamento;1;0;;1;;;2
11/08/2010;22:59:00;422;sem vítima;921,5;BR-381/MG;Sul;Tombamento;1;1;;;;;1
12/08/2010;04:28:00;50;sem vítima;64;BR-381/SP;Sul;Outros;1;1;;;;;1
12/08/2010;18:21:00;353;sem vítima;477,29998779296875;BR-381/MG;Sul;Colisão Traseira;1;2;;;;;1
12/08/2010;22:16:00;428;com vítima;488,8999938964844;BR-381/MG;Norte;Engavetamento;1;2;;1;;;2
12/08/2010;16:21:00;312;sem vítima;597,7000122070312;BR-381/MG;Norte;Colisão Traseira;2;2;;;;;1
12/08/2010;05:13:00;60;com vítima;631,2000122070312;BR-381/MG;Norte;Tombamento;1;0;1;;;;1
12/08/2010;01:09:00;20;com vítima;724,2000122070312;BR-381/MG;Sul;Colisão Traseira;2;1;2;;;;1
12/08/2010;04:41:00;55;sem vítima;843,5;BR-381/MG;Norte;Choque - Outros;1;1;;;;;1
12/08/2010;17:14:00;331;sem vítima;855,0999755859375;BR-381/MG;Norte;Atropelamento de Animal;1;1;;;;;1
12/08/2010;22:22:00;430;sem vítima;919;BR-381/MG;Norte;Colisão Lateral;2;2;;;;;1
13/08/2010;14:59:00;252;sem vítima;66;BR-381/SP;Norte;Colisão Traseira;1;2;;;;;1
13/08/2010;03:43:00;45;sem vítima;87;BR-381/SP;Norte;Tombamento;1;1;;;;;1
13/08/2010;09:45:00;154;sem vítima;493;BR-381/MG;Norte;Colisão Lateral;1;2;;;;;1
13/08/2010;13:10:00;214;sem vítima;526;BR-381/MG;Sul;Saida de Pista;1;1;;;;;1
13/08/2010;08:07:00;108;sem vítima;541,5;BR-381/MG;Sul;Colisão Lateral;1;7;;;;;1
13/08/2010;05:22:00;67;com vítima;580;BR-381/MG;Sul;Colisão Traseira;2;1;1;;;;1
13/08/2010;04:36:00;59;com vítima;658,7000122070312;BR-381/MG;Norte;Outros - Sequência;2;1;1;;;;1
13/08/2010;12:38:00;203;sem vítima;687,9000244140625;BR-381/MG;Sul;Colisão Lateral;2;2;;;;;1
14/08/2010;13:22:00;214;sem vítima;924,5;BR-381/MG;Norte;Tombamento;1;1;;;;;1
15/08/2010;21:39:00;364;sem vítima;703,7999877929688;BR-381/MG;Sul;Colisão Lateral;1;4;;;;;1
16/08/2010;15:14:00;244;sem vítima;491;BR-381/MG;Norte;Colisão Traseira;1;2;;;;;1
16/08/2010;02:02:00;23;sem vítima;496,1000061035156;BR-381/MG;Norte;Colisão Lateral;1;2;;;;;1
16/08/2010;19:49:00;340;com vítima;496,6000061035156;BR-381/MG;Sul;Colisão Lateral;1;1;;;;2;3
16/08/2010;13:20:00;198;sem vítima;505;BR-381/MG;Sul;Colisão Lateral;1;2;;;;;1
16/08/2010;16:27:00;275;com vítima;737,7000122070312;BR-381/MG;Sul;Tombamento;1;0;;1;;1;3
17/08/2010;13:58:00;215;sem vítima;68;BR-381/SP;Norte;Tombamento;1;1;;;;;1
17/08/2010;06:31:00;41;com vítima;502,29998779296875;BR-381/MG;Norte;Colisão Traseira;1;2;1;;;;1
17/08/2010;15:50:00;251;com vítima;778,5;BR-381/MG;Sul;Outros - Sequência;2;0;1;1;;5;3
17/08/2010;05:14:00;32;com vítima;805;BR-381/MG;Sul;Engavetamento;2;2;1;;;;1
17/08/2010;07:41:00;57;sem vítima;805;BR-381/MG;Norte;Colisão Lateral;2;2;;;;;1
17/08/2010;12:40:00;198;sem vítima;821;BR-381/MG;Norte;Saida de Pista;1;1;;;;;1
17/08/2010;07:41:00;56;com vítima;826;BR-381/MG;Sul;Outros - Sequência;1;1;2;1;;;2
17/08/2010;06:37:00;43;sem vítima;880,2000122070312;BR-381/MG;Sul;Saida de Pista;1;1;;;;;1
18/08/2010;10:56:00;186;sem vítima;493;BR-381/MG;Sul;Engavetamento;1;3;;;;;1
18/08/2010;19:34:00;398;sem vítima;494,79998779296875;BR-381/MG;Norte;Colisão Traseira;1;2;;;;;1
18/08/2010;10:59:00;188;sem vítima;502,5;BR-381/MG;Norte;Colisão Traseira;1;4;;;;;1
18/08/2010;12:08:00;212;sem vítima;504;BR-381/MG;Norte;Colisão Lateral;1;2;;;;;1
18/08/2010;09:06:00;145;com vítima;570;BR-381/MG;Norte;Tombamento;1;0;;1;;;2
18/08/2010;22:25:00;446;sem vítima;636,5;BR-381/MG;Sul;Atropelamento de Animal;1;1;;;;;1
18/08/2010;00:50:00;28;com vítima;649,2999877929688;BR-381/MG;Sul;Colisão Traseira;2;0;2;;;;1
18/08/2010;16:22:00;329;com vítima;677,5999755859375;BR-381/MG;Sul;Tombamento;1;0;1;;;;1
18/08/2010;00:07:00;5;sem vítima;693;BR-381/MG;Norte;Choque - Defensa, barreira ou "submarino";1;1;;;;;1
18/08/2010;22:23:00;445;sem vítima;771;BR-381/MG;Norte;Tombamento;1;1;;;;;1
18/08/2010;10:23:00;171;com vítima;925,2999877929688;BR-381/MG;Norte;Tombamento;1;0;;1;;;2
18/08/2010;16:49:00;336;sem vítima;941,2999877929688;BR-381/MG;Norte;Choque - Veiculo parado na pista;2;2;;;;;1
19/08/2010;11:17:00;208;sem vítima;491,20001220703125;BR-381/MG;Sul;Colisão Traseira;1;2;;;;;1
19/08/2010;23:46:00;467;sem vítima;704;BR-381/MG;Norte;Saida de Pista;1;3;;;;;1
19/08/2010;01:00:00;19;com vítima;734,5;BR-381/MG;Sul;Tombamento;1;0;1;;;;1
19/08/2010;19:19:00;403;sem vítima;814;BR-381/MG;Norte;Tombamento;1;2;;;;;1
20/08/2010;19:11:00;418;com vítima;65;BR-381/SP;Sul;Atropelamento - Sem Informação;1;1;;;1;;2
20/08/2010;10:07:00;180;com vítima;78;BR-381/SP;Norte;Outros - Sequência;1;4;2;1;;;2
20/08/2010;15:56:00;326;sem vítima;89,9000015258789;BR-381/SP;Sul;Engavetamento;2;7;;;;;1
20/08/2010;18:58:00;410;sem vítima;546;BR-381/MG;Sul;Colisão Traseira;1;2;;;;;1
20/08/2010;02:46:00;47;sem vítima;730;BR-381/MG;Sul;Tombamento;1;1;;;;;1
20/08/2010;11:08:00;202;sem vítima;755;BR-381/MG;Norte;Outros;1;1;;;;;1
20/08/2010;05:38:00;70;sem vítima;773,7999877929688;BR-381/MG;Norte;Colisão Traseira;2;2;;;;;1
20/08/2010;00:32:00;18;sem vítima;842,2999877929688;BR-381/MG;Norte;Colisão Traseira;2;2;;;;;1
21/08/2010;02:14:00;31;sem vítima;671;BR-381/MG;Norte;Colisão Traseira;2;2;;;;;1
21/08/2010;08:43:00;121;com vítima;761;BR-381/MG;Norte;Colisão Traseira;2;1;1;;;;1
21/08/2010;07:00:00;85;com vítima;838;BR-381/MG;Sul;Outros - Sequência;1;0;;;;2;3
22/08/2010;14:52:00;215;sem vítima;66;BR-381/SP;Norte;Colisão Traseira;1;4;;;;;1
22/08/2010;15:14:00;224;com vítima;479,79998779296875;BR-381/MG;Sul;Colisão Traseira;1;1;;1;;;2
22/08/2010;09:17:00;110;sem vítima;484;BR-381/MG;Norte;Colisão Lateral;1;6;;;;;1
22/08/2010;21:21:00;361;sem vítima;635,2000122070312;BR-381/MG;Sul;Saida de Pista;1;1;;;;;1
23/08/2010;14:10:00;261;sem vítima;495,3999938964844;BR-381/MG;Sul;Colisão Traseira;1;2;;;;;1
23/08/2010;14:45:00;271;sem vítima;535,5;BR-381/MG;Sul;Colisão Lateral;2;2;;;;;1
23/08/2010;02:33:00;38;com vítima;906,2999877929688;BR-381/MG;Norte;Colisão Traseira;2;1;;1;;;2
24/08/2010;10:56:00;185;sem vítima;31,5;BR-381/SP;Sul;Colisão Traseira;1;2;;;;;1
24/08/2010;15:01:00;280;sem vítima;486;BR-381/MG;Sul;Colisão Traseira;1;2;;;;;1
24/08/2010;09:42:00;148;sem vítima;493;BR-381/MG;Sul;Engavetamento;2;3;;;;;1
24/08/2010;17:20:00;357;sem vítima;495,29998779296875;BR-381/MG;Sul;Colisão Traseira;1;2;;;;;1
24/08/2010;17:08:00;349;sem vítima;495,5;BR-381/MG;Sul;Engavetamento;3;3;;;;;1
24/08/2010;06:38:00;84;sem vítima;519;BR-381/MG;Sul;Colisão Lateral;2;2;;;;;1
24/08/2010;13:21:00;233;sem vítima;519,0999755859375;BR-381/MG;Sul;Colisão Traseira;2;2;;;;;1
24/08/2010;06:10:00;78;com vítima;692,9000244140625;BR-381/MG;Sul;Colisão Lateral;1;1;2;;;;1
24/08/2010;07:39:00;105;com vítima;870,4000244140625;BR-381/MG;Sul;Colisão Lateral;1;2;1;;;;1
25/08/2010;00:10:00;5;sem vítima;23;BR-381/SP;Norte;Colisão Traseira;2;2;;;;;1
25/08/2010;19:58:00;419;sem vítima;55;BR-381/SP;Sul;Colisão Traseira;1;2;;;;;1
25/08/2010;22:35:00;462;sem vítima;573,4000244140625;BR-381/MG;Sul;Colisão Traseira;2;2;;;;;1
25/08/2010;14:50:00;256;sem vítima;628,0999755859375;BR-381/MG;Norte;Colisão Lateral;2;2;;;;;1
25/08/2010;09:02:00;115;com vítima;687,9000244140625;BR-381/MG;Norte;Tombamento;1;0;1;;;;1
25/08/2010;02:22:00;34;com vítima;832,4000244140625;BR-381/MG;Sul;Tombamento;1;0;1;;;;1
26/08/2010;07:44:00;126;sem vítima;492;BR-381/MG;Norte;Colisão Lateral;1;3;;;;;1
26/08/2010;15:01:00;313;com vítima;501;BR-381/MG;Norte;Colisão Traseira;1;1;;;1;;2
26/08/2010;08:44:00;161;sem vítima;520;BR-381/MG;Sul;Colisão Traseira;2;2;;;;;1
26/08/2010;16:26:00;358;sem vítima;742,4000244140625;BR-381/MG;Sul;Colisão Traseira;1;2;;;;;1
26/08/2010;01:55:00;32;com vítima;788,2999877929688;BR-381/MG;Sul;Outros - Sequência;1;0;;1;;;2
27/08/2010;09:54:00;168;sem vítima;87,9000015258789;BR-381/SP;Sul;Colisão Lateral;1;3;;;;;1
27/08/2010;00:04:00;5;com vítima;89,30000305175781;BR-381/SP;Norte;Engavetamento;1;2;1;;;1;3
27/08/2010;10:33:00;190;sem vítima;480;BR-381/MG;Norte;Colisão Traseira;1;2;;;;;1
27/08/2010;15:20:00;317;sem vítima;495;BR-381/MG;Norte;Engavetamento;2;3;;;;;1
27/08/2010;23:28:00;536;sem vítima;599;BR-381/MG;Sul;Colisão Traseira;1;2;;;;;1
27/08/2010;14:41:00;294;com vítima;605;BR-381/MG;Sul;Outros - Sequência;1;0;1;;;;1
27/08/2010;13:58:00;274;sem vítima;673;BR-381/MG;Norte;Colisão Lateral;1;2;;;;;1
27/08/2010;14:36:00;293;com vítima;821,5;BR-381/MG;Sul;Colisão Lateral;1;1;1;;;;1
28/08/2010;16:55:00;319;sem vítima;45;BR-381/SP;Sul;Colisão Traseira;1;3;;;;;1
28/08/2010;10:55:00;182;sem vítima;494,8999938964844;BR-381/MG;Sul;Engavetamento;1;3;;;;;1
28/08/2010;01:32:00;29;sem vítima;508,79998779296875;BR-381/MG;Norte;Choque - Suporte de Sinalização;1;1;;;;;1
28/08/2010;04:37:00;67;sem vítima;714;BR-381/MG;Sul;Choque - Elemento de Drenagem;1;1;;;;;1
28/08/2010;07:44:00;100;com vítima;721;BR-381/MG;Norte;Tombamento;1;0;1;;;;1
28/08/2010;23:54:00;446;sem vítima;843;BR-381/MG;Sul;Colisão Traseira;2;3;;;;;1
28/08/2010;14:46:00;263;com vítima;873,7999877929688;BR-381/MG;Sul;Tombamento;1;0;1;;;;1
29/08/2010;21:49:00;389;com vítima;680;BR-381/MG;Sul;Tombamento;1;0;1;;;;1
29/08/2010;15:41:00;233;sem vítima;771;BR-381/MG;Sul;Colisão Lateral;1;2;;;;;1
29/08/2010;14:19:00;206;sem vítima;771,9000244140625;BR-381/MG;Sul;Colisão Traseira;1;2;;;;;1
29/08/2010;14:31:00;211;sem vítima;771,9000244140625;BR-381/MG;Sul;Colisão Traseira;1;2;;;;;1
30/08/2010;13:14:00;242;sem vítima;63;BR-381/SP;Sul;Colisão Lateral;1;3;;;;;1
30/08/2010;06:59:00;88;com vítima;76;BR-381/SP;Sul;Tombamento;1;0;;1;;;2
30/08/2010;15:07:00;273;sem vítima;89,9000015258789;BR-381/SP;Norte;Colisão Traseira;2;2;;;;;1
30/08/2010;13:16:00;243;com vítima;484;BR-381/MG;Norte;Colisão Lateral;1;1;1;;;;1
30/08/2010;19:09:00;379;com vítima;498,5;BR-381/MG;Sul;Outros - Sequência;2;6;1;;;;1
30/08/2010;07:33:00;98;sem vítima;500,5;BR-381/MG;Norte;Colisão Traseira;1;2;;;;;1
30/08/2010;01:28:00;22;sem vítima;673;BR-381/MG;Norte;Colisão Lateral;2;2;;;;;1
30/08/2010;04:01:00;46;sem vítima;764,7000122070312;BR-381/MG;Sul;Saida de Pista;1;1;;;;;1
30/08/2010;08:01:00;110;sem vítima;901;BR-381/MG;Sul;Colisão Traseira;1;3;;;;;1
31/08/2010;16:00:00;313;com vítima;478,20001220703125;BR-381/MG;Norte;Colisão Traseira;1;2;1;;;;1
31/08/2010;19:14:00;402;sem vítima;512,4000244140625;BR-381/MG;Norte;Colisão Traseira;2;2;;;;;1
31/08/2010;04:36:00;53;sem vítima;704,5999755859375;BR-381/MG;Norte;Tombamento;1;1;;;;;1
31/08/2010;05:41:00;62;sem vítima;873,9000244140625;BR-381/MG;Sul;Tombamento;1;1;;;;;1
31/08/2010;00:03:00;2;sem vítima;886,2999877929688;BR-381/MG;Norte;Saida de Pista;1;1;;;;;1
31/08/2010;10:10:00;166;sem vítima;939,0999755859375;BR-381/MG;Norte;Colisão Traseira;1;2;;;;;1
01/09/2010;03:02:00;38;sem vítima;7,599999904632568;BR-381/SP;Sul;Colisão Frontal;1;2;;;;;1
01/09/2010;15:50:00;288;com vítima;30;BR-381/SP;Norte;Colisão Traseira;2;1;;1;;;2
01/09/2010;02:06:00;33;com vítima;69,80000305175781;BR-381/SP;Norte;Tombamento;1;0;1;;;;1
01/09/2010;08:40:00;116;sem vítima;507;BR-381/MG;Norte;Colisão Lateral;1;2;;;;;1
01/09/2010;01:50:00;29;sem vítima;515,0999755859375;BR-381/MG;Sul;Outros - Sequência;2;2;;;;;1
01/09/2010;05:58:00;57;sem vítima;586,5999755859375;BR-381/MG;Sul;Tombamento;1;1;;;;;1
01/09/2010;18:35:00;370;com vítima;630;BR-381/MG;Norte;Tombamento;1;0;;;1;;2
01/09/2010;13:18:00;227;sem vítima;678;BR-381/MG;Sul;Colisão Lateral;1;3;;;;;1
02/09/2010;08:02:00;101;sem vítima;61,400001525878906;BR-381/SP;Sul;Choque - Elemento de Drenagem;1;3;;;;;1
02/09/2010;15:47:00;309;sem vítima;484;BR-381/MG;Sul;Colisão Lateral;1;2;;;;;1
02/09/2010;04:11:00;37;sem vítima;606;BR-381/MG;Norte;Atropelamento de Animal;1;1;;;;;1
02/09/2010;19:57:00;406;sem vítima;654;BR-381/MG;Norte;Saida de Pista;1;1;;;;;1
02/09/2010;16:45:00;337;com vítima;874;BR-381/MG;Sul;Tombamento;1;0;;1;;;2
03/09/2010;23:06:00;572;sem vítima;7,5;BR-381/SP;Norte;Colisão Traseira;2;2;;;;;1
03/09/2010;11:11:00;216;sem vítima;10,5;BR-381/SP;Norte;Colisão Traseira;1;2;;;;;1
03/09/2010;19:10:00;468;sem vítima;492;BR-381/MG;Norte;Colisão Traseira;1;2;;;;;1
03/09/2010;14:37:00;304;sem vítima;526,9000244140625;BR-381/MG;Norte;Tombamento;1;1;;;;;1
03/09/2010;10:20:00;197;sem vítima;559;BR-381/MG;Norte;Tombamento;1;1;;;;;1
03/09/2010;02:20:00;38;sem vítima;653,5;BR-381/MG;Sul;Choque - Talude;1;1;;;;;1
03/09/2010;02:46:00;45;sem vítima;760,2999877929688;BR-381/MG;Norte;Colisão Traseira;2;2;;;;;1
04/09/2010;19:29:00;515;sem vítima;60;BR-381/SP;Norte;Colisão Lateral;1;2;;;;;1
04/09/2010;10:40:00;240;sem vítima;480;BR-381/MG;Norte;Colisão Lateral;1;2;;;;;1
04/09/2010;14:06:00;331;sem vítima;480;BR-381/MG;Norte;Choque - Defensa, barreira ou "submarino";1;2;;;;;1
04/09/2010;12:03:00;271;sem vítima;494;BR-381/MG;Sul;Colisão Traseira;1;2;;;;;1
04/09/2010;05:03:00;85;sem vítima;666,5;BR-381/MG;Norte;Choque - Elemento de Drenagem;1;1;;;;;1
04/09/2010;13:01:00;305;sem vítima;678;BR-381/MG;Sul;Colisão Traseira;1;4;;;;;1
04/09/2010;11:00:00;245;com vítima;686,7999877929688;BR-381/MG;Sul;Choque - Defensa, barreira ou "submarino";1;0;;1;;;2
04/09/2010;17:48:00;468;sem vítima;735,5;BR-381/MG;Norte;Choque - Defensa, barreira ou "submarino";1;1;;;;;1
04/09/2010;14:42:00;351;com vítima;757;BR-381/MG;Norte;Colisão Traseira;1;2;1;;;;1
04/09/2010;06:07:00;103;sem vítima;831;BR-381/MG;Norte;Colisão Traseira;1;3;;;;;1
05/09/2010;18:34:00;335;sem vítima;63;BR-381/SP;Norte;Colisão Traseira;1;3;;;;;1
05/09/2010;14:39:00;212;sem vítima;546;BR-381/MG;Sul;Colisão Traseira;2;3;;;;;1
05/09/2010;00:48:00;14;sem vítima;601;BR-381/MG;Norte;Choque - Defensa, barreira ou "submarino";1;2;;;;;1
06/09/2010;06:09:00;65;com vítima;622;BR-381/MG;Sul;Tombamento;1;0;1;;;;1
06/09/2010;13:04:00;198;sem vítima;766;BR-381/MG;Norte;Colisão Traseira;1;6;;;;;1
06/09/2010;22:53:00;380;sem vítima;864,2999877929688;BR-381/MG;Sul;Saida de Pista;1;2;;;;;1
07/09/2010;23:32:00;452;com vítima;648;BR-381/MG;Sul;Colisão Traseira;1;2;2;2;;;2
07/09/2010;13:35:00;211;sem vítima;849,9990234375;BR-381/MG;Sul;Colisão Lateral;1;4;;;;;1
07/09/2010;09:56:00;126;sem vítima;913;BR-381/MG;Sul;Outros - Sequência;2;3;;;;;1
07/09/2010;09:40:00;121;sem vítima;918,7999877929688;BR-381/MG;Norte;Colisão Traseira;1;2;;;;;1
07/09/2010;10:30:00;143;sem vítima;921;BR-381/MG;Sul;Outros - Sequência;1;5;;;;;1
07/09/2010;00:53:00;19;com vítima;923,5999755859375;BR-381/MG;Sul;Tombamento;1;0;1;;;;1
07/09/2010;15:42:00;259;sem vítima;934;BR-381/MG;Norte;Tombamento;1;1;;;;;1
08/09/2010;23:22:00;465;com vítima;34,5;BR-381/SP;Norte;Colisão Traseira;1;1;;2;;;2
08/09/2010;06:00:00;64;sem vítima;53;BR-381/SP;Sul;Colisão Traseira;2;2;;;;;1