data;horario;n_da_ocorrencia;tipo_de_ocorrencia;km;trecho;sentido;tipo_de_acidente;caminhao;ilesos;levemente_feridos;moderadamente_feridos;gravemente_feridos;mortos;3
08/09/2010;03:19:00;43;sem vítima;55,20000076293945;BR-381/SP;Sul;Colisão Traseira;1;2;;;;;1
08/09/2010;20:13:00;421;sem vítima;69,5;BR-381/SP;Norte;Choque - Defensa, barreira ou "submarino";1;1;;;;;1
08/09/2010;17:45:00;360;sem vítima;506;BR-381/MG;Sul;Colisão Traseira;1;2;;;;;1
08/09/2010;05:30:00;60;sem vítima;551;BR-381/MG;Sul;Choque - Elemento de Drenagem;1;1;;;;;1
08/09/2010;09:32:00;143;sem vítima;705,7999877929688;BR-381/MG;Norte;Outros - Sequência;1;1;;;;;1
08/09/2010;20:04:00;416;sem vítima;847;BR-381/MG;Sul;Outros - Sequência;1;1;;;;;1
08/09/2010;12:54:00;239;sem vítima;906,7000122070312;BR-381/MG;Norte;Colisão Traseira;1;2;;;;;1
09/09/2010;07:05:00;61;sem vítima;66,5;BR-381/SP;Sul;Colisão Lateral;1;2;;;;;1
09/09/2010;08:01:00;84;sem vítima;73;BR-381/SP;Sul;Outros - Sequência;1;4;;;;;1
09/09/2010;23:34:00;436;com vítima;504,20001220703125;BR-381/MG;Norte;Colisão Traseira;1;1;1;1;;;2
09/09/2010;15:08:00;264;com vítima;617;BR-381/MG;Sul;Choque - Defensa, barreira ou "submarino";1;0;1;;;;1
10/09/2010;10:40:00;178;com vítima;524;BR-381/MG;Sul;Colisão Lateral;1;2;1;;;;1
10/09/2010;13:18:00;239;com vítima;528,7999877929688;BR-381/MG;Norte;Engavetamento;2;3;1;;;;1
10/09/2010;04:10:00;47;sem vítima;683,75;BR-381/MG;Norte;Colisão Lateral;2;2;;;;;1
10/09/2010;03:45:00;41;sem vítima;683,7999877929688;BR-381/MG;Norte;Tombamento;1;1;;;;;1
10/09/2010;07:02:00;72;com vítima;790;BR-381/MG;Sul;Colisão Traseira;1;1;1;4;;4;3
10/09/2010;13:29:00;242;com vítima;946,5999755859375;BR-381/MG;Norte;Colisão Lateral;1;2;1;;;;1
11/09/2010;02:33:00;33;sem vítima;42,5;BR-381/SP;Norte;Atropelamento de Animal;1;1;;;;;1
11/09/2010;12:02:00;226;sem vítima;60;BR-381/SP;Norte;Colisão Lateral;1;2;;;;;1
11/09/2010;18:31:00;380;sem vítima;484,29998779296875;BR-381/MG;Norte;Colisão Traseira;1;2;;;;;1
11/09/2010;18:29:00;378;com vítima;497,54998779296875;BR-381/MG;Sul;Tombamento;1;0;;;1;;2
11/09/2010;10:33:00;197;sem vítima;498;BR-381/MG;Sul;Colisão Traseira;1;2;;;;;1
11/09/2010;21:07:00;437;sem vítima;855;BR-381/MG;Sul;Atropelamento de Animal;1;1;;;;;1
12/09/2010;21:57:00;407;sem vítima;3,4000000953674316;BR-381/SP;Norte;Colisão Lateral;1;5;;;;;1
12/09/2010;18:25:00;338;com vítima;497,70001220703125;BR-381/MG;Norte;Engavetamento;1;3;1;;;;1
12/09/2010;09:58:00;123;sem vítima;501,5;BR-381/MG;Norte;Colisão Lateral;1;2;;;;;1
12/09/2010;19:52:00;375;sem vítima;511,29998779296875;BR-381/MG;Norte;Colisão Traseira;1;2;;;;;1
12/09/2010;18:48:00;351;com vítima;525,5;BR-381/MG;Sul;Tombamento;1;0;;;;2;3
12/09/2010;02:24:00;35;sem vítima;578,0999755859375;BR-381/MG;Sul;Saida de Pista;1;1;;;;;1
12/09/2010;15:48:00;258;com vítima;907;BR-381/MG;Norte;Tombamento;1;0;;1;;;2
12/09/2010;17:27:00;307;sem vítima;907;BR-381/MG;Norte;Colisão Traseira;1;2;;;;;1
12/09/2010;14:07:00;209;sem vítima;922;BR-381/MG;Norte;Colisão Traseira;1;2;;;;;1
13/09/2010;11:57:00;206;sem vítima;66;BR-381/SP;Norte;Colisão Traseira;2;2;;;;;1
13/09/2010;16:52:00;333;sem vítima;483;BR-381/MG;Norte;Colisão Traseira;1;2;;;;;1
13/09/2010;20:35:00;414;sem vítima;558;BR-381/MG;Sul;Choque - Suporte de Sinalização;1;1;;;;;1
13/09/2010;13:26:00;234;sem vítima;646,9000244140625;BR-381/MG;Sul;Choque - Defensa, barreira ou "submarino";1;1;;;;;1
13/09/2010;07:32:00;95;sem vítima;944;BR-381/MG;Sul;Colisão Lateral;1;2;;;;;1
14/09/2010;22:08:00;420;sem vítima;28,200000762939453;BR-381/SP;Norte;Colisão Lateral;1;2;;;;;1
14/09/2010;23:05:00;438;sem vítima;29,600000381469727;BR-381/SP;Norte;Colisão Lateral;2;2;;;;;1
14/09/2010;12:56:00;228;sem vítima;33,099998474121094;BR-381/SP;Norte;Saida de Pista;1;1;;;;;1
14/09/2010;12:08:00;210;sem vítima;539;BR-381/MG;Sul;Colisão Lateral;1;3;;;;;1
14/09/2010;14:15:00;257;com vítima;852;BR-381/MG;Norte;Colisão Traseira;1;1;1;;;;1
14/09/2010;15:18:00;285;sem vítima;854,4000244140625;BR-381/MG;Norte;Colisão Traseira;2;2;;;;;1
14/09/2010;05:02:00;49;sem vítima;879,7999877929688;BR-381/MG;Norte;Tombamento;1;1;;;;;1
14/09/2010;20:29:00;398;com vítima;942;BR-381/MG;Norte;Outros - Sequência;1;0;;1;;;2
15/09/2010;07:37:00;115;sem vítima;58;BR-381/SP;Sul;Engavetamento;2;3;;;;;1
15/09/2010;02:23:00;34;sem vítima;58,099998474121094;BR-381/SP;Sul;Colisão Traseira;2;2;;;;;1
15/09/2010;09:52:00;179;sem vítima;66,5;BR-381/SP;Norte;Colisão Lateral;1;4;;;;;1
15/09/2010;13:45:00;279;sem vítima;66,5;BR-381/SP;Norte;Colisão Traseira;2;2;;;;;1
15/09/2010;18:18:00;442;sem vítima;479;BR-381/MG;Norte;Colisão Lateral;1;2;;;;;1
15/09/2010;19:01:00;410;sem vítima;479,3999938964844;BR-381/MG;Sul;Colisão Lateral;1;2;;;;;1
15/09/2010;09:28:00;170;sem vítima;503,79998779296875;BR-381/MG;Sul;Colisão Traseira;1;2;;;;;1
15/09/2010;23:41:00;496;sem vítima;537;BR-381/MG;Sul;Colisão Traseira;1;2;;;;;1
15/09/2010;20:33:00;440;sem vítima;567,2999877929688;BR-381/MG;Sul;Colisão Lateral;1;2;;;;;1
15/09/2010;23:41:00;495;sem vítima;589,2999877929688;BR-381/MG;Norte;Choque - Elemento de Drenagem;1;1;;;;;1
15/09/2010;06:28:00;84;sem vítima;639,4000244140625;BR-381/MG;Norte;Choque - Elemento de Drenagem;1;1;;;;;1
15/09/2010;00:43:00;13;sem vítima;733,7999877929688;BR-381/MG;Sul;Outros - Sequência;2;2;;;;;1
16/09/2010;12:37:00;252;sem vítima;10;BR-381/SP;Sul;Colisão Frontal;1;3;;;;;1
16/09/2010;07:53:00;117;sem vítima;66,69999694824219;BR-381/SP;Sul;Colisão Traseira;1;2;;;;;1
16/09/2010;01:05:00;30;sem vítima;78,69999694824219;BR-381/SP;Sul;Choque - Defensa, barreira ou "submarino";1;1;;;;;1
16/09/2010;07:40:00;115;sem vítima;90;BR-381/SP;Norte;Colisão Traseira;1;2;;;;;1
16/09/2010;10:25:00;199;sem vítima;502;BR-381/MG;Sul;Colisão Traseira;2;2;;;;;1
16/09/2010;17:12:00;389;sem vítima;516;BR-381/MG;Sul;Colisão Traseira;2;2;;;;;1
16/09/2010;21:20:00;491;sem vítima;655,0999755859375;BR-381/MG;Sul;Choque - Elemento de Drenagem;1;1;;;;;1
17/09/2010;10:19:00;202;sem vítima;39;BR-381/SP;Sul;Colisão Lateral;1;2;;;;;1
17/09/2010;04:54:00;57;sem vítima;59;BR-381/SP;Sul;Colisão Lateral;2;2;;;;;1
17/09/2010;23:56:00;557;sem vítima;72;BR-381/SP;Sul;Outros - Sequência;1;4;;;;;1
17/09/2010;23:29:00;548;com vítima;74,69999694824219;BR-381/SP;Norte;Tombamento;1;1;;1;;;2
17/09/2010;15:48:00;356;sem vítima;480,29998779296875;BR-381/MG;Sul;Colisão Lateral;1;2;;;;;1
17/09/2010;00:52:00;19;com vítima;502,1000061035156;BR-381/MG;Norte;Saida de Pista;1;0;1;;;;1
17/09/2010;20:05:00;490;sem vítima;686;BR-381/MG;Sul;Choque - Defensa, barreira ou "submarino";1;1;;;;;1
17/09/2010;01:38:00;30;sem vítima;715;BR-381/MG;Norte;Choque - Defensa, barreira ou "submarino";1;1;;;;;1
17/09/2010;01:13:00;24;sem vítima;715,2999877929688;BR-381/MG;Sul;Choque - Defensa, barreira ou "submarino";1;1;;;;;1
17/09/2010;08:36:00;140;sem vítima;735;BR-381/MG;Sul;Colisão Traseira;2;2;;;;;1
17/09/2010;16:23:00;375;sem vítima;749,2999877929688;BR-381/MG;Norte;Colisão Lateral;1;3;;;;;1
17/09/2010;17:04:00;402;sem vítima;854,7999877929688;BR-381/MG;Norte;Outros - Sequência;1;3;;;;;1
17/09/2010;21:28:00;523;sem vítima;878;BR-381/MG;Norte;Colisão Lateral;1;2;;;;;1
18/09/2010;11:07:00;182;sem vítima;0,30000001192092896;BR-381/SP;Sul;Colisão Traseira;1;2;;;;;1
18/09/2010;11:22:00;191;sem vítima;31;BR-381/SP;Norte;Colisão Traseira;1;2;;;;;1
18/09/2010;19:02:00;393;com vítima;40;BR-381/SP;Sul;Outros - Sequência;1;2;1;;;;1
18/09/2010;07:41:00;95;sem vítima;66,5;BR-381/SP;Sul;Colisão Traseira;1;2;;;;;1
18/09/2010;12:01:00;224;sem vítima;496;BR-381/MG;Sul;Colisão Lateral;1;2;;;;;1
18/09/2010;23:31:00;463;sem vítima;634,4000244140625;BR-381/MG;Sul;Atropelamento de Animal;1;2;;;;;1
18/09/2010;13:04:00;231;sem vítima;658,25;BR-381/MG;Norte;Colisão Traseira;1;3;;;;;1
18/09/2010;03:46:00;36;com vítima;755;BR-381/MG;Sul;Tombamento;1;1;1;;;;1
18/09/2010;00:38:00;13;sem vítima;907;BR-381/MG;Sul;Colisão Lateral;2;2;;;;;1
19/09/2010;10:08:00;129;com vítima;540;BR-381/MG;Sul;Colisão Traseira;1;1;;2;;;2
19/09/2010;08:10:00;82;sem vítima;935,0999755859375;BR-381/MG;Norte;Choque - Elemento de Drenagem;1;1;;;;;1
20/09/2010;18:53:00;372;sem vítima;20;BR-381/SP;Sul;Colisão Transversal;1;2;;;;;1
20/09/2010;07:48:00;80;com vítima;50;BR-381/SP;Norte;Colisão Traseira;1;1;2;;;;1
20/09/2010;06:40:00;56;sem vítima;480;BR-381/MG;Norte;Choque - Objeto sobre a pista;1;3;;;;;1
20/09/2010;09:46:00;134;sem vítima;481;BR-381/MG;Norte;Colisão Traseira;1;2;;;;;1
20/09/2010;18:41:00;368;com vítima;487,5;BR-381/MG;Norte;Engavetamento;1;4;1;;;;1
20/09/2010;15:36:00;272;sem vítima;936;BR-381/MG;Sul;Choque - Defensa, barreira ou "submarino";1;1;;;;;1
21/09/2010;23:00:00;480;sem vítima;899,9000244140625;BR-381/MG;Sul;Atropelamento de Animal;1;1;;;;;1
21/09/2010;23:16:00;481;sem vítima;899,9000244140625;BR-381/MG;Norte;Atropelamento de Animal;1;2;;;;;1
21/09/2010;20:32:00;434;sem vítima;916,2999877929688;BR-381/MG;Norte;Tombamento;1;1;;;;;1
21/09/2010;21:08:00;445;sem vítima;945,7000122070312;BR-381/MG;Sul;Choque - Talude;1;1;;;;;1
22/09/2010;18:49:00;409;com vítima;18;BR-381/SP;Norte;Colisão Traseira;1;2;1;;;;1
22/09/2010;17:19:00;372;com vítima;525,0999755859375;BR-381/MG;Sul;Outros - Sequência;3;1;2;;;;1
22/09/2010;00:09:00;3;sem vítima;625;BR-381/MG;Sul;Colisão Traseira;2;2;;;;;1
23/09/2010;13:55:00;291;com vítima;68;BR-381/SP;Norte;Outros - Sequência;2;0;2;;;1;3
23/09/2010;13:10:00;268;com vítima;86;BR-381/SP;Sul;Outros - Sequência;1;1;1;;;;1
23/09/2010;10:45:00;202;sem vítima;519;BR-381/MG;Norte;Colisão Lateral;1;3;;;;;1
23/09/2010;14:08:00;295;sem vítima;529;BR-381/MG;Norte;Colisão Lateral;2;2;;;;;1
23/09/2010;05:09:00;62;com vítima;591,4000244140625;BR-381/MG;Norte;Tombamento;1;0;1;;;;1
23/09/2010;07:50:00;114;sem vítima;876;BR-381/MG;Norte;Choque - Defensa, barreira ou "submarino";1;1;;;;;1
23/09/2010;05:14:00;63;sem vítima;928,0999755859375;BR-381/MG;Sul;Atropelamento de Animal;1;1;;;;;1
24/09/2010;10:56:00;211;sem vítima;60,5;BR-381/SP;Norte;Engavetamento;3;4;;;;;1
24/09/2010;18:39:00;392;sem vítima;64;BR-381/SP;Norte;Choque - Defensa, barreira ou "submarino";1;1;;;;;1
24/09/2010;07:23:00;94;sem vítima;486,5;BR-381/MG;Norte;Colisão Lateral;1;2;;;;;1
24/09/2010;22:51:00;489;sem vítima;520,2999877929688;BR-381/MG;Sul;Colisão Lateral;1;2;;;;;1
24/09/2010;02:36:00;32;sem vítima;737,7999877929688;BR-381/MG;Norte;Colisão Traseira;2;2;;;;;1
24/09/2010;04:29:00;59;sem vítima;757;BR-381/MG;Sul;Colisão Traseira;2;2;;;;;1
24/09/2010;18:29:00;389;sem vítima;762,2999877929688;BR-381/MG;Sul;Colisão Traseira;1;2;;;;;1
24/09/2010;04:16:00;56;sem vítima;848;BR-381/MG;Sul;Atropelamento de Animal;1;1;;;;;1
24/09/2010;20:54:00;444;com vítima;888;BR-381/MG;Norte;Outros - Sequência;1;2;2;2;;;2
24/09/2010;15:42:00;313;sem vítima;925,0999755859375;BR-381/MG;Norte;Saida de Pista;1;1;;;;;1
25/09/2010;22:00:00;445;sem vítima;853,7000122070312;BR-381/MG;Norte;Colisão Lateral;1;3;;;;;1
25/09/2010;03:22:00;34;sem vítima;884;BR-381/MG;Norte;Tombamento;1;1;;;;;1
25/09/2010;12:35:00;233;sem vítima;937;BR-381/MG;Norte;Colisão Lateral;1;2;;;;;1
26/09/2010;11:46:00;168;sem vítima;55,5;BR-381/SP;Sul;Colisão Traseira;1;2;;;;;1
26/09/2010;23:51:00;480;sem vítima;484,29998779296875;BR-381/MG;Sul;Colisão Traseira;1;2;;;;;1
26/09/2010;02:13:00;25;sem vítima;546;BR-381/MG;Sul;Choque - Outros;1;1;;;;;1
26/09/2010;20:17:00;402;com vítima;644;BR-381/MG;Sul;Outros - Sequência;1;4;1;;;;1
26/09/2010;19:42:00;380;sem vítima;671,7999877929688;BR-381/MG;Norte;Saida de Pista;1;1;;;;;1
26/09/2010;09:03:00;108;sem vítima;735,5;BR-381/MG;Sul;Choque - Defensa, barreira ou "submarino";1;1;;;;;1
26/09/2010;15:49:00;261;sem vítima;810;BR-381/MG;Norte;Tombamento;1;2;;;;;1
26/09/2010;17:28:00;314;com vítima;832,5999755859375;BR-381/MG;Norte;Tombamento;1;0;1;;;;1
26/09/2010;08:42:00;103;sem vítima;923;BR-381/MG;Norte;Saida de Pista;1;1;;;;;1
26/09/2010;23:56:00;482;sem vítima;945;BR-381/MG;Sul;Colisão Traseira;1;2;;;;;1
26/09/2010;07:35:00;77;sem vítima;946,0999755859375;BR-381/MG;Sul;Choque - Defensa, barreira ou "submarino";1;1;;;;;1
27/09/2010;23:19:00;474;sem vítima;22,700000762939453;BR-381/SP;Norte;Colisão Traseira;1;2;;;;;1
27/09/2010;05:55:00;64;sem vítima;49;BR-381/SP;Sul;Colisão Traseira;2;2;;;;;1
27/09/2010;21:12:00;441;com vítima;494;BR-381/MG;Sul;Tombamento;1;1;1;;;;1
27/09/2010;22:09:00;459;com vítima;540;BR-381/MG;Sul;Colisão Traseira;2;0;1;;;1;3
27/09/2010;21:36:00;449;sem vítima;603,9000244140625;BR-381/MG;Sul;Tombamento;1;2;;;;;1
27/09/2010;21:42:00;453;sem vítima;621,2000122070312;BR-381/MG;Sul;Saida de Pista;1;1;;;;;1
27/09/2010;01:30:00;17;com vítima;665,9000244140625;BR-381/MG;Sul;Tombamento;1;0;1;;;;1
27/09/2010;10:54:00;192;sem vítima;756;BR-381/MG;Norte;Colisão Traseira;1;2;;;;;1
27/09/2010;00:15:00;5;com vítima;762,5;BR-381/MG;Sul;Tombamento;1;0;;;;1;3
27/09/2010;12:22:00;229;sem vítima;818;BR-381/MG;Sul;Tombamento;1;1;;;;;1
27/09/2010;03:26:00;34;sem vítima;864,0999755859375;BR-381/MG;Sul;Tombamento;1;1;;;;;1
28/09/2010;08:41:00;99;sem vítima;483,5;BR-381/MG;Sul;Saida de Pista;1;1;;;;;1
28/09/2010;11:38:00;170;sem vítima;488;BR-381/MG;Norte;Choque - Elemento de Drenagem;1;1;;;;;1
28/09/2010;08:48:00;103;sem vítima;497;BR-381/MG;Sul;Choque - Defensa, barreira ou "submarino";1;1;;;;;1
28/09/2010;12:28:00;188;sem vítima;563,7000122070312;BR-381/MG;Norte;Outros - Sequência;1;1;;;;;1
28/09/2010;22:00:00;423;sem vítima;686,4000244140625;BR-381/MG;Norte;Tombamento;1;1;;;;;1
28/09/2010;14:59:00;245;sem vítima;705,5;BR-381/MG;Sul;Colisão Lateral;1;2;;;;;1
28/09/2010;19:10:00;376;sem vítima;805,2000122070312;BR-381/MG;Sul;Choque - Defensa, barreira ou "submarino";1;1;;;;;1
29/09/2010;10:35:00;204;sem vítima;64;BR-381/SP;Norte;Engavetamento;2;3;;;;;1
29/09/2010;21:14:00;448;com vítima;483;BR-381/MG;Sul;Engavetamento;1;7;1;;;;1
29/09/2010;10:39:00;208;sem vítima;526,2999877929688;BR-381/MG;Sul;Tombamento;1;1;;;;;1
29/09/2010;22:52:00;473;sem vítima;646,2999877929688;BR-381/MG;Sul;Saida de Pista;1;1;;;;;1
29/09/2010;13:47:00;257;com vítima;779,2999877929688;BR-381/MG;Norte;Tombamento;1;0;1;;;;1
29/09/2010;09:00:00;146;com vítima;853,7999877929688;BR-381/MG;Norte;Colisão Traseira;1;1;1;;;;1
30/09/2010;11:37:00;255;sem vítima;587;BR-381/MG;Norte;Colisão Lateral;1;2;;;;;1
30/09/2010;12:49:00;279;com vítima;642,5;BR-381/MG;Norte;Choque - Talude;1;0;;1;;;2
30/09/2010;09:24:00;170;sem vítima;690,5;BR-381/MG;Norte;Colisão Traseira;1;2;;;;;1
01/10/2010;06:05:00;74;com vítima;69,5999984741211;BR-381/SP;Norte;Tombamento;1;0;3;;;;1
01/10/2010;06:53:00;85;sem vítima;69,80000305175781;BR-381/SP;Norte;Saida de Pista;1;1;;;;;1
01/10/2010;04:51:00;54;sem vítima;550,2999877929688;BR-381/MG;Norte;Choque - Elemento de Drenagem;1;2;;;;;1
01/10/2010;05:43:00;68;sem vítima;580;BR-381/MG;Sul;Colisão Traseira;1;3;;;;;1
01/10/2010;19:32:00;442;com vítima;737;BR-381/MG;Sul;Colisão Traseira;1;1;2;;;;1
01/10/2010;19:56:00;450;sem vítima;737;BR-381/MG;Sul;Saida de Pista;1;1;;;;;1
01/10/2010;08:10:00;125;com vítima;907,4000244140625;BR-381/MG;Norte;Tombamento;1;0;1;;;;1
01/10/2010;21:17:00;476;sem vítima;910;BR-381/MG;Norte;Colisão Traseira;2;2;;;;;1
01/10/2010;14:10:00;298;sem vítima;925;BR-381/MG;Sul;Outros - Sequência;1;2;;;;;1
01/10/2010;15:04:00;319;com vítima;945,5;BR-381/MG;Norte;Choque - Defensa, barreira ou "submarino";1;0;1;;;;1
02/10/2010;12:53:00;252;com vítima;74,80000305175781;BR-381/SP;Norte;Tombamento;1;0;1;;;;1
02/10/2010;01:04:00;18;sem vítima;527;BR-381/MG;Norte;Tombamento;1;1;;;;;1
02/10/2010;02:01:00;39;sem vítima;604,5;BR-381/MG;Sul;Atropelamento de Animal;1;1;;;;;1
02/10/2010;03:38:00;60;sem vítima;618;BR-381/MG;Sul;Colisão Traseira;2;2;;;;;1
02/10/2010;15:19:00;301;sem vítima;786,7999877929688;BR-381/MG;Norte;Atropelamento de Animal;1;1;;;;;1
02/10/2010;06:59:00;104;sem vítima;923,5999755859375;BR-381/MG;Sul;Tombamento;1;1;;;;;1
03/10/2010;16:15:00;247;sem vítima;760,2999877929688;BR-381/MG;Norte;Colisão Lateral;1;2;;;;;1
03/10/2010;10:17:00;162;sem vítima;936,2999877929688;BR-381/MG;Sul;Colisão Lateral;1;2;;;;;1
04/10/2010;02:42:00;31;sem vítima;67;BR-381/SP;Sul;Atropelamento de Animal;1;1;;;;;1
04/10/2010;10:02:00;156;sem vítima;498;BR-381/MG;Norte;Choque - Poste;1;1;;;;;1
04/10/2010;01:36:00;24;sem vítima;523,9000244140625;BR-381/MG;Norte;Colisão Lateral;2;2;;;;;1
04/10/2010;03:07:00;36;sem vítima;702,5999755859375;BR-381/MG;Sul;Tombamento;1;1;;;;;1
04/10/2010;12:54:00;229;com vítima;850,5;BR-381/MG;Sul;Colisão Traseira;1;1;1;1;;;2
04/10/2010;20:17:00;420;sem vítima;857;BR-381/MG;Sul;Colisão Lateral;2;2;;;;;1
04/10/2010;10:16:00;161;sem vítima;872;BR-381/MG;Sul;Colisão Lateral;1;2;;;;;1
04/10/2010;07:45:00;87;com vítima;872,2000122070312;BR-381/MG;Sul;Tombamento;1;0;;1;;;2
04/10/2010;21:27:00;443;sem vítima;928,4000244140625;BR-381/MG;Norte;Atropelamento de Animal;1;1;;;;;1
05/10/2010;22:38:00;482;sem vítima;7,5;BR-381/SP;Norte;Choque - Defensa, barreira ou "submarino";1;1;;;;;1
05/10/2010;22:26:00;480;sem vítima;493,79998779296875;BR-381/MG;Norte;Colisão Lateral;1;2;;;;;1
05/10/2010;11:42:00;255;sem vítima;524;BR-381/MG;Sul;Colisão Traseira;1;2;;;;;1
05/10/2010;06:20:00;66;com vítima;631,5;BR-381/MG;Norte;Tombamento;1;0;1;;;;1
05/10/2010;04:51:00;47;sem vítima;679;BR-381/MG;Norte;Colisão Traseira;2;2;;;;;1
05/10/2010;18:11:00;403;sem vítima;891;BR-381/MG;Norte;Colisão Lateral;2;5;;;;;1
06/10/2010;21:22:00;423;sem vítima;82;BR-381/SP;Sul;Colisão Lateral;1;2;;;;;1
06/10/2010;17:16:00;328;sem vítima;489;BR-381/MG;Norte;Colisão Lateral;1;2;;;;;1
06/10/2010;11:49:00;203;com vítima;525,2999877929688;BR-381/MG;Sul;Engavetamento;2;1;3;1;;;2
06/10/2010;22:32:00;447;sem vítima;664,7000122070312;BR-381/MG;Sul;Colisão Traseira;1;2;;;;;1
06/10/2010;22:32:00;449;sem vítima;715;BR-381/MG;Norte;Saida de Pista;1;2;;;;;1
06/10/2010;00:14:00;4;sem vítima;715,7999877929688;BR-381/MG;Sul;Colisão Lateral;2;2;;;;;1
06/10/2010;05:05:00;45;com vítima;907,2999877929688;BR-381/MG;Norte;Tombamento;1;0;1;;;;1
06/10/2010;01:42:00;24;sem vítima;942;BR-381/MG;Sul;Colisão Traseira;2;2;;;;;1
07/10/2010;09:45:00;155;sem vítima;44;BR-381/SP;Sul;Colisão Traseira;1;2;;;;;1
07/10/2010;21:22:00;448;sem vítima;73;BR-381/SP;Sul;Saida de Pista;1;1;;;;;1
07/10/2010;08:36:00;122;com vítima;497,1000061035156;BR-381/MG;Norte;Colisão Lateral;1;3;1;;;;1
07/10/2010;07:42:00;92;com vítima;512,7000122070312;BR-381/MG;Norte;Tombamento;1;0;1;;;;1
07/10/2010;22:51:00;472;sem vítima;750;BR-381/MG;Sul;Outros;1;1;;;;;1
07/10/2010;19:55:00;426;sem vítima;758,2999877929688;BR-381/MG;Sul;Outros - Sequência;1;1;;;;;1
07/10/2010;02:56:00;22;com vítima;777;BR-381/MG;Sul;Choque - Defensa, barreira ou "submarino";1;0;4;1;;;2
08/10/2010;06:54:00;93;com vítima;7,900000095367432;BR-381/SP;Norte;Choque - Defensa, barreira ou "submarino";1;1;1;;;;1
08/10/2010;09:57:00;189;sem vítima;486;BR-381/MG;Sul;Colisão Lateral;1;2;;;;;1
08/10/2010;06:29:00;85;sem vítima;496;BR-381/MG;Norte;Colisão Traseira;1;2;;;;;1
08/10/2010;04:20:00;62;sem vítima;537,5;BR-381/MG;Norte;Choque - Outros;2;4;;;;;1
08/10/2010;02:05:00;24;sem vítima;582;BR-381/MG;Sul;Saida de Pista;1;1;;;;;1
08/10/2010;16:43:00;380;sem vítima;597,7000122070312;BR-381/MG;Norte;Colisão Traseira;1;4;;;;;1
08/10/2010;01:26:00;17;sem vítima;640,0999755859375;BR-381/MG;Norte;Tombamento;1;1;;;;;1
08/10/2010;00:23:00;4;com vítima;831;BR-381/MG;Sul;Colisão Traseira;2;0;3;;;;1
08/10/2010;17:05:00;392;sem vítima;859;BR-381/MG;Sul;Capotamento;1;1;;;;;1
09/10/2010;18:42:00;473;sem vítima;20;BR-381/SP;Sul;Outros - Sequência;1;2;;;;;1
09/10/2010;19:16:00;489;com vítima;68;BR-381/SP;Norte;Tombamento;1;0;1;;;;1
09/10/2010;19:09:00;481;sem vítima;80;BR-381/SP;Norte;Colisão Lateral;1;2;;;;;1
09/10/2010;07:45:00;141;sem vítima;479;BR-381/MG;Sul;Colisão Lateral;1;2;;;;;1
09/10/2010;06:18:00;97;sem vítima;546;BR-381/MG;Norte;Choque - Defensa, barreira ou "submarino";1;1;;;;;1
09/10/2010;14:54:00;347;sem vítima;567,4000244140625;BR-381/MG;Norte;Saida de Pista;1;1;;;;;1
09/10/2010;02:05:00;40;sem vítima;641,2000122070312;BR-381/MG;Sul;Colisão Lateral;2;2;;;;;1
09/10/2010;15:14:00;364;com vítima;741;BR-381/MG;Sul;Choque - Elemento de Drenagem;1;0;;2;;;2
10/10/2010;06:47:00;67;com vítima;493;BR-381/MG;Sul;Atropelamento - Morador;1;1;1;;;;1
10/10/2010;06:56:00;69;sem vítima;707;BR-381/MG;Norte;Choque - Defensa, barreira ou "submarino";1;1;;;;;1
11/10/2010;17:35:00;344;com vítima;76,19999694824219;BR-381/SP;Sul;Tombamento;1;0;1;;;;1
11/10/2010;01:14:00;16;sem vítima;560,2999877929688;BR-381/MG;Sul;Colisão Traseira;2;2;;;;;1
11/10/2010;05:03:00;47;com vítima;740,2000122070312;BR-381/MG;Norte;Outros - Sequência;2;1;1;;;;1
11/10/2010;09:08:00;156;com vítima;854;BR-381/MG;Sul;Tombamento;1;0;2;;;;1
11/10/2010;17:11:00;330;sem vítima;889;BR-381/MG;Norte;Colisão Lateral;1;2;;;;;1
11/10/2010;19:38:00;381;sem vítima;901;BR-381/MG;Norte;Colisão Traseira;2;2;;;;;1
12/10/2010;05:55:00;64;com vítima;720,5;BR-381/MG;Norte;Tombamento;1;0;;1;;;2
12/10/2010;05:33:00;57;com vítima;836;BR-381/MG;Sul;Colisão Traseira;1;1;;1;;;2
13/10/2010;12:15:00;205;com vítima;44;BR-381/SP;Sul;Outros - Sequência;1;1;2;;;;1
13/10/2010;13:50:00;233;sem vítima;477,20001220703125;BR-381/MG;Norte;Colisão Traseira;2;2;;;;;1
13/10/2010;19:29:00;411;sem vítima;481;BR-381/MG;Sul;Colisão Traseira;1;2;;;;;1
13/10/2010;07:27:00;86;sem vítima;524;BR-381/MG;Sul;Tombamento;1;3;;;;;1