data;horario;n_da_ocorrencia;tipo_de_ocorrencia;km;trecho;sentido;tipo_de_acidente;caminhao;ilesos;levemente_feridos;moderadamente_feridos;gravemente_feridos;mortos;3
13/10/2010;03:13:00;28;sem vítima;817,4000244140625;BR-381/MG;Sul;Colisão Traseira;2;3;;;;;1
13/10/2010;03:00:00;26;sem vítima;856;BR-381/MG;Norte;Atropelamento de Animal;1;1;;;;;1
13/10/2010;03:26:00;32;sem vítima;856;BR-381/MG;Sul;Atropelamento de Animal;1;1;;;;;1
14/10/2010;13:33:00;239;sem vítima;478,3999938964844;BR-381/MG;Norte;Colisão Lateral;1;2;;;;;1
14/10/2010;09:51:00;146;sem vítima;491,29998779296875;BR-381/MG;Norte;Outros - Sequência;1;3;;;;;1
14/10/2010;07:02:00;75;com vítima;548,0999755859375;BR-381/MG;Norte;Tombamento;1;0;1;;;;1
14/10/2010;02:43:00;22;sem vítima;739;BR-381/MG;Norte;Choque - Elemento de Drenagem;1;1;;;;;1
14/10/2010;03:58:00;35;sem vítima;805;BR-381/MG;Norte;Choque - Outros;1;1;;;;;1
14/10/2010;21:29:00;435;com vítima;852,2999877929688;BR-381/MG;Norte;Tombamento;1;0;1;;;;1
15/10/2010;17:05:00;334;com vítima;70;BR-381/SP;Norte;Tombamento;1;0;;;;1;3
15/10/2010;02:57:00;42;sem vítima;520,7999877929688;BR-381/MG;Sul;Colisão Traseira;2;2;;;;;1
15/10/2010;02:58:00;43;com vítima;525,7999877929688;BR-381/MG;Sul;Tombamento;1;0;1;;;;1
15/10/2010;18:34:00;379;com vítima;635,9500122070312;BR-381/MG;Norte;Tombamento;1;0;1;;;;1
15/10/2010;11:04:00;193;com vítima;736,7999877929688;BR-381/MG;Norte;Colisão Traseira;1;1;1;;;;1
15/10/2010;05:06:00;58;sem vítima;796;BR-381/MG;Norte;Tombamento;1;1;;;;;1
15/10/2010;05:33:00;65;com vítima;879,7000122070312;BR-381/MG;Sul;Colisão Traseira;2;1;1;;;;1
15/10/2010;22:43:00;464;sem vítima;892,4000244140625;BR-381/MG;Sul;Colisão Traseira;2;2;;;;;1
15/10/2010;04:32:00;52;sem vítima;942;BR-381/MG;Sul;Colisão Traseira;2;2;;;;;1
16/10/2010;20:53:00;415;sem vítima;486,5;BR-381/MG;Sul;Colisão Lateral;1;2;;;;;1
16/10/2010;09:24:00;157;sem vítima;487,5;BR-381/MG;Norte;Engavetamento;2;4;;;;;1
16/10/2010;17:28:00;334;sem vítima;524,4000244140625;BR-381/MG;Sul;Choque - Defensa, barreira ou "submarino";1;2;;;;;1
16/10/2010;14:20:00;260;sem vítima;548;BR-381/MG;Sul;Colisão Lateral;1;2;;;;;1
16/10/2010;15:15:00;285;com vítima;618;BR-381/MG;Norte;Choque - Defensa, barreira ou "submarino";1;0;2;;;;1
16/10/2010;13:42:00;249;com vítima;646,2000122070312;BR-381/MG;Sul;Choque - Suporte de Sinalização;1;0;1;;;;1
16/10/2010;19:35:00;391;sem vítima;822,5;BR-381/MG;Norte;Saida de Pista;1;1;;;;;1
17/10/2010;20:40:00;386;com vítima;664,7000122070312;BR-381/MG;Sul;Colisão Traseira;1;2;1;;;;1
17/10/2010;16:34:00;250;com vítima;728,7999877929688;BR-381/MG;Norte;Outros - Sequência;1;1;4;;;;1
17/10/2010;15:18:00;223;sem vítima;788;BR-381/MG;Sul;Tombamento;1;1;;;;;1
17/10/2010;19:36:00;335;sem vítima;802,7000122070312;BR-381/MG;Norte;Colisão Lateral;1;2;;;;;1
17/10/2010;16:05:00;238;sem vítima;886;BR-381/MG;Norte;Outros;1;1;;;;;1
17/10/2010;18:56:00;315;sem vítima;907,5;BR-381/MG;Norte;Tombamento;1;1;;;;;1
18/10/2010;17:25:00;333;sem vítima;14;BR-381/SP;Norte;Colisão Lateral;1;2;;;;;1
18/10/2010;07:45:00;108;sem vítima;478;BR-381/MG;Norte;Colisão Lateral;1;2;;;;;1
18/10/2010;15:50:00;297;sem vítima;568,2000122070312;BR-381/MG;Norte;Tombamento;1;3;;;;;1
18/10/2010;04:37:00;58;sem vítima;572;BR-381/MG;Norte;Tombamento;1;1;;;;;1
18/10/2010;11:22:00;196;com vítima;598;BR-381/MG;Sul;Colisão Traseira;1;1;3;;;;1
18/10/2010;12:50:00;232;sem vítima;635,9000244140625;BR-381/MG;Norte;Saida de Pista;1;1;;;;;1
18/10/2010;07:51:00;110;sem vítima;690;BR-381/MG;Norte;Colisão Lateral;2;2;;;;;1
18/10/2010;06:15:00;78;sem vítima;726;BR-381/MG;Norte;Choque - Elemento de Drenagem;1;1;;;;;1
18/10/2010;15:37:00;290;com vítima;829,5;BR-381/MG;Norte;Tombamento;1;0;1;;;;1
18/10/2010;08:33:00;125;sem vítima;907,2000122070312;BR-381/MG;Norte;Choque - Defensa, barreira ou "submarino";1;1;;;;;1
18/10/2010;06:53:00;86;sem vítima;908;BR-381/MG;Norte;Choque - Defensa, barreira ou "submarino";1;1;;;;;1
19/10/2010;08:41:00;111;sem vítima;0,30000001192092896;BR-381/SP;Sul;Colisão Traseira;2;2;;;;;1
19/10/2010;17:39:00;335;com vítima;22;BR-381/SP;Sul;Colisão Traseira;1;1;1;;;;1
19/10/2010;13:53:00;238;sem vítima;39,79999923706055;BR-381/SP;Norte;Outros - Sequência;1;2;;;;;1
19/10/2010;22:58:00;458;sem vítima;66;BR-381/SP;Norte;Colisão Traseira;1;2;;;;;1
19/10/2010;17:50:00;343;sem vítima;479,79998779296875;BR-381/MG;Sul;Engavetamento;1;5;;;;;1
19/10/2010;17:53:00;344;sem vítima;479,79998779296875;BR-381/MG;Norte;Engavetamento;2;3;;;;;1
19/10/2010;10:49:00;173;com vítima;525;BR-381/MG;Sul;Tombamento;1;0;;;;1;3
19/10/2010;21:18:00;433;sem vítima;624;BR-381/MG;Sul;Colisão Traseira;2;2;;;;;1
20/10/2010;16:26:00;307;com vítima;58,70000076293945;BR-381/SP;Sul;Colisão Traseira;1;1;1;;;;1
20/10/2010;12:42:00;219;sem vítima;552;BR-381/MG;Sul;Choque - Defensa, barreira ou "submarino";1;1;;;;;1
20/10/2010;01:39:00;19;com vítima;682,5999755859375;BR-381/MG;Sul;Tombamento;1;0;;1;;;2
20/10/2010;22:45:00;444;com vítima;689,2000122070312;BR-381/MG;Norte;Tombamento;1;0;1;;;;1
20/10/2010;11:55:00;199;sem vítima;734,5;BR-381/MG;Norte;Colisão Lateral;1;2;;;;;1
20/10/2010;01:31:00;20;sem vítima;856;BR-381/MG;Sul;Colisão Traseira;2;3;;;;;1
20/10/2010;07:33:00;75;com vítima;906,5999755859375;BR-381/MG;Sul;Tombamento;1;0;1;;;;1
20/10/2010;10:27:00;169;com vítima;925,5;BR-381/MG;Norte;Tombamento;1;0;1;;;;1
21/10/2010;07:30:00;88;sem vítima;503,5;BR-381/MG;Norte;Colisão Lateral;1;2;;;;;1
21/10/2010;08:36:00;116;com vítima;636;BR-381/MG;Norte;Tombamento;1;0;1;;;;1
21/10/2010;05:44:00;56;com vítima;756;BR-381/MG;Norte;Colisão Traseira;2;0;2;;;;1
21/10/2010;14:50:00;277;com vítima;901;BR-381/MG;Sul;Outros - Sequência;1;5;1;;;;1
22/10/2010;16:40:00;329;sem vítima;63,5;BR-381/SP;Norte;Engavetamento;1;5;;;;;1
22/10/2010;05:16:00;57;sem vítima;69;BR-381/SP;Sul;Colisão Traseira;2;2;;;;;1
22/10/2010;07:19:00;84;com vítima;478;BR-381/MG;Norte;Colisão Lateral;1;2;1;;;;1
22/10/2010;21:51:00;487;com vítima;490;BR-381/MG;Sul;Colisão Traseira;1;2;1;;;;1
22/10/2010;17:08:00;346;sem vítima;491,79998779296875;BR-381/MG;Norte;Colisão Lateral;1;2;;;;;1
22/10/2010;00:54:00;14;com vítima;540;BR-381/MG;Norte;Tombamento;1;0;1;;;;1
22/10/2010;03:27:00;38;sem vítima;640,0999755859375;BR-381/MG;Sul;Outros - Sequência;1;2;;;;;1
22/10/2010;01:04:00;16;sem vítima;750;BR-381/MG;Norte;Choque - Defensa, barreira ou "submarino";1;1;;;;;1
22/10/2010;20:52:00;459;sem vítima;760,2999877929688;BR-381/MG;Norte;Choque - Talude;1;1;;;;;1
22/10/2010;06:50:00;69;sem vítima;934;BR-381/MG;Norte;Outros - Sequência;1;1;;;;;1
23/10/2010;12:33:00;222;sem vítima;7,5;BR-381/SP;Norte;Colisão Traseira;2;2;;;;;1
23/10/2010;05:58:00;70;com vítima;24;BR-381/SP;Norte;Colisão Traseira;1;1;1;2;;;2
23/10/2010;15:15:00;277;com vítima;782,9000244140625;BR-381/MG;Norte;Tombamento;1;0;1;;;;1
23/10/2010;13:48:00;248;sem vítima;859;BR-381/MG;Norte;Colisão Traseira;2;2;;;;;1
23/10/2010;20:54:00;427;sem vítima;905,0999755859375;BR-381/MG;Norte;Colisão Traseira;2;2;;;;;1
23/10/2010;20:54:00;430;sem vítima;905,0999755859375;BR-381/MG;Norte;Outros - Sequência;3;3;;;;;1
24/10/2010;02:37:00;39;sem vítima;477,20001220703125;BR-381/MG;Sul;Colisão Lateral;1;2;;;;;1
24/10/2010;19:09:00;345;sem vítima;501,5;BR-381/MG;Norte;Engavetamento;1;3;;;;;1
24/10/2010;12:38:00;211;sem vítima;523,5;BR-381/MG;Sul;Choque - Defensa, barreira ou "submarino";1;1;;;;;1
24/10/2010;09:03:00;134;sem vítima;597,5999755859375;BR-381/MG;Norte;Choque - Suporte de Sinalização;1;1;;;;;1
24/10/2010;04:33:00;50;sem vítima;622;BR-381/MG;Sul;Choque - Suporte de Sinalização;1;1;;;;;1
24/10/2010;11:18:00;187;sem vítima;671,2999877929688;BR-381/MG;Norte;Choque - Defensa, barreira ou "submarino";1;1;;;;;1
24/10/2010;01:33:00;25;sem vítima;715,7000122070312;BR-381/MG;Norte;Choque - Defensa, barreira ou "submarino";1;1;;;;;1
24/10/2010;05:30:00;66;com vítima;785,5;BR-381/MG;Norte;Tombamento;1;0;3;;;;1
24/10/2010;21:49:00;392;com vítima;811,5999755859375;BR-381/MG;Norte;Tombamento;1;0;1;;;;1
24/10/2010;11:10:00;182;com vítima;886;BR-381/MG;Norte;Tombamento;1;0;1;;;;1
24/10/2010;16:40:00;279;sem vítima;903,9000244140625;BR-381/MG;Norte;Choque - Defensa, barreira ou "submarino";1;1;;;;;1
24/10/2010;08:16:00;115;com vítima;923,7999877929688;BR-381/MG;Sul;Tombamento;1;0;1;;;;1
24/10/2010;12:01:00;198;sem vítima;925,5999755859375;BR-381/MG;Sul;Colisão Lateral;1;2;;;;;1
25/10/2010;18:36:00;390;sem vítima;477,8999938964844;BR-381/MG;Norte;Engavetamento;1;3;;;;;1
25/10/2010;17:53:00;371;sem vítima;483,79998779296875;BR-381/MG;Norte;Colisão Traseira;1;2;;;;;1
25/10/2010;16:10:00;320;sem vítima;863,5;BR-381/MG;Sul;Tombamento;1;1;;;;;1
25/10/2010;16:11:00;321;sem vítima;863,7999877929688;BR-381/MG;Sul;Saida de Pista;1;2;;;;;1
26/10/2010;18:00:00;352;sem vítima;9;BR-381/SP;Norte;Saida de Pista;1;1;;;;;1
26/10/2010;04:42:00;50;sem vítima;36,29999923706055;BR-381/SP;Sul;Colisão Lateral;2;2;;;;;1
26/10/2010;19:14:00;383;com vítima;90,19999694824219;BR-381/SP;Norte;Outros - Sequência;1;1;;;;1;3
26/10/2010;16:11:00;313;sem vítima;495,70001220703125;BR-381/MG;Norte;Choque - Outros;1;1;;;;;1
26/10/2010;05:16:00;60;sem vítima;497;BR-381/MG;Norte;Choque - Poste;1;1;;;;;1
26/10/2010;07:17:00;88;sem vítima;500,1000061035156;BR-381/MG;Norte;Choque - Defensa, barreira ou "submarino";1;1;;;;;1
26/10/2010;16:29:00;317;sem vítima;502;BR-381/MG;Sul;Outros - Sequência;2;3;;;;;1
26/10/2010;06:45:00;75;sem vítima;650,7999877929688;BR-381/MG;Norte;Saida de Pista;1;1;;;;;1
26/10/2010;21:19:00;430;sem vítima;658,5;BR-381/MG;Sul;Colisão Lateral;1;2;;;;;1
26/10/2010;12:11:00;225;sem vítima;669,0999755859375;BR-381/MG;Norte;Choque - Elemento de Drenagem;1;1;;;;;1
26/10/2010;13:30:00;250;sem vítima;817;BR-381/MG;Norte;Colisão Lateral;1;3;;;;;1
26/10/2010;12:45:00;235;sem vítima;907;BR-381/MG;Sul;Colisão Lateral;2;2;;;;;1
26/10/2010;08:30:00;124;sem vítima;907,4000244140625;BR-381/MG;Sul;Colisão Lateral;1;2;;;;;1
27/10/2010;23:34:00;448;com vítima;36,5;BR-381/SP;Norte;Colisão Traseira;1;1;1;;;;1
27/10/2010;07:32:00;65;com vítima;482;BR-381/MG;Norte;Colisão Traseira;1;1;;1;;;2
27/10/2010;13:13:00;204;com vítima;496,3999938964844;BR-381/MG;Sul;Engavetamento;2;3;2;;;;1
27/10/2010;15:18:00;266;com vítima;525,5999755859375;BR-381/MG;Sul;Tombamento;1;0;1;;;;1
27/10/2010;03:33:00;25;sem vítima;597,7000122070312;BR-381/MG;Norte;Colisão Traseira;2;3;;;;;1
27/10/2010;22:44:00;438;com vítima;635,2999877929688;BR-381/MG;Sul;Outros - Sequência;2;0;1;1;;;2
27/10/2010;09:08:00;108;sem vítima;679,5;BR-381/MG;Sul;Colisão Traseira;1;2;;;;;1
27/10/2010;23:03:00;441;sem vítima;743,7999877929688;BR-381/MG;Sul;Choque - Elemento de Drenagem;1;1;;;;;1
27/10/2010;07:46:00;71;com vítima;910,4000244140625;BR-381/MG;Sul;Outros - Sequência;1;0;;2;;;2
28/10/2010;07:47:00;82;com vítima;3,5;BR-381/SP;Sul;Colisão Traseira;1;1;;;1;;2
28/10/2010;19:39:00;403;sem vítima;16,200000762939453;BR-381/SP;Sul;Colisão Lateral;1;2;;;;;1
28/10/2010;08:21:00;97;com vítima;34;BR-381/SP;Norte;Colisão Traseira;1;1;;;1;;2
28/10/2010;21:55:00;446;sem vítima;66;BR-381/SP;Sul;Colisão Lateral;2;2;;;;;1
28/10/2010;09:41:00;138;sem vítima;587;BR-381/MG;Norte;Colisão Lateral;2;2;;;;;1
28/10/2010;19:24:00;393;sem vítima;680,5;BR-381/MG;Norte;Tombamento;1;1;;;;;1
29/10/2010;08:23:00;145;sem vítima;78,5;BR-381/SP;Sul;Colisão Traseira;2;3;;;;;1
29/10/2010;07:36:00;116;sem vítima;478,5;BR-381/MG;Norte;Colisão Lateral;2;2;;;;;1
29/10/2010;17:18:00;409;sem vítima;480,79998779296875;BR-381/MG;Norte;Colisão Traseira;1;2;;;;;1
29/10/2010;10:25:00;200;sem vítima;525;BR-381/MG;Sul;Saida de Pista;1;1;;;;;1
29/10/2010;17:19:00;411;sem vítima;532,5;BR-381/MG;Sul;Choque - Outros;1;1;;;;;1
29/10/2010;05:50:00;88;sem vítima;642;BR-381/MG;Sul;Atropelamento de Animal;1;1;;;;;1
29/10/2010;00:38:00;13;com vítima;652,9000244140625;BR-381/MG;Sul;Colisão Traseira;2;1;;1;;;2
29/10/2010;04:13:00;62;sem vítima;736;BR-381/MG;Norte;Colisão Traseira;2;2;;;;;1
30/10/2010;23:23:00;510;com vítima;68;BR-381/SP;Sul;Colisão Traseira;1;1;1;;;;1
30/10/2010;15:30:00;332;sem vítima;68,30000305175781;BR-381/SP;Sul;Saida de Pista;1;1;;;;;1
30/10/2010;06:30:00;93;sem vítima;515,7999877929688;BR-381/MG;Sul;Colisão Lateral;1;3;;;;;1
30/10/2010;16:56:00;379;com vítima;517;BR-381/MG;Sul;Engavetamento;1;2;1;;;;1
30/10/2010;17:29:00;397;sem vítima;550,9000244140625;BR-381/MG;Sul;Colisão Traseira;1;2;;;;;1
30/10/2010;08:27:00;140;sem vítima;597,7000122070312;BR-381/MG;Norte;Colisão Traseira;2;2;;;;;1
30/10/2010;23:39:00;512;sem vítima;656,4000244140625;BR-381/MG;Sul;Outros - Sequência;2;3;;;;;1
30/10/2010;14:31:00;305;com vítima;697,0999755859375;BR-381/MG;Sul;Choque - Arvore;1;0;2;;;;1
30/10/2010;23:09:00;506;sem vítima;817,7999877929688;BR-381/MG;Norte;Colisão Traseira;2;2;;;;;1
30/10/2010;15:07:00;323;sem vítima;908,5;BR-381/MG;Sul;Colisão Traseira;1;2;;;;;1
30/10/2010;14:10:00;308;com vítima;923,0999755859375;BR-381/MG;Norte;Colisão Traseira;2;3;1;;;;1
31/10/2010;05:46:00;52;sem vítima;487;BR-381/MG;Sul;Choque - Defensa, barreira ou "submarino";1;1;;;;;1
31/10/2010;11:37:00;135;com vítima;494;BR-381/MG;Sul;Colisão Traseira;1;1;1;;1;;2
31/10/2010;05:17:00;49;sem vítima;525;BR-381/MG;Sul;Choque - Talude;1;1;;;;;1
31/10/2010;03:30:00;31;sem vítima;563;BR-381/MG;Norte;Choque - Defensa, barreira ou "submarino";1;2;;;;;1
31/10/2010;17:03:00;268;sem vítima;599;BR-381/MG;Sul;Tombamento;1;1;;;;;1
31/10/2010;20:17:00;342;sem vítima;805;BR-381/MG;Norte;Choque - Defensa, barreira ou "submarino";1;1;;;;;1
01/11/2010;07:06:00;75;sem vítima;497;BR-381/MG;Sul;Engavetamento;2;6;;;;;1
01/11/2010;08:42:00;113;sem vítima;525;BR-381/MG;Sul;Colisão Lateral;2;2;;;;;1
01/11/2010;02:28:00;27;sem vítima;647,5999755859375;BR-381/MG;Sul;Tombamento;1;2;;;;;1
01/11/2010;19:16:00;339;sem vítima;685,6099853515625;BR-381/MG;Sul;Colisão Traseira;1;2;;;;;1
01/11/2010;16:05:00;254;com vítima;686,2999877929688;BR-381/MG;Sul;Outros - Sequência;1;0;1;;;;1
01/11/2010;12:35:00;182;sem vítima;879,2999877929688;BR-381/MG;Sul;Colisão Traseira;2;2;;;;;1
01/11/2010;13:46:00;208;sem vítima;923,4000244140625;BR-381/MG;Norte;Outros - Sequência;1;1;;;;;1
01/11/2010;14:08:00;232;sem vítima;923,4000244140625;BR-381/MG;Norte;Colisão Traseira;1;2;;;;;1
02/11/2010;12:54:00;186;sem vítima;507;BR-381/MG;Sul;Saida de Pista;1;1;;;;;1
02/11/2010;01:53:00;15;sem vítima;567;BR-381/MG;Sul;Outros - Sequência;2;2;;;;;1
02/11/2010;20:01:00;356;sem vítima;615,7999877929688;BR-381/MG;Norte;Choque - Elemento de Drenagem;1;1;;;;;1
02/11/2010;19:34:00;345;sem vítima;690,7000122070312;BR-381/MG;Sul;Choque - Outros;1;1;;;;;1
02/11/2010;03:08:00;26;sem vítima;806;BR-381/MG;Sul;Choque - Elemento de Drenagem;1;1;;;;;1
02/11/2010;09:18:00;102;com vítima;908,2000122070312;BR-381/MG;Norte;Choque - Defensa, barreira ou "submarino";1;0;1;;;;1
03/11/2010;09:11:00;135;sem vítima;49,20000076293945;BR-381/SP;Norte;Colisão Lateral;1;3;;;;;1
03/11/2010;12:50:00;225;sem vítima;72;BR-381/SP;Norte;Colisão Lateral;2;2;;;;;1
03/11/2010;12:54:00;227;com vítima;481;BR-381/MG;Sul;Colisão Lateral;1;1;1;;;;1
03/11/2010;07:01:00;71;sem vítima;495,5;BR-381/MG;Norte;Colisão Traseira;2;2;;;;;1
03/11/2010;17:54:00;339;sem vítima;495,8999938964844;BR-381/MG;Sul;Colisão Traseira;2;2;;;;;1
03/11/2010;16:51:00;315;com vítima;618,0999755859375;BR-381/MG;Sul;Tombamento;1;0;1;;;1;3
03/11/2010;01:21:00;16;sem vítima;707,5;BR-381/MG;Norte;Choque - Elemento de Drenagem;1;1;;;;;1
03/11/2010;03:48:00;33;sem vítima;774;BR-381/MG;Norte;Choque - Defensa, barreira ou "submarino";1;1;;;;;1
04/11/2010;09:11:00;150;sem vítima;30;BR-381/SP;Sul;Outros - Sequência;3;5;;;;;1
04/11/2010;17:13:00;322;sem vítima;78;BR-381/SP;Norte;Colisão Traseira;1;2;;;;;1
04/11/2010;11:17:00;202;com vítima;496;BR-381/MG;Norte;Colisão Lateral;1;1;;;1;;2
04/11/2010;22:50:00;437;com vítima;636,7000122070312;BR-381/MG;Sul;Colisão Traseira;2;1;1;;;;1
04/11/2010;01:58:00;29;com vítima;665;BR-381/MG;Norte;Colisão Traseira;2;1;1;;;;1
04/11/2010;07:08:00;85;com vítima;837;BR-381/MG;Sul;Colisão Lateral;1;2;4;;;;1
04/11/2010;09:26:00;157;sem vítima;837;BR-381/MG;Norte;Colisão Lateral;2;2;;;;;1
04/11/2010;05:46:00;68;sem vítima;857,7999877929688;BR-381/MG;Sul;Colisão Lateral;1;2;;;;;1
04/11/2010;04:47:00;54;sem vítima;866;BR-381/MG;Norte;Colisão Traseira;2;2;;;;;1
04/11/2010;02:02:00;30;sem vítima;946;BR-381/MG;Norte;Colisão Traseira;2;2;;;;;1
05/11/2010;15:13:00;282;sem vítima;22;BR-381/SP;Norte;Colisão Traseira;1;2;;;;;1
05/11/2010;05:46:00;69;sem vítima;51,79999923706055;BR-381/SP;Sul;Colisão Traseira;1;2;;;;;1
05/11/2010;09:51:00;176;sem vítima;60,70000076293945;BR-381/SP;Sul;Tombamento;1;2;;;;;1
05/11/2010;20:35:00;421;sem vítima;80;BR-381/SP;Sul;Colisão Traseira;1;2;;;;;1
05/11/2010;15:36:00;286;sem vítima;483,29998779296875;BR-381/MG;Sul;Outros - Sequência;1;2;;;;;1
05/11/2010;11:18:00;205;com vítima;485,1000061035156;BR-381/MG;Norte;Colisão Lateral;1;1;2;;;;1
05/11/2010;09:56:00;177;sem vítima;486,29998779296875;BR-381/MG;Sul;Colisão Lateral;1;2;;;;;1
05/11/2010;13:32:00;244;sem vítima;494,3999938964844;BR-381/MG;Sul;Colisão Lateral;1;2;;;;;1
05/11/2010;08:46:00;139;sem vítima;494,5;BR-381/MG;Norte;Colisão Traseira;1;2;;;;;1
05/11/2010;13:50:00;251;sem vítima;500,3999938964844;BR-381/MG;Sul;Outros - Sequência;1;1;;;;;1
05/11/2010;22:17:00;457;sem vítima;501;BR-381/MG;Sul;Choque - Defensa, barreira ou "submarino";1;1;;;;;1
05/11/2010;12:14:00;225;sem vítima;502;BR-381/MG;Sul;Colisão Traseira;1;2;;;;;1
05/11/2010;18:53:00;384;sem vítima;524,5;BR-381/MG;Sul;Choque - Talude;1;1;;;;;1
05/11/2010;02:05:00;34;sem vítima;544;BR-381/MG;Sul;Colisão Lateral;2;2;;;;;1
05/11/2010;00:00:00;4;sem vítima;636;BR-381/MG;Sul;Outros - Sequência;2;3;;;;;1
05/11/2010;16:35:00;319;com vítima;854;BR-381/MG;Sul;Colisão Traseira;1;2;1;;;;1
05/11/2010;07:34:00;100;com vítima;943,5;BR-381/MG;Norte;Choque - Elemento de Drenagem;1;0;1;;;;1
06/11/2010;12:08:00;181;sem vítima;1,2999999523162842;BR-381/SP;Norte;Saida de Pista;1;1;;;;;1
06/11/2010;12:26:00;195;sem vítima;68;BR-381/SP;Sul;Colisão Traseira;1;2;;;;;1
06/11/2010;06:28:00;66;sem vítima;69,5999984741211;BR-381/SP;Sul;Colisão Traseira;1;2;;;;;1
06/11/2010;12:39:00;200;sem vítima;493;BR-381/MG;Sul;Colisão Traseira;1;3;;;;;1
06/11/2010;00:35:00;11;com vítima;496,79998779296875;BR-381/MG;Sul;Outros - Sequência;1;1;1;1;;;2
06/11/2010;10:45:00;162;com vítima;656,5999755859375;BR-381/MG;Sul;Engavetamento;1;5;2;;;;1
06/11/2010;10:08:00;147;sem vítima;680,2999877929688;BR-381/MG;Sul;Outros;1;1;;;;;1
06/11/2010;00:11:00;5;sem vítima;907;BR-381/MG;Sul;Colisão Traseira;2;2;;;;;1
06/11/2010;10:41:00;161;sem vítima;908;BR-381/MG;Norte;Choque - Elemento de Drenagem;1;1;;;;;1
06/11/2010;11:00:00;190;sem vítima;908;BR-381/MG;Norte;Colisão Traseira;2;2;;;;;1
06/11/2010;09:35:00;134;com vítima;924,5;BR-381/MG;Norte;Tombamento;1;0;;1;;;2
06/11/2010;07:51:00;95;sem vítima;933;BR-381/MG;Sul;Outros;1;1;;;;;1
07/11/2010;23:21:00;416;sem vítima;831,5;BR-381/MG;Sul;Saida de Pista;1;1;;;;;1
07/11/2010;01:53:00;26;sem vítima;869;BR-381/MG;Sul;Choque - Defensa, barreira ou "submarino";1;1;;;;;1
08/11/2010;03:40:00;43;sem vítima;59,29999923706055;BR-381/SP;Sul;Colisão Traseira;2;2;;;;;1
08/11/2010;12:57:00;217;com vítima;68;BR-381/SP;Norte;Outros - Sequência;1;0;2;;;;1
08/11/2010;08:53:00;132;com vítima;483;BR-381/MG;Sul;Engavetamento;2;3;4;2;;;2
08/11/2010;09:05:00;136;sem vítima;485,5;BR-381/MG;Norte;Colisão Lateral;1;2;;;;;1
08/11/2010;12:13:00;207;sem vítima;501,79998779296875;BR-381/MG;Sul;Choque - Talude;1;1;;;;;1
08/11/2010;17:24:00;332;sem vítima;747,5;BR-381/MG;Sul;Tombamento;1;2;;;;;1
08/11/2010;03:59:00;46;sem vítima;760,0999755859375;BR-381/MG;Norte;Tombamento;1;1;;;;;1
08/11/2010;00:09:00;1;com vítima;777,5;BR-381/MG;Sul;Colisão Traseira;2;0;2;;;;1
09/11/2010;17:34:00;304;com vítima;9;BR-381/SP;Norte;Colisão Traseira;2;1;1;;;;1
09/11/2010;11:32:00;183;sem vítima;555;BR-381/MG;Norte;Choque - Talude;1;1;;;;;1
09/11/2010;11:41:00;188;sem vítima;564;BR-381/MG;Sul;Choque - Elemento de Drenagem;1;1;;;;;1
09/11/2010;16:31:00;280;com vítima;728,4000244140625;BR-381/MG;Norte;Choque - Defensa, barreira ou "submarino";1;0;1;;;;1
09/11/2010;18:11:00;313;com vítima;842,7000122070312;BR-381/MG;Sul;Colisão Lateral;1;1;1;;;;1
10/11/2010;06:21:00;76;sem vítima;56,5;BR-381/SP;Sul;Colisão Traseira;1;2;;;;;1
10/11/2010;08:00:00;121;sem vítima;61;BR-381/SP;Sul;Choque - Defensa, barreira ou "submarino";1;1;;;;;1
10/11/2010;16:33:00;313;sem vítima;71;BR-381/SP;Sul;Engavetamento;1;3;;;;;1
10/11/2010;07:41:00;109;sem vítima;482;BR-381/MG;Norte;Colisão Traseira;1;2;;;;;1
10/11/2010;00:09:00;3;sem vítima;483;BR-381/MG;Sul;Colisão Traseira;1;2;;;;;1
10/11/2010;22:00:00;406;sem vítima;523;BR-381/MG;Norte;Outros;1;1;;;;;1
10/11/2010;18:13:00;341;com vítima;559,7000122070312;BR-381/MG;Sul;Colisão Traseira;2;2;1;;;;1
10/11/2010;17:26:00;331;com vítima;591,7999877929688;BR-381/MG;Sul;Colisão Traseira;1;1;;1;;;2
10/11/2010;01:45:00;32;sem vítima;597;BR-381/MG;Sul;Colisão Traseira;2;2;;;;;1
10/11/2010;15:57:00;294;sem vítima;632,5;BR-381/MG;Sul;Colisão Lateral;1;2;;;;;1
10/11/2010;00:29:00;14;sem vítima;752,2999877929688;BR-381/MG;Sul;Colisão Traseira;2;2;;;;;1
10/11/2010;01:23:00;28;sem vítima;788;BR-381/MG;Norte;Choque - Defensa, barreira ou "submarino";1;1;;;;;1
10/11/2010;17:15:00;326;com vítima;791,7000122070312;BR-381/MG;Norte;Choque - Talude;1;0;1;;;;1