data;horario;n_da_ocorrencia;tipo_de_ocorrencia;km;trecho;sentido;tipo_de_acidente;caminhao;ilesos;levemente_feridos;moderadamente_feridos;gravemente_feridos;mortos;3
10/11/2010;12:51:00;220;com vítima;805,9000244140625;BR-381/MG;Sul;Tombamento;1;0;;1;;;2
10/11/2010;06:34:00;83;sem vítima;849;BR-381/MG;Norte;Tombamento;1;1;;;;;1
10/11/2010;01:58:00;38;sem vítima;915;BR-381/MG;Norte;Choque - Elemento de Drenagem;1;1;;;;;1
10/11/2010;06:01:00;73;sem vítima;946;BR-381/MG;Sul;Colisão Traseira;1;2;;;;;1
11/11/2010;16:54:00;315;com vítima;36,20000076293945;BR-381/SP;Norte;Outros - Sequência;1;2;1;;;;1
11/11/2010;14:18:00;240;com vítima;76,80000305175781;BR-381/SP;Sul;Tombamento;1;0;;1;;;2
11/11/2010;17:53:00;330;sem vítima;477,20001220703125;BR-381/MG;Norte;Colisão Traseira;1;2;;;;;1
11/11/2010;12:18:00;201;sem vítima;561;BR-381/MG;Sul;Colisão Traseira;1;3;;;;;1
11/11/2010;21:05:00;392;sem vítima;845,7000122070312;BR-381/MG;Sul;Tombamento;1;1;;;;;1
11/11/2010;10:35:00;159;sem vítima;910,5999755859375;BR-381/MG;Sul;Colisão Traseira;1;2;;;;;1
11/11/2010;16:26:00;301;sem vítima;941;BR-381/MG;Norte;Tombamento;1;1;;;;;1
12/11/2010;06:27:00;66;com vítima;550,5;BR-381/MG;Sul;Capotamento;1;0;1;;;;1
12/11/2010;23:53:00;480;com vítima;592,5;BR-381/MG;Norte;Colisão Traseira;1;1;1;1;;;2
12/11/2010;23:57:00;481;sem vítima;592,5;BR-381/MG;Norte;Colisão Traseira;1;2;;;;;1
12/11/2010;09:32:00;141;com vítima;684,9000244140625;BR-381/MG;Norte;Atropelamento - Outros;1;1;;;1;;2
12/11/2010;11:52:00;192;com vítima;739,5;BR-381/MG;Sul;Colisão Lateral;1;2;2;;;;1
12/11/2010;08:54:00;123;sem vítima;757,0999755859375;BR-381/MG;Sul;Colisão Lateral;1;2;;;;;1
12/11/2010;16:14:00;292;com vítima;880;BR-381/MG;Sul;Colisão Traseira;1;5;1;;;;1
12/11/2010;09:06:00;131;sem vítima;891;BR-381/MG;Norte;Colisão Traseira;2;2;;;;;1
12/11/2010;03:40:00;44;com vítima;923;BR-381/MG;Sul;Tombamento;1;0;;1;;;2
13/11/2010;07:04:00;91;sem vítima;75,5;BR-381/SP;Sul;Colisão Traseira;1;4;;;;;1
13/11/2010;04:58:00;55;sem vítima;86;BR-381/SP;Norte;Outros - Sequência;1;3;;;;;1
13/11/2010;08:03:00;115;sem vítima;481,5;BR-381/MG;Sul;Colisão Traseira;1;2;;;;;1
13/11/2010;10:03:00;169;sem vítima;507;BR-381/MG;Norte;Colisão Traseira;2;2;;;;;1
13/11/2010;01:30:00;1;com vítima;603,2000122070312;BR-381/MG;Sul;Tombamento;1;0;2;;;;1
13/11/2010;03:14:00;37;com vítima;653;BR-381/MG;Sul;Colisão Traseira;1;41;2;;;;1
13/11/2010;10:21:00;179;sem vítima;736,7999877929688;BR-381/MG;Sul;Choque - Defensa, barreira ou "submarino";1;1;;;;;1
13/11/2010;09:48:00;159;sem vítima;737,2000122070312;BR-381/MG;Sul;Colisão Traseira;1;2;;;;;1
13/11/2010;16:48:00;355;sem vítima;821,5;BR-381/MG;Sul;Colisão Traseira;2;2;;;;;1
13/11/2010;16:43:00;353;sem vítima;828,9500122070312;BR-381/MG;Sul;Tombamento;1;1;;;;;1
13/11/2010;19:09:00;417;com vítima;907;BR-381/MG;Norte;Tombamento;1;0;1;;;;1
13/11/2010;19:31:00;429;sem vítima;907;BR-381/MG;Norte;Colisão Traseira;1;3;;;;;1
14/11/2010;01:23:00;23;sem vítima;6;BR-381/SP;Sul;Outros - Sequência;1;1;;;;;1
14/11/2010;18:02:00;282;sem vítima;12,5;BR-381/SP;Sul;Colisão Lateral;1;2;;;;;1
14/11/2010;18:05:00;284;com vítima;905;BR-381/MG;Norte;Colisão Traseira;1;1;3;;;;1
15/11/2010;21:34:00;479;sem vítima;26,5;BR-381/SP;Sul;Colisão Lateral;1;2;;;;;1
15/11/2010;22:59:00;505;com vítima;483;BR-381/MG;Sul;Colisão Traseira;1;1;1;;;;1
15/11/2010;16:29:00;303;sem vítima;495,70001220703125;BR-381/MG;Norte;Colisão Traseira;1;2;;;;;1
15/11/2010;16:46:00;318;com vítima;499,3999938964844;BR-381/MG;Sul;Engavetamento;1;4;1;;;;1
15/11/2010;18:24:00;381;sem vítima;551;BR-381/MG;Norte;Colisão Lateral;1;2;;;;;1
15/11/2010;19:51:00;438;com vítima;816;BR-381/MG;Sul;Colisão Traseira;2;1;1;;;;1
15/11/2010;19:40:00;431;sem vítima;881,5;BR-381/MG;Norte;Colisão Lateral;1;2;;;;;1
16/11/2010;07:43:00;91;sem vítima;8;BR-381/SP;Sul;Colisão Lateral;1;2;;;;;1
16/11/2010;05:44:00;54;com vítima;10,199999809265137;BR-381/SP;Sul;Colisão Traseira;1;1;;;1;;2
16/11/2010;09:51:00;151;sem vítima;45;BR-381/SP;Sul;Colisão Traseira;1;2;;;;;1
16/11/2010;04:47:00;50;com vítima;68,69999694824219;BR-381/SP;Sul;Engavetamento;2;3;2;;;;1
16/11/2010;07:53:00;95;sem vítima;78;BR-381/SP;Norte;Colisão Traseira;1;2;;;;;1
16/11/2010;07:35:00;86;sem vítima;90;BR-381/SP;Sul;Colisão Lateral;1;2;;;;;1
16/11/2010;11:35:00;191;sem vítima;477,20001220703125;BR-381/MG;Norte;Engavetamento;1;4;;;;;1
16/11/2010;15:25:00;262;sem vítima;493,5;BR-381/MG;Sul;Colisão Traseira;2;2;;;;;1
16/11/2010;23:19:00;434;com vítima;616,7000122070312;BR-381/MG;Norte;Colisão Lateral;1;1;4;;;;1
16/11/2010;11:28:00;188;com vítima;666;BR-381/MG;Sul;Outros - Sequência;2;0;2;;;;1
16/11/2010;17:30:00;323;com vítima;732,4000244140625;BR-381/MG;Norte;Outros - Sequência;1;1;4;2;1;;2
16/11/2010;04:13:00;48;sem vítima;843,9000244140625;BR-381/MG;Sul;Outros;1;1;;;;;1
16/11/2010;01:01:00;11;sem vítima;867,7999877929688;BR-381/MG;Sul;Tombamento;1;1;;;;;1
16/11/2010;09:57:00;153;com vítima;897;BR-381/MG;Norte;Atropelamento - Outros;1;1;;;1;;2
16/11/2010;05:47:00;55;sem vítima;906,5;BR-381/MG;Sul;Colisão Traseira;1;2;;;;;1
17/11/2010;09:38:00;150;com vítima;481;BR-381/MG;Norte;Engavetamento;1;4;;1;;;2
17/11/2010;04:48:00;50;com vítima;494,20001220703125;BR-381/MG;Sul;Tombamento;1;0;2;;;;1
17/11/2010;10:07:00;166;sem vítima;501;BR-381/MG;Sul;Colisão Traseira;1;2;;;;;1
17/11/2010;11:16:00;192;sem vítima;501;BR-381/MG;Sul;Colisão Lateral;1;2;;;;;1
17/11/2010;23:04:00;430;sem vítima;511,6000061035156;BR-381/MG;Sul;Colisão Lateral;2;2;;;;;1
17/11/2010;14:31:00;252;sem vítima;517,0999755859375;BR-381/MG;Sul;Colisão Lateral;1;2;;;;;1
17/11/2010;06:50:00;72;sem vítima;538,7999877929688;BR-381/MG;Norte;Choque - Elemento de Drenagem;1;1;;;;;1
17/11/2010;15:15:00;276;sem vítima;611,2999877929688;BR-381/MG;Norte;Colisão Lateral;1;4;;;;;1
17/11/2010;20:42:00;393;com vítima;651,5;BR-381/MG;Sul;Outros - Sequência;1;0;;;;1;3
17/11/2010;14:01:00;245;sem vítima;778,2999877929688;BR-381/MG;Sul;Outros - Sequência;2;5;;;;;1
17/11/2010;13:08:00;226;com vítima;838;BR-381/MG;Norte;Choque - Defensa, barreira ou "submarino";1;0;1;;;;1
17/11/2010;01:17:00;20;sem vítima;906,2999877929688;BR-381/MG;Sul;Colisão Traseira;2;2;;;;;1
17/11/2010;15:00:00;270;sem vítima;908,5;BR-381/MG;Norte;Choque - Talude;1;1;;;;;1
18/11/2010;06:58:00;78;sem vítima;19;BR-381/SP;Norte;Colisão Traseira;1;2;;;;;1
18/11/2010;10:43:00;180;sem vítima;53,900001525878906;BR-381/SP;Norte;Colisão Traseira;2;2;;;;;1
18/11/2010;08:34:00;115;sem vítima;480;BR-381/MG;Norte;Colisão Traseira;1;2;;;;;1
18/11/2010;23:40:00;438;sem vítima;486;BR-381/MG;Sul;Colisão Traseira;1;2;;;;;1
18/11/2010;16:11:00;292;sem vítima;502;BR-381/MG;Sul;Colisão Traseira;2;2;;;;;1
18/11/2010;03:12:00;27;sem vítima;531,9000244140625;BR-381/MG;Sul;Saida de Pista;1;1;;;;;1
18/11/2010;05:03:00;54;sem vítima;569;BR-381/MG;Norte;Choque - Elemento de Drenagem;1;1;;;;;1
18/11/2010;17:55:00;339;sem vítima;619,7000122070312;BR-381/MG;Sul;Colisão Traseira;1;2;;;;;1
18/11/2010;05:49:00;62;sem vítima;799;BR-381/MG;Sul;Saida de Pista;1;1;;;;;1
18/11/2010;20:23:00;386;sem vítima;847,5;BR-381/MG;Norte;Atropelamento de Animal;1;1;;;;;1
18/11/2010;06:56:00;76;sem vítima;920;BR-381/MG;Norte;Saida de Pista;1;1;;;;;1
19/11/2010;23:07:00;452;com vítima;77;BR-381/SP;Norte;Outros - Sequência;2;0;8;1;;;2
19/11/2010;16:43:00;298;sem vítima;481;BR-381/MG;Sul;Colisão Lateral;1;2;;;;;1
19/11/2010;07:28:00;83;sem vítima;484;BR-381/MG;Norte;Colisão Lateral;2;2;;;;;1
19/11/2010;10:54:00;173;com vítima;489;BR-381/MG;Norte;Atropelamento - Outros;1;1;1;;;;1
19/11/2010;13:52:00;216;com vítima;747,7000122070312;BR-381/MG;Norte;Tombamento;1;1;1;;;;1
19/11/2010;07:26:00;82;sem vítima;803,4000244140625;BR-381/MG;Norte;Outros - Sequência;2;3;;;;;1
19/11/2010;04:37:00;51;sem vítima;892;BR-381/MG;Sul;Tombamento;1;1;;;;;1
19/11/2010;10:31:00;164;com vítima;940,7000122070312;BR-381/MG;Norte;Tombamento;1;0;1;1;;;2
20/11/2010;20:36:00;423;com vítima;517,7000122070312;BR-381/MG;Sul;Colisão Traseira;2;1;1;;;;1
20/11/2010;14:54:00;259;com vítima;560,0499877929688;BR-381/MG;Norte;Colisão Traseira;2;1;1;;;;1
20/11/2010;08:25:00;106;com vítima;604,5;BR-381/MG;Norte;Saida de Pista;1;0;1;;;;1
20/11/2010;17:24:00;338;com vítima;668,5;BR-381/MG;Sul;Colisão Traseira;2;1;;1;;;2
20/11/2010;08:36:00;111;sem vítima;670,9000244140625;BR-381/MG;Norte;Colisão Traseira;1;2;;;;;1
20/11/2010;01:31:00;17;com vítima;778,4000244140625;BR-381/MG;Sul;Choque - Elemento de Drenagem;1;0;1;;;;1
21/11/2010;21:43:00;384;com vítima;69,5;BR-381/SP;Norte;Tombamento;1;0;1;;;;1
21/11/2010;15:48:00;228;com vítima;524,7999877929688;BR-381/MG;Sul;Tombamento;1;0;1;;;;1
21/11/2010;22:37:00;404;com vítima;681;BR-381/MG;Sul;Tombamento;1;0;1;;;;1
21/11/2010;21:29:00;382;com vítima;685;BR-381/MG;Norte;Colisão Traseira;2;1;1;;;;1
21/11/2010;04:06:00;54;sem vítima;695,5;BR-381/MG;Sul;Tombamento;1;1;;;;;1
21/11/2010;18:46:00;318;com vítima;720,9000244140625;BR-381/MG;Norte;Tombamento;1;0;1;;;;1
21/11/2010;22:24:00;399;sem vítima;768;BR-381/MG;Sul;Choque - Elemento de Drenagem;1;1;;;;;1
21/11/2010;23:44:00;425;sem vítima;882;BR-381/MG;Sul;Colisão Traseira;1;2;;;;;1
22/11/2010;19:17:00;302;sem vítima;61;BR-381/SP;Norte;Choque - Defensa, barreira ou "submarino";1;2;;;;;1
22/11/2010;10:30:00;131;sem vítima;498;BR-381/MG;Sul;Colisão Lateral;1;2;;;;;1
22/11/2010;15:49:00;227;sem vítima;525;BR-381/MG;Sul;Choque - Elemento de Drenagem;1;1;;;;;1
22/11/2010;12:43:00;180;sem vítima;525,5;BR-381/MG;Norte;Colisão Traseira;1;3;;;;;1
22/11/2010;00:00:00;1;sem vítima;527;BR-381/MG;Sul;Saida de Pista;1;1;;;;;1
22/11/2010;23:01:00;358;sem vítima;616;BR-381/MG;Sul;Colisão Lateral;2;2;;;;;1
22/11/2010;07:03:00;65;sem vítima;667,2999877929688;BR-381/MG;Norte;Colisão Traseira;1;4;;;;;1
22/11/2010;19:32:00;306;sem vítima;735,5;BR-381/MG;Sul;Colisão Traseira;2;2;;;;;1
22/11/2010;14:00:00;197;sem vítima;804;BR-381/MG;Sul;Choque - Outros;1;1;;;;;1
22/11/2010;20:53:00;334;com vítima;844,5;BR-381/MG;Norte;Outros - Sequência;1;0;1;;;;1
23/11/2010;00:55:00;9;sem vítima;9,5;BR-381/SP;Norte;Atropelamento de Animal;2;2;;;;;1
23/11/2010;12:34:00;238;com vítima;78;BR-381/SP;Norte;Outros - Sequência;1;1;2;;;;1
23/11/2010;12:30:00;237;sem vítima;489;BR-381/MG;Norte;Colisão Traseira;2;2;;;;;1
23/11/2010;18:35:00;382;sem vítima;524,0999755859375;BR-381/MG;Sul;Colisão Traseira;1;2;;;;;1
23/11/2010;17:39:00;351;sem vítima;524,5999755859375;BR-381/MG;Sul;Choque - Talude;1;1;;;;;1
23/11/2010;09:09:00;144;com vítima;662,4000244140625;BR-381/MG;Norte;Atropelamento - Morador;1;0;1;;;1;3
23/11/2010;07:37:00;96;sem vítima;767;BR-381/MG;Norte;Colisão Lateral;1;2;;;;;1
23/11/2010;10:42:00;188;sem vítima;778,9000244140625;BR-381/MG;Sul;Choque - Outros;1;1;;;;;1
23/11/2010;03:40:00;48;sem vítima;916,2999877929688;BR-381/MG;Sul;Tombamento;1;1;;;;;1
23/11/2010;18:45:00;387;sem vítima;921;BR-381/MG;Sul;Tombamento;1;1;;;;;1
24/11/2010;13:00:00;231;sem vítima;504,8999938964844;BR-381/MG;Norte;Saida de Pista;1;1;;;;;1
24/11/2010;14:06:00;250;sem vítima;524,5;BR-381/MG;Sul;Colisão Traseira;2;2;;;;;1
24/11/2010;11:00:00;189;sem vítima;528;BR-381/MG;Sul;Colisão Traseira;2;2;;;;;1
24/11/2010;21:42:00;430;com vítima;610,7000122070312;BR-381/MG;Sul;Tombamento;1;0;1;;;;1
24/11/2010;10:29:00;173;sem vítima;690,5;BR-381/MG;Sul;Colisão Traseira;2;2;;;;;1
24/11/2010;18:16:00;351;sem vítima;873,9000244140625;BR-381/MG;Sul;Choque - Defensa, barreira ou "submarino";1;1;;;;;1
24/11/2010;17:16:00;329;sem vítima;904;BR-381/MG;Norte;Colisão Lateral;2;2;;;;;1
25/11/2010;22:54:00;471;sem vítima;69;BR-381/SP;Norte;Outros;1;1;;;;;1
25/11/2010;08:57:00;132;sem vítima;506;BR-381/MG;Norte;Colisão Lateral;2;2;;;;;1
25/11/2010;21:01:00;445;com vítima;761,25;BR-381/MG;Sul;Outros - Sequência;2;1;;;;1;3
25/11/2010;07:56:00;105;sem vítima;820,5;BR-381/MG;Norte;Colisão Traseira;2;2;;;;;1
25/11/2010;22:20:00;462;sem vítima;921,5999755859375;BR-381/MG;Sul;Outros - Sequência;1;2;;;;;1
25/11/2010;23:10:00;478;sem vítima;921,7999877929688;BR-381/MG;Norte;Outros;1;1;;;;;1
25/11/2010;07:22:00;86;com vítima;930;BR-381/MG;Sul;Tombamento;1;0;;;;1;3
26/11/2010;20:52:00;439;sem vítima;7;BR-381/SP;Norte;Colisão Traseira;2;2;;;;;1
26/11/2010;07:01:00;82;sem vítima;7,800000190734863;BR-381/SP;Sul;Colisão Traseira;2;2;;;;;1
26/11/2010;16:06:00;312;sem vítima;55,099998474121094;BR-381/SP;Sul;Colisão Traseira;1;5;;;;;1
26/11/2010;11:09:00;185;sem vítima;58,099998474121094;BR-381/SP;Sul;Colisão Traseira;1;2;;;;;1
26/11/2010;08:55:00;134;sem vítima;478;BR-381/MG;Norte;Engavetamento;2;4;;;;;1
26/11/2010;17:09:00;343;com vítima;490,8999938964844;BR-381/MG;Sul;Colisão Traseira;1;1;4;;;;1
26/11/2010;06:58:00;79;sem vítima;491;BR-381/MG;Norte;Colisão Traseira;1;2;;;;;1
26/11/2010;22:32:00;472;sem vítima;504,29998779296875;BR-381/MG;Sul;Colisão Traseira;1;2;;;;;1
26/11/2010;22:22:00;470;sem vítima;562;BR-381/MG;Norte;Outros - Sequência;2;2;;;;;1
26/11/2010;00:12:00;4;com vítima;579;BR-381/MG;Norte;Colisão Frontal;1;1;1;1;;;2
26/11/2010;04:46:00;45;com vítima;618,7000122070312;BR-381/MG;Sul;Atropelamento - Andarilho;1;1;;;;1;3
26/11/2010;16:06:00;311;sem vítima;649;BR-381/MG;Sul;Outros - Sequência;1;2;;;;;1
26/11/2010;18:41:00;388;sem vítima;684,0999755859375;BR-381/MG;Sul;Colisão Lateral;1;2;;;;;1
26/11/2010;01:14:00;18;sem vítima;739;BR-381/MG;Norte;Outros - Sequência;1;1;;;;;1
26/11/2010;03:22:00;36;sem vítima;762;BR-381/MG;Sul;Colisão Traseira;1;2;;;;;1
26/11/2010;02:10:00;29;com vítima;873,9000244140625;BR-381/MG;Sul;Choque - Defensa, barreira ou "submarino";1;0;1;;;;1
26/11/2010;21:06:00;447;com vítima;938,0999755859375;BR-381/MG;Norte;Colisão Traseira;1;1;1;1;1;;2
27/11/2010;08:10:00;140;sem vítima;31;BR-381/SP;Sul;Colisão Traseira;1;2;;;;;1
27/11/2010;12:57:00;234;sem vítima;507,5;BR-381/MG;Norte;Choque - Outros;1;1;;;;;1
27/11/2010;15:11:00;281;sem vítima;517;BR-381/MG;Sul;Colisão Lateral;1;2;;;;;1
27/11/2010;05:44:00;94;sem vítima;573;BR-381/MG;Sul;Outros;1;1;;;;;1
27/11/2010;11:57:00;216;sem vítima;597;BR-381/MG;Sul;Choque - Defensa, barreira ou "submarino";1;1;;;;;1
27/11/2010;02:38:00;51;com vítima;906,5;BR-381/MG;Sul;Outros - Sequência;1;1;;;1;1;3
29/11/2010;07:15:00;86;sem vítima;21,799999237060547;BR-381/SP;Sul;Colisão Lateral;2;2;;;;;1
29/11/2010;18:08:00;367;sem vítima;58,5;BR-381/SP;Sul;Tombamento;1;2;;;;;1
29/11/2010;18:41:00;380;com vítima;487;BR-381/MG;Sul;Outros - Sequência;2;1;;1;;;2
29/11/2010;13:47:00;247;sem vítima;490;BR-381/MG;Sul;Colisão Lateral;1;2;;;;;1
29/11/2010;17:28:00;349;sem vítima;491;BR-381/MG;Sul;Colisão Traseira;1;2;;;;;1
29/11/2010;15:55:00;301;sem vítima;540;BR-381/MG;Sul;Colisão Traseira;2;2;;;;;1
29/11/2010;19:34:00;400;com vítima;605,5;BR-381/MG;Sul;Capotamento;1;0;;;;1;3
29/11/2010;18:10:00;369;com vítima;722,2000122070312;BR-381/MG;Norte;Outros - Sequência;2;5;2;;;;1
29/11/2010;01:39:00;29;com vítima;759,9000244140625;BR-381/MG;Sul;Colisão Traseira;2;1;1;;;;1
29/11/2010;17:18:00;342;sem vítima;901;BR-381/MG;Norte;Colisão Traseira;1;2;;;;;1
29/11/2010;16:26:00;319;sem vítima;908;BR-381/MG;Norte;Choque - Defensa, barreira ou "submarino";1;1;;;;;1
29/11/2010;09:54:00;164;com vítima;921,7999877929688;BR-381/MG;Sul;Tombamento;1;0;;;;1;3
30/11/2010;08:52:00;140;sem vítima;1;BR-381/SP;Sul;Saida de Pista;1;1;;;;;1
30/11/2010;16:32:00;308;sem vítima;60;BR-381/SP;Sul;Choque - Defensa, barreira ou "submarino";1;1;;;;;1
30/11/2010;07:14:00;100;sem vítima;65,69999694824219;BR-381/SP;Norte;Choque - Suporte de Sinalização;1;1;;;;;1
30/11/2010;10:52:00;189;sem vítima;89;BR-381/SP;Sul;Engavetamento;2;8;;;;;1
30/11/2010;09:04:00;146;sem vítima;90,19999694824219;BR-381/SP;Norte;Choque - Defensa, barreira ou "submarino";1;1;;;;;1
30/11/2010;16:46:00;314;sem vítima;501,79998779296875;BR-381/MG;Norte;Colisão Traseira;1;2;;;;;1
30/11/2010;20:33:00;390;com vítima;900,7000122070312;BR-381/MG;Norte;Colisão Lateral;2;1;1;;;;1
01/12/2010;02:31:00;33;sem vítima;7,699999809265137;BR-381/SP;Sul;Colisão Traseira;2;2;;;;;1
01/12/2010;12:07:00;243;sem vítima;68,5;BR-381/SP;Sul;Colisão Lateral;1;2;;;;;1
01/12/2010;12:11:00;242;sem vítima;481;BR-381/MG;Norte;Colisão Lateral;1;2;;;;;1
01/12/2010;14:38:00;298;com vítima;488,3999938964844;BR-381/MG;Sul;Outros - Sequência;1;1;1;;;;1
01/12/2010;09:22:00;169;sem vítima;490,70001220703125;BR-381/MG;Norte;Colisão Lateral;1;2;;;;;1
01/12/2010;06:50:00;81;sem vítima;552,5;BR-381/MG;Norte;Colisão Traseira;2;3;;;;;1
01/12/2010;13:04:00;269;sem vítima;560;BR-381/MG;Norte;Outros - Sequência;1;1;;;;;1
01/12/2010;19:49:00;449;sem vítima;581;BR-381/MG;Sul;Choque - Defensa, barreira ou "submarino";1;1;;;;;1
01/12/2010;11:10:00;213;sem vítima;597,7000122070312;BR-381/MG;Norte;Colisão Traseira;2;2;;;;;1
01/12/2010;02:48:00;38;com vítima;618;BR-381/MG;Sul;Tombamento;1;0;2;;;;1
01/12/2010;02:53:00;39;sem vítima;624,5;BR-381/MG;Norte;Saida de Pista;1;1;;;;;1
01/12/2010;04:17:00;47;sem vítima;630,2999877929688;BR-381/MG;Norte;Saida de Pista;1;1;;;;;1
01/12/2010;04:58:00;52;sem vítima;665,4000244140625;BR-381/MG;Norte;Tombamento;1;1;;;;;1
01/12/2010;22:13:00;510;sem vítima;772,5;BR-381/MG;Sul;Choque - Elemento de Drenagem;1;2;;;;;1
01/12/2010;03:40:00;43;com vítima;794,2000122070312;BR-381/MG;Norte;Colisão Traseira;2;1;1;;;;1
01/12/2010;20:02:00;454;sem vítima;859;BR-381/MG;Norte;Saida de Pista;1;1;;;;;1
01/12/2010;18:41:00;418;com vítima;924;BR-381/MG;Sul;Colisão Traseira;1;1;1;;;;1
02/12/2010;04:22:00;43;sem vítima;3,799999952316284;BR-381/SP;Sul;Tombamento;1;1;;;;;1
02/12/2010;08:51:00;130;sem vítima;57;BR-381/SP;Sul;Outros - Sequência;1;2;;;;;1
02/12/2010;07:24:00;89;sem vítima;478;BR-381/MG;Norte;Colisão Traseira;1;2;;;;;1
02/12/2010;10:55:00;205;sem vítima;483,5;BR-381/MG;Sul;Saida de Pista;1;1;;;;;1
02/12/2010;19:02:00;392;sem vítima;524,7999877929688;BR-381/MG;Sul;Engavetamento;2;4;;;;;1
02/12/2010;15:59:00;321;com vítima;525;BR-381/MG;Sul;Colisão Traseira;2;0;2;;;;1
02/12/2010;15:59:00;320;com vítima;525,0800170898438;BR-381/MG;Sul;Outros - Sequência;3;4;4;4;;;2
02/12/2010;23:02:00;465;sem vítima;545;BR-381/MG;Norte;Colisão Traseira;2;2;;;;;1
02/12/2010;09:14:00;145;sem vítima;566,5;BR-381/MG;Norte;Choque - Defensa, barreira ou "submarino";1;1;;;;;1
02/12/2010;10:51:00;203;com vítima;568,4000244140625;BR-381/MG;Norte;Colisão Traseira;1;2;1;;;;1
02/12/2010;01:02:00;16;com vítima;654;BR-381/MG;Sul;Tombamento;1;0;1;;;;1
02/12/2010;05:35:00;57;com vítima;700,7999877929688;BR-381/MG;Sul;Choque - Talude;1;0;1;;;;1
02/12/2010;01:13:00;20;com vítima;724,5;BR-381/MG;Sul;Colisão Traseira;2;1;1;;;;1
02/12/2010;01:39:00;26;sem vítima;772;BR-381/MG;Sul;Colisão Traseira;1;2;;;;;1
02/12/2010;10:50:00;201;sem vítima;787;BR-381/MG;Norte;Colisão Lateral;1;2;;;;;1
02/12/2010;18:59:00;391;sem vítima;864,7999877929688;BR-381/MG;Norte;Colisão Lateral;1;2;;;;;1
02/12/2010;17:40:00;364;sem vítima;904;BR-381/MG;Sul;Colisão Lateral;2;2;;;;;1
02/12/2010;17:38:00;363;sem vítima;936;BR-381/MG;Sul;Outros;1;1;;;;;1
02/12/2010;01:04:00;18;sem vítima;945,2999877929688;BR-381/MG;Sul;Colisão Lateral;1;2;;;;;1
03/12/2010;03:04:00;46;sem vítima;73,30000305175781;BR-381/SP;Sul;Colisão Lateral;1;2;;;;;1
03/12/2010;14:18:00;273;sem vítima;74,5;BR-381/SP;Norte;Tombamento;1;1;;;;;1
03/12/2010;00:15:00;8;com vítima;621;BR-381/MG;Sul;Colisão Traseira;2;2;1;;;;1
03/12/2010;02:24:00;36;com vítima;646,0999755859375;BR-381/MG;Sul;Saida de Pista;1;0;;1;;;2
03/12/2010;01:38:00;28;sem vítima;709,2999877929688;BR-381/MG;Norte;Saida de Pista;1;1;;;;;1
03/12/2010;17:51:00;361;com vítima;788;BR-381/MG;Norte;Saida de Pista;1;0;;1;;;2
03/12/2010;13:04:00;254;com vítima;827,7999877929688;BR-381/MG;Sul;Choque - Elemento de Drenagem;1;0;1;;;;1
03/12/2010;01:35:00;26;sem vítima;869,2999877929688;BR-381/MG;Norte;Tombamento;1;1;;;;;1
03/12/2010;08:24:00;123;sem vítima;881;BR-381/MG;Norte;Colisão Traseira;2;2;;;;;1
04/12/2010;02:12:00;38;sem vítima;21;BR-381/SP;Sul;Outros;1;2;;;;;1
04/12/2010;07:35:00;96;sem vítima;58;BR-381/SP;Sul;Colisão Traseira;2;2;;;;;1
04/12/2010;15:53:00;288;com vítima;488,5;BR-381/MG;Sul;Atropelamento - Ciclista;1;1;1;;;;1
04/12/2010;12:26:00;215;com vítima;493;BR-381/MG;Sul;Colisão Lateral;1;1;;1;;;2
04/12/2010;08:30:00;121;sem vítima;719,7999877929688;BR-381/MG;Norte;Outros - Sequência;1;3;;;;;1
04/12/2010;07:56:00;109;sem vítima;750,5;BR-381/MG;Norte;Outros - Sequência;1;2;;;;;1
04/12/2010;04:12:00;57;sem vítima;899;BR-381/MG;Sul;Atropelamento de Animal;1;1;;;;;1
05/12/2010;19:28:00;372;sem vítima;483;BR-381/MG;Norte;Colisão Traseira;1;2;;;;;1
05/12/2010;18:02:00;322;sem vítima;611,5;BR-381/MG;Norte;Colisão Traseira;1;2;;;;;1
05/12/2010;20:57:00;410;sem vítima;761,2999877929688;BR-381/MG;Sul;Choque - Elemento de Drenagem;1;1;;;;;1
05/12/2010;19:23:00;369;com vítima;845,5;BR-381/MG;Norte;Engavetamento;1;1;2;;;;1
05/12/2010;10:25:00;144;sem vítima;850;BR-381/MG;Sul;Colisão Traseira;2;2;;;;;1
05/12/2010;13:44:00;201;sem vítima;934,4000244140625;BR-381/MG;Norte;Colisão Transversal;2;2;;;;;1
06/12/2010;18:30:00;353;com vítima;480,29998779296875;BR-381/MG;Sul;Colisão Traseira;1;1;1;;;;1
06/12/2010;12:40:00;216;com vítima;497;BR-381/MG;Norte;Outros - Sequência;1;2;;;;1;3
06/12/2010;04:57:00;64;sem vítima;500,3999938964844;BR-381/MG;Norte;Outros - Sequência;1;3;;;;;1
06/12/2010;19:53:00;391;sem vítima;518;BR-381/MG;Norte;Outros;1;1;;;;;1
06/12/2010;01:17:00;25;sem vítima;565;BR-381/MG;Sul;Choque - Suporte de Sinalização;1;1;;;;;1