data;horario;n_da_ocorrencia;tipo_de_ocorrencia;km;trecho;sentido;tipo_de_acidente;caminhao;ilesos;levemente_feridos;moderadamente_feridos;gravemente_feridos;mortos;3
06/12/2010;15:36:00;284;sem vítima;613;BR-381/MG;Sul;Colisão Lateral;2;2;;;;;1
06/12/2010;20:30:00;402;sem vítima;854;BR-381/MG;Norte;Colisão Traseira;1;2;;;;;1
06/12/2010;17:12:00;319;sem vítima;857;BR-381/MG;Norte;Colisão Traseira;1;2;;;;;1
06/12/2010;10:39:00;178;sem vítima;868;BR-381/MG;Norte;Colisão Traseira;1;2;;;;;1
06/12/2010;14:45:00;261;sem vítima;921;BR-381/MG;Sul;Choque - Defensa, barreira ou "submarino";1;1;;;;;1
07/12/2010;14:40:00;224;sem vítima;481;BR-381/MG;Norte;Colisão Traseira;1;2;;;;;1
07/12/2010;23:09:00;426;com vítima;481;BR-381/MG;Norte;Tombamento;1;0;1;;;;1
07/12/2010;05:54:00;50;sem vítima;488;BR-381/MG;Sul;Saida de Pista;1;1;;;;;1
07/12/2010;18:13:00;339;com vítima;491;BR-381/MG;Norte;Colisão Traseira;1;1;5;;;;1
07/12/2010;06:58:00;65;sem vítima;497;BR-381/MG;Norte;Colisão Traseira;1;2;;;;;1
07/12/2010;09:21:00;122;com vítima;509;BR-381/MG;Norte;Colisão Lateral;1;1;1;;;;1
07/12/2010;06:54:00;63;sem vítima;708;BR-381/MG;Sul;Choque - Elemento de Drenagem;1;1;;;;;1
07/12/2010;22:18:00;411;com vítima;853;BR-381/MG;Sul;Colisão Traseira;2;1;;1;;;2
07/12/2010;06:13:00;53;com vítima;889;BR-381/MG;Sul;Tombamento;1;0;1;;;;1
08/12/2010;13:35:00;252;com vítima;63;BR-381/SP;Sul;Outros - Sequência;1;2;2;1;;;2
08/12/2010;04:49:00;58;com vítima;69;BR-381/SP;Sul;Colisão Traseira;1;4;1;;;;1
08/12/2010;10:08:00;159;sem vítima;491;BR-381/MG;Norte;Colisão Lateral;1;2;;;;;1
08/12/2010;17:02:00;331;sem vítima;495,70001220703125;BR-381/MG;Norte;Saida de Pista;1;2;;;;;1
08/12/2010;17:56:00;353;sem vítima;570,7999877929688;BR-381/MG;Sul;Outros - Sequência;1;2;;;;;1
08/12/2010;02:42:00;37;com vítima;842;BR-381/MG;Sul;Colisão Traseira;2;1;;1;;;2
08/12/2010;03:34:00;49;sem vítima;842,9000244140625;BR-381/MG;Sul;Colisão Traseira;2;2;;;;;1
08/12/2010;14:31:00;268;com vítima;844,5;BR-381/MG;Sul;Colisão Traseira;1;1;;;;1;3
09/12/2010;01:53:00;34;sem vítima;76,4000015258789;BR-381/SP;Norte;Outros;1;1;;;;;1
09/12/2010;14:07:00;298;com vítima;85,5;BR-381/SP;Norte;Colisão Lateral;1;1;;;1;;2
09/12/2010;07:31:00;100;sem vítima;477,5;BR-381/MG;Norte;Colisão Lateral;1;2;;;;;1
09/12/2010;17:30:00;388;sem vítima;491,8999938964844;BR-381/MG;Norte;Colisão Traseira;1;2;;;;;1
09/12/2010;11:40:00;246;sem vítima;494,20001220703125;BR-381/MG;Sul;Tombamento;1;1;;;;;1
09/12/2010;13:35:00;290;sem vítima;535,5;BR-381/MG;Norte;Tombamento;1;1;;;;;1
09/12/2010;15:10:00;327;com vítima;671,5;BR-381/MG;Norte;Tombamento;1;0;1;;;;1
09/12/2010;07:18:00;94;sem vítima;734;BR-381/MG;Norte;Colisão Traseira;2;2;;;;;1
09/12/2010;08:34:00;133;sem vítima;900;BR-381/MG;Norte;Colisão Traseira;1;3;;;;;1
10/12/2010;14:14:00;326;sem vítima;22;BR-381/SP;Norte;Colisão Traseira;2;2;;;;;1
10/12/2010;18:04:00;448;sem vítima;483;BR-381/MG;Sul;Engavetamento;1;3;;;;;1
10/12/2010;08:53:00;167;sem vítima;491,8999938964844;BR-381/MG;Norte;Colisão Lateral;1;2;;;;;1
10/12/2010;03:42:00;61;sem vítima;535;BR-381/MG;Sul;Choque - Veiculo parado no acostamento;2;2;;;;;1
10/12/2010;00:27:00;11;sem vítima;584;BR-381/MG;Norte;Saida de Pista;1;1;;;;;1
10/12/2010;17:55:00;445;sem vítima;722;BR-381/MG;Norte;Colisão Traseira;1;2;;;;;1
10/12/2010;02:16:00;38;sem vítima;827;BR-381/MG;Sul;Saida de Pista;1;1;;;;;1
10/12/2010;00:23:00;10;com vítima;836;BR-381/MG;Norte;Tombamento;1;0;;1;;;2
10/12/2010;10:08:00;215;sem vítima;923;BR-381/MG;Sul;Colisão Traseira;2;2;;;;;1
10/12/2010;09:26:00;193;sem vítima;924;BR-381/MG;Sul;Colisão Lateral;1;2;;;;;1
11/12/2010;01:48:00;41;sem vítima;4,199999809265137;BR-381/SP;Norte;Tombamento;1;1;;;;;1
11/12/2010;19:51:00;426;com vítima;477,8999938964844;BR-381/MG;Sul;Colisão Lateral;1;1;;1;;1;3
11/12/2010;11:16:00;207;sem vítima;489,6000061035156;BR-381/MG;Sul;Choque - Talude;1;1;;;;;1
11/12/2010;17:40:00;357;sem vítima;494;BR-381/MG;Norte;Colisão Lateral;1;2;;;;;1
11/12/2010;14:49:00;295;com vítima;521,7000122070312;BR-381/MG;Sul;Tombamento;1;0;3;;;;1
11/12/2010;09:57:00;177;sem vítima;525;BR-381/MG;Norte;Colisão Lateral;2;3;;;;;1
11/12/2010;19:03:00;406;sem vítima;566;BR-381/MG;Norte;Saida de Pista;1;1;;;;;1
11/12/2010;07:51:00;129;sem vítima;603,5;BR-381/MG;Norte;Saida de Pista;1;1;;;;;1
11/12/2010;06:23:00;100;com vítima;849;BR-381/MG;Norte;Tombamento;1;0;1;;;1;3
12/12/2010;04:14:00;71;com vítima;17,899999618530273;BR-381/SP;Norte;Colisão Traseira;1;1;;1;;;2
12/12/2010;18:10:00;350;com vítima;18;BR-381/SP;Norte;Colisão Traseira;1;1;;;1;;2
12/12/2010;16:49:00;312;com vítima;525,5;BR-381/MG;Sul;Tombamento;1;0;;1;1;;2
12/12/2010;16:46:00;311;sem vítima;733;BR-381/MG;Norte;Choque - Elemento de Drenagem;1;1;;;;;1
12/12/2010;20:06:00;408;sem vítima;781;BR-381/MG;Norte;Tombamento;1;1;;;;;1
12/12/2010;16:42:00;304;sem vítima;852,7999877929688;BR-381/MG;Sul;Colisão Traseira;1;5;;;;;1
12/12/2010;17:19:00;329;com vítima;908;BR-381/MG;Norte;Tombamento;1;0;;;1;;2
13/12/2010;17:44:00;333;sem vítima;12,600000381469727;BR-381/SP;Sul;Saida de Pista;1;1;;;;;1
13/12/2010;00:06:00;2;sem vítima;35,900001525878906;BR-381/SP;Sul;Outros - Sequência;1;2;;;;;1
13/12/2010;14:34:00;244;sem vítima;73,5999984741211;BR-381/SP;Norte;Choque - Talude;1;1;;;;;1
13/12/2010;07:06:00;81;sem vítima;514;BR-381/MG;Norte;Colisão Traseira;2;2;;;;;1
13/12/2010;16:48:00;302;sem vítima;589,0999755859375;BR-381/MG;Sul;Saida de Pista;1;1;;;;;1
13/12/2010;22:12:00;430;sem vítima;601;BR-381/MG;Sul;Choque - Talude;1;1;;;;;1
13/12/2010;17:33:00;327;sem vítima;708;BR-381/MG;Norte;Tombamento;1;1;;;;;1
13/12/2010;18:06:00;350;sem vítima;725,5;BR-381/MG;Norte;Colisão Traseira;1;2;;;;;1
13/12/2010;20:43:00;408;com vítima;807,5;BR-381/MG;Sul;Outros - Sequência;1;0;1;;;;1
13/12/2010;18:12:00;352;sem vítima;906;BR-381/MG;Sul;Choque - Arvore;1;1;;;;;1
13/12/2010;09:05:00;138;com vítima;924,5;BR-381/MG;Sul;Colisão Traseira;1;1;5;;;;1
14/12/2010;16:26:00;288;sem vítima;62;BR-381/SP;Norte;Colisão Traseira;1;2;;;;;1
14/12/2010;18:05:00;342;sem vítima;65,69999694824219;BR-381/SP;Norte;Colisão Lateral;1;2;;;;;1
14/12/2010;16:34:00;291;sem vítima;74,19999694824219;BR-381/SP;Sul;Colisão Traseira;1;2;;;;;1
14/12/2010;09:08:00;120;sem vítima;88,5;BR-381/SP;Sul;Colisão Traseira;1;2;;;;;1
14/12/2010;11:24:00;172;sem vítima;484;BR-381/MG;Sul;Outros;1;1;;;;;1
14/12/2010;07:33:00;87;com vítima;490;BR-381/MG;Norte;Colisão Lateral;1;1;2;;;;1
14/12/2010;08:18:00;105;sem vítima;494;BR-381/MG;Norte;Colisão Lateral;1;2;;;;;1
14/12/2010;16:28:00;289;sem vítima;494;BR-381/MG;Sul;Colisão Traseira;2;2;;;;;1
14/12/2010;10:58:00;168;com vítima;527,2999877929688;BR-381/MG;Sul;Atropelamento - Funcionário;1;1;;1;;;2
14/12/2010;02:36:00;37;sem vítima;660;BR-381/MG;Sul;Colisão Traseira;2;2;;;;;1
14/12/2010;14:45:00;236;sem vítima;713,2000122070312;BR-381/MG;Sul;Outros - Sequência;1;1;;;;;1
14/12/2010;16:17:00;282;com vítima;877;BR-381/MG;Norte;Outros - Sequência;1;1;1;;;;1
14/12/2010;15:00:00;245;sem vítima;889;BR-381/MG;Sul;Saida de Pista;1;1;;;;;1
15/12/2010;14:21:00;287;com vítima;39,79999923706055;BR-381/SP;Norte;Engavetamento;1;10;3;;;;1
15/12/2010;17:12:00;368;sem vítima;479;BR-381/MG;Sul;Colisão Traseira;1;2;;;;;1
15/12/2010;17:56:00;385;com vítima;480,79998779296875;BR-381/MG;Norte;Engavetamento;1;3;1;;;;1
15/12/2010;19:37:00;429;sem vítima;485,70001220703125;BR-381/MG;Norte;Colisão Traseira;1;2;;;;;1
15/12/2010;15:05:00;303;sem vítima;500,70001220703125;BR-381/MG;Sul;Choque - Defensa, barreira ou "submarino";1;1;;;;;1
15/12/2010;16:55:00;358;sem vítima;588;BR-381/MG;Norte;Colisão Traseira;2;2;;;;;1
15/12/2010;09:29:00;171;sem vítima;606;BR-381/MG;Norte;Colisão Lateral;2;3;;;;;1
15/12/2010;23:58:00;512;sem vítima;658;BR-381/MG;Sul;Choque - Elemento de Drenagem;1;1;;;;;1
15/12/2010;02:35:00;36;sem vítima;707;BR-381/MG;Norte;Choque - Talude;1;1;;;;;1
15/12/2010;05:36:00;74;sem vítima;735,5;BR-381/MG;Norte;Colisão Traseira;1;2;;;;;1
15/12/2010;03:41:00;53;sem vítima;785,5;BR-381/MG;Norte;Tombamento;1;1;;;;;1
15/12/2010;23:22:00;505;sem vítima;824,5;BR-381/MG;Sul;Saida de Pista;1;2;;;;;1
15/12/2010;22:52:00;492;sem vítima;825;BR-381/MG;Sul;Colisão Lateral;1;4;;;;;1
15/12/2010;18:17:00;396;com vítima;831,5;BR-381/MG;Norte;Tombamento;1;0;;1;;;2
15/12/2010;07:13:00;104;com vítima;938,7999877929688;BR-381/MG;Sul;Colisão Traseira;1;1;;1;;;2
15/12/2010;14:59:00;298;com vítima;941;BR-381/MG;Sul;Colisão Frontal;1;1;2;;;;1
16/12/2010;10:06:00;164;sem vítima;15,300000190734863;BR-381/SP;Sul;Colisão Traseira;2;2;;;;;1
16/12/2010;06:17:00;77;sem vítima;494;BR-381/MG;Sul;Tombamento;1;1;;;;;1
16/12/2010;10:32:00;180;sem vítima;494;BR-381/MG;Sul;Colisão Lateral;1;2;;;;;1
16/12/2010;13:37:00;258;com vítima;525;BR-381/MG;Sul;Outros - Sequência;3;1;1;1;;;2
16/12/2010;09:18:00;143;sem vítima;528,5;BR-381/MG;Norte;Colisão Lateral;1;3;;;;;1
16/12/2010;17:20:00;357;sem vítima;643,2000122070312;BR-381/MG;Sul;Colisão Traseira;1;2;;;;;1
16/12/2010;03:43:00;43;sem vítima;644,0999755859375;BR-381/MG;Sul;Saida de Pista;1;1;;;;;1
16/12/2010;22:55:00;476;sem vítima;673;BR-381/MG;Norte;Colisão Traseira;2;2;;;;;1
16/12/2010;15:48:00;313;sem vítima;677,5;BR-381/MG;Sul;Saida de Pista;1;1;;;;;1
16/12/2010;06:24:00;79;sem vítima;695,2999877929688;BR-381/MG;Norte;Saida de Pista;1;1;;;;;1
16/12/2010;03:04:00;38;sem vítima;763,2999877929688;BR-381/MG;Sul;Tombamento;1;1;;;;;1
16/12/2010;16:32:00;329;com vítima;877;BR-381/MG;Sul;Saida de Pista;2;3;;1;;;2
16/12/2010;06:15:00;76;sem vítima;907;BR-381/MG;Sul;Choque - Suporte de Sinalização;1;1;;;;;1
16/12/2010;04:49:00;54;com vítima;911,5;BR-381/MG;Sul;Tombamento;1;0;1;;;;1
16/12/2010;14:33:00;273;sem vítima;915,2999877929688;BR-381/MG;Norte;Choque - Defensa, barreira ou "submarino";1;2;;;;;1
16/12/2010;06:55:00;92;sem vítima;934;BR-381/MG;Sul;Outros - Sequência;3;3;;;;;1
17/12/2010;03:48:00;58;sem vítima;2,5;BR-381/SP;Norte;Tombamento;1;1;;;;;1
17/12/2010;06:45:00;102;sem vítima;34;BR-381/SP;Sul;Colisão Traseira;2;3;;;;;1
17/12/2010;21:41:00;550;sem vítima;65,69999694824219;BR-381/SP;Norte;Colisão Lateral;2;2;;;;;1
17/12/2010;07:23:00;118;sem vítima;66,69999694824219;BR-381/SP;Norte;Colisão Traseira;1;2;;;;;1
17/12/2010;18:28:00;463;com vítima;516;BR-381/MG;Norte;Colisão Lateral;1;2;1;;;;1
17/12/2010;11:45:00;259;sem vítima;676,9000244140625;BR-381/MG;Sul;Choque - Defensa, barreira ou "submarino";1;2;;;;;1
17/12/2010;03:30:00;54;sem vítima;724,2999877929688;BR-381/MG;Sul;Colisão Traseira;1;4;;;;;1
17/12/2010;16:22:00;403;sem vítima;781;BR-381/MG;Norte;Colisão Lateral;1;2;;;;;1
17/12/2010;08:46:00;169;sem vítima;801;BR-381/MG;Sul;Colisão Lateral;2;3;;;;;1
17/12/2010;14:48:00;361;com vítima;865,9000244140625;BR-381/MG;Sul;Outros - Sequência;2;1;1;;;;1
17/12/2010;10:04:00;210;sem vítima;894;BR-381/MG;Norte;Colisão Lateral;2;2;;;;;1
18/12/2010;14:22:00;308;sem vítima;43,70000076293945;BR-381/SP;Norte;Outros;1;2;;;;;1
18/12/2010;20:21:00;462;sem vítima;489;BR-381/MG;Norte;Outros - Sequência;1;1;;;;;1
18/12/2010;03:24:00;59;com vítima;494;BR-381/MG;Sul;Choque - Veiculo parado no acostamento;1;1;;;;1;3
18/12/2010;19:09:00;431;com vítima;512;BR-381/MG;Sul;Colisão Traseira;1;1;1;;;;1
18/12/2010;18:36:00;425;sem vítima;524,7999877929688;BR-381/MG;Sul;Choque - Talude;1;1;;;;;1
18/12/2010;07:54:00;129;sem vítima;525;BR-381/MG;Sul;Saida de Pista;1;1;;;;;1
18/12/2010;17:33:00;396;sem vítima;540;BR-381/MG;Norte;Outros - Sequência;2;3;;;;;1
18/12/2010;03:28:00;61;sem vítima;559;BR-381/MG;Norte;Choque - Talude;1;2;;;;;1
18/12/2010;01:51:00;30;sem vítima;597;BR-381/MG;Norte;Colisão Traseira;1;2;;;;;1
18/12/2010;15:17:00;337;sem vítima;607;BR-381/MG;Sul;Colisão Lateral;1;3;;;;;1
18/12/2010;09:10:00;162;com vítima;613;BR-381/MG;Norte;Colisão Lateral;1;1;1;;;;1
18/12/2010;11:13:00;234;com vítima;649;BR-381/MG;Norte;Atropelamento - Andarilho;1;1;1;;1;;2
18/12/2010;07:10:00;114;com vítima;722;BR-381/MG;Norte;Tombamento;1;0;2;;;;1
19/12/2010;17:37:00;339;com vítima;491,5;BR-381/MG;Norte;Colisão Lateral;1;2;1;;;;1
19/12/2010;17:45:00;343;sem vítima;540,7000122070312;BR-381/MG;Norte;Choque - Suporte de Sinalização;1;1;;;;;1
19/12/2010;18:22:00;363;com vítima;585,2999877929688;BR-381/MG;Sul;Choque - Defensa, barreira ou "submarino";1;0;2;;;;1
19/12/2010;18:27:00;367;com vítima;750;BR-381/MG;Sul;Colisão Traseira;1;1;;;;1;3
19/12/2010;12:28:00;196;sem vítima;763;BR-381/MG;Sul;Colisão Lateral;2;3;;;;;1
19/12/2010;17:14:00;325;com vítima;763,5;BR-381/MG;Sul;Colisão Traseira;1;1;5;;;;1
20/12/2010;19:14:00;446;com vítima;45;BR-381/SP;Sul;Colisão Traseira;2;1;;1;;;2
20/12/2010;12:59:00;260;sem vítima;485,79998779296875;BR-381/MG;Sul;Colisão Lateral;1;2;;;;;1
20/12/2010;12:17:00;241;sem vítima;486;BR-381/MG;Sul;Outros - Sequência;1;1;;;;;1
20/12/2010;07:44:00;100;sem vítima;487;BR-381/MG;Norte;Colisão Traseira;1;2;;;;;1
20/12/2010;06:34:00;77;sem vítima;489;BR-381/MG;Sul;Colisão Lateral;1;2;;;;;1
20/12/2010;04:57:00;55;sem vítima;579,2000122070312;BR-381/MG;Sul;Choque - Talude;1;2;;;;;1
20/12/2010;22:56:00;503;sem vítima;595;BR-381/MG;Norte;Saida de Pista;1;1;;;;;1
21/12/2010;05:00:00;68;sem vítima;66,69999694824219;BR-381/SP;Sul;Colisão Traseira;1;2;;;;;1
21/12/2010;10:58:00;229;sem vítima;79;BR-381/SP;Sul;Choque - Defensa, barreira ou "submarino";1;1;;;;;1
21/12/2010;23:46:00;568;com vítima;79;BR-381/SP;Sul;Tombamento;1;0;;;;1;3
21/12/2010;23:31:00;564;sem vítima;724,2000122070312;BR-381/MG;Sul;Colisão Traseira;2;2;;;;;1
21/12/2010;20:22:00;498;sem vítima;868,9000244140625;BR-381/MG;Norte;Tombamento;1;1;;;;;1
21/12/2010;20:13:00;491;sem vítima;871;BR-381/MG;Norte;Colisão Transversal;1;2;;;;;1
21/12/2010;08:00:00;131;sem vítima;901;BR-381/MG;Norte;Colisão Traseira;1;2;;;;;1
21/12/2010;08:37:00;141;sem vítima;906,5;BR-381/MG;Sul;Colisão Lateral;2;2;;;;;1
22/12/2010;15:14:00;328;com vítima;27,5;BR-381/SP;Norte;Colisão Traseira;2;1;;;2;;2
22/12/2010;01:06:00;14;sem vítima;493,8999938964844;BR-381/MG;Norte;Choque - Defensa, barreira ou "submarino";1;1;;;;;1
22/12/2010;22:36:00;535;sem vítima;494;BR-381/MG;Norte;Colisão Lateral;1;2;;;;;1
22/12/2010;08:54:00;146;sem vítima;517;BR-381/MG;Norte;Colisão Lateral;1;3;;;;;1
22/12/2010;20:35:00;494;com vítima;571;BR-381/MG;Norte;Engavetamento;2;3;1;1;;;2
22/12/2010;02:59:00;37;sem vítima;622,9000244140625;BR-381/MG;Sul;Colisão Traseira;2;3;;;;;1
22/12/2010;10:01:00;184;com vítima;722;BR-381/MG;Norte;Tombamento;1;0;1;;;;1
22/12/2010;21:18:00;514;com vítima;823;BR-381/MG;Norte;Outros - Sequência;1;2;;3;2;;2
23/12/2010;18:19:00;471;com vítima;26;BR-381/SP;Sul;Colisão Lateral;1;2;1;;;;1
23/12/2010;04:48:00;79;com vítima;31;BR-381/SP;Sul;Outros - Sequência;1;0;3;2;1;;2
23/12/2010;11:40:00;245;sem vítima;34,5;BR-381/SP;Norte;Colisão Lateral;1;2;;;;;1
23/12/2010;13:53:00;325;sem vítima;35,599998474121094;BR-381/SP;Norte;Colisão Lateral;1;2;;;;;1
23/12/2010;09:00:00;164;sem vítima;491;BR-381/MG;Sul;Colisão Traseira;1;2;;;;;1
23/12/2010;10:34:00;210;sem vítima;502;BR-381/MG;Norte;Colisão Traseira;2;2;;;;;1
23/12/2010;18:48:00;485;sem vítima;521,2999877929688;BR-381/MG;Norte;Choque - Suporte de Sinalização;1;2;;;;;1
23/12/2010;00:53:00;14;sem vítima;523,7000122070312;BR-381/MG;Norte;Colisão Traseira;1;3;;;;;1
23/12/2010;18:58:00;493;sem vítima;524;BR-381/MG;Sul;Engavetamento;1;4;;;;;1
23/12/2010;23:24:00;617;sem vítima;539,0999755859375;BR-381/MG;Norte;Choque - Talude;1;2;;;;;1
23/12/2010;18:56:00;489;com vítima;557;BR-381/MG;Sul;Saida de Pista;1;0;;1;;;2
23/12/2010;13:35:00;315;com vítima;562;BR-381/MG;Norte;Colisão Traseira;2;1;;1;;;2
23/12/2010;05:27:00;84;sem vítima;571;BR-381/MG;Norte;Saida de Pista;1;1;;;;;1
23/12/2010;23:48:00;628;sem vítima;581;BR-381/MG;Sul;Colisão Traseira;1;2;;;;;1
23/12/2010;03:28:00;55;sem vítima;639,2999877929688;BR-381/MG;Norte;Tombamento;1;1;;;;;1
23/12/2010;13:40:00;319;com vítima;654;BR-381/MG;Norte;Colisão Traseira;1;1;3;;;;1
23/12/2010;02:30:00;41;sem vítima;666,0999755859375;BR-381/MG;Sul;Choque - Defensa, barreira ou "submarino";1;1;;;;;1
23/12/2010;18:16:00;468;sem vítima;689;BR-381/MG;Norte;Colisão Traseira;1;10;;;;;1
23/12/2010;18:36:00;480;sem vítima;714,2000122070312;BR-381/MG;Norte;Colisão Traseira;1;2;;;;;1
23/12/2010;13:50:00;323;sem vítima;790;BR-381/MG;Sul;Choque - Suporte de Sinalização;1;1;;;;;1
23/12/2010;07:02:00;111;sem vítima;795;BR-381/MG;Norte;Outros - Sequência;1;2;;;;;1
23/12/2010;18:19:00;470;sem vítima;908;BR-381/MG;Norte;Colisão Lateral;1;2;;;;;1
24/12/2010;02:44:00;54;com vítima;36,79999923706055;BR-381/SP;Norte;Atropelamento - Andarilho;1;1;;;;1;3
24/12/2010;17:31:00;463;sem vítima;68;BR-381/SP;Sul;Choque - Elemento de Drenagem;1;1;;;;;1
24/12/2010;13:35:00;327;sem vítima;524;BR-381/MG;Sul;Colisão Traseira;1;2;;;;;1
24/12/2010;12:39:00;305;com vítima;529,5;BR-381/MG;Norte;Outros - Sequência;1;0;;1;;;2
24/12/2010;01:10:00;24;com vítima;649,9000244140625;BR-381/MG;Sul;Tombamento;1;0;1;;;;1
24/12/2010;06:19:00;106;sem vítima;667;BR-381/MG;Sul;Choque - Suporte de Sinalização;1;1;;;;;1
24/12/2010;07:56:00;159;sem vítima;813;BR-381/MG;Norte;Colisão Lateral;1;3;;;;;1
25/12/2010;13:40:00;189;com vítima;60;BR-381/SP;Norte;Colisão Traseira;1;1;1;;;;1
25/12/2010;05:57:00;35;sem vítima;665,5999755859375;BR-381/MG;Sul;Choque - Suporte de Sinalização;1;1;;;;;1
26/12/2010;23:39:00;502;com vítima;654,7000122070312;BR-381/MG;Sul;Tombamento;1;0;1;;;;1
27/12/2010;22:57:00;453;sem vítima;65,69999694824219;BR-381/SP;Norte;Atropelamento de Animal;1;1;;;;;1
27/12/2010;13:14:00;250;sem vítima;488;BR-381/MG;Sul;Colisão Lateral;1;2;;;;;1
27/12/2010;12:02:00;224;sem vítima;496;BR-381/MG;Norte;Outros - Sequência;1;6;;;;;1
27/12/2010;01:23:00;28;sem vítima;598,4000244140625;BR-381/MG;Sul;Outros - Sequência;1;2;;;;;1
27/12/2010;14:52:00;291;com vítima;667;BR-381/MG;Norte;Outros - Sequência;1;1;1;;;;1
27/12/2010;17:27:00;357;sem vítima;749,7999877929688;BR-381/MG;Sul;Engavetamento;1;13;;;;;1
27/12/2010;16:59:00;344;com vítima;750,0999755859375;BR-381/MG;Sul;Engavetamento;1;16;5;;;;1
27/12/2010;07:55:00;107;sem vítima;761,0999755859375;BR-381/MG;Norte;Colisão Lateral;1;2;;;;;1
27/12/2010;04:36:00;57;sem vítima;878,2999877929688;BR-381/MG;Sul;Colisão Lateral;1;2;;;;;1
28/12/2010;12:02:00;194;sem vítima;75;BR-381/SP;Norte;Colisão Traseira;1;2;;;;;1
28/12/2010;08:34:00;108;sem vítima;482,70001220703125;BR-381/MG;Sul;Colisão Lateral;1;2;;;;;1
28/12/2010;03:43:00;40;sem vítima;483;BR-381/MG;Sul;Tombamento;1;1;;;;;1
28/12/2010;04:48:00;52;sem vítima;670,4000244140625;BR-381/MG;Norte;Colisão Traseira;2;3;;;;;1
28/12/2010;11:57:00;192;sem vítima;802;BR-381/MG;Norte;Saida de Pista;1;1;;;;;1
28/12/2010;17:27:00;302;com vítima;922;BR-381/MG;Norte;Colisão Traseira;1;1;2;;;;1
28/12/2010;13:15:00;209;sem vítima;938,5;BR-381/MG;Sul;Colisão Lateral;2;2;;;;;1
29/12/2010;05:48:00;71;sem vítima;2;BR-381/SP;Norte;Atropelamento de Animal;1;1;;;;;1
29/12/2010;14:47:00;279;sem vítima;47,900001525878906;BR-381/SP;Norte;Saida de Pista;1;1;;;;;1
29/12/2010;10:11:00;177;sem vítima;90;BR-381/SP;Sul;Colisão Traseira;1;3;;;;;1
29/12/2010;13:19:00;249;com vítima;480;BR-381/MG;Norte;Colisão Lateral;1;1;1;;;;1
29/12/2010;22:42:00;508;sem vítima;486,1000061035156;BR-381/MG;Norte;Colisão Traseira;1;2;;;;;1
29/12/2010;23:50:00;524;sem vítima;566,7999877929688;BR-381/MG;Sul;Tombamento;1;1;;;;;1
30/12/2010;06:21:00;73;sem vítima;492;BR-381/MG;Norte;Colisão Traseira;1;2;;;;;1
30/12/2010;17:18:00;358;sem vítima;524;BR-381/MG;Sul;Colisão Traseira;2;2;;;;;1
30/12/2010;12:09:00;222;com vítima;527,5;BR-381/MG;Norte;Tombamento;1;0;1;;;;1
30/12/2010;04:38:00;54;com vítima;670;BR-381/MG;Sul;Colisão Traseira;2;1;1;1;;;2
30/12/2010;06:40:00;77;com vítima;722,2000122070312;BR-381/MG;Norte;Outros - Sequência;1;0;;;;1;3
30/12/2010;15:04:00;286;sem vítima;723,5;BR-381/MG;Sul;Colisão Traseira;1;4;;;;;1
30/12/2010;00:57:00;16;sem vítima;741;BR-381/MG;Sul;Saida de Pista;1;1;;;;;1
30/12/2010;15:12:00;291;sem vítima;750,2999877929688;BR-381/MG;Sul;Outros - Sequência;1;1;;;;;1
30/12/2010;07:07:00;84;com vítima;867;BR-381/MG;Norte;Colisão Lateral;1;1;;;1;;2
31/12/2010;12:34:00;190;sem vítima;66,69999694824219;BR-381/SP;Sul;Choque - Defensa, barreira ou "submarino";1;1;;;;;1
31/12/2010;10:39:00;160;sem vítima;494;BR-381/MG;Norte;Engavetamento;2;5;;;;;1
31/12/2010;14:19:00;230;com vítima;832,5;BR-381/MG;Sul;Choque - Arvore;1;0;1;;;;1
01/01/2011;18:32:00;283;com vítima;22;BR-381/SP;Norte;Colisão Frontal;1;1;2;1;;;2
01/01/2011;16:27:00;226;sem vítima;486;BR-381/MG;Sul;Colisão Traseira;1;2;;;;;1
02/01/2011;18:02:00;405;sem vítima;488,29998779296875;BR-381/MG;Sul;Engavetamento;1;3;;;;;1
02/01/2011;07:48:00;88;sem vítima;568;BR-381/MG;Norte;Engavetamento;1;3;;;;;1
02/01/2011;18:28:00;416;sem vítima;696,9000244140625;BR-381/MG;Sul;Engavetamento;1;3;;;;;1
02/01/2011;07:39:00;85;com vítima;726,5;BR-381/MG;Norte;Engavetamento;1;16;2;;;;1
02/01/2011;14:50:00;281;sem vítima;913;BR-381/MG;Sul;Colisão Lateral;2;4;;;;;1
02/01/2011;17:53:00;398;com vítima;915;BR-381/MG;Sul;Outros - Sequência;1;3;3;;;;1
03/01/2011;01:37:00;23;sem vítima;30;BR-381/SP;Norte;Colisão Traseira;1;2;;;;;1
03/01/2011;14:53:00;306;com vítima;526;BR-381/MG;Sul;Outros - Sequência;1;0;4;;;;1
03/01/2011;00:27:00;10;com vítima;688;BR-381/MG;Norte;Tombamento;1;0;2;;;;1
03/01/2011;23:14:00;496;sem vítima;728,5;BR-381/MG;Sul;Saida de Pista;1;1;;;;;1
04/01/2011;08:39:00;117;sem vítima;488;BR-381/MG;Norte;Colisão Lateral;1;2;;;;;1