data;horario;n_da_ocorrencia;tipo_de_ocorrencia;km;trecho;sentido;tipo_de_acidente;caminhao;ilesos;levemente_feridos;moderadamente_feridos;gravemente_feridos;mortos;3
04/01/2011;18:34:00;351;sem vítima;519;BR-381/MG;Norte;Colisão Traseira;1;2;;;;;1
04/01/2011;09:59:00;153;sem vítima;525;BR-381/MG;Sul;Engavetamento;2;7;;;;;1
04/01/2011;13:30:00;284;sem vítima;623;BR-381/MG;Norte;Colisão Lateral;1;2;;;;;1
04/01/2011;09:32:00;139;sem vítima;946;BR-381/MG;Sul;Choque - Suporte de Sinalização;1;1;;;;;1
05/01/2011;08:26:00;125;sem vítima;37,79999923706055;BR-381/SP;Norte;Tombamento;1;1;;;;;1
05/01/2011;06:36:00;78;com vítima;495;BR-381/MG;Sul;Tombamento;1;0;1;;;;1
05/01/2011;01:33:00;29;sem vítima;567;BR-381/MG;Sul;Tombamento;1;1;;;;;1
05/01/2011;22:36:00;479;com vítima;738;BR-381/MG;Sul;Tombamento;1;0;1;;;;1
06/01/2011;21:45:00;419;com vítima;68;BR-381/SP;Sul;Atropelamento - Sem Informação;1;1;;;;1;3
06/01/2011;17:16:00;320;sem vítima;73;BR-381/SP;Sul;Colisão Lateral;1;2;;;;;1
06/01/2011;14:55:00;256;com vítima;478,29998779296875;BR-381/MG;Sul;Colisão Traseira;1;1;1;;;;1
06/01/2011;13:50:00;235;sem vítima;585,5;BR-381/MG;Norte;Choque - Elemento de Drenagem;1;1;;;;;1
06/01/2011;11:16:00;184;com vítima;597;BR-381/MG;Norte;Colisão Traseira;1;2;7;;;;1
06/01/2011;01:48:00;28;sem vítima;712;BR-381/MG;Sul;Colisão Traseira;1;5;;;;;1
06/01/2011;19:43:00;386;com vítima;792,7999877929688;BR-381/MG;Sul;Colisão Traseira;1;3;1;;;;1
06/01/2011;22:15:00;430;sem vítima;793,2999877929688;BR-381/MG;Norte;Tombamento;1;2;;;;;1
06/01/2011;14:32:00;247;com vítima;889;BR-381/MG;Sul;Tombamento;1;0;1;;;;1
06/01/2011;13:36:00;230;sem vítima;946,5;BR-381/MG;Sul;Outros - Sequência;1;7;;;;;1
07/01/2011;05:23:00;48;com vítima;26;BR-381/SP;Sul;Colisão Traseira;1;1;;1;;;2
07/01/2011;08:37:00;107;com vítima;526,7999877929688;BR-381/MG;Norte;Outros - Sequência;1;0;;;2;;2
07/01/2011;01:40:00;17;com vítima;651,5;BR-381/MG;Sul;Colisão Traseira;2;0;;1;;1;3
07/01/2011;16:49:00;319;com vítima;794,5;BR-381/MG;Norte;Colisão Traseira;2;0;2;;;;1
07/01/2011;02:56:00;34;sem vítima;816;BR-381/MG;Norte;Colisão Lateral;2;2;;;;;1
07/01/2011;07:01:00;65;com vítima;824,9500122070312;BR-381/MG;Sul;Tombamento;1;1;2;;;;1
07/01/2011;14:14:00;220;sem vítima;938,5;BR-381/MG;Sul;Colisão Lateral;1;2;;;;;1
08/01/2011;19:11:00;395;sem vítima;13;BR-381/SP;Sul;Colisão Traseira;2;4;;;;;1
08/01/2011;03:34:00;56;com vítima;22,5;BR-381/SP;Sul;Colisão Traseira;1;20;1;;;;1
08/01/2011;10:46:00;188;sem vítima;495;BR-381/MG;Sul;Outros - Sequência;1;1;;;;;1
08/01/2011;18:34:00;382;sem vítima;729,5;BR-381/MG;Norte;Choque - Elemento de Drenagem;1;1;;;;;1
08/01/2011;08:01:00;119;sem vítima;772,7000122070312;BR-381/MG;Sul;Choque - Outros;1;1;;;;;1
09/01/2011;18:42:00;394;com vítima;525;BR-381/MG;Sul;Outros - Sequência;2;1;;1;;1;3
09/01/2011;15:21:00;285;sem vítima;533;BR-381/MG;Sul;Colisão Traseira;1;2;;;;;1
09/01/2011;07:29:00;97;sem vítima;648,5999755859375;BR-381/MG;Norte;Colisão Traseira;1;7;;;;;1
09/01/2011;00:39:00;14;sem vítima;709,7999877929688;BR-381/MG;Norte;Tombamento;1;1;;;;;1
10/01/2011;15:16:00;331;sem vítima;62;BR-381/SP;Sul;Colisão Traseira;2;2;;;;;1
10/01/2011;19:09:00;452;sem vítima;485;BR-381/MG;Norte;Choque - Objeto sobre a pista;1;3;;;;;1
10/01/2011;22:31:00;522;sem vítima;492;BR-381/MG;Sul;Colisão Lateral;1;2;;;;;1
10/01/2011;09:27:00;170;sem vítima;592,7999877929688;BR-381/MG;Sul;Colisão Lateral;1;4;;;;;1
10/01/2011;18:54:00;443;sem vítima;700,5;BR-381/MG;Norte;Choque - Defensa, barreira ou "submarino";1;1;;;;;1
10/01/2011;08:07:00;110;sem vítima;741,7999877929688;BR-381/MG;Sul;Colisão Traseira;1;4;;;;;1
10/01/2011;12:01:00;249;sem vítima;778,7000122070312;BR-381/MG;Sul;Colisão Traseira;1;4;;;;;1
10/01/2011;10:16:00;203;sem vítima;799,0999755859375;BR-381/MG;Sul;Tombamento;1;1;;;;;1
10/01/2011;19:34:00;464;sem vítima;868;BR-381/MG;Sul;Colisão Traseira;2;2;;;;;1
11/01/2011;09:48:00;190;com vítima;7,5;BR-381/SP;Sul;Colisão Lateral;1;1;1;;;;1
11/01/2011;06:19:00;92;sem vítima;41;BR-381/SP;Sul;Colisão Traseira;2;2;;;;;1
11/01/2011;01:25:00;30;sem vítima;52;BR-381/SP;Norte;Colisão Traseira;1;2;;;;;1
11/01/2011;09:41:00;185;sem vítima;524,5999755859375;BR-381/MG;Sul;Colisão Traseira;1;2;;;;;1
11/01/2011;14:36:00;307;sem vítima;524,9000244140625;BR-381/MG;Sul;Outros - Sequência;1;1;;;;;1
11/01/2011;19:58:00;440;com vítima;525,7999877929688;BR-381/MG;Sul;Tombamento;1;0;;2;1;;2
11/01/2011;10:01:00;193;sem vítima;653,9000244140625;BR-381/MG;Norte;Colisão Traseira;1;2;;;;;1
11/01/2011;07:36:00;126;sem vítima;713;BR-381/MG;Sul;Colisão Lateral;1;3;;;;;1
11/01/2011;04:42:00;72;sem vítima;851,5;BR-381/MG;Sul;Choque - Elemento de Drenagem;1;1;;;;;1
11/01/2011;09:40:00;184;sem vítima;901;BR-381/MG;Norte;Colisão Traseira;1;2;;;;;1
12/01/2011;16:05:00;292;sem vítima;72,5;BR-381/SP;Sul;Colisão Traseira;2;2;;;;;1
12/01/2011;03:27:00;41;sem vítima;87,80000305175781;BR-381/SP;Norte;Colisão Traseira;1;4;;;;;1
12/01/2011;18:20:00;348;sem vítima;484,5;BR-381/MG;Sul;Colisão Traseira;2;2;;;;;1
12/01/2011;13:54:00;231;sem vítima;487,1000061035156;BR-381/MG;Sul;Colisão Traseira;1;2;;;;;1
12/01/2011;02:46:00;35;sem vítima;519;BR-381/MG;Norte;Outros - Sequência;1;1;;;;;1
12/01/2011;07:21:00;99;sem vítima;613,5999755859375;BR-381/MG;Norte;Choque - Suporte de Sinalização;1;2;;;;;1
12/01/2011;06:28:00;81;sem vítima;750,0999755859375;BR-381/MG;Norte;Saida de Pista;1;1;;;;;1
12/01/2011;00:27:00;4;com vítima;766,7000122070312;BR-381/MG;Norte;Colisão Traseira;2;1;1;;;;1
12/01/2011;15:40:00;286;com vítima;940,5;BR-381/MG;Norte;Tombamento;1;0;1;;;;1
13/01/2011;12:13:00;213;com vítima;52;BR-381/SP;Norte;Colisão Traseira;1;4;1;;;;1
13/01/2011;05:26:00;59;sem vítima;63,79999923706055;BR-381/SP;Sul;Choque - Suporte de Sinalização;1;1;;;;;1
13/01/2011;10:38:00;169;com vítima;66,69999694824219;BR-381/SP;Sul;Outros - Sequência;1;2;1;;;;1
13/01/2011;14:01:00;245;sem vítima;89;BR-381/SP;Sul;Colisão Lateral;1;2;;;;;1
13/01/2011;16:02:00;310;com vítima;477,20001220703125;BR-381/MG;Norte;Outros - Sequência;1;1;1;;1;;2
13/01/2011;11:19:00;185;sem vítima;526;BR-381/MG;Sul;Outros - Sequência;1;1;;;;;1
13/01/2011;21:11:00;464;sem vítima;582,2999877929688;BR-381/MG;Sul;Saida de Pista;1;1;;;;;1
13/01/2011;22:31:00;486;sem vítima;666,7000122070312;BR-381/MG;Norte;Colisão Lateral;2;2;;;;;1
13/01/2011;15:18:00;285;sem vítima;670;BR-381/MG;Sul;Saida de Pista;1;1;;;;;1
13/01/2011;07:50:00;97;sem vítima;673,5999755859375;BR-381/MG;Norte;Colisão Traseira;2;2;;;;;1
13/01/2011;15:28:00;291;sem vítima;765,7000122070312;BR-381/MG;Sul;Colisão Traseira;3;3;;;;;1
13/01/2011;13:18:00;230;sem vítima;833,5999755859375;BR-381/MG;Norte;Saida de Pista;1;1;;;;;1
13/01/2011;08:22:00;113;sem vítima;844;BR-381/MG;Norte;Choque - Talude;1;1;;;;;1
13/01/2011;17:10:00;348;sem vítima;852,2000122070312;BR-381/MG;Sul;Colisão Lateral;2;2;;;;;1
13/01/2011;05:57:00;64;com vítima;924,7000122070312;BR-381/MG;Sul;Tombamento;1;0;;1;;;2
13/01/2011;11:28:00;194;sem vítima;941,2999877929688;BR-381/MG;Sul;Colisão Traseira;1;2;;;;;1
13/01/2011;14:48:00;264;sem vítima;946,5;BR-381/MG;Sul;Colisão Lateral;1;5;;;;;1
14/01/2011;13:34:00;240;sem vítima;52,5;BR-381/SP;Norte;Engavetamento;2;4;;;;;1
14/01/2011;07:44:00;113;sem vítima;66,5999984741211;BR-381/SP;Norte;Choque - Elemento de Drenagem;1;1;;;;;1
14/01/2011;11:37:00;203;com vítima;90;BR-381/SP;Sul;Outros - Sequência;1;1;2;;;;1
14/01/2011;19:11:00;396;sem vítima;485,5;BR-381/MG;Norte;Engavetamento;1;7;;;;;1
14/01/2011;16:46:00;322;sem vítima;489;BR-381/MG;Sul;Colisão Traseira;1;2;;;;;1
14/01/2011;04:31:00;57;com vítima;497;BR-381/MG;Norte;Colisão Traseira;1;1;2;1;1;;2
14/01/2011;14:33:00;255;sem vítima;525;BR-381/MG;Sul;Colisão Lateral;1;5;;;;;1
14/01/2011;04:51:00;63;sem vítima;718,5;BR-381/MG;Sul;Choque - Suporte de Sinalização;1;1;;;;;1
14/01/2011;21:54:00;460;sem vítima;854;BR-381/MG;Norte;Saida de Pista;1;1;;;;;1
15/01/2011;11:52:00;190;com vítima;487;BR-381/MG;Sul;Colisão Traseira;1;1;1;;;;1
15/01/2011;15:01:00;262;sem vítima;509;BR-381/MG;Norte;Colisão Traseira;1;2;;;;;1
15/01/2011;12:28:00;201;sem vítima;530;BR-381/MG;Sul;Choque - Elemento de Drenagem;1;1;;;;;1
15/01/2011;22:16:00;431;sem vítima;533,0999755859375;BR-381/MG;Norte;Colisão Traseira;1;2;;;;;1
15/01/2011;08:54:00;118;sem vítima;694,5;BR-381/MG;Sul;Colisão Lateral;1;3;;;;;1
16/01/2011;08:22:00;115;sem vítima;485;BR-381/MG;Sul;Colisão Traseira;1;2;;;;;1
16/01/2011;22:12:00;441;com vítima;488,8999938964844;BR-381/MG;Norte;Colisão Traseira;1;1;1;;;;1
16/01/2011;15:29:00;273;sem vítima;581;BR-381/MG;Sul;Colisão Traseira;1;2;;;;;1
16/01/2011;00:40:00;18;sem vítima;630,2000122070312;BR-381/MG;Norte;Tombamento;1;1;;;;;1
16/01/2011;14:39:00;240;sem vítima;700,5;BR-381/MG;Norte;Saida de Pista;1;1;;;;;1
16/01/2011;17:14:00;318;sem vítima;725,2000122070312;BR-381/MG;Sul;Colisão Traseira;2;2;;;;;1
16/01/2011;15:06:00;259;sem vítima;772,7000122070312;BR-381/MG;Norte;Colisão Traseira;2;2;;;;;1
17/01/2011;10:18:00;162;sem vítima;45,29999923706055;BR-381/SP;Norte;Choque - Elemento de Drenagem;1;1;;;;;1
17/01/2011;08:39:00;129;sem vítima;478,20001220703125;BR-381/MG;Norte;Outros - Sequência;2;3;;;;;1
17/01/2011;08:59:00;139;com vítima;479;BR-381/MG;Norte;Atropelamento - Morador;1;1;1;;;;1
17/01/2011;11:14:00;188;sem vítima;483;BR-381/MG;Sul;Colisão Traseira;1;2;;;;;1
17/01/2011;18:58:00;375;sem vítima;495,70001220703125;BR-381/MG;Sul;Colisão Traseira;1;2;;;;;1
17/01/2011;15:16:00;274;com vítima;510;BR-381/MG;Norte;Engavetamento;3;6;2;;;2;3
17/01/2011;08:08:00;117;sem vítima;515;BR-381/MG;Sul;Colisão Traseira;1;3;;;;;1
17/01/2011;16:28:00;320;sem vítima;517;BR-381/MG;Sul;Colisão Traseira;1;2;;;;;1
17/01/2011;09:12:00;143;com vítima;525,5;BR-381/MG;Sul;Tombamento;1;0;1;;;;1
17/01/2011;09:25:00;149;sem vítima;677;BR-381/MG;Norte;Tombamento;1;2;;;;;1
17/01/2011;19:08:00;377;sem vítima;756;BR-381/MG;Norte;Saida de Pista;1;1;;;;;1
17/01/2011;23:49:00;480;com vítima;821;BR-381/MG;Sul;Colisão Traseira;1;1;1;1;;;2
17/01/2011;09:15:00;146;sem vítima;906;BR-381/MG;Norte;Colisão Traseira;1;2;;;;;1
18/01/2011;12:55:00;279;sem vítima;37;BR-381/SP;Sul;Saida de Pista;1;1;;;;;1
18/01/2011;15:50:00;371;sem vítima;37;BR-381/SP;Sul;Colisão Traseira;1;2;;;;;1
18/01/2011;10:58:00;222;sem vítima;40,20000076293945;BR-381/SP;Norte;Outros - Sequência;2;3;;;;;1
18/01/2011;21:05:00;487;sem vítima;487,5;BR-381/MG;Norte;Colisão Traseira;1;2;;;;;1
18/01/2011;08:04:00;126;sem vítima;491;BR-381/MG;Sul;Colisão Lateral;1;2;;;;;1
18/01/2011;11:14:00;232;sem vítima;495,79998779296875;BR-381/MG;Norte;Colisão Lateral;1;2;;;;;1
18/01/2011;21:48:00;497;com vítima;524,7999877929688;BR-381/MG;Sul;Tombamento;1;0;1;;;;1
18/01/2011;23:57:00;528;sem vítima;877,5;BR-381/MG;Norte;Choque - Defensa, barreira ou "submarino";1;1;;;;;1
18/01/2011;15:51:00;361;sem vítima;946;BR-381/MG;Sul;Colisão Traseira;1;2;;;;;1
19/01/2011;18:05:00;443;sem vítima;19,5;BR-381/SP;Norte;Saida de Pista;1;1;;;;;1
19/01/2011;19:10:00;474;sem vítima;66,69999694824219;BR-381/SP;Sul;Engavetamento;1;3;;;;;1
19/01/2011;10:22:00;229;sem vítima;497,5;BR-381/MG;Norte;Engavetamento;3;3;;;;;1
19/01/2011;10:58:00;249;sem vítima;695,9000244140625;BR-381/MG;Sul;Choque - Suporte de Sinalização;1;2;;;;;1
19/01/2011;23:55:00;562;sem vítima;699,7000122070312;BR-381/MG;Sul;Choque - Defensa, barreira ou "submarino";1;2;;;;;1
19/01/2011;10:29:00;234;sem vítima;880;BR-381/MG;Norte;Colisão Traseira;1;2;;;;;1
19/01/2011;04:33:00;74;sem vítima;907,2999877929688;BR-381/MG;Norte;Tombamento;1;1;;;;;1
20/01/2011;12:29:00;208;sem vítima;46,29999923706055;BR-381/SP;Norte;Colisão Traseira;2;2;;;;;1
20/01/2011;07:25:00;92;sem vítima;485;BR-381/MG;Sul;Colisão Lateral;1;2;;;;;1
20/01/2011;12:01:00;191;com vítima;526,0499877929688;BR-381/MG;Sul;Tombamento;1;0;1;;;;1
20/01/2011;17:29:00;330;sem vítima;597,5;BR-381/MG;Norte;Colisão Lateral;2;2;;;;;1
20/01/2011;17:21:00;323;com vítima;597,7000122070312;BR-381/MG;Norte;Engavetamento;2;2;;1;;1;3
20/01/2011;01:28:00;20;com vítima;668,4000244140625;BR-381/MG;Norte;Outros - Sequência;1;1;;1;;;2
21/01/2011;08:53:00;153;sem vítima;90;BR-381/SP;Sul;Colisão Traseira;1;2;;;;;1
21/01/2011;07:36:00;119;sem vítima;542,9000244140625;BR-381/MG;Norte;Colisão Lateral;2;2;;;;;1
21/01/2011;12:36:00;245;sem vítima;580,5;BR-381/MG;Sul;Colisão Traseira;1;2;;;;;1
21/01/2011;13:55:00;272;sem vítima;595;BR-381/MG;Sul;Tombamento;1;1;;;;;1
21/01/2011;23:16:00;515;com vítima;920,7999877929688;BR-381/MG;Sul;Tombamento;1;1;3;;;;1
22/01/2011;06:04:00;64;sem vítima;84,5;BR-381/SP;Sul;Colisão Lateral;1;2;;;;;1
22/01/2011;04:37:00;43;sem vítima;552,9000244140625;BR-381/MG;Norte;Colisão Traseira;2;2;;;;;1
22/01/2011;11:03:00;164;sem vítima;566;BR-381/MG;Norte;Engavetamento;1;3;;;;;1
22/01/2011;21:37:00;418;sem vítima;744,0499877929688;BR-381/MG;Sul;Choque - Defensa, barreira ou "submarino";1;1;;;;;1
23/01/2011;19:38:00;391;sem vítima;940;BR-381/MG;Norte;Tombamento;1;1;;;;;1
24/01/2011;11:15:00;180;sem vítima;491;BR-381/MG;Norte;Colisão Traseira;1;2;;;;;1
24/01/2011;12:12:00;204;com vítima;495;BR-381/MG;Sul;Tombamento;1;0;2;;;;1
24/01/2011;15:02:00;269;sem vítima;495,70001220703125;BR-381/MG;Norte;Colisão Traseira;1;2;;;;;1
24/01/2011;07:51:00;95;com vítima;541,5;BR-381/MG;Norte;Tombamento;1;0;;2;;;2
24/01/2011;11:22:00;182;sem vítima;658;BR-381/MG;Sul;Colisão Traseira;2;4;;;;;1
24/01/2011;22:01:00;445;com vítima;788;BR-381/MG;Norte;Outros - Sequência;1;2;2;;;;1
24/01/2011;20:54:00;428;sem vítima;919,7000122070312;BR-381/MG;Norte;Colisão Lateral;1;3;;;;;1
24/01/2011;07:19:00;76;com vítima;927,2999877929688;BR-381/MG;Norte;Colisão Traseira;1;2;2;;;;1
25/01/2011;13:38:00;270;sem vítima;14,600000381469727;BR-381/SP;Sul;Outros;1;1;;;;;1
25/01/2011;21:50:00;477;sem vítima;58,79999923706055;BR-381/SP;Sul;Engavetamento;2;3;;;;;1
25/01/2011;19:27:00;429;sem vítima;78,5;BR-381/SP;Sul;Colisão Traseira;1;2;;;;;1
25/01/2011;17:56:00;386;sem vítima;480,75;BR-381/MG;Norte;Colisão Traseira;1;2;;;;;1
25/01/2011;16:28:00;338;sem vítima;486,5;BR-381/MG;Sul;Colisão Traseira;1;2;;;;;1
25/01/2011;05:35:00;73;sem vítima;496,29998779296875;BR-381/MG;Norte;Colisão Lateral;1;2;;;;;1
25/01/2011;16:37:00;341;com vítima;507,29998779296875;BR-381/MG;Norte;Atropelamento - Morador;1;2;;;1;;2
25/01/2011;17:04:00;356;sem vítima;507,6000061035156;BR-381/MG;Norte;Colisão Traseira;1;2;;;;;1
25/01/2011;18:56:00;418;sem vítima;527;BR-381/MG;Norte;Choque - Defensa, barreira ou "submarino";1;1;;;;;1
25/01/2011;06:24:00;80;com vítima;607,2000122070312;BR-381/MG;Sul;Outros - Sequência;1;0;1;;;;1
25/01/2011;08:35:00;143;com vítima;687,5999755859375;BR-381/MG;Sul;Choque - Defensa, barreira ou "submarino";1;0;1;;;;1
25/01/2011;09:34:00;178;sem vítima;740;BR-381/MG;Norte;Colisão Lateral;1;4;;;;;1
25/01/2011;17:05:00;357;sem vítima;909,7000122070312;BR-381/MG;Norte;Colisão Lateral;2;2;;;;;1
26/01/2011;18:15:00;384;sem vítima;72;BR-381/SP;Norte;Colisão Traseira;1;2;;;;;1
26/01/2011;13:55:00;248;sem vítima;477,5;BR-381/MG;Norte;Colisão Traseira;2;2;;;;;1
26/01/2011;07:16:00;87;sem vítima;496;BR-381/MG;Norte;Engavetamento;2;4;;;;;1
26/01/2011;12:18:00;220;sem vítima;507,8999938964844;BR-381/MG;Norte;Colisão Lateral;1;2;;;;;1
26/01/2011;11:20:00;197;sem vítima;745,4000244140625;BR-381/MG;Norte;Tombamento;2;2;;;;;1
26/01/2011;18:36:00;397;sem vítima;906;BR-381/MG;Norte;Choque - Defensa, barreira ou "submarino";1;1;;;;;1
26/01/2011;23:15:00;491;com vítima;907,4000244140625;BR-381/MG;Norte;Tombamento;1;0;1;;;1;3
27/01/2011;07:48:00;94;sem vítima;50;BR-381/SP;Sul;Colisão Lateral;1;2;;;;;1
27/01/2011;16:54:00;332;sem vítima;79;BR-381/SP;Norte;Colisão Traseira;1;2;;;;;1
27/01/2011;20:26:00;436;com vítima;85,0999984741211;BR-381/SP;Sul;Atropelamento - Andarilho;2;2;;;;1;3
27/01/2011;21:51:00;463;sem vítima;485;BR-381/MG;Norte;Colisão Traseira;1;2;;;;;1
27/01/2011;12:48:00;212;sem vítima;516,0999755859375;BR-381/MG;Sul;Engavetamento;4;4;;;;;1
27/01/2011;04:58:00;44;sem vítima;546;BR-381/MG;Norte;Colisão Traseira;2;2;;;;;1
27/01/2011;07:20:00;78;sem vítima;584;BR-381/MG;Norte;Choque - Defensa, barreira ou "submarino";1;1;;;;;1
27/01/2011;09:20:00;136;sem vítima;695,5;BR-381/MG;Norte;Choque - Elemento de Drenagem;1;1;;;;;1
27/01/2011;06:33:00;55;com vítima;870,1500244140625;BR-381/MG;Norte;Colisão Traseira;2;0;3;;;;1
28/01/2011;13:39:00;239;sem vítima;557,5;BR-381/MG;Norte;Colisão Traseira;2;2;;;;;1
28/01/2011;06:28:00;73;com vítima;623,2999877929688;BR-381/MG;Norte;Outros - Sequência;1;0;;;;1;3
28/01/2011;10:17:00;167;sem vítima;915,2999877929688;BR-381/MG;Sul;Colisão Traseira;1;2;;;;;1
28/01/2011;00:38:00;7;sem vítima;948,7999877929688;BR-381/MG;Sul;Colisão Traseira;2;2;;;;;1
29/01/2011;17:18:00;356;sem vítima;13,5;BR-381/SP;Sul;Colisão Traseira;1;2;;;;;1
29/01/2011;11:22:00;216;com vítima;502,5;BR-381/MG;Norte;Atropelamento - Outros;1;2;;;1;;2
29/01/2011;12:55:00;239;sem vítima;516,7999877929688;BR-381/MG;Norte;Tombamento;1;1;;;;;1
29/01/2011;11:16:00;214;sem vítima;521;BR-381/MG;Norte;Colisão Lateral;1;3;;;;;1
29/01/2011;02:31:00;46;com vítima;817,9000244140625;BR-381/MG;Sul;Outros - Sequência;2;0;2;;;;1
30/01/2011;18:32:00;340;sem vítima;58;BR-381/SP;Sul;Colisão Traseira;1;2;;;;;1
30/01/2011;14:41:00;218;sem vítima;510;BR-381/MG;Norte;Colisão Traseira;1;2;;;;;1
30/01/2011;17:57:00;321;sem vítima;511,70001220703125;BR-381/MG;Sul;Colisão Lateral;1;2;;;;;1
30/01/2011;22:06:00;433;com vítima;646,7000122070312;BR-381/MG;Sul;Choque - Elemento de Drenagem;1;0;1;;;;1
30/01/2011;10:45:00;150;com vítima;704,2999877929688;BR-381/MG;Sul;Tombamento;1;0;1;;;;1
31/01/2011;09:17:00;156;sem vítima;7,5;BR-381/SP;Sul;Colisão Traseira;1;2;;;;;1
31/01/2011;05:53:00;69;sem vítima;55,5;BR-381/SP;Sul;Colisão Traseira;2;3;;;;;1
31/01/2011;05:11:00;66;sem vítima;477,5;BR-381/MG;Norte;Tombamento;1;3;;;;;1
31/01/2011;04:34:00;57;com vítima;483;BR-381/MG;Norte;Atropelamento - Andarilho;1;1;;1;;;2
31/01/2011;15:40:00;320;sem vítima;489,3999938964844;BR-381/MG;Sul;Colisão Traseira;1;2;;;;;1
31/01/2011;06:30:00;79;sem vítima;493,6000061035156;BR-381/MG;Norte;Colisão Traseira;1;2;;;;;1
31/01/2011;15:37:00;319;sem vítima;580;BR-381/MG;Sul;Colisão Traseira;2;3;;;;;1
31/01/2011;22:01:00;481;sem vítima;635,5;BR-381/MG;Norte;Atropelamento de Animal;1;1;;;;;1
31/01/2011;21:22:00;470;sem vítima;657;BR-381/MG;Sul;Choque - Elemento de Drenagem;1;1;;;;;1
31/01/2011;02:10:00;31;com vítima;717,7000122070312;BR-381/MG;Norte;Tombamento;1;0;2;;;;1
31/01/2011;10:17:00;187;sem vítima;921,2999877929688;BR-381/MG;Sul;Choque - Defensa, barreira ou "submarino";1;1;;;;;1
01/02/2011;16:20:00;339;sem vítima;10,800000190734863;BR-381/SP;Sul;Colisão Traseira;1;2;;;;;1
01/02/2011;08:01:00;110;sem vítima;66,69999694824219;BR-381/SP;Sul;Colisão Traseira;1;2;;;;;1
01/02/2011;20:42:00;441;sem vítima;483,79998779296875;BR-381/MG;Sul;Colisão Traseira;2;2;;;;;1
01/02/2011;17:22:00;362;sem vítima;858;BR-381/MG;Norte;Choque - Elemento de Drenagem;1;1;;;;;1
01/02/2011;15:21:00;313;sem vítima;885;BR-381/MG;Sul;Colisão Traseira;1;2;;;;;1
01/02/2011;23:43:00;494;sem vítima;900,7999877929688;BR-381/MG;Norte;Colisão Traseira;2;2;;;;;1
01/02/2011;17:42:00;376;sem vítima;901;BR-381/MG;Norte;Colisão Traseira;1;2;;;;;1
02/02/2011;23:23:00;525;sem vítima;553;BR-381/MG;Sul;Atropelamento de Animal;1;1;;;;;1
02/02/2011;11:04:00;242;sem vítima;597;BR-381/MG;Norte;Colisão Traseira;2;2;;;;;1
02/02/2011;06:24:00;70;com vítima;783;BR-381/MG;Sul;Choque - Elemento de Drenagem;1;0;1;;;;1
03/02/2011;15:27:00;353;sem vítima;7,5;BR-381/SP;Norte;Colisão Lateral;1;2;;;;;1
03/02/2011;09:19:00;183;sem vítima;15,800000190734863;BR-381/SP;Sul;Colisão Lateral;1;2;;;;;1
03/02/2011;13:47:00;305;sem vítima;60;BR-381/SP;Sul;Colisão Lateral;1;2;;;;;1
03/02/2011;07:28:00;110;sem vítima;478;BR-381/MG;Norte;Colisão Traseira;1;2;;;;;1
03/02/2011;07:23:00;93;sem vítima;508;BR-381/MG;Sul;Colisão Traseira;1;2;;;;;1
03/02/2011;10:53:00;231;com vítima;526,9000244140625;BR-381/MG;Norte;Outros - Sequência;2;1;;1;;;2
03/02/2011;12:34:00;277;sem vítima;529,5;BR-381/MG;Norte;Colisão Lateral;2;2;;;;;1
03/02/2011;18:10:00;435;com vítima;589,7999877929688;BR-381/MG;Norte;Colisão Traseira;1;1;1;;;;1
03/02/2011;11:31:00;256;sem vítima;623,5;BR-381/MG;Sul;Choque - Elemento de Drenagem;1;1;;;;;1
03/02/2011;02:59:00;37;sem vítima;724,5;BR-381/MG;Sul;Choque - Outros;1;1;;;;;1
03/02/2011;11:24:00;251;sem vítima;806;BR-381/MG;Norte;Colisão Traseira;1;4;;;;;1
03/02/2011;16:02:00;366;com vítima;821,4500122070312;BR-381/MG;Norte;Atropelamento - Sem Informação;1;1;;;1;;2
04/02/2011;18:05:00;441;sem vítima;10;BR-381/SP;Norte;Tombamento;1;2;;;;;1
04/02/2011;11:47:00;269;sem vítima;51;BR-381/SP;Sul;Colisão Lateral;2;2;;;;;1
04/02/2011;19:52:00;485;sem vítima;76;BR-381/SP;Sul;Colisão Traseira;1;2;;;;;1
04/02/2011;08:23:00;148;com vítima;500,5;BR-381/MG;Sul;Atropelamento - Sem Informação;1;1;;;1;;2
04/02/2011;12:49:00;297;sem vítima;507,1000061035156;BR-381/MG;Norte;Colisão Lateral;1;2;;;;;1
04/02/2011;18:13:00;445;sem vítima;525;BR-381/MG;Norte;Colisão Traseira;2;2;;;;;1
04/02/2011;10:05:00;224;sem vítima;619,5;BR-381/MG;Sul;Colisão Lateral;2;3;;;;;1
05/02/2011;18:01:00;383;com vítima;489,8999938964844;BR-381/MG;Sul;Outros - Sequência;1;4;2;;;;1
05/02/2011;01:12:00;16;com vítima;726,2999877929688;BR-381/MG;Sul;Colisão Traseira;1;4;3;;;;1