data;horario;n_da_ocorrencia;tipo_de_ocorrencia;km;trecho;sentido;tipo_de_acidente;caminhao;ilesos;levemente_feridos;moderadamente_feridos;gravemente_feridos;mortos;3
05/02/2011;08:12:00;192;com vítima;736;BR-381/MG;Sul;Outros - Sequência;1;0;1;;1;1;3
06/02/2011;22:03:00;414;com vítima;34;BR-381/SP;Sul;Colisão Lateral;1;1;;2;;;2
06/02/2011;16:32:00;255;com vítima;497;BR-381/MG;Norte;Colisão Lateral;1;2;1;;;;1
06/02/2011;14:19:00;211;sem vítima;729;BR-381/MG;Sul;Choque - Elemento de Drenagem;1;1;;;;;1
06/02/2011;01:11:00;13;sem vítima;830,2000122070312;BR-381/MG;Norte;Colisão Traseira;2;2;;;;;1
06/02/2011;14:11:00;204;com vítima;938,5999755859375;BR-381/MG;Sul;Tombamento;1;0;1;;;;1
07/02/2011;18:39:00;362;sem vítima;74,5;BR-381/SP;Sul;Colisão Lateral;2;2;;;;;1
07/02/2011;08:34:00;125;sem vítima;89,9000015258789;BR-381/SP;Sul;Engavetamento;2;3;;;;;1
07/02/2011;17:18:00;326;com vítima;504;BR-381/MG;Norte;Colisão Traseira;1;1;1;;;;1
07/02/2011;16:10:00;292;com vítima;510;BR-381/MG;Norte;Atropelamento - Sem Informação;1;1;;;;1;3
07/02/2011;10:43:00;183;sem vítima;531;BR-381/MG;Sul;Saida de Pista;1;1;;;;;1
07/02/2011;11:28:00;197;com vítima;560,9500122070312;BR-381/MG;Sul;Choque - Defensa, barreira ou "submarino";1;0;1;;;;1
07/02/2011;18:07:00;347;sem vítima;687;BR-381/MG;Norte;Colisão Traseira;1;2;;;;;1
07/02/2011;17:07:00;322;sem vítima;687,8489990234375;BR-381/MG;Norte;Tombamento;1;1;;;;;1
07/02/2011;16:49:00;310;sem vítima;756;BR-381/MG;Sul;Engavetamento;1;3;;;;;1
07/02/2011;00:11:00;5;com vítima;869,2999877929688;BR-381/MG;Norte;Colisão Traseira;2;1;1;;;;1
07/02/2011;16:20:00;296;com vítima;930,5;BR-381/MG;Sul;Colisão Frontal;1;1;1;;;;1
08/02/2011;14:29:00;327;sem vítima;49;BR-381/SP;Sul;Colisão Traseira;2;2;;;;;1
08/02/2011;03:59:00;51;sem vítima;53,5;BR-381/SP;Sul;Outros - Sequência;2;2;;;;;1
08/02/2011;19:42:00;487;sem vítima;65;BR-381/SP;Sul;Colisão Lateral;1;2;;;;;1
08/02/2011;13:49:00;315;sem vítima;66,69999694824219;BR-381/SP;Sul;Choque - Outros;1;1;;;;;1
08/02/2011;05:01:00;62;sem vítima;489;BR-381/MG;Norte;Outros - Sequência;1;3;;;;;1
08/02/2011;07:00:00;90;com vítima;525;BR-381/MG;Norte;Colisão Lateral;1;0;4;;;;1
08/02/2011;06:36:00;77;com vítima;617;BR-381/MG;Sul;Tombamento;1;0;1;;;;1
08/02/2011;04:00:00;52;sem vítima;761,5999755859375;BR-381/MG;Sul;Choque - Arvore;1;1;;;;;1
08/02/2011;16:28:00;391;sem vítima;771;BR-381/MG;Norte;Colisão Traseira;1;2;;;;;1
09/02/2011;09:48:00;178;sem vítima;26;BR-381/SP;Sul;Colisão Traseira;1;3;;;;;1
09/02/2011;16:31:00;381;sem vítima;46;BR-381/SP;Sul;Outros;1;1;;;;;1
09/02/2011;13:04:00;276;sem vítima;51;BR-381/SP;Sul;Colisão Traseira;1;2;;;;;1
09/02/2011;00:21:00;10;com vítima;70;BR-381/SP;Sul;Choque - Defensa, barreira ou "submarino";1;0;1;;;;1
09/02/2011;17:57:00;436;sem vítima;74,5;BR-381/SP;Norte;Tombamento;1;1;;;;;1
09/02/2011;17:27:00;418;com vítima;480,79998779296875;BR-381/MG;Norte;Colisão Lateral;1;1;1;;;;1
09/02/2011;10:21:00;201;com vítima;513,5;BR-381/MG;Norte;Colisão Traseira;2;1;;1;;;2
09/02/2011;17:04:00;396;sem vítima;545,7999877929688;BR-381/MG;Norte;Colisão Traseira;1;2;;;;;1
09/02/2011;17:51:00;434;sem vítima;599;BR-381/MG;Sul;Colisão Lateral;2;2;;;;;1
09/02/2011;17:03:00;394;sem vítima;904;BR-381/MG;Norte;Colisão Traseira;1;3;;;;;1
10/02/2011;11:40:00;242;sem vítima;66,69999694824219;BR-381/SP;Norte;Colisão Traseira;1;2;;;;;1
10/02/2011;10:05:00;196;com vítima;485;BR-381/MG;Sul;Engavetamento;2;4;2;;;;1
10/02/2011;19:48:00;460;sem vítima;518;BR-381/MG;Sul;Colisão Lateral;1;4;;;;;1
10/02/2011;14:26:00;304;sem vítima;529,7999877929688;BR-381/MG;Norte;Colisão Lateral;2;2;;;;;1
10/02/2011;00:56:00;15;sem vítima;560;BR-381/MG;Sul;Colisão Traseira;1;3;;;;;1
10/02/2011;05:12:00;66;com vítima;740,5;BR-381/MG;Norte;Colisão Frontal;2;0;1;2;;;2
10/02/2011;00:45:00;10;sem vítima;825;BR-381/MG;Sul;Colisão Lateral;2;3;;;;;1
10/02/2011;19:13:00;442;sem vítima;907,7999877929688;BR-381/MG;Norte;Choque - Elemento de Drenagem;1;1;;;;;1
11/02/2011;10:16:00;231;sem vítima;61;BR-381/SP;Norte;Colisão Lateral;2;2;;;;;1
11/02/2011;16:28:00;379;sem vítima;492,79998779296875;BR-381/MG;Norte;Colisão Traseira;2;2;;;;;1
11/02/2011;16:46:00;391;sem vítima;492,79998779296875;BR-381/MG;Norte;Colisão Lateral;1;2;;;;;1
11/02/2011;17:17:00;410;sem vítima;494,20001220703125;BR-381/MG;Norte;Colisão Lateral;1;2;;;;;1
11/02/2011;18:35:00;438;sem vítima;495,5;BR-381/MG;Norte;Colisão Traseira;1;2;;;;;1
11/02/2011;13:51:00;320;com vítima;551,0499877929688;BR-381/MG;Norte;Choque - Defensa, barreira ou "submarino";1;0;1;;;;1
11/02/2011;21:54:00;526;sem vítima;649;BR-381/MG;Sul;Colisão Traseira;1;2;;;;;1
11/02/2011;13:09:00;297;sem vítima;735;BR-381/MG;Norte;Colisão Traseira;1;2;;;;;1
11/02/2011;00:39:00;8;sem vítima;760,2999877929688;BR-381/MG;Norte;Colisão Traseira;2;2;;;;;1
11/02/2011;07:21:00;94;sem vítima;779,4000244140625;BR-381/MG;Norte;Tombamento;1;1;;;;;1
12/02/2011;11:39:00;199;sem vítima;27;BR-381/SP;Norte;Colisão Lateral;1;2;;;;;1
12/02/2011;08:45:00;125;sem vítima;546,2000122070312;BR-381/MG;Norte;Tombamento;1;1;;;;;1
12/02/2011;18:39:00;387;sem vítima;890,2999877929688;BR-381/MG;Norte;Colisão Traseira;2;2;;;;;1
12/02/2011;15:26:00;297;com vítima;905,2000122070312;BR-381/MG;Norte;Tombamento;1;0;;1;;;2
12/02/2011;18:43:00;390;com vítima;929;BR-381/MG;Sul;Colisão Traseira;1;1;1;1;;;2
13/02/2011;23:48:00;443;com vítima;523,9000244140625;BR-381/MG;Sul;Outros - Sequência;2;1;1;;;;1
13/02/2011;17:49:00;299;sem vítima;525;BR-381/MG;Norte;Colisão Traseira;1;2;;;;;1
13/02/2011;07:20:00;76;com vítima;921,2999877929688;BR-381/MG;Sul;Tombamento;1;0;1;1;;;2
14/02/2011;13:17:00;259;sem vítima;546;BR-381/MG;Sul;Colisão Traseira;1;2;;;;;1
14/02/2011;16:35:00;334;com vítima;567,7000122070312;BR-381/MG;Sul;Choque - Defensa, barreira ou "submarino";1;0;;1;;;2
14/02/2011;20:06:00;437;com vítima;600;BR-381/MG;Norte;Atropelamento de Animal;2;4;2;;;;1
14/02/2011;06:53:00;74;sem vítima;901;BR-381/MG;Norte;Colisão Traseira;1;2;;;;;1
14/02/2011;05:43:00;57;sem vítima;906,7999877929688;BR-381/MG;Sul;Colisão Traseira;2;2;;;;;1
14/02/2011;09:39:00;162;sem vítima;925,2000122070312;BR-381/MG;Sul;Tombamento;1;1;;;;;1
15/02/2011;17:47:00;388;sem vítima;68;BR-381/SP;Sul;Colisão Traseira;1;2;;;;;1
15/02/2011;15:17:00;317;sem vítima;480,79998779296875;BR-381/MG;Norte;Colisão Lateral;1;2;;;;;1
15/02/2011;05:30:00;61;sem vítima;507,79998779296875;BR-381/MG;Norte;Outros - Sequência;1;1;;;;;1
15/02/2011;23:13:00;500;sem vítima;525;BR-381/MG;Sul;Colisão Traseira;2;2;;;;;1
15/02/2011;02:12:00;31;com vítima;687,7999877929688;BR-381/MG;Sul;Tombamento;1;0;;2;;;2
15/02/2011;12:46:00;261;sem vítima;901;BR-381/MG;Norte;Choque - Outros;1;1;;;;;1
16/02/2011;12:08:00;248;sem vítima;9,699999809265137;BR-381/SP;Norte;Engavetamento;2;4;;;;;1
16/02/2011;17:16:00;380;sem vítima;71,5;BR-381/SP;Norte;Colisão Traseira;1;2;;;;;1
16/02/2011;09:55:00;180;sem vítima;508,29998779296875;BR-381/MG;Norte;Colisão Traseira;2;2;;;;;1
16/02/2011;11:48:00;237;com vítima;565;BR-381/MG;Sul;Choque - Elemento de Drenagem;1;0;1;;;;1
16/02/2011;06:43:00;79;sem vítima;635,5;BR-381/MG;Sul;Outros;1;2;;;;;1
16/02/2011;21:42:00;461;sem vítima;658;BR-381/MG;Norte;Outros;2;2;;;;;1
16/02/2011;06:20:00;73;sem vítima;671,2000122070312;BR-381/MG;Norte;Choque - Elemento de Drenagem;1;1;;;;;1
16/02/2011;16:45:00;364;sem vítima;762,7000122070312;BR-381/MG;Sul;Tombamento;1;1;;;;;1
16/02/2011;20:02:00;429;sem vítima;765;BR-381/MG;Norte;Tombamento;2;2;;;;;1
16/02/2011;03:05:00;49;sem vítima;794,5;BR-381/MG;Norte;Tombamento;1;1;;;;;1
16/02/2011;06:29:00;76;sem vítima;823,7999877929688;BR-381/MG;Norte;Saida de Pista;1;1;;;;;1
16/02/2011;23:05:00;484;sem vítima;848,7999877929688;BR-381/MG;Norte;Outros - Sequência;3;3;;;;;1
16/02/2011;16:28:00;355;sem vítima;874;BR-381/MG;Norte;Saida de Pista;1;1;;;;;1
16/02/2011;02:05:00;37;com vítima;925;BR-381/MG;Sul;Tombamento;1;0;1;;;;1
17/02/2011;15:02:00;312;com vítima;61;BR-381/SP;Sul;Tombamento;2;3;1;;;;1
17/02/2011;15:51:00;334;sem vítima;63,70000076293945;BR-381/SP;Sul;Choque - Defensa, barreira ou "submarino";1;1;;;;;1
17/02/2011;17:46:00;389;sem vítima;86,5;BR-381/SP;Norte;Colisão Traseira;2;3;;;;;1
17/02/2011;23:47:00;509;com vítima;484,5;BR-381/MG;Sul;Colisão Lateral;1;1;1;;;;1
17/02/2011;22:49:00;493;sem vítima;493;BR-381/MG;Norte;Colisão Lateral;1;2;;;;;1
17/02/2011;15:57:00;338;sem vítima;493,5;BR-381/MG;Sul;Engavetamento;1;4;;;;;1
17/02/2011;10:25:00;191;sem vítima;585;BR-381/MG;Norte;Colisão Traseira;1;3;;;;;1
17/02/2011;06:00:00;69;com vítima;618;BR-381/MG;Sul;Colisão Traseira;1;2;1;1;1;;2
17/02/2011;05:43:00;66;sem vítima;630;BR-381/MG;Norte;Outros;1;1;;;;;1
17/02/2011;23:54:00;512;sem vítima;678,0999755859375;BR-381/MG;Sul;Colisão Lateral;2;4;;;;;1
17/02/2011;15:09:00;317;com vítima;720,2000122070312;BR-381/MG;Norte;Tombamento;1;1;1;;;;1
17/02/2011;05:09:00;61;sem vítima;721;BR-381/MG;Norte;Outros - Sequência;2;2;;;;;1
17/02/2011;11:03:00;209;sem vítima;765;BR-381/MG;Norte;Outros;1;1;;;;;1
17/02/2011;04:58:00;58;sem vítima;805;BR-381/MG;Norte;Colisão Traseira;2;2;;;;;1
17/02/2011;02:28:00;38;sem vítima;849,9990234375;BR-381/MG;Norte;Engavetamento;1;3;;;;;1
17/02/2011;22:25:00;486;sem vítima;850;BR-381/MG;Sul;Colisão Frontal;1;2;;;;;1
17/02/2011;01:04:00;16;sem vítima;852;BR-381/MG;Norte;Engavetamento;2;4;;;;;1
17/02/2011;19:00:00;425;sem vítima;892;BR-381/MG;Sul;Colisão Lateral;1;2;;;;;1
17/02/2011;06:23:00;73;com vítima;908,2000122070312;BR-381/MG;Norte;Tombamento;1;0;1;;;;1
17/02/2011;15:39:00;328;sem vítima;936;BR-381/MG;Sul;Choque - Suporte de Sinalização;1;1;;;;;1
17/02/2011;15:54:00;336;sem vítima;936;BR-381/MG;Sul;Saida de Pista;1;1;;;;;1
17/02/2011;19:13:00;429;sem vítima;936,4000244140625;BR-381/MG;Sul;Outros - Sequência;1;1;;;;;1
18/02/2011;17:16:00;383;sem vítima;9,5;BR-381/SP;Norte;Saida de Pista;1;1;;;;;1
18/02/2011;06:12:00;85;com vítima;49;BR-381/SP;Norte;Engavetamento;2;1;3;;;;1
18/02/2011;18:57:00;428;sem vítima;79;BR-381/SP;Norte;Outros - Sequência;1;2;;;;;1
18/02/2011;11:10:00;228;sem vítima;484,5;BR-381/MG;Norte;Colisão Traseira;1;2;;;;;1
18/02/2011;07:21:00;104;sem vítima;580,5;BR-381/MG;Norte;Choque - Defensa, barreira ou "submarino";1;1;;;;;1
18/02/2011;10:50:00;218;com vítima;791,7999877929688;BR-381/MG;Norte;Tombamento;1;0;1;;;;1
18/02/2011;23:27:00;511;com vítima;830,2000122070312;BR-381/MG;Norte;Colisão Traseira;2;1;1;;;;1
19/02/2011;23:21:00;460;sem vítima;80,4000015258789;BR-381/SP;Sul;Choque - Defensa, barreira ou "submarino";1;1;;;;;1
19/02/2011;10:33:00;204;sem vítima;489,3999938964844;BR-381/MG;Sul;Colisão Lateral;1;4;;;;;1
19/02/2011;14:59:00;294;sem vítima;520,2000122070312;BR-381/MG;Sul;Colisão Lateral;1;2;;;;;1
19/02/2011;10:10:00;192;sem vítima;521,5999755859375;BR-381/MG;Sul;Choque - Talude;1;1;;;;;1
19/02/2011;09:51:00;183;sem vítima;564;BR-381/MG;Sul;Colisão Traseira;1;4;;;;;1
19/02/2011;12:01:00;237;sem vítima;674,9000244140625;BR-381/MG;Sul;Colisão Traseira;1;2;;;;;1
19/02/2011;13:20:00;260;sem vítima;805;BR-381/MG;Sul;Colisão Lateral;1;2;;;;;1
20/02/2011;16:14:00;249;sem vítima;59;BR-381/SP;Norte;Colisão Traseira;2;2;;;;;1
20/02/2011;01:33:00;48;com vítima;78,80000305175781;BR-381/SP;Norte;Tombamento;1;0;1;;;;1
20/02/2011;14:34:00;202;com vítima;491,79998779296875;BR-381/MG;Norte;Colisão Traseira;1;1;1;;;;1
20/02/2011;13:40:00;186;sem vítima;810,5999755859375;BR-381/MG;Sul;Colisão Lateral;1;2;;;;;1
20/02/2011;16:44:00;267;sem vítima;840,2000122070312;BR-381/MG;Norte;Colisão Traseira;2;2;;;;;1
21/02/2011;07:11:00;81;sem vítima;69;BR-381/SP;Sul;Engavetamento;1;4;;;;;1
21/02/2011;16:03:00;328;sem vítima;82;BR-381/SP;Sul;Colisão Traseira;2;2;;;;;1
21/02/2011;15:45:00;318;sem vítima;89;BR-381/SP;Sul;Colisão Traseira;2;2;;;;;1
21/02/2011;13:04:00;259;sem vítima;528;BR-381/MG;Sul;Outros;1;1;;;;;1
21/02/2011;02:06:00;24;sem vítima;571,2999877929688;BR-381/MG;Norte;Outros - Sequência;1;1;;;;;1
21/02/2011;15:44:00;316;com vítima;630,5999755859375;BR-381/MG;Sul;Choque - Defensa, barreira ou "submarino";1;0;1;;;;1
21/02/2011;19:17:00;421;sem vítima;875;BR-381/MG;Norte;Choque - Defensa, barreira ou "submarino";1;1;;;;;1
22/02/2011;15:25:00;310;sem vítima;481,5;BR-381/MG;Sul;Queda de Moto;1;2;;;;;1
22/02/2011;00:01:00;3;sem vítima;513;BR-381/MG;Sul;Outros - Sequência;2;2;;;;;1
22/02/2011;08:21:00;124;com vítima;564;BR-381/MG;Norte;Tombamento;1;0;1;;;;1
22/02/2011;21:09:00;448;sem vítima;719;BR-381/MG;Sul;Colisão Lateral;1;2;;;;;1
22/02/2011;10:49:00;204;com vítima;765,9000244140625;BR-381/MG;Sul;Choque - Elemento de Drenagem;1;0;1;;;;1
22/02/2011;04:07:00;43;sem vítima;777;BR-381/MG;Sul;Colisão Lateral;2;2;;;;;1
22/02/2011;03:24:00;35;com vítima;921,2999877929688;BR-381/MG;Norte;Colisão Traseira;2;1;1;;;;1
22/02/2011;07:53:00;108;sem vítima;938,9000244140625;BR-381/MG;Sul;Colisão Traseira;2;2;;;;;1
23/02/2011;15:58:00;331;com vítima;78,9000015258789;BR-381/SP;Norte;Tombamento;1;0;1;;;;1
23/02/2011;16:02:00;333;sem vítima;480;BR-381/MG;Sul;Outros - Sequência;1;2;;;;;1
23/02/2011;15:27:00;313;sem vítima;484;BR-381/MG;Sul;Engavetamento;2;6;;;;;1
23/02/2011;15:38:00;321;com vítima;487;BR-381/MG;Sul;Colisão Traseira;1;1;;1;;;2
23/02/2011;15:17:00;308;sem vítima;498;BR-381/MG;Norte;Outros;1;1;;;;;1
23/02/2011;15:31:00;317;sem vítima;498,29998779296875;BR-381/MG;Norte;Colisão Traseira;1;2;;;;;1
23/02/2011;21:18:00;463;com vítima;501,29998779296875;BR-381/MG;Sul;Tombamento;1;0;1;;;;1
23/02/2011;14:16:00;289;com vítima;603,5;BR-381/MG;Sul;Choque - Arvore;1;0;1;1;;;2
23/02/2011;00:26:00;8;sem vítima;716;BR-381/MG;Sul;Colisão Lateral;2;2;;;;;1
23/02/2011;02:52:00;39;sem vítima;879,7999877929688;BR-381/MG;Sul;Colisão Traseira;1;2;;;;;1
23/02/2011;06:44:00;84;com vítima;921;BR-381/MG;Sul;Tombamento;1;0;1;;;;1
23/02/2011;23:37:00;499;com vítima;931;BR-381/MG;Sul;Colisão Traseira;2;2;1;;;;1
24/02/2011;16:47:00;330;com vítima;86;BR-381/SP;Norte;Engavetamento;2;2;1;;;;1
24/02/2011;08:40:00;118;sem vítima;477,5;BR-381/MG;Sul;Engavetamento;1;3;;;;;1
24/02/2011;08:05:00;101;sem vítima;486;BR-381/MG;Norte;Engavetamento;1;8;;;;;1
24/02/2011;10:52:00;184;sem vítima;487,5;BR-381/MG;Norte;Colisão Lateral;1;2;;;;;1
24/02/2011;02:04:00;27;com vítima;503;BR-381/MG;Norte;Tombamento;1;0;;1;;;2
24/02/2011;23:15:00;459;sem vítima;567,7999877929688;BR-381/MG;Norte;Choque - Talude;1;1;;;;;1
24/02/2011;14:54:00;277;sem vítima;621,7000122070312;BR-381/MG;Sul;Colisão Lateral;2;2;;;;;1
24/02/2011;20:22:00;420;com vítima;643,5;BR-381/MG;Sul;Tombamento;1;0;;1;;;2
24/02/2011;06:24:00;58;com vítima;672,0999755859375;BR-381/MG;Sul;Outros - Sequência;1;0;;1;;;2
24/02/2011;11:48:00;205;sem vítima;687,9000244140625;BR-381/MG;Norte;Colisão Lateral;1;2;;;;;1
24/02/2011;10:19:00;164;com vítima;720,9000244140625;BR-381/MG;Norte;Tombamento;1;0;1;;;;1
24/02/2011;16:41:00;327;sem vítima;735,5;BR-381/MG;Norte;Colisão Traseira;1;2;;;;;1
24/02/2011;00:20:00;7;com vítima;766,7000122070312;BR-381/MG;Sul;Saida de Pista;1;0;1;;;;1
24/02/2011;08:07:00;103;com vítima;924,5;BR-381/MG;Sul;Tombamento;1;0;1;;;;1
25/02/2011;11:46:00;255;sem vítima;16;BR-381/SP;Sul;Colisão Traseira;2;2;;;;;1
25/02/2011;07:03:00;97;com vítima;616,5;BR-381/MG;Norte;Tombamento;1;0;1;;;;1
25/02/2011;13:30:00;295;com vítima;631,2000122070312;BR-381/MG;Norte;Tombamento;1;0;1;;;;1
25/02/2011;09:39:00;200;com vítima;658;BR-381/MG;Norte;Colisão Traseira;1;1;2;;;;1
25/02/2011;00:24:00;5;sem vítima;701;BR-381/MG;Sul;Colisão Lateral;1;2;;;;;1
25/02/2011;03:33:00;50;sem vítima;731;BR-381/MG;Sul;Colisão Traseira;2;2;;;;;1
25/02/2011;14:22:00;314;sem vítima;934,2999877929688;BR-381/MG;Norte;Outros - Sequência;2;3;;;;;1
26/02/2011;01:51:00;33;com vítima;86,30000305175781;BR-381/SP;Sul;Tombamento;1;2;1;;;;1
26/02/2011;16:53:00;347;sem vítima;485,29998779296875;BR-381/MG;Sul;Colisão Lateral;1;2;;;;;1
26/02/2011;03:20:00;49;sem vítima;491;BR-381/MG;Norte;Choque - Outros;1;1;;;;;1
26/02/2011;06:49:00;90;sem vítima;568,9000244140625;BR-381/MG;Norte;Choque - Elemento de Drenagem;1;1;;;;;1
26/02/2011;02:33:00;40;sem vítima;818,5999755859375;BR-381/MG;Norte;Tombamento;1;1;;;;;1
26/02/2011;22:46:00;485;com vítima;934,4000244140625;BR-381/MG;Norte;Tombamento;1;0;;;;1;3
27/02/2011;01:15:00;21;sem vítima;840,0999755859375;BR-381/MG;Sul;Choque - Suporte de Sinalização;1;1;;;;;1
28/02/2011;07:56:00;112;com vítima;30;BR-381/SP;Sul;Outros - Sequência;1;1;1;;;;1
28/02/2011;14:08:00;278;sem vítima;36,70000076293945;BR-381/SP;Norte;Colisão Lateral;1;2;;;;;1
28/02/2011;10:45:00;199;sem vítima;480;BR-381/MG;Norte;Colisão Traseira;1;2;;;;;1
28/02/2011;15:06:00;308;com vítima;481,29998779296875;BR-381/MG;Sul;Outros - Sequência;2;1;1;;;;1
28/02/2011;07:47:00;108;com vítima;485;BR-381/MG;Norte;Colisão Lateral;1;1;1;;;;1
28/02/2011;04:28:00;49;sem vítima;497,1000061035156;BR-381/MG;Sul;Colisão Traseira;2;2;;;;;1
28/02/2011;17:51:00;374;sem vítima;527,2999877929688;BR-381/MG;Norte;Outros;1;1;;;;;1
28/02/2011;05:52:00;68;com vítima;547;BR-381/MG;Norte;Colisão Traseira;2;1;2;;;;1
28/02/2011;06:36:00;81;com vítima;729;BR-381/MG;Norte;Tombamento;1;0;1;;;;1
28/02/2011;14:17:00;282;sem vítima;782;BR-381/MG;Norte;Outros - Sequência;1;3;;;;;1
28/02/2011;17:54:00;375;com vítima;790;BR-381/MG;Norte;Colisão Frontal;1;1;1;;1;;2
28/02/2011;12:38:00;238;sem vítima;792;BR-381/MG;Sul;Choque - Defensa, barreira ou "submarino";1;1;;;;;1
28/02/2011;16:39:00;351;com vítima;820;BR-381/MG;Norte;Tombamento;1;0;1;;;;1
28/02/2011;15:32:00;321;sem vítima;824;BR-381/MG;Norte;Colisão Lateral;1;3;;;;;1
28/02/2011;20:03:00;432;sem vítima;892,5;BR-381/MG;Sul;Saida de Pista;1;1;;;;;1
01/03/2011;18:37:00;382;sem vítima;479,29998779296875;BR-381/MG;Sul;Colisão Lateral;1;38;;;;;1
01/03/2011;12:32:00;246;sem vítima;485;BR-381/MG;Sul;Outros;1;1;;;;;1
01/03/2011;20:21:00;427;com vítima;494,5;BR-381/MG;Sul;Colisão Traseira;1;1;1;;;;1
01/03/2011;10:37:00;196;sem vítima;496;BR-381/MG;Norte;Colisão Lateral;1;2;;;;;1
01/03/2011;06:25:00;72;sem vítima;514,5999755859375;BR-381/MG;Sul;Colisão Lateral;2;2;;;;;1
01/03/2011;19:55:00;421;com vítima;676;BR-381/MG;Sul;Atropelamento - Andarilho;1;1;;;1;;2
01/03/2011;01:04:00;16;sem vítima;688;BR-381/MG;Norte;Tombamento;1;1;;;;;1
01/03/2011;04:36:00;52;sem vítima;723,5;BR-381/MG;Sul;Colisão Traseira;2;2;;;;;1
01/03/2011;22:17:00;452;sem vítima;898,0999755859375;BR-381/MG;Norte;Choque - Objeto sobre a pista;1;1;;;;;1
01/03/2011;04:43:00;54;com vítima;925,4000244140625;BR-381/MG;Sul;Tombamento;1;0;2;;;;1
01/03/2011;14:17:00;274;sem vítima;947,7999877929688;BR-381/MG;Norte;Saida de Pista;1;1;;;;;1
02/03/2011;12:38:00;271;com vítima;75,69999694824219;BR-381/SP;Sul;Choque - Defensa, barreira ou "submarino";1;0;1;;;;1
02/03/2011;15:44:00;346;sem vítima;76;BR-381/SP;Sul;Saida de Pista;1;1;;;;;1
02/03/2011;16:00:00;351;com vítima;519,2000122070312;BR-381/MG;Sul;Colisão Traseira;2;0;2;;;;1
02/03/2011;21:34:00;476;com vítima;525;BR-381/MG;Sul;Outros - Sequência;2;0;2;;;1;3
02/03/2011;14:07:00;299;sem vítima;666;BR-381/MG;Norte;Choque - Defensa, barreira ou "submarino";1;1;;;;;1
02/03/2011;22:08:00;480;com vítima;855,9000244140625;BR-381/MG;Norte;Tombamento;1;0;1;;;;1
02/03/2011;18:56:00;427;sem vítima;906,5;BR-381/MG;Norte;Choque - Talude;1;1;;;;;1
02/03/2011;01:58:00;36;com vítima;909,2999877929688;BR-381/MG;Norte;Colisão Traseira;2;1;1;;;;1
03/03/2011;15:10:00;280;sem vítima;54;BR-381/SP;Norte;Outros - Sequência;1;3;;;;;1
03/03/2011;17:01:00;329;sem vítima;54;BR-381/SP;Norte;Colisão Traseira;1;2;;;;;1
03/03/2011;11:15:00;197;sem vítima;66;BR-381/SP;Norte;Colisão Lateral;2;2;;;;;1
03/03/2011;07:26:00;103;com vítima;529,9000244140625;BR-381/MG;Norte;Engavetamento;5;4;;;1;;2
03/03/2011;22:14:00;462;sem vítima;531,7999877929688;BR-381/MG;Sul;Colisão Lateral;1;2;;;;;1
03/03/2011;13:06:00;234;com vítima;540,0999755859375;BR-381/MG;Norte;Colisão Traseira;2;1;;1;;;2
03/03/2011;13:40:00;249;com vítima;540,5;BR-381/MG;Norte;Colisão Lateral;1;2;1;;;;1
03/03/2011;00:19:00;3;com vítima;580,0999755859375;BR-381/MG;Sul;Colisão Traseira;2;2;1;;;;1
03/03/2011;03:52:00;34;sem vítima;632,4000244140625;BR-381/MG;Norte;Choque - Elemento de Drenagem;1;1;;;;;1
03/03/2011;07:45:00;112;com vítima;649,9000244140625;BR-381/MG;Sul;Outros - Sequência;1;0;1;;1;2;3
03/03/2011;09:57:00;163;sem vítima;663,4000244140625;BR-381/MG;Sul;Colisão Lateral;1;2;;;;;1
03/03/2011;05:00:00;50;sem vítima;730,5;BR-381/MG;Sul;Colisão Traseira;2;2;;;;;1
03/03/2011;10:54:00;187;sem vítima;735;BR-381/MG;Sul;Colisão Traseira;2;2;;;;;1
03/03/2011;07:53:00;118;sem vítima;787;BR-381/MG;Norte;Saida de Pista;1;1;;;;;1
04/03/2011;19:09:00;438;sem vítima;55;BR-381/SP;Norte;Engavetamento;1;11;;;;;1
04/03/2011;21:13:00;507;sem vítima;58;BR-381/SP;Norte;Colisão Traseira;1;2;;;;;1
04/03/2011;21:11:00;504;sem vítima;85,80000305175781;BR-381/SP;Norte;Colisão Lateral;1;2;;;;;1
04/03/2011;13:38:00;259;sem vítima;491;BR-381/MG;Norte;Colisão Traseira;1;2;;;;;1
04/03/2011;15:43:00;323;com vítima;496,3999938964844;BR-381/MG;Sul;Engavetamento;1;2;1;;;;1
04/03/2011;22:08:00;535;com vítima;561,2999877929688;BR-381/MG;Sul;Tombamento;1;0;;1;;;2
04/03/2011;16:05:00;336;com vítima;724,5;BR-381/MG;Sul;Colisão Traseira;2;1;1;;;;1
04/03/2011;17:12:00;374;sem vítima;725;BR-381/MG;Norte;Saida de Pista;1;1;;;;;1
04/03/2011;00:00:00;4;com vítima;732,9000244140625;BR-381/MG;Sul;Tombamento;1;0;1;;;;1
04/03/2011;13:14:00;249;sem vítima;752;BR-381/MG;Norte;Saida de Pista;1;1;;;;;1