data;horario;n_da_ocorrencia;tipo_de_ocorrencia;km;trecho;sentido;tipo_de_acidente;caminhao;ilesos;levemente_feridos;moderadamente_feridos;gravemente_feridos;mortos;3
04/03/2011;17:16:00;380;com vítima;855,5;BR-381/MG;Sul;Colisão Lateral;2;1;1;;;;1
04/03/2011;23:16:00;566;sem vítima;905;BR-381/MG;Norte;Outros;1;1;;;;;1
04/03/2011;14:04:00;271;com vítima;908,2999877929688;BR-381/MG;Sul;Saida de Pista;1;0;1;;;;1
05/03/2011;00:40:00;26;com vítima;13,5;BR-381/SP;Sul;Colisão Traseira;2;0;1;1;;;2
05/03/2011;19:16:00;563;sem vítima;64,5;BR-381/SP;Norte;Colisão Lateral;1;2;;;;;1
05/03/2011;18:11:00;537;sem vítima;502;BR-381/MG;Sul;Colisão Lateral;2;2;;;;;1
05/03/2011;15:45:00;444;sem vítima;513;BR-381/MG;Sul;Colisão Traseira;1;2;;;;;1
05/03/2011;04:26:00;107;sem vítima;517,2999877929688;BR-381/MG;Norte;Choque - Defensa, barreira ou "submarino";1;1;;;;;1
05/03/2011;06:57:00;164;sem vítima;574;BR-381/MG;Norte;Colisão Lateral;1;3;;;;;1
05/03/2011;08:23:00;213;com vítima;598,2999877929688;BR-381/MG;Norte;Tombamento;1;0;1;1;;;2
05/03/2011;17:28:00;513;sem vítima;599,5999755859375;BR-381/MG;Norte;Colisão Traseira;1;2;;;;;1
05/03/2011;00:25:00;21;com vítima;619,0999755859375;BR-381/MG;Norte;Colisão Transversal;1;1;1;1;1;1;3
05/03/2011;08:05:00;201;sem vítima;633,7000122070312;BR-381/MG;Norte;Tombamento;1;1;;;;;1
05/03/2011;00:26:00;22;com vítima;666,2999877929688;BR-381/MG;Sul;Saida de Pista;1;0;;1;;;2
05/03/2011;08:08:00;206;sem vítima;835;BR-381/MG;Sul;Colisão Lateral;1;2;;;;;1
05/03/2011;05:43:00;132;com vítima;835,5;BR-381/MG;Sul;Outros - Sequência;1;1;3;;;;1
05/03/2011;07:44:00;190;com vítima;920;BR-381/MG;Norte;Engavetamento;1;3;1;;;;1
06/03/2011;22:12:00;431;sem vítima;507;BR-381/MG;Norte;Colisão Traseira;1;2;;;;;1
06/03/2011;07:58:00;121;sem vítima;558;BR-381/MG;Norte;Saida de Pista;1;1;;;;;1
06/03/2011;02:26:00;31;sem vítima;854;BR-381/MG;Sul;Choque - Elemento de Drenagem;1;1;;;;;1
07/03/2011;14:15:00;237;sem vítima;53,900001525878906;BR-381/SP;Sul;Colisão Lateral;1;2;;;;;1
07/03/2011;16:48:00;291;sem vítima;76;BR-381/SP;Sul;Choque - Talude;1;1;;;;;1
07/03/2011;18:00:00;319;sem vítima;524,4000244140625;BR-381/MG;Sul;Saida de Pista;1;1;;;;;1
07/03/2011;07:39:00;94;sem vítima;804;BR-381/MG;Norte;Colisão Lateral;1;2;;;;;1
08/03/2011;16:30:00;322;sem vítima;34,900001525878906;BR-381/SP;Sul;Colisão Lateral;1;2;;;;;1
08/03/2011;19:58:00;437;sem vítima;495,5;BR-381/MG;Sul;Colisão Lateral;1;2;;;;;1
08/03/2011;11:41:00;193;com vítima;544;BR-381/MG;Norte;Outros - Sequência;1;2;4;1;;;2
08/03/2011;11:17:00;186;sem vítima;597,5;BR-381/MG;Norte;Outros - Sequência;1;1;;;;;1
08/03/2011;18:55:00;405;sem vítima;722,2999877929688;BR-381/MG;Sul;Saida de Pista;1;1;;;;;1
08/03/2011;09:23:00;149;sem vítima;908,5999755859375;BR-381/MG;Sul;Colisão Traseira;1;6;;;;;1
09/03/2011;06:24:00;76;sem vítima;16,899999618530273;BR-381/SP;Norte;Colisão Traseira;1;2;;;;;1
09/03/2011;10:32:00;198;sem vítima;52;BR-381/SP;Sul;Colisão Traseira;2;2;;;;;1
09/03/2011;01:24:00;18;sem vítima;480;BR-381/MG;Sul;Colisão Lateral;1;2;;;;;1
09/03/2011;05:15:00;67;sem vítima;491,8999938964844;BR-381/MG;Norte;Colisão Lateral;1;2;;;;;1
09/03/2011;14:29:00;320;sem vítima;496;BR-381/MG;Norte;Colisão Lateral;1;2;;;;;1
09/03/2011;21:32:00;504;sem vítima;507,70001220703125;BR-381/MG;Norte;Colisão Lateral;1;4;;;;;1
09/03/2011;05:55:00;75;com vítima;566;BR-381/MG;Norte;Tombamento;1;0;;1;;;2
09/03/2011;22:45:00;525;sem vítima;663,7999877929688;BR-381/MG;Sul;Colisão Traseira;1;4;;;;;1
09/03/2011;15:56:00;358;sem vítima;773,7999877929688;BR-381/MG;Norte;Tombamento;1;1;;;;;1
09/03/2011;09:07:00;155;com vítima;777;BR-381/MG;Sul;Colisão Traseira;1;3;1;;;;1
09/03/2011;23:12:00;537;com vítima;846;BR-381/MG;Norte;Outros - Sequência;3;2;1;;;;1
10/03/2011;08:22:00;112;sem vítima;479;BR-381/MG;Norte;Colisão Traseira;1;2;;;;;1
10/03/2011;18:01:00;377;sem vítima;485,70001220703125;BR-381/MG;Sul;Outros - Sequência;1;2;;;;;1
10/03/2011;04:09:00;44;sem vítima;846,0999755859375;BR-381/MG;Norte;Saida de Pista;1;1;;;;;1
10/03/2011;10:00:00;166;sem vítima;862;BR-381/MG;Sul;Colisão Traseira;1;2;;;;;1
10/03/2011;08:28:00;114;sem vítima;886;BR-381/MG;Norte;Choque - Talude;1;1;;;;;1
11/03/2011;14:35:00;314;sem vítima;11,800000190734863;BR-381/SP;Norte;Colisão Traseira;1;2;;;;;1
11/03/2011;05:43:00;87;sem vítima;54,5;BR-381/SP;Sul;Colisão Traseira;2;4;;;;;1
11/03/2011;06:26:00;91;sem vítima;76,69999694824219;BR-381/SP;Sul;Saida de Pista;1;1;;;;;1
11/03/2011;17:42:00;412;sem vítima;89,80000305175781;BR-381/SP;Norte;Colisão Traseira;1;2;;;;;1
11/03/2011;19:08:00;449;sem vítima;482,29998779296875;BR-381/MG;Sul;Colisão Lateral;1;2;;;;;1
11/03/2011;15:05:00;332;sem vítima;510;BR-381/MG;Sul;Colisão Lateral;1;2;;;;;1
11/03/2011;19:24:00;455;sem vítima;536,5;BR-381/MG;Sul;Tombamento;1;4;;;;;1
11/03/2011;20:45:00;486;com vítima;570;BR-381/MG;Norte;Tombamento;2;4;1;;;;1
11/03/2011;06:21:00;90;sem vítima;692;BR-381/MG;Norte;Colisão Lateral;1;2;;;;;1
11/03/2011;05:34:00;86;sem vítima;744,0999755859375;BR-381/MG;Norte;Tombamento;1;1;;;;;1
11/03/2011;14:19:00;312;com vítima;874;BR-381/MG;Norte;Engavetamento;1;5;1;;;;1
12/03/2011;18:11:00;350;sem vítima;489,79998779296875;BR-381/MG;Sul;Colisão Traseira;1;2;;;;;1
12/03/2011;14:48:00;261;sem vítima;546,2000122070312;BR-381/MG;Norte;Colisão Traseira;2;2;;;;;1
12/03/2011;03:03:00;43;com vítima;601,9000244140625;BR-381/MG;Sul;Colisão Traseira;2;1;2;;;;1
12/03/2011;08:43:00;128;com vítima;607,5;BR-381/MG;Norte;Choque - Elemento de Drenagem;1;0;1;;;;1
12/03/2011;07:36:00;100;sem vítima;703;BR-381/MG;Sul;Saida de Pista;1;1;;;;;1
12/03/2011;17:21:00;323;sem vítima;923;BR-381/MG;Sul;Colisão Lateral;1;2;;;;;1
12/03/2011;16:34:00;303;com vítima;923,5999755859375;BR-381/MG;Sul;Outros - Sequência;2;0;2;;;;1
12/03/2011;21:11:00;410;com vítima;928,9000244140625;BR-381/MG;Sul;Tombamento;1;1;1;;;;1
13/03/2011;07:38:00;103;sem vítima;53;BR-381/SP;Sul;Colisão Traseira;1;2;;;;;1
13/03/2011;00:11:00;7;com vítima;90;BR-381/SP;Norte;Colisão Traseira;1;1;;1;;;2
13/03/2011;13:16:00;232;com vítima;530,9000244140625;BR-381/MG;Norte;Outros - Sequência;2;3;;1;;;2
13/03/2011;04:18:00;58;sem vítima;711;BR-381/MG;Norte;Tombamento;1;1;;;;;1
13/03/2011;17:30:00;317;sem vítima;871;BR-381/MG;Norte;Colisão Traseira;1;2;;;;;1
13/03/2011;16:36:00;295;sem vítima;884,0999755859375;BR-381/MG;Norte;Tombamento;1;1;;;;;1
13/03/2011;13:27:00;236;com vítima;940,5999755859375;BR-381/MG;Norte;Tombamento;1;0;1;;;;1
14/03/2011;17:25:00;382;sem vítima;71;BR-381/SP;Norte;Choque - Talude;1;1;;;;;1
14/03/2011;17:46:00;395;sem vítima;75;BR-381/SP;Sul;Tombamento;1;1;;;;;1
14/03/2011;07:36:00;118;sem vítima;496;BR-381/MG;Norte;Colisão Lateral;1;2;;;;;1
14/03/2011;21:15:00;461;sem vítima;540,7999877929688;BR-381/MG;Norte;Choque - Talude;1;1;;;;;1
14/03/2011;13:26:00;273;sem vítima;829,4000244140625;BR-381/MG;Sul;Saida de Pista;1;1;;;;;1
15/03/2011;14:29:00;304;com vítima;79;BR-381/SP;Sul;Outros - Sequência;1;0;;;;1;3
15/03/2011;13:31:00;287;sem vítima;483;BR-381/MG;Sul;Colisão Traseira;1;2;;;;;1
15/03/2011;17:10:00;368;sem vítima;496;BR-381/MG;Norte;Colisão Traseira;1;2;;;;;1
15/03/2011;10:13:00;211;com vítima;525,4000244140625;BR-381/MG;Sul;Tombamento;1;0;2;;;;1
15/03/2011;00:11:00;6;sem vítima;526;BR-381/MG;Sul;Saida de Pista;1;1;;;;;1
15/03/2011;17:01:00;361;sem vítima;546;BR-381/MG;Sul;Colisão Traseira;1;2;;;;;1
15/03/2011;14:49:00;310;com vítima;633,2000122070312;BR-381/MG;Sul;Tombamento;1;0;;;;1;3
15/03/2011;19:34:00;423;sem vítima;795;BR-381/MG;Sul;Colisão Traseira;2;3;;;;;1
15/03/2011;06:49:00;87;sem vítima;841;BR-381/MG;Norte;Saida de Pista;1;1;;;;;1
15/03/2011;10:11:00;209;sem vítima;879,7999877929688;BR-381/MG;Norte;Tombamento;1;1;;;;;1
15/03/2011;07:31:00;94;sem vítima;918;BR-381/MG;Norte;Saida de Pista;1;1;;;;;1
16/03/2011;06:09:00;70;sem vítima;5;BR-381/SP;Norte;Outros;1;1;;;;;1
16/03/2011;05:48:00;65;sem vítima;8,5;BR-381/SP;Norte;Choque - Poste;1;1;;;;;1
16/03/2011;21:57:00;417;sem vítima;27,5;BR-381/SP;Norte;Colisão Lateral;1;2;;;;;1
16/03/2011;06:28:00;72;com vítima;483,79998779296875;BR-381/MG;Norte;Outros - Sequência;1;2;1;;;;1
16/03/2011;06:57:00;78;sem vítima;483,79998779296875;BR-381/MG;Norte;Colisão Lateral;1;2;;;;;1
16/03/2011;13:24:00;234;sem vítima;497;BR-381/MG;Sul;Colisão Lateral;1;3;;;;;1
16/03/2011;12:30:00;218;sem vítima;519,0999755859375;BR-381/MG;Sul;Outros;1;2;;;;;1
16/03/2011;02:43:00;34;sem vítima;598,0499877929688;BR-381/MG;Norte;Outros - Sequência;2;3;;;;;1
16/03/2011;00:35:00;9;sem vítima;638;BR-381/MG;Sul;Colisão Traseira;2;3;;;;;1
16/03/2011;08:41:00;125;com vítima;705;BR-381/MG;Norte;Colisão Traseira;1;1;;1;;;2
16/03/2011;01:13:00;21;sem vítima;713,2999877929688;BR-381/MG;Sul;Saida de Pista;1;1;;;;;1
16/03/2011;09:49:00;158;sem vítima;917,4000244140625;BR-381/MG;Norte;Colisão Traseira;1;2;;;;;1
17/03/2011;07:27:00;105;sem vítima;481;BR-381/MG;Sul;Colisão Lateral;1;2;;;;;1
17/03/2011;18:36:00;364;sem vítima;484;BR-381/MG;Sul;Outros - Sequência;1;4;;;;;1
17/03/2011;00:22:00;6;sem vítima;491,5;BR-381/MG;Sul;Colisão Lateral;1;2;;;;;1
17/03/2011;11:23:00;216;com vítima;702,5;BR-381/MG;Sul;Tombamento;1;0;1;;;;1
17/03/2011;21:53:00;423;sem vítima;739;BR-381/MG;Norte;Colisão Traseira;2;2;;;;;1
17/03/2011;23:19:00;438;com vítima;739,5;BR-381/MG;Sul;Outros - Sequência;1;0;;1;;;2
17/03/2011;13:04:00;254;com vítima;940,5;BR-381/MG;Norte;Tombamento;1;0;2;;;;1
18/03/2011;07:39:00;137;sem vítima;13;BR-381/SP;Sul;Outros;1;1;;;;;1
18/03/2011;10:41:00;231;sem vítima;61;BR-381/SP;Sul;Colisão Lateral;1;2;;;;;1
18/03/2011;07:18:00;126;com vítima;481;BR-381/MG;Norte;Colisão Lateral;1;2;1;;;;1
18/03/2011;23:00:00;499;com vítima;613,2000122070312;BR-381/MG;Norte;Colisão Traseira;2;2;;;;1;3
18/03/2011;16:11:00;349;com vítima;624,2999877929688;BR-381/MG;Sul;Tombamento;1;0;1;;;;1
18/03/2011;21:53:00;480;sem vítima;715,7999877929688;BR-381/MG;Sul;Outros - Sequência;1;2;;;;;1
18/03/2011;19:07:00;418;sem vítima;762;BR-381/MG;Norte;Tombamento;1;1;;;;;1
18/03/2011;06:05:00;99;sem vítima;774;BR-381/MG;Norte;Colisão Traseira;1;2;;;;;1
18/03/2011;04:04:00;70;sem vítima;879,7999877929688;BR-381/MG;Sul;Colisão Traseira;2;2;;;;;1
18/03/2011;21:33:00;474;sem vítima;890,5;BR-381/MG;Sul;Atropelamento de Animal;1;1;;;;;1
18/03/2011;14:02:00;298;com vítima;946,2000122070312;BR-381/MG;Sul;Outros - Sequência;1;0;4;;;1;3
19/03/2011;13:57:00;245;sem vítima;0,5;BR-381/SP;Norte;Choque - Elemento de Drenagem;1;1;;;;;1
19/03/2011;12:52:00;228;sem vítima;65,5;BR-381/SP;Norte;Colisão Traseira;2;2;;;;;1
19/03/2011;22:00:00;446;sem vítima;506;BR-381/MG;Norte;Atropelamento de Animal;3;3;;;;;1
19/03/2011;11:50:00;207;sem vítima;516,5;BR-381/MG;Norte;Tombamento;1;1;;;;;1
19/03/2011;09:55:00;163;sem vítima;528;BR-381/MG;Norte;Colisão Lateral;2;2;;;;;1
19/03/2011;11:00:00;186;com vítima;550,2999877929688;BR-381/MG;Norte;Colisão Traseira;1;4;2;;;;1
19/03/2011;08:07:00;120;sem vítima;597,5;BR-381/MG;Norte;Colisão Traseira;2;4;;;;;1
19/03/2011;20:55:00;425;sem vítima;597,7000122070312;BR-381/MG;Sul;Choque - Outros;1;1;;;;;1
19/03/2011;02:32:00;48;com vítima;830;BR-381/MG;Norte;Colisão Traseira;2;0;2;1;;;2
19/03/2011;06:58:00;94;com vítima;890;BR-381/MG;Norte;Tombamento;1;0;1;;;;1
20/03/2011;15:25:00;219;sem vítima;658,2000122070312;BR-381/MG;Norte;Colisão Traseira;1;2;;;;;1
20/03/2011;23:22:00;393;com vítima;948,9000244140625;BR-381/MG;Sul;Colisão Lateral;1;1;1;;;;1
21/03/2011;11:32:00;191;sem vítima;66,69999694824219;BR-381/SP;Sul;Colisão Traseira;1;2;;;;;1
21/03/2011;08:25:00;103;sem vítima;83,19999694824219;BR-381/SP;Sul;Colisão Lateral;1;2;;;;;1
21/03/2011;09:10:00;128;sem vítima;491,5;BR-381/MG;Norte;Colisão Lateral;1;2;;;;;1
21/03/2011;06:28:00;59;com vítima;492;BR-381/MG;Norte;Engavetamento;1;3;1;;;;1
21/03/2011;07:51:00;89;com vítima;496;BR-381/MG;Norte;Colisão Traseira;1;1;1;;;;1
21/03/2011;23:33:00;466;sem vítima;501,70001220703125;BR-381/MG;Norte;Colisão Traseira;2;2;;;;;1
21/03/2011;05:35:00;52;com vítima;563,2000122070312;BR-381/MG;Sul;Tombamento;1;0;;1;;;2
21/03/2011;18:42:00;391;sem vítima;710,5999755859375;BR-381/MG;Sul;Colisão Lateral;2;2;;;;;1
21/03/2011;00:58:00;16;sem vítima;742,5;BR-381/MG;Norte;Atropelamento de Animal;1;3;;;;;1
22/03/2011;15:21:00;259;com vítima;68;BR-381/SP;Sul;Colisão Traseira;2;1;;;;1;3
22/03/2011;13:25:00;207;sem vítima;90;BR-381/SP;Norte;Engavetamento;2;3;;;;;1
22/03/2011;12:01:00;184;sem vítima;90,0999984741211;BR-381/SP;Norte;Engavetamento;1;6;;;;;1
22/03/2011;07:40:00;82;sem vítima;508,29998779296875;BR-381/MG;Norte;Colisão Lateral;1;2;;;;;1
22/03/2011;12:17:00;188;sem vítima;521;BR-381/MG;Norte;Outros;1;1;;;;;1
22/03/2011;06:08:00;55;sem vítima;579,9000244140625;BR-381/MG;Norte;Colisão Lateral;1;3;;;;;1
22/03/2011;23:10:00;423;com vítima;635,5;BR-381/MG;Sul;Tombamento;1;0;;;;1;3
22/03/2011;23:56:00;438;com vítima;725,5;BR-381/MG;Sul;Colisão Traseira;2;2;1;;;;1
22/03/2011;01:09:00;19;sem vítima;729;BR-381/MG;Sul;Tombamento;1;1;;;;;1
22/03/2011;13:15:00;204;sem vítima;801;BR-381/MG;Sul;Tombamento;1;1;;;;;1
22/03/2011;09:52:00;137;sem vítima;873,2999877929688;BR-381/MG;Sul;Engavetamento;4;4;;;;;1
22/03/2011;07:54:00;88;com vítima;876,5;BR-381/MG;Sul;Capotamento;1;0;1;;;;1
22/03/2011;23:38:00;430;sem vítima;889,5;BR-381/MG;Norte;Colisão Lateral;1;2;;;;;1
23/03/2011;11:01:00;206;sem vítima;509,70001220703125;BR-381/MG;Norte;Colisão Lateral;2;2;;;;;1
23/03/2011;07:25:00;96;sem vítima;546;BR-381/MG;Sul;Colisão Traseira;1;2;;;;;1
23/03/2011;20:49:00;465;sem vítima;819,9000244140625;BR-381/MG;Norte;Atropelamento de Animal;1;1;;;;;1
23/03/2011;01:38:00;29;sem vítima;823,5;BR-381/MG;Sul;Outros - Sequência;1;1;;;;;1
23/03/2011;08:58:00;143;sem vítima;893;BR-381/MG;Norte;Colisão Lateral;1;2;;;;;1
23/03/2011;01:40:00;30;sem vítima;900,7999877929688;BR-381/MG;Norte;Colisão Traseira;1;2;;;;;1
24/03/2011;17:31:00;378;com vítima;18,200000762939453;BR-381/SP;Sul;Choque - Talude;1;0;1;;;;1
24/03/2011;17:07:00;368;sem vítima;49,70000076293945;BR-381/SP;Norte;Colisão Lateral;1;2;;;;;1
24/03/2011;15:00:00;308;sem vítima;489,5;BR-381/MG;Sul;Colisão Traseira;2;2;;;;;1
24/03/2011;07:59:00;118;sem vítima;496,20001220703125;BR-381/MG;Norte;Engavetamento;1;4;;;;;1
24/03/2011;16:42:00;358;sem vítima;509,79998779296875;BR-381/MG;Norte;Colisão Traseira;1;2;;;;;1
24/03/2011;22:27:00;473;sem vítima;597,2999877929688;BR-381/MG;Sul;Colisão Traseira;2;2;;;;;1
24/03/2011;03:43:00;53;sem vítima;619;BR-381/MG;Norte;Colisão Traseira;2;2;;;;;1
24/03/2011;04:15:00;59;sem vítima;619;BR-381/MG;Norte;Saida de Pista;1;1;;;;;1
24/03/2011;05:27:00;69;sem vítima;744;BR-381/MG;Sul;Tombamento;1;1;;;;;1
24/03/2011;11:13:00;232;sem vítima;817;BR-381/MG;Norte;Outros;2;2;;;;;1
24/03/2011;03:35:00;49;com vítima;921;BR-381/MG;Sul;Colisão Traseira;1;2;1;;;;1
25/03/2011;20:02:00;446;com vítima;37,79999923706055;BR-381/SP;Norte;Colisão Traseira;1;1;1;;;;1
25/03/2011;07:54:00;119;sem vítima;500;BR-381/MG;Norte;Colisão Lateral;1;2;;;;;1
25/03/2011;12:38:00;260;sem vítima;507,6000061035156;BR-381/MG;Norte;Saida de Pista;1;1;;;;;1
25/03/2011;21:45:00;484;sem vítima;580;BR-381/MG;Sul;Colisão Traseira;2;2;;;;;1
26/03/2011;03:42:00;50;sem vítima;65;BR-381/SP;Sul;Choque - Suporte de Sinalização;1;1;;;;;1
26/03/2011;11:38:00;219;sem vítima;535;BR-381/MG;Norte;Tombamento;1;1;;;;;1
26/03/2011;09:24:00;154;com vítima;598;BR-381/MG;Norte;Outros - Sequência;1;1;2;;;;1
26/03/2011;07:40:00;107;sem vítima;615;BR-381/MG;Norte;Colisão Traseira;1;6;;;;;1
26/03/2011;06:10:00;79;sem vítima;797,0999755859375;BR-381/MG;Sul;Choque - Elemento de Drenagem;1;1;;;;;1
26/03/2011;02:05:00;25;sem vítima;854,9000244140625;BR-381/MG;Sul;Choque - Elemento de Drenagem;1;1;;;;;1
26/03/2011;13:18:00;265;com vítima;931,2000122070312;BR-381/MG;Norte;Tombamento;1;0;1;;;;1
27/03/2011;12:08:00;181;sem vítima;486;BR-381/MG;Sul;Colisão Lateral;1;2;;;;;1
27/03/2011;22:22:00;454;sem vítima;534,2000122070312;BR-381/MG;Sul;Choque - Outros;1;1;;;;;1
27/03/2011;05:54:00;69;com vítima;721;BR-381/MG;Norte;Tombamento;1;0;;1;;;2
27/03/2011;07:06:00;75;sem vítima;722;BR-381/MG;Norte;Colisão Lateral;1;2;;;;;1
27/03/2011;13:20:00;201;sem vítima;722,0999755859375;BR-381/MG;Norte;Choque - Elemento de Drenagem;1;1;;;;;1
28/03/2011;00:11:00;6;sem vítima;46;BR-381/SP;Sul;Colisão Traseira;2;2;;;;;1
28/03/2011;21:39:00;421;com vítima;783,9000244140625;BR-381/MG;Norte;Tombamento;1;0;;;1;;2
28/03/2011;11:26:00;195;sem vítima;830,5;BR-381/MG;Sul;Saida de Pista;1;1;;;;;1
29/03/2011;13:27:00;256;sem vítima;2,299999952316284;BR-381/SP;Sul;Saida de Pista;1;1;;;;;1
29/03/2011;06:03:00;74;com vítima;491,79998779296875;BR-381/MG;Norte;Colisão Lateral;1;1;1;;;;1
29/03/2011;20:00:00;405;com vítima;536;BR-381/MG;Sul;Tombamento;1;0;1;;;;1
29/03/2011;07:30:00;116;com vítima;541;BR-381/MG;Norte;Saida de Pista;1;0;1;;;;1
29/03/2011;01:14:00;22;com vítima;632,2999877929688;BR-381/MG;Norte;Outros - Sequência;1;4;3;;;;1
29/03/2011;02:14:00;35;com vítima;637;BR-381/MG;Sul;Tombamento;1;0;1;;;;1
29/03/2011;04:47:00;55;sem vítima;764;BR-381/MG;Sul;Saida de Pista;1;1;;;;;1
29/03/2011;04:59:00;59;com vítima;856,9000244140625;BR-381/MG;Norte;Tombamento;1;0;;1;;;2
29/03/2011;20:36:00;416;sem vítima;880,9000244140625;BR-381/MG;Sul;Outros - Sequência;2;2;;;;;1
29/03/2011;14:21:00;268;sem vítima;883,7999877929688;BR-381/MG;Norte;Saida de Pista;1;2;;;;;1
30/03/2011;05:26:00;65;sem vítima;13,699999809265137;BR-381/SP;Sul;Colisão Traseira;2;2;;;;;1
30/03/2011;23:38:00;442;com vítima;32,599998474121094;BR-381/SP;Sul;Outros - Sequência;1;0;1;;2;;2
30/03/2011;15:38:00;286;sem vítima;84,5;BR-381/SP;Norte;Colisão Traseira;1;2;;;;;1
30/03/2011;08:32:00;116;sem vítima;90,30000305175781;BR-381/SP;Sul;Colisão Lateral;1;2;;;;;1
30/03/2011;11:34:00;178;com vítima;477,20001220703125;BR-381/MG;Norte;Engavetamento;3;2;1;;;;1
30/03/2011;23:16:00;435;sem vítima;517;BR-381/MG;Sul;Colisão Traseira;2;2;;;;;1
30/03/2011;10:17:00;156;com vítima;525;BR-381/MG;Sul;Outros - Sequência;4;4;;1;;;2
30/03/2011;07:35:00;92;sem vítima;541;BR-381/MG;Norte;Colisão Traseira;2;3;;;;;1
30/03/2011;04:21:00;55;sem vítima;597,5;BR-381/MG;Norte;Colisão Traseira;1;23;;;;;1
30/03/2011;15:20:00;273;sem vítima;630,7999877929688;BR-381/MG;Sul;Tombamento;1;1;;;;;1
30/03/2011;10:18:00;159;com vítima;653;BR-381/MG;Norte;Outros;1;0;1;;;;1
30/03/2011;10:22:00;195;com vítima;653;BR-381/MG;Sul;Colisão Frontal;1;0;1;;1;;2
30/03/2011;05:30:00;108;sem vítima;700,7999877929688;BR-381/MG;Sul;Colisão Traseira;1;2;;;;;1
30/03/2011;05:06:00;62;com vítima;700,9000244140625;BR-381/MG;Sul;Tombamento;1;0;;;1;;2
30/03/2011;23:12:00;434;sem vítima;736,2000122070312;BR-381/MG;Norte;Colisão Traseira;2;2;;;;;1
30/03/2011;05:36:00;68;sem vítima;884,7000122070312;BR-381/MG;Sul;Choque - Elemento de Drenagem;1;1;;;;;1
30/03/2011;07:01:00;78;sem vítima;930,9000244140625;BR-381/MG;Sul;Colisão Traseira;2;2;;;;;1
31/03/2011;19:50:00;434;sem vítima;67;BR-381/SP;Norte;Choque - Defensa, barreira ou "submarino";1;1;;;;;1
31/03/2011;16:23:00;335;sem vítima;481;BR-381/MG;Sul;Colisão Traseira;2;2;;;;;1
31/03/2011;19:01:00;405;com vítima;485;BR-381/MG;Sul;Engavetamento;2;3;1;;;;1
31/03/2011;14:10:00;272;sem vítima;492;BR-381/MG;Sul;Choque - Poste;1;1;;;;;1
31/03/2011;07:34:00;101;sem vítima;494;BR-381/MG;Norte;Colisão Lateral;1;2;;;;;1
31/03/2011;16:28:00;340;sem vítima;500,5;BR-381/MG;Norte;Colisão Traseira;1;2;;;;;1
31/03/2011;08:09:00;118;com vítima;527,2999877929688;BR-381/MG;Norte;Tombamento;1;0;1;;;;1
31/03/2011;03:44:00;37;com vítima;804;BR-381/MG;Sul;Colisão Traseira;1;1;1;;;;1
31/03/2011;00:28:00;4;com vítima;811,7999877929688;BR-381/MG;Norte;Tombamento;1;0;;;;1;3
31/03/2011;02:46:00;29;com vítima;877,2999877929688;BR-381/MG;Norte;Capotamento;1;0;;1;;;2
31/03/2011;03:36:00;35;sem vítima;891,5999755859375;BR-381/MG;Norte;Tombamento;1;1;;;;;1
01/04/2011;07:03:00;90;sem vítima;27,700000762939453;BR-381/SP;Sul;Choque - Elemento de Drenagem;1;1;;;;;1
01/04/2011;10:01:00;200;sem vítima;498;BR-381/MG;Sul;Outros - Sequência;2;4;;;;;1
01/04/2011;00:47:00;18;sem vítima;580;BR-381/MG;Sul;Colisão Lateral;1;2;;;;;1
01/04/2011;19:38:00;438;sem vítima;658;BR-381/MG;Norte;Colisão Traseira;1;2;;;;;1
01/04/2011;02:20:00;44;sem vítima;658,25;BR-381/MG;Sul;Choque - Cancela de Pedagio;1;1;;;;;1
01/04/2011;22:14:00;480;sem vítima;749;BR-381/MG;Norte;Colisão Traseira;1;2;;;;;1
01/04/2011;00:51:00;19;com vítima;816,5;BR-381/MG;Norte;Tombamento;1;0;1;;;;1
02/04/2011;00:16:00;3;com vítima;32;BR-381/SP;Norte;Colisão Traseira;2;1;;1;;;2
02/04/2011;06:35:00;80;com vítima;80,4000015258789;BR-381/SP;Norte;Outros - Sequência;1;1;2;;;1;3
02/04/2011;21:39:00;429;com vítima;477,70001220703125;BR-381/MG;Sul;Engavetamento;1;3;1;;;;1
02/04/2011;02:14:00;34;com vítima;493,20001220703125;BR-381/MG;Norte;Colisão Traseira;1;1;1;;;;1
02/04/2011;06:33:00;78;sem vítima;561,5;BR-381/MG;Sul;Choque - Elemento de Drenagem;1;1;;;;;1
02/04/2011;01:05:00;19;sem vítima;668,5;BR-381/MG;Sul;Choque - Elemento de Drenagem;1;1;;;;;1
02/04/2011;06:29:00;76;com vítima;830,4000244140625;BR-381/MG;Norte;Colisão Traseira;2;0;2;;;;1
02/04/2011;04:35:00;59;com vítima;916;BR-381/MG;Sul;Tombamento;1;0;;1;;;2
03/04/2011;04:47:00;52;com vítima;42;BR-381/SP;Sul;Colisão Traseira;2;1;;1;;;2
03/04/2011;18:44:00;342;sem vítima;495,8999938964844;BR-381/MG;Sul;Colisão Lateral;1;2;;;;;1
03/04/2011;16:18:00;260;sem vítima;745,9000244140625;BR-381/MG;Sul;Colisão Lateral;1;6;;;;;1