data;horario;n_da_ocorrencia;tipo_de_ocorrencia;km;trecho;sentido;tipo_de_acidente;caminhao;ilesos;levemente_feridos;moderadamente_feridos;gravemente_feridos;mortos;3
06/05/2011;11:26:00;226;sem vítima;47,5;BR-381/SP;Sul;Engavetamento;2;3;;;;;1
06/05/2011;15:05:00;305;sem vítima;59;BR-381/SP;Sul;Engavetamento;1;3;;;;;1
06/05/2011;18:54:00;430;com vítima;491,79998779296875;BR-381/MG;Sul;Engavetamento;1;2;1;;;;1
06/05/2011;00:26:00;7;sem vítima;520,4000244140625;BR-381/MG;Sul;Choque - Defensa, barreira ou "submarino";1;1;;;;;1
06/05/2011;22:57:00;511;sem vítima;546;BR-381/MG;Sul;Colisão Traseira;1;4;;;;;1
06/05/2011;12:28:00;251;sem vítima;590,4000244140625;BR-381/MG;Norte;Tombamento;1;1;;;;;1
06/05/2011;15:31:00;321;com vítima;683;BR-381/MG;Sul;Colisão Traseira;2;1;;1;;;2
06/05/2011;20:26:00;455;com vítima;746,2999877929688;BR-381/MG;Norte;Outros - Sequência;2;0;5;;;2;3
07/05/2011;06:12:00;71;com vítima;697;BR-381/MG;Norte;Choque - Defensa, barreira ou "submarino";1;0;;;1;;2
07/05/2011;22:54:00;446;com vítima;874;BR-381/MG;Sul;Choque - Suporte de Sinalização;1;0;1;;;;1
07/05/2011;08:20:00;126;sem vítima;876;BR-381/MG;Sul;Choque - Talude;1;1;;;;;1
08/05/2011;16:04:00;231;sem vítima;485,8999938964844;BR-381/MG;Sul;Outros - Sequência;1;2;;;;;1
08/05/2011;19:38:00;305;sem vítima;489,29998779296875;BR-381/MG;Norte;Colisão Lateral;1;2;;;;;1
08/05/2011;19:08:00;297;sem vítima;502,29998779296875;BR-381/MG;Sul;Outros - Sequência;1;2;;;;;1
08/05/2011;22:33:00;351;com vítima;938,4000244140625;BR-381/MG;Sul;Tombamento;1;0;1;;;;1
08/05/2011;17:22:00;261;com vítima;940,4000244140625;BR-381/MG;Norte;Outros - Sequência;1;1;3;1;;;2
09/05/2011;17:42:00;447;sem vítima;69,9000015258789;BR-381/SP;Norte;Colisão Lateral;1;3;;;;;1
09/05/2011;08:10:00;126;sem vítima;493,3999938964844;BR-381/MG;Norte;Colisão Traseira;1;2;;;;;1
09/05/2011;21:55:00;511;com vítima;494;BR-381/MG;Sul;Tombamento;1;0;1;;;;1
09/05/2011;10:04:00;200;com vítima;502;BR-381/MG;Sul;Colisão Traseira;2;1;1;;;;1
09/05/2011;18:13:00;457;sem vítima;533;BR-381/MG;Sul;Colisão Lateral;1;2;;;;;1
09/05/2011;14:59:00;354;sem vítima;546;BR-381/MG;Norte;Choque - Defensa, barreira ou "submarino";1;1;;;;;1
10/05/2011;02:17:00;24;sem vítima;84,30000305175781;BR-381/SP;Sul;Outros - Sequência;2;2;;;;;1
10/05/2011;17:30:00;391;com vítima;481;BR-381/MG;Sul;Atropelamento - Morador;1;1;1;;;;1
10/05/2011;18:10:00;414;sem vítima;481;BR-381/MG;Sul;Colisão Traseira;1;2;;;;;1
10/05/2011;17:42:00;396;sem vítima;494;BR-381/MG;Norte;Colisão Traseira;1;2;;;;;1
10/05/2011;09:11:00;158;com vítima;494,70001220703125;BR-381/MG;Sul;Colisão Traseira;1;1;1;;;;1
10/05/2011;14:53:00;299;sem vítima;524;BR-381/MG;Norte;Colisão Lateral;1;2;;;;;1
10/05/2011;17:58:00;404;com vítima;525,9000244140625;BR-381/MG;Sul;Tombamento;1;0;1;;;;1
10/05/2011;13:51:00;279;sem vítima;546;BR-381/MG;Norte;Choque - Outros;1;1;;;;;1
10/05/2011;06:21:00;63;sem vítima;844,5;BR-381/MG;Norte;Colisão Traseira;1;3;;;;;1
10/05/2011;11:54:00;246;com vítima;854,5;BR-381/MG;Norte;Tombamento;1;0;3;;;;1
10/05/2011;02:49:00;28;sem vítima;881;BR-381/MG;Sul;Choque - Defensa, barreira ou "submarino";1;1;;;;;1
11/05/2011;19:06:00;405;sem vítima;496,5;BR-381/MG;Norte;Colisão Traseira;1;2;;;;;1
11/05/2011;10:53:00;208;sem vítima;498,29998779296875;BR-381/MG;Sul;Colisão Lateral;2;2;;;;;1
11/05/2011;13:15:00;266;sem vítima;558;BR-381/MG;Norte;Colisão Traseira;1;2;;;;;1
11/05/2011;00:20:00;8;com vítima;598,5;BR-381/MG;Sul;Colisão Traseira;2;0;2;;;;1
11/05/2011;02:46:00;33;sem vítima;638,5;BR-381/MG;Norte;Tombamento;1;1;;;;;1
11/05/2011;14:19:00;288;sem vítima;668,5;BR-381/MG;Sul;Tombamento;1;1;;;;;1
11/05/2011;11:18:00;221;com vítima;719,9000244140625;BR-381/MG;Norte;Tombamento;1;0;1;1;;;2
11/05/2011;06:56:00;76;com vítima;934,5;BR-381/MG;Norte;Tombamento;1;0;1;1;;;2
12/05/2011;13:42:00;293;sem vítima;48,79999923706055;BR-381/SP;Norte;Saida de Pista;1;2;;;;;1
12/05/2011;15:15:00;326;com vítima;67,5;BR-381/SP;Norte;Atropelamento - Morador;1;1;;1;;;2
12/05/2011;18:46:00;411;sem vítima;89,4000015258789;BR-381/SP;Sul;Colisão Lateral;1;2;;;;;1
12/05/2011;05:20:00;59;sem vítima;572,5;BR-381/MG;Norte;Atropelamento de Animal;1;1;;;;;1
12/05/2011;15:57:00;347;sem vítima;583,7000122070312;BR-381/MG;Norte;Choque - Defensa, barreira ou "submarino";1;1;;;;;1
12/05/2011;14:25:00;302;com vítima;599;BR-381/MG;Norte;Tombamento;1;0;1;;;;1
12/05/2011;16:43:00;365;sem vítima;599,7000122070312;BR-381/MG;Norte;Engavetamento;2;3;;;;;1
12/05/2011;04:34:00;49;sem vítima;620;BR-381/MG;Norte;Choque - Defensa, barreira ou "submarino";1;1;;;;;1
12/05/2011;21:25:00;450;sem vítima;684,2999877929688;BR-381/MG;Norte;Colisão Lateral;1;4;;;;;1
12/05/2011;03:34:00;41;sem vítima;865;BR-381/MG;Sul;Outros - Sequência;1;2;;;;;1
13/05/2011;18:32:00;444;com vítima;9,300000190734863;BR-381/SP;Norte;Engavetamento;4;10;;;;1;3
13/05/2011;23:04:00;526;sem vítima;20,100000381469727;BR-381/SP;Norte;Colisão Traseira;1;2;;;;;1
13/05/2011;06:04:00;73;sem vítima;66,69999694824219;BR-381/SP;Sul;Colisão Traseira;2;2;;;;;1
13/05/2011;07:55:00;120;sem vítima;66,69999694824219;BR-381/SP;Sul;Choque - Cancela de Pedagio;1;1;;;;;1
13/05/2011;11:18:00;237;sem vítima;478;BR-381/MG;Norte;Engavetamento;2;3;;;;;1
13/05/2011;08:57:00;159;sem vítima;502,1000061035156;BR-381/MG;Norte;Colisão Traseira;2;2;;;;;1
13/05/2011;16:08:00;373;sem vítima;524,5;BR-381/MG;Norte;Tombamento;1;1;;;;;1
13/05/2011;13:29:00;295;sem vítima;545,9500122070312;BR-381/MG;Norte;Choque - Defensa, barreira ou "submarino";1;1;;;;;1
13/05/2011;02:11:00;35;sem vítima;869,4000244140625;BR-381/MG;Sul;Tombamento;1;1;;;;;1
13/05/2011;16:23:00;384;sem vítima;900,7999877929688;BR-381/MG;Norte;Engavetamento;1;3;;;;;1
14/05/2011;11:29:00;234;sem vítima;80,5;BR-381/SP;Norte;Colisão Lateral;1;2;;;;;1
14/05/2011;20:21:00;421;com vítima;481;BR-381/MG;Norte;Colisão Traseira;1;1;2;;;;1
14/05/2011;15:20:00;317;sem vítima;825,4000244140625;BR-381/MG;Sul;Tombamento;1;2;;;;;1
14/05/2011;22:38:00;455;sem vítima;944;BR-381/MG;Sul;Saida de Pista;1;1;;;;;1
15/05/2011;02:32:00;44;sem vítima;486,79998779296875;BR-381/MG;Norte;Colisão Traseira;1;2;;;;;1
15/05/2011;19:44:00;401;com vítima;487,5;BR-381/MG;Sul;Colisão Lateral;1;1;1;;;;1
15/05/2011;14:54:00;264;sem vítima;519,5;BR-381/MG;Sul;Colisão Lateral;1;2;;;;;1
15/05/2011;06:20:00;78;sem vítima;673,9000244140625;BR-381/MG;Sul;Outros - Sequência;1;2;;;;;1
15/05/2011;08:07:00;136;com vítima;903,2999877929688;BR-381/MG;Norte;Tombamento;1;0;1;;;;1
16/05/2011;09:23:00;166;sem vítima;31,5;BR-381/SP;Sul;Engavetamento;1;3;;;;;1
16/05/2011;19:35:00;427;sem vítima;516,9000244140625;BR-381/MG;Sul;Colisão Traseira;2;2;;;;;1
16/05/2011;14:36:00;287;sem vítima;720;BR-381/MG;Sul;Colisão Lateral;2;2;;;;;1
16/05/2011;17:23:00;376;com vítima;829,7000122070312;BR-381/MG;Norte;Tombamento;1;0;;1;;;2
16/05/2011;23:37:00;485;sem vítima;900,7999877929688;BR-381/MG;Sul;Colisão Traseira;2;2;;;;;1
16/05/2011;16:10:00;337;sem vítima;906,0999755859375;BR-381/MG;Norte;Choque - Elemento de Drenagem;1;1;;;;;1
17/05/2011;01:18:00;25;sem vítima;7,5;BR-381/SP;Norte;Choque - Outros;1;1;;;;;1
17/05/2011;15:04:00;297;sem vítima;87,9000015258789;BR-381/SP;Norte;Choque - Defensa, barreira ou "submarino";1;1;;;;;1
17/05/2011;15:13:00;303;sem vítima;478,79998779296875;BR-381/MG;Norte;Colisão Lateral;1;2;;;;;1
17/05/2011;03:34:00;47;com vítima;707,0499877929688;BR-381/MG;Norte;Saida de Pista;1;0;1;;;;1
17/05/2011;00:10:00;4;com vítima;760,4000244140625;BR-381/MG;Sul;Colisão Traseira;1;1;;1;;1;3
17/05/2011;07:56:00;117;sem vítima;807;BR-381/MG;Norte;Colisão Traseira;2;2;;;;;1
17/05/2011;03:15:00;44;sem vítima;876,9000244140625;BR-381/MG;Sul;Choque - Defensa, barreira ou "submarino";1;1;;;;;1
18/05/2011;22:43:00;466;sem vítima;16,200000762939453;BR-381/SP;Norte;Outros;1;1;;;;;1
18/05/2011;23:14:00;479;com vítima;63,400001525878906;BR-381/SP;Sul;Engavetamento;1;3;;1;;;2
18/05/2011;07:12:00;83;sem vítima;79,5;BR-381/SP;Sul;Engavetamento;2;5;;;;;1
18/05/2011;14:55:00;307;sem vítima;87;BR-381/SP;Sul;Colisão Lateral;1;2;;;;;1
18/05/2011;10:05:00;181;sem vítima;494,29998779296875;BR-381/MG;Sul;Colisão Lateral;1;2;;;;;1
18/05/2011;14:13:00;286;sem vítima;498,20001220703125;BR-381/MG;Norte;Colisão Traseira;1;2;;;;;1
18/05/2011;03:51:00;38;com vítima;602;BR-381/MG;Norte;Tombamento;1;0;1;;;;1
18/05/2011;01:08:00;23;sem vítima;921,5999755859375;BR-381/MG;Sul;Tombamento;1;1;;;;;1
19/05/2011;19:29:00;434;com vítima;6,800000190734863;BR-381/SP;Norte;Colisão Traseira;1;1;1;;;;1
19/05/2011;14:52:00;321;sem vítima;65,5;BR-381/SP;Norte;Choque - Outros;1;1;;;;;1
19/05/2011;08:07:00;121;sem vítima;554,5;BR-381/MG;Norte;Colisão Lateral;1;2;;;;;1
19/05/2011;01:15:00;18;sem vítima;678,7999877929688;BR-381/MG;Sul;Colisão Traseira;2;2;;;;;1
19/05/2011;02:59:00;39;sem vítima;699,7999877929688;BR-381/MG;Norte;Colisão Traseira;2;2;;;;;1
19/05/2011;02:48:00;37;sem vítima;757;BR-381/MG;Sul;Saida de Pista;1;1;;;;;1
20/05/2011;15:49:00;308;com vítima;13;BR-381/SP;Sul;Colisão Traseira;1;1;3;1;;;2
20/05/2011;15:58:00;314;com vítima;34,5;BR-381/SP;Norte;Outros - Sequência;1;7;3;;;;1
20/05/2011;13:04:00;238;sem vítima;69;BR-381/SP;Sul;Colisão Traseira;1;2;;;;;1
20/05/2011;12:16:00;220;com vítima;504;BR-381/MG;Sul;Engavetamento;1;2;2;1;;;2
20/05/2011;05:03:00;59;com vítima;519;BR-381/MG;Sul;Outros - Sequência;2;1;;1;;;2
20/05/2011;04:42:00;54;sem vítima;630;BR-381/MG;Norte;Tombamento;1;1;;;;;1
20/05/2011;04:52:00;56;sem vítima;805;BR-381/MG;Sul;Choque - Outros;1;1;;;;;1
20/05/2011;09:12:00;134;sem vítima;805;BR-381/MG;Sul;Colisão Traseira;1;2;;;;;1
20/05/2011;02:59:00;41;com vítima;870,5;BR-381/MG;Norte;Colisão Traseira;1;2;1;;;;1
20/05/2011;06:32:00;66;com vítima;874;BR-381/MG;Sul;Capotamento;1;0;;1;;;2
20/05/2011;06:43:00;70;sem vítima;948;BR-381/MG;Norte;Outros - Sequência;1;2;;;;;1
21/05/2011;08:05:00;131;sem vítima;71;BR-381/SP;Norte;Engavetamento;1;4;;;;;1
21/05/2011;18:55:00;392;sem vítima;83;BR-381/SP;Sul;Engavetamento;1;7;;;;;1
21/05/2011;12:09:00;220;sem vítima;500,5;BR-381/MG;Norte;Colisão Traseira;2;2;;;;;1
21/05/2011;15:44:00;300;sem vítima;524;BR-381/MG;Sul;Colisão Traseira;1;2;;;;;1
21/05/2011;23:58:00;479;com vítima;799,0999755859375;BR-381/MG;Norte;Tombamento;1;0;2;;;;1
21/05/2011;07:27:00;119;sem vítima;926;BR-381/MG;Norte;Tombamento;1;1;;;;;1
22/05/2011;14:55:00;222;com vítima;38,900001525878906;BR-381/SP;Sul;Outros - Sequência;1;1;3;;;;1
22/05/2011;14:09:00;203;sem vítima;763,5;BR-381/MG;Sul;Colisão Traseira;1;2;;;;;1
23/05/2011;16:50:00;351;com vítima;13,899999618530273;BR-381/SP;Norte;Tombamento;2;1;;1;;;2
23/05/2011;16:58:00;353;sem vítima;51;BR-381/SP;Sul;Colisão Traseira;1;2;;;;;1
23/05/2011;05:28:00;51;sem vítima;84;BR-381/SP;Norte;Colisão Lateral;1;2;;;;;1
23/05/2011;14:00:00;271;sem vítima;481;BR-381/MG;Sul;Outros - Sequência;1;3;;;;;1
23/05/2011;14:37:00;288;sem vítima;493,5;BR-381/MG;Norte;Colisão Traseira;1;2;;;;;1
23/05/2011;10:52:00;193;sem vítima;495;BR-381/MG;Sul;Colisão Traseira;1;2;;;;;1
23/05/2011;12:47:00;246;com vítima;549,2999877929688;BR-381/MG;Norte;Tombamento;1;0;1;;;;1
23/05/2011;03:24:00;38;sem vítima;868;BR-381/MG;Sul;Tombamento;1;1;;;;;1
23/05/2011;16:18:00;338;com vítima;882,5;BR-381/MG;Norte;Outros - Sequência;1;2;1;;;;1
23/05/2011;02:59:00;35;sem vítima;899;BR-381/MG;Sul;Atropelamento de Animal;1;2;;;;;1
23/05/2011;02:00:00;27;com vítima;921;BR-381/MG;Sul;Tombamento;1;0;1;;;;1
23/05/2011;07:33:00;91;sem vítima;921,2000122070312;BR-381/MG;Sul;Choque - Defensa, barreira ou "submarino";1;1;;;;;1
24/05/2011;21:58:00;473;sem vítima;480,5;BR-381/MG;Norte;Choque - Defensa, barreira ou "submarino";1;2;;;;;1
24/05/2011;20:29:00;452;sem vítima;497;BR-381/MG;Sul;Engavetamento;1;4;;;;;1
24/05/2011;17:37:00;391;com vítima;720,5;BR-381/MG;Norte;Tombamento;1;0;1;;;;1
24/05/2011;09:02:00;158;com vítima;856,0999755859375;BR-381/MG;Norte;Capotamento;1;0;1;;;;1
24/05/2011;01:04:00;25;sem vítima;872,5999755859375;BR-381/MG;Norte;Tombamento;1;1;;;;;1
24/05/2011;05:11:00;64;sem vítima;935;BR-381/MG;Sul;Colisão Lateral;2;2;;;;;1
25/05/2011;09:35:00;156;sem vítima;59;BR-381/SP;Norte;Choque - Defensa, barreira ou "submarino";1;1;;;;;1
25/05/2011;10:56:00;189;sem vítima;68;BR-381/SP;Sul;Colisão Traseira;1;2;;;;;1
25/05/2011;17:05:00;329;sem vítima;480,79998779296875;BR-381/MG;Norte;Colisão Lateral;1;2;;;;;1
25/05/2011;11:37:00;207;sem vítima;486,6000061035156;BR-381/MG;Norte;Colisão Traseira;1;2;;;;;1
25/05/2011;15:51:00;300;com vítima;496,29998779296875;BR-381/MG;Sul;Colisão Traseira;2;0;3;;;;1
25/05/2011;07:45:00;109;sem vítima;496,3999938964844;BR-381/MG;Norte;Colisão Traseira;2;2;;;;;1
25/05/2011;08:23:00;126;com vítima;654,0999755859375;BR-381/MG;Sul;Tombamento;1;0;1;;;;1
25/05/2011;12:54:00;237;sem vítima;658,2000122070312;BR-381/MG;Sul;Colisão Traseira;2;2;;;;;1
26/05/2011;10:03:00;151;sem vítima;480,70001220703125;BR-381/MG;Norte;Outros - Sequência;1;2;;;;;1
26/05/2011;21:29:00;451;com vítima;495;BR-381/MG;Norte;Outros - Sequência;1;1;1;;;;1
26/05/2011;21:43:00;457;com vítima;495,20001220703125;BR-381/MG;Norte;Engavetamento;1;4;1;;;;1
26/05/2011;06:49:00;59;com vítima;518,2999877929688;BR-381/MG;Norte;Tombamento;1;0;2;1;;;2
26/05/2011;23:45:00;485;sem vítima;702;BR-381/MG;Sul;Outros - Sequência;5;5;;;;;1
26/05/2011;22:45:00;466;sem vítima;724,7999877929688;BR-381/MG;Sul;Colisão Traseira;2;2;;;;;1
26/05/2011;20:27:00;427;sem vítima;795,4000244140625;BR-381/MG;Norte;Atropelamento de Animal;1;2;;;;;1
26/05/2011;16:32:00;348;sem vítima;805;BR-381/MG;Norte;Choque - Suporte de Sinalização;1;1;;;;;1
26/05/2011;06:29:00;55;com vítima;859;BR-381/MG;Sul;Tombamento;1;0;1;;;;1
26/05/2011;08:06:00;89;sem vítima;887,0999755859375;BR-381/MG;Sul;Choque - Defensa, barreira ou "submarino";1;1;;;;;1
27/05/2011;16:17:00;365;sem vítima;7;BR-381/SP;Norte;Colisão Lateral;1;2;;;;;1
27/05/2011;12:40:00;270;sem vítima;23,5;BR-381/SP;Norte;Engavetamento;1;4;;;;;1
27/05/2011;13:50:00;288;sem vítima;42;BR-381/SP;Sul;Colisão Lateral;1;2;;;;;1
27/05/2011;04:56:00;52;sem vítima;49;BR-381/SP;Sul;Colisão Traseira;2;2;;;;;1
27/05/2011;07:08:00;96;sem vítima;81,5;BR-381/SP;Norte;Colisão Lateral;1;2;;;;;1
27/05/2011;23:33:00;540;com vítima;511;BR-381/MG;Sul;Colisão Lateral;1;1;;1;;;2
27/05/2011;22:17:00;520;sem vítima;519;BR-381/MG;Sul;Choque - Defensa, barreira ou "submarino";1;3;;;;;1
27/05/2011;06:12:00;66;sem vítima;597,7000122070312;BR-381/MG;Norte;Choque - Outros;1;1;;;;;1
27/05/2011;06:51:00;80;sem vítima;755;BR-381/MG;Norte;Colisão Traseira;1;2;;;;;1
27/05/2011;01:39:00;20;sem vítima;767,2000122070312;BR-381/MG;Sul;Tombamento;1;1;;;;;1
27/05/2011;05:55:00;62;com vítima;794;BR-381/MG;Norte;Colisão Traseira;1;1;1;;;;1
27/05/2011;06:07:00;64;sem vítima;905,5;BR-381/MG;Sul;Colisão Traseira;1;3;;;;;1
28/05/2011;07:48:00;127;sem vítima;75;BR-381/SP;Sul;Colisão Lateral;1;2;;;;;1
28/05/2011;07:14:00;108;com vítima;494,5;BR-381/MG;Sul;Colisão Traseira;2;2;1;;;;1
28/05/2011;07:41:00;121;com vítima;508,29998779296875;BR-381/MG;Norte;Tombamento;1;2;1;;;;1
28/05/2011;08:23:00;139;sem vítima;509;BR-381/MG;Sul;Saida de Pista;1;1;;;;;1
28/05/2011;15:34:00;292;com vítima;518,4000244140625;BR-381/MG;Sul;Colisão Traseira;1;1;3;;;;1
28/05/2011;15:21:00;288;com vítima;658,9500122070312;BR-381/MG;Sul;Colisão Traseira;2;0;1;;1;;2
28/05/2011;16:30:00;318;com vítima;789;BR-381/MG;Sul;Colisão Traseira;1;1;1;;;;1
28/05/2011;21:52:00;423;sem vítima;795;BR-381/MG;Norte;Saida de Pista;1;1;;;;;1
28/05/2011;05:05:00;67;sem vítima;859,5;BR-381/MG;Sul;Choque - Elemento de Drenagem;1;3;;;;;1
28/05/2011;07:24:00;113;sem vítima;870;BR-381/MG;Norte;Colisão Traseira;1;2;;;;;1
29/05/2011;06:18:00;75;sem vítima;75,5;BR-381/SP;Sul;Choque - Suporte de Sinalização;1;1;;;;;1
29/05/2011;19:22:00;310;sem vítima;496,1000061035156;BR-381/MG;Norte;Colisão Traseira;1;2;;;;;1
29/05/2011;19:04:00;301;sem vítima;704,5;BR-381/MG;Norte;Outros - Sequência;1;3;;;;;1
30/05/2011;20:23:00;446;com vítima;19,799999237060547;BR-381/SP;Sul;Atropelamento - Andarilho;1;1;;;;1;3
30/05/2011;10:10:00;180;sem vítima;483;BR-381/MG;Norte;Saida de Pista;1;1;;;;;1
30/05/2011;22:51:00;490;sem vítima;525,5;BR-381/MG;Sul;Colisão Traseira;2;2;;;;;1
30/05/2011;04:35:00;50;sem vítima;610,7999877929688;BR-381/MG;Sul;Atropelamento de Animal;1;1;;;;;1
30/05/2011;05:07:00;60;sem vítima;610,7999877929688;BR-381/MG;Sul;Colisão Lateral;2;2;;;;;1
30/05/2011;03:12:00;35;com vítima;639;BR-381/MG;Norte;Tombamento;1;0;;1;2;;2
30/05/2011;07:33:00;94;com vítima;838,0999755859375;BR-381/MG;Sul;Saida de Pista;1;0;1;;;;1
30/05/2011;03:21:00;38;sem vítima;845;BR-381/MG;Norte;Colisão Lateral;1;4;;;;;1
30/05/2011;01:04:00;11;sem vítima;921,4000244140625;BR-381/MG;Sul;Tombamento;1;1;;;;;1
31/05/2011;20:16:00;413;sem vítima;46,20000076293945;BR-381/SP;Sul;Choque - Objeto sobre a pista;1;6;;;;;1
31/05/2011;18:56:00;384;sem vítima;480,1000061035156;BR-381/MG;Norte;Engavetamento;1;3;;;;;1
31/05/2011;13:45:00;260;sem vítima;516,7999877929688;BR-381/MG;Sul;Outros - Sequência;1;2;;;;;1
31/05/2011;05:14:00;57;sem vítima;525;BR-381/MG;Sul;Saida de Pista;1;1;;;;;1
31/05/2011;21:54:00;446;sem vítima;658;BR-381/MG;Norte;Colisão Lateral;1;2;;;;;1
31/05/2011;20:49:00;430;com vítima;675,4000244140625;BR-381/MG;Sul;Tombamento;1;0;1;1;;;2
31/05/2011;07:34:00;105;com vítima;921,4000244140625;BR-381/MG;Sul;Tombamento;1;0;1;;;;1
31/05/2011;02:31:00;37;com vítima;934,5;BR-381/MG;Norte;Tombamento;1;0;1;1;;;2
31/05/2011;11:59:00;221;sem vítima;934,5;BR-381/MG;Norte;Outros - Sequência;2;3;;;;;1
01/06/2011;08:25:00;136;com vítima;36;BR-381/SP;Norte;Colisão Lateral;1;1;;;1;;2
01/06/2011;11:36:00;233;com vítima;42;BR-381/SP;Sul;Outros - Sequência;3;3;;;1;;2
01/06/2011;21:17:00;477;com vítima;60,5;BR-381/SP;Norte;Colisão Traseira;1;1;;1;;;2
01/06/2011;18:30:00;425;sem vítima;481,1000061035156;BR-381/MG;Norte;Choque - Defensa, barreira ou "submarino";1;1;;;;;1
01/06/2011;13:50:00;278;sem vítima;486,5;BR-381/MG;Sul;Colisão Lateral;1;2;;;;;1
01/06/2011;02:47:00;43;com vítima;701,7999877929688;BR-381/MG;Norte;Colisão Lateral;2;1;1;;;;1
01/06/2011;01:14:00;28;com vítima;728,5;BR-381/MG;Norte;Tombamento;1;0;1;;;;1
01/06/2011;04:27:00;57;sem vítima;809,7000122070312;BR-381/MG;Sul;Choque - Defensa, barreira ou "submarino";1;1;;;;;1
01/06/2011;04:59:00;61;com vítima;920,5;BR-381/MG;Sul;Tombamento;1;0;1;;;;1
02/06/2011;00:08:00;2;sem vítima;17;BR-381/SP;Norte;Colisão Traseira;2;2;;;;;1
02/06/2011;07:57:00;115;com vítima;57;BR-381/SP;Sul;Outros - Sequência;2;1;1;;;;1
02/06/2011;02:02:00;37;sem vítima;57,400001525878906;BR-381/SP;Sul;Saida de Pista;1;1;;;;;1
02/06/2011;04:42:00;68;sem vítima;75,30000305175781;BR-381/SP;Norte;Tombamento;1;1;;;;;1
02/06/2011;18:30:00;428;sem vítima;495;BR-381/MG;Norte;Colisão Traseira;1;2;;;;;1
02/06/2011;13:33:00;275;sem vítima;518,5;BR-381/MG;Sul;Colisão Traseira;1;3;;;;;1
02/06/2011;12:26:00;246;sem vítima;625,2999877929688;BR-381/MG;Norte;Colisão Traseira;2;2;;;;;1
02/06/2011;19:13:00;450;com vítima;799,0999755859375;BR-381/MG;Sul;Tombamento;1;0;1;;;;1
03/06/2011;14:05:00;308;com vítima;44;BR-381/SP;Sul;Outros - Sequência;1;2;;;1;;2
03/06/2011;20:30:00;461;sem vítima;65,5;BR-381/SP;Norte;Colisão Traseira;1;2;;;;;1
03/06/2011;06:08:00;80;sem vítima;67,5;BR-381/SP;Sul;Atropelamento de Animal;1;1;;;;;1
03/06/2011;19:33:00;440;sem vítima;478,20001220703125;BR-381/MG;Norte;Colisão Traseira;2;2;;;;;1
03/06/2011;18:07:00;407;sem vítima;481;BR-381/MG;Norte;Colisão Traseira;1;2;;;;;1
03/06/2011;21:07:00;475;com vítima;481,20001220703125;BR-381/MG;Sul;Colisão Traseira;1;1;1;;;;1
03/06/2011;09:47:00;190;com vítima;491,5;BR-381/MG;Norte;Outros - Sequência;1;1;1;;;;1
03/06/2011;08:47:00;150;sem vítima;725;BR-381/MG;Norte;Outros - Sequência;1;1;;;;;1
03/06/2011;10:59:00;222;sem vítima;775;BR-381/MG;Norte;Saida de Pista;1;2;;;;;1
03/06/2011;05:39:00;70;com vítima;799,0999755859375;BR-381/MG;Sul;Tombamento;1;0;1;;;;1
03/06/2011;13:18:00;285;sem vítima;848,2000122070312;BR-381/MG;Norte;Colisão Lateral;1;2;;;;;1
03/06/2011;20:35:00;464;sem vítima;900,5;BR-381/MG;Norte;Colisão Traseira;2;2;;;;;1
03/06/2011;04:37:00;59;sem vítima;945,7999877929688;BR-381/MG;Sul;Choque - Elemento de Drenagem;1;1;;;;;1
04/06/2011;12:56:00;263;sem vítima;487;BR-381/MG;Norte;Colisão Lateral;1;2;;;;;1
04/06/2011;08:13:00;119;com vítima;498;BR-381/MG;Norte;Tombamento;1;0;2;;;;1
04/06/2011;22:11:00;434;com vítima;526,7999877929688;BR-381/MG;Sul;Tombamento;1;0;1;1;;;2
04/06/2011;05:47:00;75;sem vítima;749,5;BR-381/MG;Norte;Colisão Traseira;2;2;;;;;1
04/06/2011;01:20:00;22;com vítima;788,4000244140625;BR-381/MG;Norte;Tombamento;1;0;1;;;;1
04/06/2011;05:02:00;66;com vítima;853,2999877929688;BR-381/MG;Norte;Colisão Traseira;1;1;1;1;1;;2
05/06/2011;13:39:00;186;com vítima;688,0999755859375;BR-381/MG;Norte;Choque - Talude;1;0;1;;;;1
05/06/2011;18:44:00;327;com vítima;851,2000122070312;BR-381/MG;Norte;Outros - Sequência;1;1;1;;1;;2
06/06/2011;05:01:00;40;com vítima;51,099998474121094;BR-381/SP;Sul;Colisão Traseira;2;3;;1;;;2
06/06/2011;19:37:00;420;com vítima;60;BR-381/SP;Norte;Engavetamento;2;2;1;;;;1
06/06/2011;20:11:00;429;sem vítima;61;BR-381/SP;Norte;Engavetamento;1;4;;;;;1
06/06/2011;11:37:00;195;sem vítima;65,69999694824219;BR-381/SP;Norte;Colisão Traseira;1;2;;;;;1
06/06/2011;06:44:00;69;sem vítima;673,7999877929688;BR-381/MG;Norte;Outros;2;2;;;;;1
06/06/2011;23:06:00;471;sem vítima;795;BR-381/MG;Norte;Colisão Lateral;2;2;;;;;1