data;horario;n_da_ocorrencia;tipo_de_ocorrencia;km;trecho;sentido;tipo_de_acidente;caminhao;ilesos;levemente_feridos;moderadamente_feridos;gravemente_feridos;mortos;3
06/06/2011;13:25:00;240;com vítima;840,2000122070312;BR-381/MG;Sul;Colisão Lateral;1;0;2;;;;1
06/06/2011;16:29:00;335;com vítima;848;BR-381/MG;Norte;Tombamento;1;0;1;;;;1
06/06/2011;03:35:00;25;sem vítima;896,0999755859375;BR-381/MG;Norte;Atropelamento de Animal;1;1;;;;;1
07/06/2011;02:09:00;23;sem vítima;9,800000190734863;BR-381/SP;Norte;Choque - Defensa, barreira ou "submarino";1;1;;;;;1
07/06/2011;19:15:00;419;sem vítima;32;BR-381/SP;Sul;Outros - Sequência;1;4;;;;;1
07/06/2011;17:36:00;364;sem vítima;68;BR-381/SP;Norte;Atropelamento de Animal;1;1;;;;;1
07/06/2011;18:56:00;407;sem vítima;478,1000061035156;BR-381/MG;Norte;Colisão Lateral;1;2;;;;;1
07/06/2011;19:10:00;415;sem vítima;505,5;BR-381/MG;Norte;Colisão Lateral;1;2;;;;;1
07/06/2011;11:24:00;213;com vítima;520;BR-381/MG;Norte;Outros;1;1;2;;;;1
07/06/2011;18:54:00;402;com vítima;760,7000122070312;BR-381/MG;Norte;Colisão Traseira;2;0;2;;;;1
08/06/2011;07:26:00;116;com vítima;496,5;BR-381/MG;Norte;Colisão Traseira;1;1;2;;;;1
08/06/2011;02:58:00;48;sem vítima;574,5;BR-381/MG;Sul;Saida de Pista;1;1;;;;;1
08/06/2011;17:37:00;394;sem vítima;900,5;BR-381/MG;Norte;Colisão Traseira;1;2;;;;;1
08/06/2011;13:31:00;273;sem vítima;931,0999755859375;BR-381/MG;Norte;Colisão Traseira;1;2;;;;;1
09/06/2011;14:29:00;276;sem vítima;65,5;BR-381/SP;Norte;Choque - Cancela de Pedagio;1;1;;;;;1
09/06/2011;09:08:00;142;sem vítima;479,8999938964844;BR-381/MG;Norte;Colisão Traseira;1;2;;;;;1
09/06/2011;19:06:00;407;com vítima;484;BR-381/MG;Sul;Engavetamento;1;1;2;;;;1
09/06/2011;19:29:00;415;sem vítima;484;BR-381/MG;Sul;Colisão Traseira;2;2;;;;;1
09/06/2011;09:16:00;148;com vítima;622,9000244140625;BR-381/MG;Sul;Colisão Lateral;1;0;1;2;1;;2
09/06/2011;17:34:00;368;sem vítima;756;BR-381/MG;Norte;Saida de Pista;1;1;;;;;1
09/06/2011;09:19:00;151;com vítima;774;BR-381/MG;Norte;Tombamento;1;0;;1;;;2
09/06/2011;07:56:00;111;sem vítima;790;BR-381/MG;Norte;Outros - Sequência;1;2;;;;;1
09/06/2011;14:59:00;288;com vítima;868;BR-381/MG;Norte;Colisão Traseira;1;3;3;;;;1
09/06/2011;11:04:00;190;sem vítima;924;BR-381/MG;Sul;Colisão Traseira;1;2;;;;;1
10/06/2011;23:29:00;516;sem vítima;53;BR-381/SP;Sul;Colisão Traseira;2;2;;;;;1
10/06/2011;06:55:00;78;sem vítima;481;BR-381/MG;Sul;Colisão Lateral;1;2;;;;;1
10/06/2011;09:37:00;164;sem vítima;512,4000244140625;BR-381/MG;Norte;Colisão Traseira;1;2;;;;;1
10/06/2011;01:02:00;12;com vítima;707,2999877929688;BR-381/MG;Norte;Tombamento;1;0;1;;;;1
10/06/2011;07:23:00;97;sem vítima;722,2999877929688;BR-381/MG;Norte;Tombamento;2;2;;;;;1
10/06/2011;23:24:00;513;com vítima;825;BR-381/MG;Sul;Saida de Pista;1;0;1;;;;1
10/06/2011;15:37:00;327;sem vítima;897;BR-381/MG;Sul;Choque - Defensa, barreira ou "submarino";1;1;;;;;1
11/06/2011;05:28:00;83;sem vítima;484,70001220703125;BR-381/MG;Norte;Choque - Elemento de Drenagem;1;1;;;;;1
11/06/2011;13:11:00;266;sem vítima;507,70001220703125;BR-381/MG;Norte;Colisão Lateral;1;2;;;;;1
11/06/2011;13:21:00;270;sem vítima;539,7999877929688;BR-381/MG;Norte;Choque - Defensa, barreira ou "submarino";1;1;;;;;1
11/06/2011;23:19:00;464;sem vítima;734,7999877929688;BR-381/MG;Sul;Tombamento;1;1;;;;;1
11/06/2011;20:51:00;433;sem vítima;832,5499877929688;BR-381/MG;Sul;Tombamento;1;1;;;;;1
11/06/2011;13:01:00;258;sem vítima;907,2999877929688;BR-381/MG;Norte;Choque - Talude;1;1;;;;;1
11/06/2011;15:52:00;328;com vítima;930;BR-381/MG;Sul;Tombamento;1;0;1;;;;1
12/06/2011;03:41:00;49;com vítima;48;BR-381/SP;Sul;Colisão Traseira;1;2;1;;;;1
12/06/2011;22:46:00;445;sem vítima;487,5;BR-381/MG;Norte;Engavetamento;1;3;;;;;1
12/06/2011;19:09:00;381;sem vítima;497,3999938964844;BR-381/MG;Norte;Colisão Traseira;2;2;;;;;1
12/06/2011;12:26:00;212;com vítima;656;BR-381/MG;Sul;Outros - Sequência;1;0;1;;;;1
12/06/2011;18:13:00;355;sem vítima;697;BR-381/MG;Norte;Colisão Traseira;1;2;;;;;1
12/06/2011;09:45:00;157;sem vítima;744,0999755859375;BR-381/MG;Norte;Tombamento;1;1;;;;;1
12/06/2011;23:54:00;463;sem vítima;758,4739990234375;BR-381/MG;Sul;Colisão Lateral;2;2;;;;;1
12/06/2011;09:43:00;154;sem vítima;763;BR-381/MG;Sul;Colisão Lateral;1;2;;;;;1
12/06/2011;03:33:00;47;com vítima;892;BR-381/MG;Norte;Outros - Sequência;1;1;;;1;;2
13/06/2011;01:42:00;20;sem vítima;18,899999618530273;BR-381/SP;Sul;Tombamento;1;2;;;;;1
13/06/2011;09:16:00;148;sem vítima;66,5;BR-381/SP;Sul;Colisão Traseira;1;2;;;;;1
13/06/2011;11:43:00;234;sem vítima;76,30000305175781;BR-381/SP;Norte;Colisão Traseira;1;2;;;;;1
13/06/2011;10:12:00;178;sem vítima;492;BR-381/MG;Norte;Colisão Lateral;1;2;;;;;1
13/06/2011;10:41:00;199;sem vítima;597;BR-381/MG;Norte;Colisão Lateral;1;1;;;;;1
13/06/2011;05:03:00;52;com vítima;602;BR-381/MG;Norte;Tombamento;1;0;2;;;;1
13/06/2011;21:49:00;479;sem vítima;923,5;BR-381/MG;Sul;Tombamento;1;1;;;;;1
14/06/2011;10:33:00;205;sem vítima;21,100000381469727;BR-381/SP;Norte;Colisão Traseira;1;2;;;;;1
14/06/2011;17:47:00;383;com vítima;40;BR-381/SP;Sul;Atropelamento - Andarilho;1;1;;;;1;3
14/06/2011;06:05:00;71;sem vítima;90;BR-381/SP;Sul;Engavetamento;2;4;;;;;1
14/06/2011;06:11:00;72;com vítima;483;BR-381/MG;Sul;Colisão Traseira;1;1;1;1;;;2
14/06/2011;17:37:00;379;com vítima;529,5;BR-381/MG;Sul;Tombamento;1;0;;1;;;2
14/06/2011;18:16:00;395;sem vítima;597,7000122070312;BR-381/MG;Norte;Colisão Lateral;2;2;;;;;1
14/06/2011;05:11:00;61;com vítima;721,9000244140625;BR-381/MG;Sul;Saida de Pista;1;0;1;;1;;2
14/06/2011;01:01:00;13;sem vítima;723,5;BR-381/MG;Sul;Colisão Traseira;2;2;;;;;1
14/06/2011;21:07:00;454;com vítima;745;BR-381/MG;Norte;Colisão Traseira;2;0;2;;;;1
14/06/2011;22:32:00;474;sem vítima;748,2000122070312;BR-381/MG;Norte;Engavetamento;3;3;;;;;1
15/06/2011;10:03:00;171;sem vítima;57;BR-381/SP;Norte;Colisão Traseira;1;2;;;;;1
15/06/2011;13:58:00;267;com vítima;57,099998474121094;BR-381/SP;Norte;Tombamento;1;0;2;;;;1
15/06/2011;23:16:00;489;sem vítima;484;BR-381/MG;Sul;Colisão Traseira;1;2;;;;;1
15/06/2011;10:21:00;181;com vítima;658;BR-381/MG;Norte;Atropelamento - Funcionário;1;1;1;;;;1
15/06/2011;23:16:00;490;sem vítima;794,9000244140625;BR-381/MG;Norte;Colisão Traseira;2;2;;;;;1
15/06/2011;16:44:00;346;com vítima;872,5;BR-381/MG;Norte;Colisão Lateral;1;2;1;;;;1
16/06/2011;18:06:00;371;com vítima;600;BR-381/MG;Sul;Colisão Traseira;2;1;1;;;;1
16/06/2011;20:27:00;409;com vítima;614;BR-381/MG;Norte;Outros - Sequência;1;1;2;;;;1
16/06/2011;23:21:00;457;com vítima;631,2999877929688;BR-381/MG;Norte;Colisão Traseira;1;21;1;;1;;2
16/06/2011;13:59:00;271;com vítima;740,5999755859375;BR-381/MG;Norte;Tombamento;1;0;1;1;;;2
16/06/2011;17:04:00;345;sem vítima;792;BR-381/MG;Sul;Colisão Lateral;1;2;;;;;1
16/06/2011;04:47:00;65;com vítima;821,0999755859375;BR-381/MG;Norte;Tombamento;1;0;1;;;;1
16/06/2011;07:12:00;98;com vítima;837;BR-381/MG;Norte;Colisão Traseira;1;0;1;;1;;2
16/06/2011;12:26:00;233;sem vítima;936,4000244140625;BR-381/MG;Sul;Choque - Defensa, barreira ou "submarino";1;1;;;;;1
16/06/2011;03:51:00;55;sem vítima;946;BR-381/MG;Norte;Colisão Traseira;2;2;;;;;1
17/06/2011;00:14:00;16;sem vítima;67,0999984741211;BR-381/SP;Sul;Colisão Traseira;2;2;;;;;1
17/06/2011;15:41:00;340;com vítima;85;BR-381/SP;Sul;Colisão Traseira;1;1;1;;;;1
17/06/2011;17:33:00;381;sem vítima;480,1000061035156;BR-381/MG;Norte;Colisão Traseira;1;2;;;;;1
17/06/2011;18:20:00;404;sem vítima;480,5;BR-381/MG;Norte;Colisão Traseira;1;2;;;;;1
17/06/2011;19:13:00;439;sem vítima;481;BR-381/MG;Sul;Colisão Traseira;1;2;;;;;1
17/06/2011;11:16:00;225;sem vítima;490,79998779296875;BR-381/MG;Norte;Colisão Lateral;1;2;;;;;1
17/06/2011;13:52:00;288;com vítima;532,7999877929688;BR-381/MG;Norte;Tombamento;1;0;;2;;;2
17/06/2011;07:28:00;113;sem vítima;539,5999755859375;BR-381/MG;Sul;Tombamento;1;1;;;;;1
17/06/2011;15:38:00;337;com vítima;541,0999755859375;BR-381/MG;Norte;Tombamento;1;0;;;1;;2
17/06/2011;19:21:00;442;sem vítima;598,4000244140625;BR-381/MG;Norte;Outros - Sequência;1;5;;;;;1
17/06/2011;20:21:00;458;com vítima;685;BR-381/MG;Sul;Atropelamento - Morador;1;1;;;;1;3
17/06/2011;08:36:00;144;sem vítima;858;BR-381/MG;Norte;Colisão Traseira;1;2;;;;;1
17/06/2011;02:07:00;40;sem vítima;923;BR-381/MG;Sul;Saida de Pista;1;1;;;;;1
17/06/2011;01:16:00;31;com vítima;923,5;BR-381/MG;Sul;Tombamento;1;0;1;;;;1
17/06/2011;01:25:00;32;sem vítima;923,5;BR-381/MG;Norte;Choque - Objeto sobre a pista;1;1;;;;;1
18/06/2011;10:48:00;195;sem vítima;71;BR-381/SP;Norte;Colisão Traseira;2;2;;;;;1
18/06/2011;17:26:00;368;sem vítima;481,1000061035156;BR-381/MG;Norte;Colisão Traseira;1;2;;;;;1
18/06/2011;20:34:00;426;com vítima;525,5;BR-381/MG;Sul;Outros - Sequência;1;0;2;;;;1
18/06/2011;02:23:00;34;com vítima;546;BR-381/MG;Norte;Colisão Traseira;1;1;;1;1;;2
18/06/2011;19:12:00;400;sem vítima;546;BR-381/MG;Norte;Atropelamento de Animal;1;1;;;;;1
18/06/2011;12:31:00;241;sem vítima;658,2999877929688;BR-381/MG;Norte;Colisão Traseira;1;2;;;;;1
18/06/2011;20:29:00;424;com vítima;738,2000122070312;BR-381/MG;Norte;Capotamento;1;1;1;;;;1
18/06/2011;16:57:00;352;com vítima;791,0999755859375;BR-381/MG;Sul;Outros - Sequência;2;1;1;;;;1
19/06/2011;03:30:00;51;sem vítima;750,5;BR-381/MG;Sul;Outros - Sequência;2;4;;;;;1
19/06/2011;21:59:00;426;com vítima;871,2999877929688;BR-381/MG;Norte;Colisão Traseira;1;1;1;;;;1
20/06/2011;18:01:00;358;sem vítima;486,29998779296875;BR-381/MG;Norte;Colisão Lateral;1;2;;;;;1
20/06/2011;11:35:00;207;sem vítima;546;BR-381/MG;Norte;Engavetamento;2;4;;;;;1
20/06/2011;13:25:00;242;com vítima;783,4000244140625;BR-381/MG;Sul;Tombamento;1;0;1;;;;1
20/06/2011;23:05:00;435;com vítima;791,2000122070312;BR-381/MG;Norte;Tombamento;1;0;1;;;;1
21/06/2011;13:07:00;260;com vítima;37;BR-381/SP;Sul;Colisão Frontal;1;1;;;1;;2
21/06/2011;07:44:00;105;sem vítima;487;BR-381/MG;Norte;Colisão Lateral;1;2;;;;;1
21/06/2011;20:46:00;468;sem vítima;495,70001220703125;BR-381/MG;Norte;Colisão Lateral;1;2;;;;;1
21/06/2011;12:19:00;240;sem vítima;520,0999755859375;BR-381/MG;Sul;Colisão Traseira;2;2;;;;;1
21/06/2011;19:36:00;443;sem vítima;525,0999755859375;BR-381/MG;Sul;Outros - Sequência;1;2;;;;;1
21/06/2011;06:10:00;61;com vítima;842;BR-381/MG;Norte;Colisão Traseira;2;0;2;;;;1
21/06/2011;16:09:00;337;sem vítima;858,5;BR-381/MG;Sul;Colisão Traseira;1;2;;;;;1
21/06/2011;22:16:00;495;sem vítima;907,2999877929688;BR-381/MG;Norte;Outros - Sequência;1;1;;;;;1
21/06/2011;16:28:00;350;sem vítima;935;BR-381/MG;Norte;Colisão Traseira;1;2;;;;;1
22/06/2011;19:58:00;432;com vítima;55;BR-381/SP;Sul;Colisão Lateral;1;1;4;;;;1
22/06/2011;09:31:00;161;com vítima;478;BR-381/MG;Norte;Colisão Traseira;1;1;1;;;;1
22/06/2011;14:34:00;281;sem vítima;481,29998779296875;BR-381/MG;Sul;Colisão Traseira;1;2;;;;;1
22/06/2011;14:45:00;284;sem vítima;489;BR-381/MG;Sul;Colisão Lateral;2;2;;;;;1
22/06/2011;19:50:00;428;sem vítima;492,8999938964844;BR-381/MG;Norte;Colisão Lateral;1;4;;;;;1
22/06/2011;17:24:00;373;sem vítima;493,5;BR-381/MG;Sul;Colisão Traseira;1;2;;;;;1
22/06/2011;10:31:00;192;com vítima;498;BR-381/MG;Norte;Colisão Traseira;1;0;1;3;;;2
22/06/2011;18:21:00;395;sem vítima;546;BR-381/MG;Norte;Colisão Traseira;1;2;;;;;1
22/06/2011;13:57:00;263;com vítima;659;BR-381/MG;Sul;Colisão Traseira;2;1;;1;;;2
22/06/2011;15:30:00;301;sem vítima;707,4000244140625;BR-381/MG;Norte;Tombamento;1;1;;;;;1
22/06/2011;17:50:00;382;sem vítima;918,4000244140625;BR-381/MG;Norte;Colisão Lateral;1;2;;;;;1
22/06/2011;05:33:00;58;com vítima;934,7630004882812;BR-381/MG;Norte;Tombamento;1;0;;1;;1;3
23/06/2011;04:48:00;63;sem vítima;53;BR-381/SP;Norte;Tombamento;1;1;;;;;1
23/06/2011;08:03:00;121;sem vítima;506,5;BR-381/MG;Sul;Colisão Traseira;1;2;;;;;1
23/06/2011;10:56:00;208;sem vítima;524;BR-381/MG;Sul;Colisão Lateral;2;2;;;;;1
23/06/2011;05:47:00;68;com vítima;570,2000122070312;BR-381/MG;Norte;Tombamento;1;0;1;;;;1
23/06/2011;02:41:00;42;sem vítima;589,5;BR-381/MG;Sul;Colisão Lateral;1;2;;;;;1
23/06/2011;06:32:00;85;com vítima;669;BR-381/MG;Norte;Outros - Sequência;1;1;4;;;;1
23/06/2011;07:25:00;108;com vítima;720,7589721679688;BR-381/MG;Norte;Tombamento;1;0;1;;;;1
23/06/2011;12:00:00;245;sem vítima;722;BR-381/MG;Norte;Engavetamento;2;5;;;;;1
24/06/2011;08:15:00;110;sem vítima;531,5;BR-381/MG;Norte;Choque - Defensa, barreira ou "submarino";1;1;;;;;1
24/06/2011;10:04:00;152;sem vítima;722;BR-381/MG;Norte;Choque - Talude;1;1;;;;;1
24/06/2011;23:02:00;439;com vítima;809;BR-381/MG;Sul;Choque - Defensa, barreira ou "submarino";1;0;2;;;;1
25/06/2011;03:45:00;52;sem vítima;20,5;BR-381/SP;Sul;Colisão Traseira;2;2;;;;;1
25/06/2011;01:10:00;25;com vítima;22,5;BR-381/SP;Sul;Engavetamento;4;4;1;;;;1
25/06/2011;13:00:00;227;sem vítima;504,5;BR-381/MG;Sul;Colisão Traseira;1;2;;;;;1
25/06/2011;12:31:00;215;sem vítima;504,70001220703125;BR-381/MG;Sul;Colisão Traseira;2;2;;;;;1
25/06/2011;07:48:00;98;sem vítima;514,5;BR-381/MG;Sul;Colisão Traseira;2;2;;;;;1
25/06/2011;00:20:00;13;com vítima;540,5;BR-381/MG;Sul;Colisão Traseira;1;1;;;;1;3
25/06/2011;20:00:00;382;sem vítima;574,5;BR-381/MG;Sul;Colisão Lateral;1;2;;;;;1
25/06/2011;12:34:00;216;com vítima;717;BR-381/MG;Norte;Tombamento;1;0;1;;;;1
25/06/2011;02:08:00;38;sem vítima;805;BR-381/MG;Norte;Colisão Traseira;1;2;;;;;1
25/06/2011;18:00:00;339;com vítima;898,9000244140625;BR-381/MG;Norte;Atropelamento - Morador;1;1;;;;1;3
26/06/2011;22:32:00;546;com vítima;0,5;BR-381/SP;Norte;Colisão Traseira;2;1;1;;;;1
26/06/2011;03:00:00;32;sem vítima;597;BR-381/MG;Norte;Colisão Traseira;1;2;;;;;1
26/06/2011;19:07:00;443;sem vítima;774;BR-381/MG;Sul;Engavetamento;1;8;;;;;1
26/06/2011;10:46:00;161;com vítima;832,4000244140625;BR-381/MG;Norte;Tombamento;1;0;2;;;;1
26/06/2011;19:28:00;456;sem vítima;946;BR-381/MG;Norte;Colisão Traseira;1;2;;;;;1
27/06/2011;19:20:00;397;com vítima;8;BR-381/SP;Norte;Colisão Traseira;2;1;1;;;;1
27/06/2011;15:50:00;322;sem vítima;52,70000076293945;BR-381/SP;Sul;Outros - Sequência;1;3;;;;;1
27/06/2011;09:54:00;151;sem vítima;62,5;BR-381/SP;Sul;Colisão Traseira;2;2;;;;;1
27/06/2011;07:26:00;90;sem vítima;64,69999694824219;BR-381/SP;Sul;Engavetamento;2;8;;;;;1
27/06/2011;06:33:00;68;sem vítima;86,5;BR-381/SP;Sul;Colisão Traseira;1;3;;;;;1
27/06/2011;22:31:00;450;sem vítima;486,79998779296875;BR-381/MG;Norte;Colisão Traseira;1;2;;;;;1
27/06/2011;19:19:00;396;sem vítima;489,5;BR-381/MG;Sul;Saida de Pista;1;1;;;;;1
27/06/2011;19:53:00;412;sem vítima;495,5;BR-381/MG;Norte;Colisão Traseira;1;2;;;;;1
27/06/2011;18:23:00;383;com vítima;662;BR-381/MG;Sul;Colisão Traseira;1;3;2;;;;1
27/06/2011;07:21:00;85;sem vítima;924,7000122070312;BR-381/MG;Sul;Outros - Sequência;2;3;;;;;1
27/06/2011;23:14:00;463;sem vítima;948;BR-381/MG;Norte;Colisão Traseira;1;4;;;;;1
28/06/2011;06:55:00;69;sem vítima;2;BR-381/SP;Norte;Colisão Traseira;1;2;;;;;1
28/06/2011;13:47:00;256;sem vítima;36,5;BR-381/SP;Sul;Colisão Lateral;1;2;;;;;1
28/06/2011;15:40:00;307;com vítima;65,69999694824219;BR-381/SP;Norte;Colisão Traseira;1;6;1;;;;1
28/06/2011;03:17:00;39;sem vítima;70;BR-381/SP;Norte;Choque - Defensa, barreira ou "submarino";1;1;;;;;1
28/06/2011;16:05:00;322;com vítima;509;BR-381/MG;Sul;Outros - Sequência;1;1;2;1;;;2
28/06/2011;09:19:00;145;com vítima;552,7999877929688;BR-381/MG;Sul;Tombamento;1;0;2;;;;1
28/06/2011;14:23:00;265;com vítima;790,2999877929688;BR-381/MG;Norte;Outros - Sequência;1;0;2;2;;;2
29/06/2011;13:46:00;298;sem vítima;491,5;BR-381/MG;Sul;Tombamento;1;1;;;;;1
29/06/2011;09:03:00;154;sem vítima;516,7999877929688;BR-381/MG;Sul;Engavetamento;1;3;;;;;1
29/06/2011;21:31:00;471;com vítima;603;BR-381/MG;Sul;Colisão Traseira;1;1;;1;;;2
29/06/2011;15:41:00;341;com vítima;620;BR-381/MG;Sul;Colisão Traseira;2;0;6;;;;1
29/06/2011;03:26:00;37;sem vítima;719;BR-381/MG;Norte;Saida de Pista;1;1;;;;;1
29/06/2011;16:27:00;368;sem vítima;849;BR-381/MG;Norte;Outros;1;1;;;;;1
29/06/2011;21:22:00;467;sem vítima;852;BR-381/MG;Norte;Colisão Traseira;1;2;;;;;1
30/06/2011;23:55:00;491;sem vítima;27;BR-381/SP;Sul;Colisão Traseira;2;2;;;;;1
30/06/2011;15:26:00;319;sem vítima;62;BR-381/SP;Norte;Colisão Traseira;1;2;;;;;1
30/06/2011;10:35:00;195;com vítima;479,2799987792969;BR-381/MG;Norte;Colisão Lateral;1;1;1;;;;1
30/06/2011;18:49:00;415;sem vítima;487,5;BR-381/MG;Sul;Colisão Lateral;1;2;;;;;1
30/06/2011;14:59:00;304;sem vítima;531;BR-381/MG;Norte;Colisão Traseira;1;2;;;;;1
30/06/2011;09:38:00;161;sem vítima;597;BR-381/MG;Norte;Colisão Traseira;2;2;;;;;1
30/06/2011;12:37:00;245;com vítima;776,9229736328125;BR-381/MG;Norte;Tombamento;1;0;1;;;;1
30/06/2011;09:41:00;163;sem vítima;864,5;BR-381/MG;Sul;Colisão Traseira;2;2;;;;;1
30/06/2011;08:03:00;108;sem vítima;934,9000244140625;BR-381/MG;Sul;Colisão Traseira;1;2;;;;;1
01/07/2011;15:20:00;327;sem vítima;19,5;BR-381/SP;Norte;Engavetamento;1;3;;;;;1
01/07/2011;22:20:00;492;sem vítima;65,5999984741211;BR-381/SP;Norte;Colisão Lateral;1;2;;;;;1
01/07/2011;09:07:00;152;sem vítima;69;BR-381/SP;Sul;Colisão Traseira;1;2;;;;;1
01/07/2011;22:42:00;498;sem vítima;89;BR-381/SP;Sul;Colisão Lateral;1;2;;;;;1
01/07/2011;12:35:00;260;sem vítima;480,5;BR-381/MG;Norte;Colisão Traseira;2;2;;;;;1
01/07/2011;13:52:00;284;sem vítima;484;BR-381/MG;Norte;Colisão Lateral;1;2;;;;;1
01/07/2011;08:45:00;134;sem vítima;496,6000061035156;BR-381/MG;Norte;Colisão Traseira;1;2;;;;;1
01/07/2011;12:13:00;249;com vítima;530;BR-381/MG;Sul;Tombamento;1;0;1;;;;1
01/07/2011;07:57:00;110;sem vítima;546;BR-381/MG;Norte;Colisão Lateral;1;3;;;;;1
01/07/2011;13:28:00;275;com vítima;636,0499877929688;BR-381/MG;Sul;;1;0;;1;;;2
01/07/2011;21:08:00;473;com vítima;816,9000244140625;BR-381/MG;Sul;Saida de Pista;1;0;2;;;;1
01/07/2011;22:40:00;494;sem vítima;931,5;BR-381/MG;Sul;Colisão Lateral;2;2;;;;;1
02/07/2011;06:30:00;75;com vítima;18,700000762939453;BR-381/SP;Norte;Colisão Traseira;2;1;;1;;;2
02/07/2011;02:42:00;41;sem vítima;54,5;BR-381/SP;Sul;Colisão Lateral;2;3;;;;;1
02/07/2011;18:29:00;399;com vítima;488;BR-381/MG;Norte;Outros - Sequência;1;1;2;;;;1
02/07/2011;11:24:00;225;sem vítima;524;BR-381/MG;Norte;Colisão Traseira;2;2;;;;;1
02/07/2011;08:08:00;112;com vítima;597,7999877929688;BR-381/MG;Norte;Colisão Traseira;2;3;1;;;;1
02/07/2011;08:50:00;133;sem vítima;635,0999755859375;BR-381/MG;Norte;Outros - Sequência;1;3;;;;;1
02/07/2011;07:23:00;88;sem vítima;698;BR-381/MG;Norte;Colisão Lateral;1;2;;;;;1
02/07/2011;20:23:00;432;sem vítima;757,2999877929688;BR-381/MG;Norte;Atropelamento de Animal;1;1;;;;;1
02/07/2011;00:02:00;3;sem vítima;895,7999877929688;BR-381/MG;Sul;Outros - Sequência;1;5;;;;;1
03/07/2011;09:43:00;161;com vítima;57,20000076293945;BR-381/SP;Norte;Outros - Sequência;1;0;;1;;;2
03/07/2011;22:35:00;463;sem vítima;493,20001220703125;BR-381/MG;Norte;Colisão Lateral;1;2;;;;;1
03/07/2011;11:11:00;195;sem vítima;597;BR-381/MG;Norte;Colisão Lateral;1;2;;;;;1
03/07/2011;18:23:00;384;sem vítima;804;BR-381/MG;Sul;Colisão Traseira;1;2;;;;;1
03/07/2011;19:04:00;395;sem vítima;943;BR-381/MG;Sul;Colisão Lateral;1;2;;;;;1
04/07/2011;20:46:00;426;sem vítima;67,5;BR-381/SP;Norte;Choque - Defensa, barreira ou "submarino";1;2;;;;;1
04/07/2011;17:33:00;352;sem vítima;478;BR-381/MG;Norte;Colisão Traseira;1;2;;;;;1
04/07/2011;14:00:00;252;sem vítima;507,5;BR-381/MG;Norte;Colisão Traseira;1;2;;;;;1
04/07/2011;03:51:00;29;sem vítima;546;BR-381/MG;Norte;Choque - Defensa, barreira ou "submarino";1;1;;;;;1
05/07/2011;01:57:00;25;sem vítima;11,300000190734863;BR-381/SP;Norte;Colisão Traseira;1;2;;;;;1
05/07/2011;04:40:00;47;sem vítima;21,799999237060547;BR-381/SP;Sul;Colisão Traseira;2;2;;;;;1
05/07/2011;06:41:00;64;sem vítima;66,69999694824219;BR-381/SP;Sul;Colisão Traseira;1;2;;;;;1
05/07/2011;18:02:00;355;sem vítima;485,1000061035156;BR-381/MG;Norte;Outros - Sequência;1;2;;;;;1
05/07/2011;11:48:00;206;com vítima;489;BR-381/MG;Sul;Engavetamento;1;2;1;;;;1
05/07/2011;16:42:00;315;sem vítima;489,70001220703125;BR-381/MG;Norte;Colisão Traseira;1;2;;;;;1
05/07/2011;22:02:00;419;com vítima;491,79998779296875;BR-381/MG;Norte;Colisão Traseira;1;1;;2;;;2
05/07/2011;07:11:00;77;sem vítima;497,5;BR-381/MG;Norte;Colisão Lateral;1;2;;;;;1
05/07/2011;19:29:00;381;sem vítima;512,0999755859375;BR-381/MG;Sul;Colisão Traseira;1;2;;;;;1
05/07/2011;14:08:00;244;sem vítima;560;BR-381/MG;Sul;Colisão Lateral;2;2;;;;;1
05/07/2011;18:52:00;373;sem vítima;593,9000244140625;BR-381/MG;Norte;Atropelamento de Animal;1;1;;;;;1
05/07/2011;15:32:00;284;sem vítima;804;BR-381/MG;Sul;Colisão Traseira;2;2;;;;;1
05/07/2011;15:27:00;281;sem vítima;923;BR-381/MG;Sul;Colisão Lateral;1;2;;;;;1
05/07/2011;08:43:00;120;com vítima;923,5;BR-381/MG;Sul;Tombamento;1;0;;;;1;3
05/07/2011;04:32:00;44;sem vítima;939,2999877929688;BR-381/MG;Sul;Choque - Objeto sobre a pista;2;2;;;;;1
06/07/2011;06:52:00;62;com vítima;62;BR-381/SP;Norte;Colisão Traseira;1;1;;1;;;2
06/07/2011;11:36:00;236;com vítima;76,5;BR-381/SP;Sul;Tombamento;1;0;2;;;;1
06/07/2011;09:30:00;152;sem vítima;89,9000015258789;BR-381/SP;Sul;Colisão Traseira;1;3;;;;;1
06/07/2011;07:11:00;75;sem vítima;481,1000061035156;BR-381/MG;Norte;Colisão Traseira;1;2;;;;;1
06/07/2011;23:37:00;486;sem vítima;481,5;BR-381/MG;Norte;Colisão Traseira;1;2;;;;;1
06/07/2011;09:00:00;133;sem vítima;486,5;BR-381/MG;Norte;Colisão Traseira;1;2;;;;;1
06/07/2011;14:42:00;319;sem vítima;500,5;BR-381/MG;Norte;Outros - Sequência;1;3;;;;;1