data;horario;n_da_ocorrencia;tipo_de_ocorrencia;km;trecho;sentido;tipo_de_acidente;caminhao;ilesos;levemente_feridos;moderadamente_feridos;gravemente_feridos;mortos;3
06/07/2011;12:06:00;246;sem vítima;525,2000122070312;BR-381/MG;Sul;Colisão Traseira;2;3;;;;;1
06/07/2011;23:00:00;481;sem vítima;870,7999877929688;BR-381/MG;Norte;Saida de Pista;1;1;;;;;1
06/07/2011;09:37:00;158;sem vítima;883,9000244140625;BR-381/MG;Norte;Colisão Lateral;1;5;;;;;1
06/07/2011;19:42:00;430;com vítima;921,2999877929688;BR-381/MG;Sul;Tombamento;1;2;1;;;;1
07/07/2011;20:56:00;517;sem vítima;75;BR-381/SP;Norte;Outros;1;1;;;;;1
07/07/2011;23:09:00;548;sem vítima;79,5;BR-381/SP;Sul;Outros - Sequência;1;2;;;;;1
07/07/2011;11:25:00;274;com vítima;493,5;BR-381/MG;Norte;Engavetamento;1;4;2;;;;1
07/07/2011;14:06:00;340;sem vítima;524,2999877929688;BR-381/MG;Norte;Colisão Traseira;1;2;;;;;1
07/07/2011;07:19:00;104;sem vítima;547,7999877929688;BR-381/MG;Sul;Colisão Traseira;2;2;;;;;1
07/07/2011;22:53:00;542;sem vítima;570;BR-381/MG;Norte;Colisão Traseira;2;2;;;;;1
07/07/2011;20:04:00;497;com vítima;598,7999877929688;BR-381/MG;Sul;Outros;1;0;1;;;;1
07/07/2011;05:45:00;76;com vítima;689,5;BR-381/MG;Norte;Outros;1;0;1;;;;1
07/07/2011;02:31:00;37;sem vítima;725,7999877929688;BR-381/MG;Sul;Choque - Defensa, barreira ou "submarino";1;1;;;;;1
07/07/2011;19:37:00;489;sem vítima;785;BR-381/MG;Sul;Colisão Lateral;1;2;;;;;1
07/07/2011;23:14:00;552;sem vítima;897,7999877929688;BR-381/MG;Sul;Outros - Sequência;2;2;;;;;1
07/07/2011;12:07:00;291;sem vítima;901;BR-381/MG;Norte;Colisão Traseira;1;2;;;;;1
08/07/2011;10:38:00;223;sem vítima;7,5;BR-381/SP;Sul;Engavetamento;3;3;;;;;1
08/07/2011;18:42:00;450;sem vítima;8,800000190734863;BR-381/SP;Norte;Colisão Traseira;2;2;;;;;1
08/07/2011;09:48:00;189;sem vítima;13,5;BR-381/SP;Sul;Colisão Traseira;2;2;;;;;1
08/07/2011;08:34:00;144;com vítima;489,8999938964844;BR-381/MG;Norte;Atropelamento - Outros;1;1;;1;;;2
08/07/2011;21:27:00;504;com vítima;494;BR-381/MG;Norte;Tombamento;1;0;1;;;1;3
08/07/2011;11:27:00;247;sem vítima;494,5;BR-381/MG;Norte;Engavetamento;2;3;;;;;1
08/07/2011;10:33:00;218;sem vítima;495;BR-381/MG;Norte;Colisão Traseira;1;2;;;;;1
08/07/2011;06:03:00;56;com vítima;515,2999877929688;BR-381/MG;Norte;Outros - Sequência;1;0;1;;;;1
08/07/2011;12:18:00;275;sem vítima;565;BR-381/MG;Norte;Colisão Traseira;1;5;;;;;1
08/07/2011;02:36:00;31;sem vítima;580;BR-381/MG;Sul;Colisão Traseira;2;2;;;;;1
08/07/2011;08:32:00;142;sem vítima;671,5;BR-381/MG;Norte;Saida de Pista;1;1;;;;;1
08/07/2011;10:39:00;224;sem vítima;706,4000244140625;BR-381/MG;Norte;Colisão Lateral;1;5;;;;;1
08/07/2011;04:51:00;45;sem vítima;734;BR-381/MG;Norte;Colisão Lateral;1;2;;;;;1
08/07/2011;14:19:00;320;com vítima;752;BR-381/MG;Norte;Tombamento;1;0;1;;;;1
08/07/2011;10:21:00;210;sem vítima;773;BR-381/MG;Norte;Colisão Traseira;1;2;;;;;1
09/07/2011;05:14:00;62;com vítima;62,5;BR-381/SP;Norte;Colisão Traseira;1;1;;1;;;2
09/07/2011;09:48:00;160;com vítima;69;BR-381/SP;Norte;Outros - Sequência;1;1;2;;;;1
09/07/2011;08:32:00;123;sem vítima;89;BR-381/SP;Norte;Colisão Traseira;1;2;;;;;1
09/07/2011;20:02:00;406;com vítima;487,1000061035156;BR-381/MG;Sul;Outros - Sequência;1;1;2;1;;1;3
09/07/2011;01:44:00;25;sem vítima;494,5;BR-381/MG;Norte;Colisão Traseira;1;2;;;;;1
09/07/2011;15:00:00;271;sem vítima;597,7000122070312;BR-381/MG;Norte;Outros - Sequência;2;2;;;;;1
09/07/2011;04:24:00;51;sem vítima;763,2000122070312;BR-381/MG;Norte;Choque - Talude;1;1;;;;;1
10/07/2011;04:46:00;45;sem vítima;586,7999877929688;BR-381/MG;Sul;Choque - Elemento de Drenagem;1;1;;;;;1
10/07/2011;02:59:00;32;com vítima;825;BR-381/MG;Sul;Colisão Traseira;1;0;2;;;;1
11/07/2011;08:32:00;154;sem vítima;486;BR-381/MG;Norte;Colisão Traseira;1;2;;;;;1
11/07/2011;16:11:00;411;sem vítima;493,5;BR-381/MG;Norte;Colisão Lateral;1;2;;;;;1
11/07/2011;07:05:00;103;sem vítima;496,6000061035156;BR-381/MG;Norte;Engavetamento;1;3;;;;;1
11/07/2011;12:56:00;295;sem vítima;497;BR-381/MG;Sul;Colisão Traseira;1;2;;;;;1
11/07/2011;08:29:00;151;sem vítima;505,1000061035156;BR-381/MG;Sul;Tombamento;2;3;;;;;1
11/07/2011;22:33:00;558;com vítima;590;BR-381/MG;Sul;Atropelamento - Ciclista;1;1;1;;;;1
11/07/2011;08:20:00;145;sem vítima;597;BR-381/MG;Norte;Colisão Traseira;1;7;;;;;1
11/07/2011;07:39:00;118;com vítima;622,7000122070312;BR-381/MG;Sul;Capotamento;1;1;1;;;;1
11/07/2011;14:24:00;338;sem vítima;757;BR-381/MG;Sul;Colisão Lateral;1;2;;;;;1
11/07/2011;16:49:00;428;com vítima;932,2999877929688;BR-381/MG;Norte;Outros - Sequência;1;0;1;;;;1
12/07/2011;10:12:00;199;sem vítima;732,7999877929688;BR-381/MG;Sul;Saida de Pista;1;1;;;;;1
12/07/2011;21:41:00;497;sem vítima;737;BR-381/MG;Norte;Colisão Traseira;2;2;;;;;1
12/07/2011;07:15:00;99;sem vítima;918,5999755859375;BR-381/MG;Sul;Choque - Talude;1;1;;;;;1
12/07/2011;09:15:00;169;sem vítima;948,5;BR-381/MG;Norte;Colisão Traseira;2;2;;;;;1
13/07/2011;21:53:00;497;com vítima;37,29999923706055;BR-381/SP;Norte;Outros - Sequência;1;0;;;;1;3
13/07/2011;22:43:00;506;com vítima;39;BR-381/SP;Sul;Colisão Traseira;1;1;1;;1;;2
13/07/2011;10:20:00;211;sem vítima;478;BR-381/MG;Norte;Colisão Traseira;1;2;;;;;1
13/07/2011;11:59:00;261;sem vítima;522;BR-381/MG;Norte;Colisão Lateral;2;2;;;;;1
13/07/2011;07:34:00;107;sem vítima;639;BR-381/MG;Sul;Saida de Pista;1;1;;;;;1
13/07/2011;22:57:00;510;sem vítima;693;BR-381/MG;Norte;Tombamento;1;1;;;;;1
13/07/2011;14:42:00;326;sem vítima;805,2000122070312;BR-381/MG;Norte;Choque - Outros;1;1;;;;;1
13/07/2011;05:09:00;55;sem vítima;808,5999755859375;BR-381/MG;Norte;Saida de Pista;1;1;;;;;1
13/07/2011;03:47:00;45;sem vítima;835,5999755859375;BR-381/MG;Sul;Outros;1;1;;;;;1
13/07/2011;21:34:00;493;com vítima;934,2000122070312;BR-381/MG;Norte;Engavetamento;5;4;;1;1;;2
14/07/2011;04:51:00;48;sem vítima;7,5;BR-381/SP;Sul;Choque - Defensa, barreira ou "submarino";1;1;;;;;1
14/07/2011;11:54:00;253;sem vítima;22,3700008392334;BR-381/SP;Norte;Colisão Lateral;1;2;;;;;1
14/07/2011;23:47:00;477;sem vítima;65,69999694824219;BR-381/SP;Norte;Choque - Outros;1;1;;;;;1
14/07/2011;20:41:00;439;com vítima;491,5;BR-381/MG;Sul;Capotamento;1;1;1;;;;1
14/07/2011;09:05:00;164;com vítima;493,79998779296875;BR-381/MG;Sul;Engavetamento;3;3;1;;;;1
14/07/2011;15:02:00;330;sem vítima;524;BR-381/MG;Sul;Colisão Traseira;2;3;;;;;1
14/07/2011;12:38:00;278;com vítima;527,9000244140625;BR-381/MG;Sul;Engavetamento;4;3;1;;;;1
14/07/2011;12:05:00;262;com vítima;529;BR-381/MG;Norte;Tombamento;1;0;1;;;;1
14/07/2011;12:05:00;300;com vítima;529;BR-381/MG;Sul;Outros - Sequência;2;3;12;1;1;;2
14/07/2011;23:05:00;467;sem vítima;543;BR-381/MG;Sul;Outros;1;1;;;;;1
14/07/2011;02:21:00;30;sem vítima;942;BR-381/MG;Norte;Choque - Elemento de Drenagem;1;1;;;;;1
15/07/2011;15:35:00;355;com vítima;66;BR-381/SP;Sul;Colisão Traseira;1;1;1;;;;1
15/07/2011;18:31:00;460;sem vítima;482,1000061035156;BR-381/MG;Norte;Colisão Lateral;1;2;;;;;1
15/07/2011;15:21:00;341;sem vítima;483,1000061035156;BR-381/MG;Sul;Colisão Traseira;1;2;;;;;1
15/07/2011;17:00:00;409;sem vítima;487,1000061035156;BR-381/MG;Norte;Colisão Traseira;1;2;;;;;1
15/07/2011;22:22:00;558;sem vítima;491;BR-381/MG;Sul;Colisão Lateral;1;2;;;;;1
15/07/2011;10:24:00;204;com vítima;496;BR-381/MG;Sul;Colisão Traseira;1;1;1;;;;1
15/07/2011;04:31:00;55;sem vítima;496,79998779296875;BR-381/MG;Norte;Outros - Sequência;1;2;;;;;1
15/07/2011;00:49:00;11;sem vítima;542;BR-381/MG;Sul;Colisão Traseira;2;2;;;;;1
15/07/2011;15:18:00;339;sem vítima;564,4000244140625;BR-381/MG;Norte;Colisão Lateral;1;2;;;;;1
15/07/2011;04:32:00;56;sem vítima;597;BR-381/MG;Norte;Choque - Defensa, barreira ou "submarino";1;1;;;;;1
15/07/2011;12:14:00;262;sem vítima;666;BR-381/MG;Norte;Colisão Lateral;1;2;;;;;1
15/07/2011;15:34:00;354;com vítima;689;BR-381/MG;Norte;Saida de Pista;1;0;1;;;;1
15/07/2011;07:20:00;116;sem vítima;710;BR-381/MG;Norte;Colisão Traseira;2;2;;;;;1
15/07/2011;18:45:00;464;sem vítima;755;BR-381/MG;Sul;Colisão Lateral;1;6;;;;;1
15/07/2011;13:20:00;284;com vítima;765;BR-381/MG;Sul;Outros - Sequência;2;1;1;1;;1;3
15/07/2011;20:37:00;520;sem vítima;796;BR-381/MG;Sul;Atropelamento de Animal;1;1;;;;;1
15/07/2011;06:29:00;82;com vítima;815,2999877929688;BR-381/MG;Norte;Tombamento;1;0;1;;;;1
15/07/2011;09:07:00;166;sem vítima;817;BR-381/MG;Norte;Saida de Pista;1;1;;;;;1
15/07/2011;14:32:00;313;sem vítima;913,5;BR-381/MG;Norte;Outros - Sequência;1;2;;;;;1
16/07/2011;23:42:00;524;sem vítima;34;BR-381/SP;Sul;Colisão Lateral;1;2;;;;;1
16/07/2011;13:26:00;281;sem vítima;491;BR-381/MG;Sul;Colisão Lateral;1;2;;;;;1
16/07/2011;18:55:00;446;sem vítima;597,7999877929688;BR-381/MG;Sul;Colisão Traseira;1;3;;;;;1
16/07/2011;07:41:00;118;sem vítima;929,2999877929688;BR-381/MG;Norte;Colisão Traseira;1;2;;;;;1
17/07/2011;20:56:00;452;sem vítima;22,299999237060547;BR-381/SP;Sul;Colisão Lateral;1;2;;;;;1
17/07/2011;16:37:00;333;sem vítima;524,5999755859375;BR-381/MG;Sul;Choque - Talude;1;1;;;;;1
17/07/2011;12:27:00;209;com vítima;722,7000122070312;BR-381/MG;Norte;Tombamento;1;0;1;;;;1
17/07/2011;20:03:00;434;sem vítima;788;BR-381/MG;Sul;Outros - Sequência;1;1;;;;;1
17/07/2011;04:29:00;43;sem vítima;866;BR-381/MG;Sul;Colisão Traseira;1;3;;;;;1
18/07/2011;07:09:00;88;com vítima;69;BR-381/SP;Norte;Tombamento;1;0;1;;;;1
18/07/2011;11:35:00;228;sem vítima;79;BR-381/SP;Norte;Choque - Defensa, barreira ou "submarino";1;1;;;;;1
18/07/2011;08:47:00;134;com vítima;487,79998779296875;BR-381/MG;Sul;Engavetamento;3;15;1;;1;1;3
18/07/2011;23:14:00;529;com vítima;494;BR-381/MG;Norte;Outros - Sequência;1;2;4;;;;1
18/07/2011;20:06:00;477;com vítima;692,5999755859375;BR-381/MG;Sul;Colisão Traseira;2;2;1;;;;1
18/07/2011;13:49:00;289;sem vítima;807,0999755859375;BR-381/MG;Norte;Colisão Lateral;1;3;;;;;1
18/07/2011;00:31:00;12;sem vítima;860,7999877929688;BR-381/MG;Sul;Atropelamento de Animal;1;1;;;;;1
18/07/2011;15:23:00;342;sem vítima;900,5;BR-381/MG;Norte;Colisão Traseira;1;2;;;;;1
18/07/2011;13:23:00;275;sem vítima;925,7999877929688;BR-381/MG;Sul;Colisão Traseira;2;2;;;;;1
19/07/2011;07:52:00;125;sem vítima;481,6000061035156;BR-381/MG;Sul;Colisão Lateral;1;2;;;;;1
19/07/2011;07:17:00;100;sem vítima;487;BR-381/MG;Sul;Colisão Traseira;1;2;;;;;1
19/07/2011;16:17:00;387;sem vítima;570;BR-381/MG;Sul;Choque - Elemento de Drenagem;1;1;;;;;1
19/07/2011;10:02:00;208;sem vítima;741;BR-381/MG;Sul;Saida de Pista;1;2;;;;;1
19/07/2011;00:07:00;3;com vítima;830,5;BR-381/MG;Norte;Tombamento;1;0;1;;;;1
19/07/2011;16:46:00;402;com vítima;940,5999755859375;BR-381/MG;Norte;Outros - Sequência;2;2;1;;;;1
20/07/2011;19:01:00;441;sem vítima;492;BR-381/MG;Sul;Colisão Lateral;1;2;;;;;1
20/07/2011;10:36:00;215;com vítima;495;BR-381/MG;Sul;Colisão Traseira;1;1;2;;;;1
20/07/2011;08:09:00;130;sem vítima;565;BR-381/MG;Norte;Colisão Lateral;1;2;;;;;1
20/07/2011;11:30:00;245;sem vítima;595,2999877929688;BR-381/MG;Sul;Colisão Lateral;1;2;;;;;1
20/07/2011;05:46:00;80;com vítima;634,9000244140625;BR-381/MG;Norte;Tombamento;1;0;1;;;;1
20/07/2011;18:02:00;425;sem vítima;658;BR-381/MG;Sul;Colisão Traseira;1;2;;;;;1
21/07/2011;08:12:00;130;sem vítima;479;BR-381/MG;Norte;Colisão Traseira;2;2;;;;;1
21/07/2011;05:41:00;76;sem vítima;583,5;BR-381/MG;Norte;Outros - Sequência;1;1;;;;;1
21/07/2011;13:21:00;279;com vítima;625;BR-381/MG;Sul;Colisão Transversal;1;1;1;;;;1
21/07/2011;13:23:00;281;sem vítima;722,2999877929688;BR-381/MG;Norte;Tombamento;1;1;;;;;1
21/07/2011;05:02:00;69;com vítima;733,0999755859375;BR-381/MG;Norte;Outros - Sequência;1;0;1;;;;1
21/07/2011;22:26:00;512;com vítima;765;BR-381/MG;Sul;Colisão Traseira;2;2;;1;;;2
21/07/2011;20:33:00;480;com vítima;830,5;BR-381/MG;Norte;Colisão Traseira;1;1;1;;;;1
21/07/2011;14:08:00;304;sem vítima;894;BR-381/MG;Norte;Choque - Defensa, barreira ou "submarino";1;1;;;;;1
21/07/2011;20:10:00;469;sem vítima;930;BR-381/MG;Sul;Colisão Traseira;2;2;;;;;1
21/07/2011;18:19:00;426;com vítima;934,4000244140625;BR-381/MG;Norte;Tombamento;1;0;1;;;;1
22/07/2011;23:27:00;564;sem vítima;8,5;BR-381/SP;Norte;Colisão Lateral;2;2;;;;;1
22/07/2011;11:39:00;257;sem vítima;478;BR-381/MG;Norte;Colisão Traseira;1;24;;;;;1
22/07/2011;10:06:00;212;sem vítima;484;BR-381/MG;Norte;Engavetamento;3;4;;;;;1
22/07/2011;16:38:00;387;sem vítima;490,8999938964844;BR-381/MG;Sul;Choque - Talude;1;1;;;;;1
22/07/2011;13:41:00;308;sem vítima;494,1000061035156;BR-381/MG;Norte;Engavetamento;1;6;;;;;1
22/07/2011;13:50:00;312;sem vítima;494,20001220703125;BR-381/MG;Norte;Colisão Transversal;1;2;;;;;1
22/07/2011;19:02:00;464;sem vítima;495,6000061035156;BR-381/MG;Norte;Outros - Sequência;1;2;;;;;1
22/07/2011;01:00:00;17;com vítima;500;BR-381/MG;Sul;Engavetamento;2;6;;;1;;2
22/07/2011;08:29:00;146;sem vítima;594;BR-381/MG;Norte;Colisão Lateral;1;2;;;;;1
22/07/2011;06:51:00;96;sem vítima;597,7000122070312;BR-381/MG;Norte;Colisão Traseira;1;4;;;;;1
22/07/2011;21:37:00;519;sem vítima;752,2000122070312;BR-381/MG;Norte;Colisão Lateral;2;2;;;;;1
22/07/2011;15:47:00;355;com vítima;782,2999877929688;BR-381/MG;Norte;Outros - Sequência;2;1;1;;;;1
23/07/2011;07:06:00;106;com vítima;6,800000190734863;BR-381/SP;Norte;Colisão Traseira;1;1;3;;;;1
23/07/2011;17:08:00;388;com vítima;27,299999237060547;BR-381/SP;Norte;Colisão Traseira;1;4;1;;;;1
23/07/2011;05:00:00;76;sem vítima;54;BR-381/SP;Sul;Colisão Traseira;2;2;;;;;1
23/07/2011;21:58:00;509;com vítima;543,9000244140625;BR-381/MG;Sul;Colisão Traseira;2;1;1;;;;1
23/07/2011;06:43:00;95;com vítima;637;BR-381/MG;Norte;Tombamento;1;0;1;;;;1
23/07/2011;15:42:00;337;sem vítima;720,7000122070312;BR-381/MG;Norte;Saida de Pista;1;1;;;;;1
24/07/2011;14:31:00;269;sem vítima;13,5;BR-381/SP;Norte;Colisão Lateral;1;4;;;;;1
24/07/2011;20:21:00;439;com vítima;519,5;BR-381/MG;Norte;Colisão Traseira;2;1;1;;;;1
24/07/2011;21:44:00;472;sem vítima;722;BR-381/MG;Sul;Tombamento;1;1;;;;;1
24/07/2011;09:04:00;131;com vítima;778,9500122070312;BR-381/MG;Sul;Colisão Lateral;1;1;1;;;;1
24/07/2011;23:14:00;491;com vítima;808;BR-381/MG;Sul;Tombamento;1;0;1;;;;1
25/07/2011;19:04:00;408;sem vítima;479,20001220703125;BR-381/MG;Sul;Colisão Traseira;2;2;;;;;1
25/07/2011;18:48:00;403;sem vítima;491,5;BR-381/MG;Norte;Colisão Traseira;2;2;;;;;1
25/07/2011;06:25:00;64;com vítima;506,29998779296875;BR-381/MG;Norte;Engavetamento;3;4;1;;;;1
25/07/2011;06:45:00;71;com vítima;508;BR-381/MG;Norte;Engavetamento;3;1;1;1;;;2
25/07/2011;07:02:00;75;sem vítima;508,5;BR-381/MG;Norte;Engavetamento;2;3;;;;;1
25/07/2011;05:10:00;51;sem vítima;542;BR-381/MG;Norte;Outros - Sequência;2;3;;;;;1
25/07/2011;14:56:00;296;com vítima;564,7999877929688;BR-381/MG;Sul;Colisão Traseira;1;1;;2;;;2
25/07/2011;17:20:00;364;sem vítima;619,5;BR-381/MG;Sul;Tombamento;1;1;;;;;1
25/07/2011;22:24:00;439;com vítima;623,2000122070312;BR-381/MG;Norte;Tombamento;1;0;1;;;;1
25/07/2011;10:51:00;199;com vítima;676;BR-381/MG;Sul;Outros - Sequência;3;4;1;;;;1
25/07/2011;16:07:00;331;sem vítima;745;BR-381/MG;Norte;Tombamento;1;1;;;;;1
25/07/2011;15:48:00;324;sem vítima;911,0999755859375;BR-381/MG;Sul;Outros - Sequência;1;2;;;;;1
26/07/2011;09:02:00;153;sem vítima;26;BR-381/SP;Sul;Choque - Defensa, barreira ou "submarino";1;1;;;;;1
26/07/2011;13:31:00;271;sem vítima;77;BR-381/SP;Sul;Colisão Traseira;2;2;;;;;1
26/07/2011;10:09:00;186;sem vítima;78,0999984741211;BR-381/SP;Sul;Choque - Defensa, barreira ou "submarino";1;1;;;;;1
26/07/2011;15:59:00;330;sem vítima;502,29998779296875;BR-381/MG;Sul;Colisão Traseira;1;2;;;;;1
26/07/2011;14:26:00;284;com vítima;506,5;BR-381/MG;Norte;Colisão Traseira;1;1;1;1;;;2
26/07/2011;10:49:00;211;sem vítima;526,2999877929688;BR-381/MG;Sul;Tombamento;1;1;;;;;1
26/07/2011;01:33:00;26;sem vítima;575,4000244140625;BR-381/MG;Norte;Choque - Defensa, barreira ou "submarino";1;1;;;;;1
26/07/2011;01:08:00;18;sem vítima;857;BR-381/MG;Norte;Atropelamento de Animal;2;2;;;;;1
26/07/2011;04:38:00;56;sem vítima;869,9000244140625;BR-381/MG;Sul;Colisão Traseira;2;2;;;;;1
26/07/2011;07:43:00;107;sem vítima;934,9000244140625;BR-381/MG;Norte;Colisão Traseira;1;2;;;;;1
27/07/2011;02:40:00;34;sem vítima;493;BR-381/MG;Norte;Colisão Traseira;2;2;;;;;1
27/07/2011;08:08:00;120;sem vítima;493,79998779296875;BR-381/MG;Norte;Colisão Traseira;1;2;;;;;1
27/07/2011;06:50:00;83;com vítima;502,20001220703125;BR-381/MG;Norte;Colisão Traseira;1;1;;1;;;2
27/07/2011;13:22:00;270;sem vítima;568;BR-381/MG;Sul;Colisão Traseira;1;2;;;;;1
27/07/2011;06:47:00;81;com vítima;695,9000244140625;BR-381/MG;Sul;Outros - Sequência;1;2;2;;;;1
28/07/2011;06:05:00;65;sem vítima;52,400001525878906;BR-381/SP;Sul;Colisão Traseira;2;2;;;;;1
28/07/2011;15:28:00;345;sem vítima;65,5;BR-381/SP;Norte;;1;2;;;;;1
28/07/2011;13:15:00;297;sem vítima;89,5;BR-381/SP;Sul;Engavetamento;1;4;;;;;1
28/07/2011;09:13:00;174;sem vítima;508;BR-381/MG;Sul;Colisão Traseira;2;2;;;;;1
28/07/2011;10:04:00;196;sem vítima;575,5;BR-381/MG;Norte;Colisão Traseira;2;2;;;;;1
28/07/2011;21:05:00;525;sem vítima;645;BR-381/MG;Sul;Colisão Traseira;2;2;;;;;1
28/07/2011;14:38:00;321;com vítima;829,5;BR-381/MG;Norte;Saida de Pista;1;0;1;;;;1
29/07/2011;01:29:00;26;sem vítima;30;BR-381/SP;Norte;Colisão Traseira;2;2;;;;;1
29/07/2011;11:15:00;236;sem vítima;63,900001525878906;BR-381/SP;Sul;Colisão Traseira;2;3;;;;;1
29/07/2011;19:15:00;518;sem vítima;479;BR-381/MG;Norte;Colisão Traseira;1;2;;;;;1
29/07/2011;09:12:00;163;sem vítima;488,20001220703125;BR-381/MG;Norte;Colisão Lateral;1;2;;;;;1
29/07/2011;16:27:00;396;sem vítima;497,79998779296875;BR-381/MG;Sul;Colisão Lateral;2;2;;;;;1
29/07/2011;15:44:00;379;sem vítima;502,20001220703125;BR-381/MG;Norte;Tombamento;1;1;;;;;1
29/07/2011;05:10:00;61;sem vítima;535;BR-381/MG;Sul;Atropelamento de Animal;1;1;;;;;1
29/07/2011;16:19:00;389;sem vítima;691,7999877929688;BR-381/MG;Sul;Colisão Traseira;1;2;;;;;1
29/07/2011;10:38:00;212;com vítima;722,7999877929688;BR-381/MG;Norte;Colisão Traseira;1;1;2;;;;1
29/07/2011;01:04:00;19;sem vítima;885;BR-381/MG;Norte;Colisão Traseira;2;2;;;;;1
29/07/2011;11:16:00;237;com vítima;921,0999755859375;BR-381/MG;Sul;Tombamento;1;0;1;;;;1
30/07/2011;09:55:00;147;sem vítima;503;BR-381/MG;Norte;Colisão Traseira;2;2;;;;;1
30/07/2011;14:58:00;262;sem vítima;567,2999877929688;BR-381/MG;Norte;Engavetamento;1;3;;;;;1
30/07/2011;10:46:00;167;sem vítima;574,2999877929688;BR-381/MG;Sul;Choque - Elemento de Drenagem;1;1;;;;;1
30/07/2011;10:21:00;154;sem vítima;597,6699829101562;BR-381/MG;Norte;Colisão Traseira;1;2;;;;;1
30/07/2011;18:41:00;371;sem vítima;821;BR-381/MG;Norte;Colisão Lateral;1;3;;;;;1
30/07/2011;07:28:00;90;sem vítima;901,5;BR-381/MG;Sul;Colisão Traseira;2;2;;;;;1
30/07/2011;13:55:00;225;com vítima;920,7000122070312;BR-381/MG;Sul;Colisão Lateral;1;1;1;;;;1
31/07/2011;09:24:00;116;sem vítima;481;BR-381/MG;Norte;Colisão Lateral;2;2;;;;;1
31/07/2011;18:11:00;348;sem vítima;497,29998779296875;BR-381/MG;Norte;Engavetamento;1;3;;;;;1
31/07/2011;20:31:00;409;sem vítima;535;BR-381/MG;Sul;Colisão Traseira;1;5;;;;;1
31/07/2011;02:47:00;24;sem vítima;622,0999755859375;BR-381/MG;Sul;Choque - Elemento de Drenagem;1;1;;;;;1
31/07/2011;18:20:00;354;sem vítima;671;BR-381/MG;Norte;Outros - Sequência;1;2;;;;;1
31/07/2011;16:21:00;283;sem vítima;707,5;BR-381/MG;Norte;Outros - Sequência;1;1;;;;;1
31/07/2011;00:04:00;5;sem vítima;735,5;BR-381/MG;Norte;Choque - Outros;1;1;;;;;1
31/07/2011;18:44:00;363;sem vítima;860,2000122070312;BR-381/MG;Norte;Colisão Traseira;1;2;;;;;1
01/08/2011;10:31:00;156;sem vítima;75,9000015258789;BR-381/SP;Norte;Colisão Lateral;2;2;;;;;1
01/08/2011;17:06:00;335;sem vítima;496;BR-381/MG;Sul;Engavetamento;1;3;;;;;1
01/08/2011;08:00:00;93;com vítima;541,9000244140625;BR-381/MG;Norte;Outros - Sequência;2;1;4;;;;1
01/08/2011;20:19:00;407;sem vítima;560;BR-381/MG;Sul;Saida de Pista;1;1;;;;;1
02/08/2011;19:23:00;428;sem vítima;74;BR-381/SP;Norte;Outros - Sequência;1;2;;;;;1
02/08/2011;10:24:00;192;sem vítima;480;BR-381/MG;Sul;Colisão Lateral;2;2;;;;;1
02/08/2011;15:21:00;316;sem vítima;490;BR-381/MG;Sul;Colisão Traseira;2;2;;;;;1
02/08/2011;03:43:00;34;com vítima;541,4000244140625;BR-381/MG;Sul;Colisão Traseira;2;1;1;1;;;2
02/08/2011;15:12:00;311;sem vítima;546,0999755859375;BR-381/MG;Norte;Saida de Pista;1;1;;;;;1
02/08/2011;22:08:00;468;sem vítima;558,4000244140625;BR-381/MG;Norte;Saida de Pista;1;1;;;;;1
02/08/2011;02:29:00;24;sem vítima;722;BR-381/MG;Norte;Tombamento;1;1;;;;;1
02/08/2011;03:15:00;28;sem vítima;722,9000244140625;BR-381/MG;Norte;Outros - Sequência;1;1;;;;;1
02/08/2011;11:11:00;218;sem vítima;889;BR-381/MG;Sul;Colisão Traseira;1;2;;;;;1
03/08/2011;18:17:00;432;sem vítima;481;BR-381/MG;Norte;Colisão Traseira;1;2;;;;;1
03/08/2011;09:41:00;185;com vítima;497;BR-381/MG;Norte;Colisão Lateral;1;1;1;;;;1
03/08/2011;19:53:00;469;com vítima;526,0999755859375;BR-381/MG;Sul;Tombamento;1;0;1;;;;1
03/08/2011;15:14:00;342;com vítima;561;BR-381/MG;Norte;Colisão Traseira;2;1;;1;;;2
03/08/2011;19:09:00;452;sem vítima;700,2000122070312;BR-381/MG;Sul;Tombamento;1;2;;;;;1
03/08/2011;06:43:00;81;sem vítima;889;BR-381/MG;Sul;Saida de Pista;1;1;;;;;1
03/08/2011;16:19:00;370;sem vítima;936,2000122070312;BR-381/MG;Sul;Saida de Pista;1;1;;;;;1
04/08/2011;15:30:00;313;sem vítima;55;BR-381/SP;Norte;Colisão Traseira;1;2;;;;;1
04/08/2011;09:12:00;154;sem vítima;478;BR-381/MG;Norte;Engavetamento;1;3;;;;;1
04/08/2011;05:12:00;65;com vítima;483,20001220703125;BR-381/MG;Norte;Engavetamento;1;30;2;;;;1
04/08/2011;19:42:00;420;sem vítima;486;BR-381/MG;Sul;Engavetamento;1;3;;;;;1