data;horario;n_da_ocorrencia;tipo_de_ocorrencia;km;trecho;sentido;tipo_de_acidente;caminhao;ilesos;levemente_feridos;moderadamente_feridos;gravemente_feridos;mortos;3
04/08/2011;18:16:00;385;com vítima;491,79998779296875;BR-381/MG;Norte;Colisão Lateral;1;2;1;;;;1
04/08/2011;10:38:00;190;sem vítima;494;BR-381/MG;Sul;Colisão Lateral;1;2;;;;;1
04/08/2011;05:43:00;71;com vítima;540;BR-381/MG;Norte;Tombamento;1;0;2;;;;1
04/08/2011;07:23:00;105;sem vítima;618;BR-381/MG;Sul;Tombamento;1;1;;;;;1
04/08/2011;08:36:00;140;sem vítima;649,5999755859375;BR-381/MG;Sul;Choque - Defensa, barreira ou "submarino";1;1;;;;;1
04/08/2011;14:46:00;288;sem vítima;671,5999755859375;BR-381/MG;Norte;Colisão Traseira;1;2;;;;;1
04/08/2011;08:49:00;145;com vítima;678;BR-381/MG;Norte;Tombamento;1;0;1;;;;1
04/08/2011;08:01:00;125;com vítima;685;BR-381/MG;Sul;Outros;2;2;;;1;;2
04/08/2011;17:48:00;370;sem vítima;728,5;BR-381/MG;Norte;Outros - Sequência;1;2;;;;;1
04/08/2011;03:49:00;52;sem vítima;736;BR-381/MG;Sul;Colisão Lateral;2;2;;;;;1
04/08/2011;23:26:00;488;sem vítima;736,4000244140625;BR-381/MG;Norte;Colisão Traseira;2;2;;;;;1
04/08/2011;23:34:00;492;sem vítima;870,7999877929688;BR-381/MG;Norte;Saida de Pista;1;1;;;;;1
04/08/2011;22:54:00;481;sem vítima;935,4000244140625;BR-381/MG;Norte;Outros - Sequência;1;1;;;;;1
05/08/2011;14:12:00;270;com vítima;20,299999237060547;BR-381/SP;Norte;Outros - Sequência;2;1;;1;;;2
05/08/2011;14:59:00;294;com vítima;70,69999694824219;BR-381/SP;Norte;Tombamento;1;0;1;;;;1
05/08/2011;15:50:00;332;com vítima;484,1000061035156;BR-381/MG;Sul;Engavetamento;2;4;;1;;;2
05/08/2011;14:56:00;292;sem vítima;484,5;BR-381/MG;Sul;Engavetamento;1;3;;;;;1
05/08/2011;13:44:00;257;sem vítima;488,5;BR-381/MG;Norte;Colisão Lateral;1;2;;;;;1
05/08/2011;15:46:00;328;sem vítima;597,7000122070312;BR-381/MG;Sul;Colisão Lateral;1;3;;;;;1
05/08/2011;20:53:00;455;com vítima;617,5;BR-381/MG;Sul;Colisão Lateral;1;1;;1;;1;3
05/08/2011;14:45:00;286;sem vítima;638;BR-381/MG;Sul;Saida de Pista;1;2;;;;;1
05/08/2011;08:24:00;131;sem vítima;642;BR-381/MG;Sul;Choque - Defensa, barreira ou "submarino";1;1;;;;;1
05/08/2011;12:17:00;232;sem vítima;658;BR-381/MG;Sul;Colisão Lateral;1;2;;;;;1
05/08/2011;00:40:00;14;sem vítima;658,2000122070312;BR-381/MG;Sul;Choque - Defensa, barreira ou "submarino";1;1;;;;;1
05/08/2011;07:50:00;115;sem vítima;898,5;BR-381/MG;Sul;Colisão Lateral;2;2;;;;;1
06/08/2011;04:51:00;72;com vítima;24,600000381469727;BR-381/SP;Sul;Capotamento;1;0;1;;;;1
06/08/2011;06:50:00;104;com vítima;41,5;BR-381/SP;Norte;Outros - Sequência;1;1;2;;;;1
06/08/2011;19:37:00;448;sem vítima;54;BR-381/SP;Norte;Colisão Traseira;1;2;;;;;1
06/08/2011;15:41:00;336;sem vítima;481,1000061035156;BR-381/MG;Sul;Colisão Traseira;1;2;;;;;1
06/08/2011;17:08:00;381;com vítima;510;BR-381/MG;Norte;Colisão Traseira;1;1;1;;;;1
06/08/2011;07:52:00;121;com vítima;536,5;BR-381/MG;Sul;Tombamento;1;0;;1;;;2
06/08/2011;06:38:00;99;com vítima;601,4000244140625;BR-381/MG;Norte;Tombamento;1;0;1;;;;1
06/08/2011;06:13:00;91;sem vítima;778;BR-381/MG;Sul;Saida de Pista;1;1;;;;;1
06/08/2011;05:18:00;78;sem vítima;805;BR-381/MG;Sul;Colisão Lateral;1;2;;;;;1
06/08/2011;05:59:00;89;com vítima;817,5;BR-381/MG;Norte;Colisão Traseira;2;0;2;;;;1
06/08/2011;08:21:00;136;sem vítima;873,9000244140625;BR-381/MG;Sul;Tombamento;1;6;;;;;1
07/08/2011;22:03:00;505;sem vítima;19;BR-381/SP;Norte;Choque - Defensa, barreira ou "submarino";1;1;;;;;1
07/08/2011;20:41:00;479;sem vítima;45;BR-381/SP;Sul;Engavetamento;2;5;;;;;1
07/08/2011;18:26:00;424;sem vítima;490,70001220703125;BR-381/MG;Sul;Colisão Lateral;1;2;;;;;1
07/08/2011;11:00:00;202;sem vítima;512,5;BR-381/MG;Sul;Colisão Traseira;1;2;;;;;1
07/08/2011;20:27:00;474;sem vítima;577;BR-381/MG;Norte;Atropelamento de Animal;1;1;;;;;1
07/08/2011;17:42:00;402;sem vítima;751,7999877929688;BR-381/MG;Sul;Choque - Suporte de Sinalização;1;1;;;;;1
08/08/2011;13:48:00;320;com vítima;75,69999694824219;BR-381/SP;Norte;Outros - Sequência;1;1;;;;1;3
08/08/2011;15:38:00;371;com vítima;479,20001220703125;BR-381/MG;Norte;Engavetamento;3;20;1;;;;1
08/08/2011;09:07:00;162;sem vítima;482;BR-381/MG;Norte;Engavetamento;1;3;;;;;1
08/08/2011;10:01:00;199;sem vítima;498;BR-381/MG;Norte;Colisão Lateral;1;2;;;;;1
08/08/2011;08:35:00;146;sem vítima;503,79998779296875;BR-381/MG;Norte;Saida de Pista;1;1;;;;;1
08/08/2011;03:45:00;41;com vítima;521;BR-381/MG;Norte;Colisão Traseira;2;2;1;;;;1
08/08/2011;21:23:00;515;sem vítima;559;BR-381/MG;Norte;Colisão Traseira;2;2;;;;;1
08/08/2011;23:44:00;547;com vítima;843,0999755859375;BR-381/MG;Sul;Outros - Sequência;2;0;1;1;;;2
08/08/2011;07:15:00;88;sem vítima;879;BR-381/MG;Sul;Colisão Traseira;1;2;;;;;1
08/08/2011;14:28:00;337;sem vítima;933,5999755859375;BR-381/MG;Sul;Colisão Lateral;1;2;;;;;1
09/08/2011;17:29:00;362;sem vítima;79,5;BR-381/SP;Sul;Colisão Traseira;1;2;;;;;1
09/08/2011;15:12:00;302;sem vítima;492,29998779296875;BR-381/MG;Sul;Colisão Lateral;1;2;;;;;1
09/08/2011;07:45:00;91;sem vítima;501;BR-381/MG;Norte;Colisão Traseira;2;2;;;;;1
09/08/2011;17:03:00;343;com vítima;579;BR-381/MG;Sul;Tombamento;1;0;1;;;;1
09/08/2011;11:41:00;213;com vítima;922,5999755859375;BR-381/MG;Sul;Outros - Sequência;1;4;1;;;;1
09/08/2011;20:44:00;425;sem vítima;936;BR-381/MG;Sul;Outros - Sequência;1;1;;;;;1
10/08/2011;12:42:00;263;sem vítima;66,5;BR-381/SP;Sul;Colisão Traseira;1;2;;;;;1
10/08/2011;13:36:00;281;sem vítima;70;BR-381/SP;Norte;Choque - Defensa, barreira ou "submarino";1;1;;;;;1
10/08/2011;19:12:00;423;sem vítima;83;BR-381/SP;Norte;Colisão Traseira;1;2;;;;;1
10/08/2011;04:42:00;50;com vítima;88,9000015258789;BR-381/SP;Sul;Atropelamento - Andarilho;1;1;;;;1;3
10/08/2011;09:22:00;173;sem vítima;478,5;BR-381/MG;Norte;Colisão Lateral;1;2;;;;;1
10/08/2011;12:58:00;272;sem vítima;478,8999938964844;BR-381/MG;Norte;Colisão Traseira;2;2;;;;;1
10/08/2011;13:23:00;278;sem vítima;479,79998779296875;BR-381/MG;Norte;Engavetamento;2;3;;;;;1
10/08/2011;10:39:00;212;sem vítima;483,8999938964844;BR-381/MG;Sul;Colisão Lateral;1;2;;;;;1
10/08/2011;15:28:00;324;com vítima;539,7999877929688;BR-381/MG;Sul;Colisão Traseira;1;1;1;;;;1
10/08/2011;19:00:00;420;com vítima;589;BR-381/MG;Sul;Atropelamento - Andarilho;1;1;1;;;;1
10/08/2011;20:28:00;443;sem vítima;622,5;BR-381/MG;Sul;Tombamento;1;1;;;;;1
10/08/2011;04:49:00;53;sem vítima;628,0999755859375;BR-381/MG;Sul;Outros - Sequência;1;2;;;;;1
10/08/2011;14:58:00;308;sem vítima;891,5;BR-381/MG;Sul;Colisão Traseira;1;2;;;;;1
10/08/2011;08:02:00;124;sem vítima;898;BR-381/MG;Sul;Colisão Traseira;2;2;;;;;1
10/08/2011;09:24:00;177;sem vítima;901;BR-381/MG;Sul;Engavetamento;1;3;;;;;1
10/08/2011;11:29:00;236;sem vítima;944,2000122070312;BR-381/MG;Norte;Outros - Sequência;1;2;;;;;1
11/08/2011;10:26:00;229;sem vítima;67;BR-381/SP;Sul;Colisão Traseira;1;2;;;;;1
11/08/2011;02:17:00;42;com vítima;87,80000305175781;BR-381/SP;Norte;Atropelamento - Morador;1;1;;1;;;2
11/08/2011;23:41:00;513;sem vítima;482;BR-381/MG;Norte;Choque - Poste;1;1;;;;;1
11/08/2011;10:49:00;247;sem vítima;487,29998779296875;BR-381/MG;Norte;Colisão Lateral;1;2;;;;;1
11/08/2011;17:00:00;399;sem vítima;491;BR-381/MG;Sul;Colisão Lateral;1;2;;;;;1
11/08/2011;07:38:00;123;sem vítima;735,5;BR-381/MG;Sul;Colisão Traseira;2;2;;;;;1
11/08/2011;23:29:00;510;sem vítima;870,7999877929688;BR-381/MG;Norte;Saida de Pista;1;1;;;;;1
11/08/2011;04:47:00;63;com vítima;888,9000244140625;BR-381/MG;Sul;Colisão Lateral;1;21;1;;;;1
11/08/2011;22:30:00;494;com vítima;925,7999877929688;BR-381/MG;Norte;Tombamento;1;0;;1;;;2
11/08/2011;16:24:00;388;sem vítima;929;BR-381/MG;Norte;Saida de Pista;1;1;;;;;1
12/08/2011;10:50:00;198;sem vítima;68;BR-381/SP;Norte;Colisão Traseira;1;2;;;;;1
12/08/2011;23:33:00;489;sem vítima;481,20001220703125;BR-381/MG;Sul;Colisão Lateral;2;2;;;;;1
12/08/2011;15:44:00;304;com vítima;489,79998779296875;BR-381/MG;Norte;Atropelamento - Morador;1;1;;;1;;2
12/08/2011;17:27:00;355;sem vítima;524;BR-381/MG;Norte;Colisão Traseira;2;2;;;;;1
12/08/2011;06:44:00;83;sem vítima;533,7999877929688;BR-381/MG;Norte;Saida de Pista;1;1;;;;;1
12/08/2011;01:39:00;31;sem vítima;574;BR-381/MG;Sul;Tombamento;1;1;;;;;1
12/08/2011;11:26:00;211;sem vítima;597;BR-381/MG;Sul;Colisão Lateral;2;2;;;;;1
12/08/2011;23:37:00;491;sem vítima;724,5;BR-381/MG;Sul;Colisão Traseira;2;2;;;;;1
12/08/2011;02:48:00;47;com vítima;806;BR-381/MG;Sul;Engavetamento;2;17;2;2;;1;3
13/08/2011;04:30:00;52;sem vítima;1,5;BR-381/SP;Norte;Colisão Traseira;1;2;;;;;1
13/08/2011;20:17:00;463;sem vítima;22;BR-381/SP;Norte;Colisão Traseira;1;2;;;;;1
13/08/2011;02:04:00;33;sem vítima;26;BR-381/SP;Sul;Colisão Traseira;1;2;;;;;1
13/08/2011;08:41:00;135;com vítima;44;BR-381/SP;Sul;Outros - Sequência;1;1;1;;;;1
13/08/2011;15:35:00;333;sem vítima;481;BR-381/MG;Sul;Colisão Traseira;1;2;;;;;1
13/08/2011;10:54:00;207;sem vítima;495,5;BR-381/MG;Sul;Colisão Traseira;2;2;;;;;1
13/08/2011;14:48:00;302;sem vítima;658;BR-381/MG;Sul;Colisão Traseira;2;2;;;;;1
13/08/2011;22:42:00;499;com vítima;672;BR-381/MG;Norte;Colisão Traseira;1;0;2;3;;;2
13/08/2011;08:53:00;139;sem vítima;754,5;BR-381/MG;Norte;Tombamento;1;1;;;;;1
14/08/2011;22:25:00;495;sem vítima;61;BR-381/SP;Norte;Engavetamento;1;4;;;;;1
14/08/2011;17:42:00;370;sem vítima;817,7999877929688;BR-381/MG;Norte;Colisão Traseira;1;3;;;;;1
14/08/2011;08:16:00;111;sem vítima;900,7999877929688;BR-381/MG;Norte;Colisão Traseira;2;2;;;;;1
15/08/2011;17:31:00;410;sem vítima;478,79998779296875;BR-381/MG;Norte;Engavetamento;1;5;;;;;1
15/08/2011;08:02:00;124;sem vítima;486;BR-381/MG;Sul;Engavetamento;3;3;;;;;1
15/08/2011;22:26:00;526;sem vítima;528;BR-381/MG;Sul;Colisão Traseira;1;2;;;;;1
15/08/2011;14:19:00;299;com vítima;645;BR-381/MG;Sul;Tombamento;1;0;2;;;;1
15/08/2011;09:25:00;175;com vítima;647;BR-381/MG;Sul;Outros - Sequência;1;2;1;;;;1
15/08/2011;21:11:00;508;sem vítima;760,7999877929688;BR-381/MG;Norte;Choque - Defensa, barreira ou "submarino";1;1;;;;;1
16/08/2011;11:18:00;199;com vítima;20,5;BR-381/SP;Sul;Tombamento;1;0;;;1;;2
16/08/2011;16:02:00;331;sem vítima;479;BR-381/MG;Norte;Outros - Sequência;2;5;;;;;1
16/08/2011;15:34:00;312;sem vítima;486,8999938964844;BR-381/MG;Sul;Colisão Traseira;1;2;;;;;1
16/08/2011;17:55:00;401;com vítima;511,5;BR-381/MG;Norte;Colisão Traseira;1;1;;;;1;3
16/08/2011;20:17:00;472;com vítima;513,9000244140625;BR-381/MG;Norte;Tombamento;1;0;1;;;;1
16/08/2011;01:58:00;26;sem vítima;554,5;BR-381/MG;Sul;Outros - Sequência;2;2;;;;;1
16/08/2011;14:14:00;267;sem vítima;595;BR-381/MG;Sul;Tombamento;1;1;;;;;1
16/08/2011;06:21:00;67;com vítima;678,4000244140625;BR-381/MG;Sul;Colisão Lateral;1;0;2;;;;1
16/08/2011;08:06:00;107;com vítima;690,9500122070312;BR-381/MG;Norte;Outros - Sequência;2;1;;1;;;2
16/08/2011;08:01:00;106;com vítima;728;BR-381/MG;Sul;Tombamento;1;0;1;;;;1
16/08/2011;12:11:00;223;com vítima;839,7999877929688;BR-381/MG;Sul;Colisão Traseira;1;1;;;;1;3
16/08/2011;22:52:00;505;sem vítima;870,5999755859375;BR-381/MG;Norte;Outros - Sequência;1;1;;;;;1
16/08/2011;23:41:00;520;sem vítima;873,7999877929688;BR-381/MG;Sul;Tombamento;1;1;;;;;1
16/08/2011;07:51:00;101;sem vítima;901;BR-381/MG;Norte;Choque - Defensa, barreira ou "submarino";1;1;;;;;1
16/08/2011;15:00:00;293;sem vítima;928,5;BR-381/MG;Sul;Colisão Traseira;2;2;;;;;1
17/08/2011;14:38:00;320;sem vítima;73;BR-381/SP;Norte;Tombamento;1;2;;;;;1
17/08/2011;17:00:00;384;sem vítima;478,1000061035156;BR-381/MG;Norte;Engavetamento;2;3;;;;;1
17/08/2011;18:32:00;437;sem vítima;482;BR-381/MG;Sul;Engavetamento;1;3;;;;;1
17/08/2011;11:32:00;236;sem vítima;496,6000061035156;BR-381/MG;Norte;Colisão Lateral;2;2;;;;;1
17/08/2011;23:39:00;524;sem vítima;507;BR-381/MG;Norte;Atropelamento de Animal;1;2;;;;;1
17/08/2011;16:57:00;381;sem vítima;560,5;BR-381/MG;Sul;Choque - Defensa, barreira ou "submarino";1;1;;;;;1
17/08/2011;13:38:00;295;sem vítima;617,4000244140625;BR-381/MG;Norte;Tombamento;1;1;;;;;1
17/08/2011;22:22:00;506;com vítima;711,7999877929688;BR-381/MG;Norte;Tombamento;1;0;1;;;;1
17/08/2011;09:02:00;149;sem vítima;837;BR-381/MG;Norte;Engavetamento;2;3;;;;;1
18/08/2011;01:37:00;46;sem vítima;52,5;BR-381/SP;Sul;Colisão Traseira;2;2;;;;;1
18/08/2011;04:55:00;86;sem vítima;74;BR-381/SP;Norte;Outros - Sequência;1;3;;;;;1
18/08/2011;13:18:00;301;sem vítima;77,69999694824219;BR-381/SP;Sul;Outros - Sequência;1;1;;;;;1
18/08/2011;17:50:00;415;com vítima;479;BR-381/MG;Sul;Colisão Traseira;1;1;1;;;;1
18/08/2011;15:12:00;341;sem vítima;481;BR-381/MG;Norte;Colisão Traseira;1;2;;;;;1
18/08/2011;07:46:00;151;sem vítima;516,2000122070312;BR-381/MG;Sul;Colisão Lateral;1;2;;;;;1
18/08/2011;14:52:00;331;sem vítima;536,4000244140625;BR-381/MG;Norte;Outros;1;1;;;;;1
18/08/2011;00:13:00;17;sem vítima;558;BR-381/MG;Sul;Colisão Lateral;2;2;;;;;1
18/08/2011;09:01:00;197;com vítima;646,0999755859375;BR-381/MG;Sul;Outros - Sequência;1;1;2;;;;1
18/08/2011;12:41:00;292;sem vítima;752,2999877929688;BR-381/MG;Sul;Colisão Traseira;2;2;;;;;1
18/08/2011;04:27:00;77;sem vítima;796;BR-381/MG;Sul;Atropelamento de Animal;1;1;;;;;1
18/08/2011;20:54:00;481;sem vítima;817;BR-381/MG;Sul;Colisão Traseira;2;2;;;;;1
18/08/2011;02:01:00;51;com vítima;830,5;BR-381/MG;Norte;Outros - Sequência;2;0;1;;;1;3
18/08/2011;14:39:00;325;sem vítima;905,7999877929688;BR-381/MG;Norte;Choque - Elemento de Drenagem;1;1;;;;;1
19/08/2011;23:45:00;593;com vítima;76,80000305175781;BR-381/SP;Norte;Colisão Traseira;1;1;1;;;;1
19/08/2011;15:33:00;367;sem vítima;90;BR-381/SP;Norte;Colisão Lateral;1;2;;;;;1
19/08/2011;18:33:00;464;sem vítima;480,79998779296875;BR-381/MG;Norte;Colisão Traseira;1;2;;;;;1
19/08/2011;09:25:00;207;sem vítima;480,8999938964844;BR-381/MG;Sul;Colisão Traseira;1;2;;;;;1
19/08/2011;19:54:00;505;com vítima;481,70001220703125;BR-381/MG;Norte;Colisão Traseira;1;2;1;;;;1
19/08/2011;17:06:00;423;sem vítima;484,3999938964844;BR-381/MG;Sul;Engavetamento;1;3;;;;;1
19/08/2011;08:07:00;160;com vítima;491,6000061035156;BR-381/MG;Norte;Colisão Lateral;1;1;1;;;;1
19/08/2011;10:08:00;236;sem vítima;935,2000122070312;BR-381/MG;Norte;Colisão Lateral;1;2;;;;;1
19/08/2011;03:26:00;58;com vítima;937,0999755859375;BR-381/MG;Norte;Colisão Frontal;1;0;1;;;1;3
20/08/2011;11:51:00;235;sem vítima;2;BR-381/SP;Norte;Colisão Traseira;2;2;;;;;1
20/08/2011;06:53:00;98;sem vítima;22;BR-381/SP;Norte;Colisão Traseira;1;2;;;;;1
20/08/2011;18:27:00;416;sem vítima;36;BR-381/SP;Norte;Colisão Lateral;1;2;;;;;1
20/08/2011;19:17:00;428;sem vítima;65,5;BR-381/SP;Norte;Colisão Traseira;1;2;;;;;1
20/08/2011;00:58:00;22;sem vítima;75;BR-381/SP;Norte;Tombamento;1;1;;;;;1
20/08/2011;14:19:00;303;sem vítima;86,19999694824219;BR-381/SP;Sul;Colisão Lateral;1;2;;;;;1
20/08/2011;07:06:00;103;sem vítima;90;BR-381/SP;Sul;Colisão Lateral;1;2;;;;;1
20/08/2011;14:14:00;302;sem vítima;488;BR-381/MG;Sul;Colisão Traseira;1;2;;;;;1
20/08/2011;14:12:00;301;sem vítima;716;BR-381/MG;Norte;Colisão Traseira;1;2;;;;;1
20/08/2011;00:48:00;17;sem vítima;849;BR-381/MG;Norte;Saida de Pista;1;1;;;;;1
21/08/2011;12:16:00;190;sem vítima;58;BR-381/SP;Sul;Colisão Traseira;1;2;;;;;1
21/08/2011;12:07:00;187;sem vítima;546;BR-381/MG;Norte;Colisão Traseira;1;2;;;;;1
21/08/2011;01:54:00;27;com vítima;618,7999877929688;BR-381/MG;Norte;Outros - Sequência;2;1;1;;;;1
21/08/2011;18:10:00;319;com vítima;726,7999877929688;BR-381/MG;Norte;Tombamento;1;0;;1;;;2
22/08/2011;18:24:00;380;sem vítima;77,80000305175781;BR-381/SP;Norte;Outros - Sequência;1;1;;;;;1
22/08/2011;03:27:00;34;com vítima;484,1000061035156;BR-381/MG;Norte;Colisão Lateral;1;1;1;;;;1
22/08/2011;14:50:00;290;sem vítima;525;BR-381/MG;Sul;Choque - Talude;1;1;;;;;1
22/08/2011;06:25:00;61;sem vítima;546;BR-381/MG;Norte;Colisão Traseira;2;2;;;;;1
22/08/2011;07:20:00;92;sem vítima;638;BR-381/MG;Sul;Choque - Elemento de Drenagem;1;1;;;;;1
22/08/2011;00:05:00;5;com vítima;684;BR-381/MG;Norte;Tombamento;1;0;1;;;;1
22/08/2011;06:12:00;59;com vítima;693;BR-381/MG;Norte;Tombamento;1;0;1;;;;1
22/08/2011;08:39:00;135;sem vítima;790;BR-381/MG;Norte;Outros - Sequência;1;1;;;;;1
22/08/2011;22:00:00;447;sem vítima;894;BR-381/MG;Norte;Outros - Sequência;1;2;;;;;1
23/08/2011;19:01:00;426;sem vítima;3;BR-381/SP;Norte;Engavetamento;1;4;;;;;1
23/08/2011;02:43:00;34;sem vítima;12,300000190734863;BR-381/SP;Norte;Choque - Defensa, barreira ou "submarino";1;1;;;;;1
23/08/2011;12:13:00;262;sem vítima;89;BR-381/SP;Norte;Engavetamento;3;5;;;;;1
23/08/2011;12:53:00;279;sem vítima;90;BR-381/SP;Sul;Tombamento;1;1;;;;;1
23/08/2011;16:03:00;355;sem vítima;478,79998779296875;BR-381/MG;Sul;Colisão Traseira;1;2;;;;;1
23/08/2011;18:37:00;419;sem vítima;481;BR-381/MG;Sul;Colisão Lateral;1;2;;;;;1
23/08/2011;15:39:00;342;sem vítima;495,20001220703125;BR-381/MG;Norte;Colisão Traseira;1;2;;;;;1
23/08/2011;19:20:00;433;sem vítima;506,5;BR-381/MG;Sul;Tombamento;1;1;;;;;1
23/08/2011;08:25:00;121;sem vítima;540,5999755859375;BR-381/MG;Sul;Colisão Traseira;1;2;;;;;1
23/08/2011;06:46:00;82;com vítima;660;BR-381/MG;Norte;Saida de Pista;1;0;2;;;;1
23/08/2011;08:15:00;118;sem vítima;734,4000244140625;BR-381/MG;Norte;Colisão Lateral;2;3;;;;;1
23/08/2011;05:19:00;61;com vítima;799;BR-381/MG;Norte;Colisão Traseira;2;0;3;;;;1
23/08/2011;05:39:00;65;com vítima;799;BR-381/MG;Sul;Outros - Sequência;1;0;2;;;;1
23/08/2011;22:49:00;492;sem vítima;829,5999755859375;BR-381/MG;Norte;Choque - Outros;1;1;;;;;1
23/08/2011;18:43:00;420;sem vítima;934,7999877929688;BR-381/MG;Sul;Saida de Pista;1;1;;;;;1
23/08/2011;07:06:00;89;sem vítima;936;BR-381/MG;Sul;Choque - Objeto sobre a pista;1;1;;;;;1
24/08/2011;05:50:00;62;sem vítima;79;BR-381/SP;Sul;Colisão Lateral;1;2;;;;;1
24/08/2011;13:07:00;266;sem vítima;524;BR-381/MG;Sul;Colisão Lateral;1;2;;;;;1
24/08/2011;08:45:00;150;sem vítima;672,7999877929688;BR-381/MG;Sul;Colisão Traseira;2;2;;;;;1
24/08/2011;12:55:00;260;sem vítima;673,4000244140625;BR-381/MG;Sul;Outros - Sequência;1;1;;;;;1
24/08/2011;05:55:00;64;sem vítima;707,2999877929688;BR-381/MG;Norte;Choque - Talude;1;1;;;;;1
24/08/2011;13:14:00;271;sem vítima;901;BR-381/MG;Norte;Engavetamento;1;3;;;;;1
24/08/2011;21:50:00;475;com vítima;907,5;BR-381/MG;Norte;Tombamento;1;0;;1;;;2
25/08/2011;19:20:00;389;sem vítima;56;BR-381/SP;Norte;Colisão Traseira;1;2;;;;;1
25/08/2011;07:40:00;111;com vítima;57;BR-381/SP;Norte;Colisão Traseira;1;1;1;;;;1
25/08/2011;20:01:00;403;com vítima;73;BR-381/SP;Sul;Tombamento;1;0;1;;;;1
25/08/2011;15:11:00;280;sem vítima;90;BR-381/SP;Norte;Colisão Traseira;1;2;;;;;1
25/08/2011;06:42:00;84;com vítima;518,5;BR-381/MG;Norte;Colisão Traseira;1;4;2;;;;1
25/08/2011;19:57:00;399;sem vítima;535;BR-381/MG;Sul;Colisão Traseira;2;2;;;;;1
25/08/2011;11:20:00;207;sem vítima;686,5;BR-381/MG;Norte;Choque - Defensa, barreira ou "submarino";1;1;;;;;1
25/08/2011;22:37:00;439;sem vítima;842,0999755859375;BR-381/MG;Norte;Saida de Pista;1;1;;;;;1
25/08/2011;23:52:00;470;sem vítima;877,4000244140625;BR-381/MG;Norte;Colisão Lateral;2;2;;;;;1
25/08/2011;10:44:00;195;sem vítima;925;BR-381/MG;Sul;Colisão Lateral;1;2;;;;;1
26/08/2011;04:11:00;57;com vítima;58;BR-381/SP;Sul;Colisão Traseira;2;1;1;;;;1
26/08/2011;02:58:00;47;com vítima;487,5;BR-381/MG;Sul;Capotamento;1;4;1;;;;1
26/08/2011;19:42:00;448;com vítima;496,1000061035156;BR-381/MG;Sul;Colisão Lateral;1;1;5;;;;1
26/08/2011;08:50:00;157;com vítima;525,5999755859375;BR-381/MG;Sul;Tombamento;1;0;1;;;;1
26/08/2011;01:36:00;29;sem vítima;601,0499877929688;BR-381/MG;Sul;Colisão Traseira;2;2;;;;;1
26/08/2011;10:39:00;206;sem vítima;626,7000122070312;BR-381/MG;Sul;Engavetamento;1;4;;;;;1
26/08/2011;14:22:00;295;com vítima;706,2000122070312;BR-381/MG;Sul;Colisão Traseira;1;2;1;;;;1
26/08/2011;09:35:00;174;sem vítima;727,2999877929688;BR-381/MG;Sul;Colisão Traseira;3;4;;;;;1
26/08/2011;08:15:00;130;sem vítima;833,7999877929688;BR-381/MG;Norte;Colisão Lateral;1;6;;;;;1
26/08/2011;19:42:00;447;sem vítima;916;BR-381/MG;Sul;Colisão Lateral;1;2;;;;;1
26/08/2011;17:39:00;399;com vítima;924,5;BR-381/MG;Norte;Tombamento;1;0;;;;1;3
26/08/2011;21:12:00;488;sem vítima;926;BR-381/MG;Norte;Colisão Traseira;1;5;;;;;1
26/08/2011;16:47:00;370;sem vítima;926,5;BR-381/MG;Norte;Colisão Traseira;2;2;;;;;1
27/08/2011;09:54:00;184;sem vítima;7,800000190734863;BR-381/SP;Sul;Colisão Lateral;2;2;;;;;1
27/08/2011;16:03:00;332;sem vítima;71;BR-381/SP;Sul;Outros - Sequência;1;1;;;;;1
27/08/2011;08:19:00;138;com vítima;722,2999877929688;BR-381/MG;Norte;Tombamento;1;0;2;;;;1
27/08/2011;17:17:00;361;sem vítima;783;BR-381/MG;Norte;Tombamento;1;1;;;;;1
28/08/2011;11:00:00;186;com vítima;49;BR-381/SP;Sul;Choque - Veiculo parado no acostamento;1;2;1;2;1;;2
28/08/2011;17:15:00;375;sem vítima;602;BR-381/MG;Sul;Colisão Traseira;2;2;;;;;1
28/08/2011;20:41:00;471;sem vítima;673,5999755859375;BR-381/MG;Sul;Outros - Sequência;1;1;;;;;1
28/08/2011;13:55:00;246;com vítima;688,7999877929688;BR-381/MG;Sul;Choque - Talude;1;0;1;;;;1
28/08/2011;09:32:00;147;sem vítima;698;BR-381/MG;Norte;Colisão Lateral;1;2;;;;;1
28/08/2011;16:44:00;342;com vítima;808;BR-381/MG;Sul;Tombamento;1;0;3;;;;1
28/08/2011;18:49:00;424;com vítima;927,2999877929688;BR-381/MG;Norte;Outros - Sequência;1;0;1;;;;1
28/08/2011;10:43:00;179;sem vítima;946;BR-381/MG;Norte;Tombamento;1;1;;;;;1
29/08/2011;11:08:00;201;sem vítima;54,5;BR-381/SP;Sul;Colisão Lateral;1;2;;;;;1
29/08/2011;19:45:00;465;sem vítima;482,5;BR-381/MG;Norte;Colisão Traseira;1;2;;;;;1
29/08/2011;06:35:00;72;com vítima;487,5;BR-381/MG;Sul;Engavetamento;1;3;1;;;;1