data;horario;n_da_ocorrencia;tipo_de_ocorrencia;km;trecho;sentido;tipo_de_acidente;caminhao;ilesos;levemente_feridos;moderadamente_feridos;gravemente_feridos;mortos;3
30/09/2011;21:30:00;597;com vítima;925,2000122070312;BR-381/MG;Norte;Capotamento;1;0;;1;;;2
01/10/2011;13:24:00;344;com vítima;11,899999618530273;BR-381/SP;Sul;Tombamento;1;0;;;;1;3
01/10/2011;11:58:00;292;sem vítima;33,5;BR-381/SP;Norte;Colisão Traseira;2;2;;;;;1
01/10/2011;09:32:00;205;sem vítima;36,5;BR-381/SP;Norte;Colisão Traseira;1;2;;;;;1
01/10/2011;23:13:00;632;sem vítima;72,9000015258789;BR-381/SP;Norte;Choque - Suporte de Sinalização;1;1;;;;;1
01/10/2011;08:34:00;174;sem vítima;701,5;BR-381/MG;Norte;Colisão Lateral;1;2;;;;;1
01/10/2011;20:29:00;578;com vítima;758;BR-381/MG;Sul;Colisão Traseira;2;1;2;;;;1
01/10/2011;02:42:00;48;sem vítima;878,9000244140625;BR-381/MG;Sul;Colisão Traseira;2;2;;;;;1
01/10/2011;16:43:00;458;sem vítima;906;BR-381/MG;Norte;Colisão Lateral;1;2;;;;;1
01/10/2011;17:44:00;507;com vítima;938,5;BR-381/MG;Sul;Tombamento;1;0;1;;;;1
02/10/2011;15:19:00;368;com vítima;540,2999877929688;BR-381/MG;Norte;Tombamento;1;0;1;;;;1
02/10/2011;10:33:00;225;sem vítima;597,7000122070312;BR-381/MG;Sul;Colisão Traseira;1;2;;;;;1
02/10/2011;18:41:00;485;com vítima;627;BR-381/MG;Norte;Tombamento;1;0;1;;;;1
02/10/2011;19:23:00;506;com vítima;781,4000244140625;BR-381/MG;Sul;Outros - Sequência;1;1;1;;;1;3
02/10/2011;16:54:00;421;sem vítima;872,7999877929688;BR-381/MG;Sul;Colisão Lateral;1;2;;;;;1
02/10/2011;03:33:00;52;sem vítima;886;BR-381/MG;Norte;Tombamento;1;1;;;;;1
02/10/2011;00:00:00;4;sem vítima;908,4000244140625;BR-381/MG;Norte;Choque - Elemento de Drenagem;1;1;;;;;1
02/10/2011;17:03:00;427;com vítima;938,4000244140625;BR-381/MG;Sul;Tombamento;1;0;1;;;;1
03/10/2011;23:13:00;519;sem vítima;36,79999923706055;BR-381/SP;Norte;Colisão Traseira;1;2;;;;;1
03/10/2011;22:56:00;513;sem vítima;38,79999923706055;BR-381/SP;Norte;Colisão Traseira;2;2;;;;;1
03/10/2011;06:35:00;94;com vítima;44;BR-381/SP;Sul;Colisão Traseira;2;1;1;;;;1
03/10/2011;11:19:00;222;sem vítima;52;BR-381/SP;Sul;Colisão Traseira;1;2;;;;;1
03/10/2011;10:54:00;208;sem vítima;72;BR-381/SP;Norte;Colisão Lateral;1;2;;;;;1
03/10/2011;16:24:00;352;com vítima;78,80000305175781;BR-381/SP;Norte;Tombamento;1;0;1;;;;1
03/10/2011;21:43:00;484;sem vítima;80;BR-381/SP;Norte;Colisão Traseira;2;2;;;;;1
03/10/2011;20:55:00;466;sem vítima;81,5;BR-381/SP;Norte;Colisão Traseira;2;2;;;;;1
03/10/2011;22:15:00;495;sem vítima;82,5;BR-381/SP;Norte;Colisão Traseira;1;2;;;;;1
03/10/2011;15:33:00;324;sem vítima;486,20001220703125;BR-381/MG;Sul;Engavetamento;1;3;;;;;1
03/10/2011;09:21:00;161;sem vítima;487,5;BR-381/MG;Norte;Engavetamento;2;3;;;;;1
03/10/2011;10:07:00;185;sem vítima;492;BR-381/MG;Norte;Colisão Traseira;1;2;;;;;1
03/10/2011;14:11:00;285;com vítima;494,20001220703125;BR-381/MG;Sul;Atropelamento - Andarilho;1;1;;;1;;2
03/10/2011;22:53:00;510;sem vítima;589,2999877929688;BR-381/MG;Norte;Outros - Sequência;1;1;;;;;1
03/10/2011;09:55:00;178;sem vítima;597,7000122070312;BR-381/MG;Norte;Engavetamento;2;5;;;;;1
03/10/2011;06:03:00;77;sem vítima;704,7999877929688;BR-381/MG;Sul;Choque - Elemento de Drenagem;1;1;;;;;1
03/10/2011;21:30:00;480;sem vítima;729,9000244140625;BR-381/MG;Sul;Outros;1;2;;;;;1
03/10/2011;21:06:00;470;com vítima;731;BR-381/MG;Sul;Outros - Sequência;2;1;1;;;;1
03/10/2011;10:49:00;207;com vítima;740,7000122070312;BR-381/MG;Norte;Tombamento;1;0;1;;;;1
03/10/2011;03:47:00;55;sem vítima;838;BR-381/MG;Sul;Choque - Defensa, barreira ou "submarino";1;1;;;;;1
03/10/2011;03:18:00;45;sem vítima;889;BR-381/MG;Sul;Tombamento;1;1;;;;;1
03/10/2011;03:28:00;48;sem vítima;889;BR-381/MG;Sul;Colisão Traseira;1;6;;;;;1
03/10/2011;16:35:00;358;sem vítima;907,5;BR-381/MG;Norte;Colisão Lateral;1;3;;;;;1
03/10/2011;13:50:00;277;com vítima;909,5999755859375;BR-381/MG;Norte;Colisão Traseira;1;2;3;;;;1
04/10/2011;12:20:00;248;sem vítima;10;BR-381/SP;Sul;Colisão Traseira;1;2;;;;;1
04/10/2011;13:20:00;269;sem vítima;38;BR-381/SP;Norte;Colisão Lateral;2;2;;;;;1
04/10/2011;20:03:00;491;com vítima;70,80000305175781;BR-381/SP;Sul;Colisão Traseira;1;1;1;;;;1
04/10/2011;09:07:00;171;sem vítima;515;BR-381/MG;Norte;Colisão Traseira;1;2;;;;;1
04/10/2011;03:35:00;44;com vítima;532;BR-381/MG;Norte;Outros - Sequência;1;0;1;;;;1
04/10/2011;10:15:00;205;sem vítima;537;BR-381/MG;Sul;Colisão Lateral;2;2;;;;;1
04/10/2011;20:55:00;508;sem vítima;729;BR-381/MG;Sul;Colisão Traseira;2;2;;;;;1
04/10/2011;06:51:00;96;com vítima;730;BR-381/MG;Norte;Outros - Sequência;1;1;1;;;;1
04/10/2011;01:00:00;19;sem vítima;730,0999755859375;BR-381/MG;Sul;Choque - Talude;1;1;;;;;1
04/10/2011;12:31:00;251;com vítima;811,7999877929688;BR-381/MG;Sul;Choque - Defensa, barreira ou "submarino";1;0;1;;;;1
04/10/2011;05:39:00;77;sem vítima;848,5;BR-381/MG;Sul;Tombamento;1;1;;;;;1
04/10/2011;21:15:00;516;com vítima;860,2000122070312;BR-381/MG;Norte;Colisão Traseira;1;1;1;;;;1
04/10/2011;16:10:00;378;sem vítima;909;BR-381/MG;Norte;Outros - Sequência;1;2;;;;;1
04/10/2011;05:38:00;76;sem vítima;920,4000244140625;BR-381/MG;Sul;Outros - Sequência;2;2;;;;;1
04/10/2011;05:28:00;73;sem vítima;928;BR-381/MG;Sul;Atropelamento de Animal;1;1;;;;;1
04/10/2011;10:57:00;222;sem vítima;932;BR-381/MG;Sul;Colisão Traseira;1;2;;;;;1
04/10/2011;00:08:00;5;sem vítima;943,4000244140625;BR-381/MG;Norte;Colisão Lateral;2;2;;;;;1
05/10/2011;11:58:00;265;com vítima;15,300000190734863;BR-381/SP;Sul;Saida de Pista;1;0;1;;;;1
05/10/2011;12:15:00;272;com vítima;47;BR-381/SP;Norte;Colisão Traseira;1;1;1;;;;1
05/10/2011;22:24:00;512;sem vítima;55,400001525878906;BR-381/SP;Sul;Colisão Traseira;2;2;;;;;1
05/10/2011;13:36:00;294;sem vítima;59,5;BR-381/SP;Sul;Colisão Traseira;1;2;;;;;1
05/10/2011;00:14:00;10;sem vítima;65,69999694824219;BR-381/SP;Norte;Choque - Outros;1;1;;;;;1
05/10/2011;03:04:00;55;com vítima;590,2999877929688;BR-381/MG;Norte;Atropelamento - Morador;1;1;1;;;;1
05/10/2011;08:32:00;165;com vítima;704,4000244140625;BR-381/MG;Sul;Tombamento;1;5;1;;;;1
05/10/2011;03:41:00;61;sem vítima;734;BR-381/MG;Norte;Colisão Traseira;2;2;;;;;1
05/10/2011;21:50:00;504;com vítima;805;BR-381/MG;Norte;Outros - Sequência;2;1;1;;;;1
05/10/2011;06:53:00;115;sem vítima;891,5;BR-381/MG;Sul;Colisão Traseira;2;2;;;;;1
05/10/2011;07:45:00;141;com vítima;938,5;BR-381/MG;Sul;Outros - Sequência;2;2;1;;;;1
05/10/2011;11:11:00;250;com vítima;940,5999755859375;BR-381/MG;Norte;Tombamento;1;0;1;;;;1
06/10/2011;13:48:00;302;sem vítima;7,5;BR-381/SP;Sul;Colisão Traseira;2;2;;;;;1
06/10/2011;14:16:00;313;com vítima;62;BR-381/SP;Sul;Tombamento;1;0;;1;;;2
06/10/2011;07:42:00;141;sem vítima;486,70001220703125;BR-381/MG;Norte;Colisão Traseira;1;2;;;;;1
06/10/2011;23:51:00;570;sem vítima;492,8999938964844;BR-381/MG;Sul;Colisão Lateral;1;2;;;;;1
06/10/2011;10:07:00;212;sem vítima;517;BR-381/MG;Norte;Colisão Lateral;2;2;;;;;1
06/10/2011;05:26:00;76;sem vítima;540,7999877929688;BR-381/MG;Norte;Colisão Traseira;2;3;;;;;1
06/10/2011;07:56:00;145;sem vítima;688,5;BR-381/MG;Norte;Colisão Lateral;1;2;;;;;1
06/10/2011;12:20:00;267;sem vítima;802;BR-381/MG;Norte;Colisão Lateral;1;4;;;;;1
06/10/2011;00:11:00;11;com vítima;853;BR-381/MG;Norte;Colisão Traseira;2;1;1;;;;1
07/10/2011;16:57:00;404;sem vítima;90;BR-381/SP;Norte;Colisão Traseira;1;2;;;;;1
07/10/2011;19:54:00;488;com vítima;479;BR-381/MG;Norte;Colisão Traseira;1;1;;1;;;2
07/10/2011;09:19:00;166;sem vítima;493,20001220703125;BR-381/MG;Norte;Colisão Lateral;1;2;;;;;1
07/10/2011;16:19:00;387;sem vítima;658;BR-381/MG;Norte;Colisão Traseira;2;2;;;;;1
07/10/2011;14:54:00;333;sem vítima;686;BR-381/MG;Sul;Colisão Lateral;2;2;;;;;1
07/10/2011;17:24:00;419;sem vítima;722,7999877929688;BR-381/MG;Norte;Tombamento;1;1;;;;;1
07/10/2011;16:11:00;384;sem vítima;737;BR-381/MG;Norte;Colisão Lateral;1;5;;;;;1
07/10/2011;09:28:00;176;com vítima;816;BR-381/MG;Norte;Atropelamento - Sem Informação;1;1;;1;;;2
07/10/2011;21:22:00;515;sem vítima;938,5;BR-381/MG;Sul;Colisão Lateral;1;2;;;;;1
08/10/2011;04:33:00;87;com vítima;87;BR-381/SP;Sul;Atropelamento - Morador;1;1;1;;;;1
08/10/2011;09:40:00;217;sem vítima;495;BR-381/MG;Sul;Colisão Traseira;1;2;;;;;1
08/10/2011;12:58:00;308;sem vítima;530;BR-381/MG;Norte;Colisão Lateral;1;2;;;;;1
08/10/2011;13:04:00;310;sem vítima;631;BR-381/MG;Sul;Colisão Lateral;1;2;;;;;1
08/10/2011;05:23:00;99;sem vítima;675;BR-381/MG;Norte;Atropelamento de Animal;1;1;;;;;1
08/10/2011;02:32:00;62;com vítima;728,2999877929688;BR-381/MG;Norte;Tombamento;1;0;1;;;;1
08/10/2011;16:40:00;427;com vítima;738,7999877929688;BR-381/MG;Sul;Engavetamento;2;3;1;;;;1
08/10/2011;04:02:00;82;sem vítima;839;BR-381/MG;Norte;Atropelamento de Animal;1;1;;;;;1
08/10/2011;12:55:00;306;com vítima;911,2000122070312;BR-381/MG;Sul;Outros - Sequência;1;1;1;;;;1
08/10/2011;13:30:00;322;sem vítima;947,5;BR-381/MG;Sul;Choque - Defensa, barreira ou "submarino";1;1;;;;;1
09/10/2011;19:29:00;488;sem vítima;56,5;BR-381/SP;Sul;Colisão Lateral;1;2;;;;;1
09/10/2011;22:58:00;582;sem vítima;499,8999938964844;BR-381/MG;Norte;Colisão Traseira;1;2;;;;;1
09/10/2011;05:55:00;72;com vítima;514,0999755859375;BR-381/MG;Sul;Outros - Sequência;1;1;1;2;1;;2
09/10/2011;10:23:00;219;com vítima;525;BR-381/MG;Sul;Colisão Lateral;1;1;2;;;;1
09/10/2011;21:23:00;551;sem vítima;671;BR-381/MG;Norte;Atropelamento de Animal;1;3;;;;;1
09/10/2011;20:23:00;514;com vítima;802;BR-381/MG;Norte;Saida de Pista;1;1;3;;;;1
10/10/2011;08:58:00;174;sem vítima;66,69999694824219;BR-381/SP;Sul;Colisão Traseira;2;2;;;;;1
10/10/2011;14:03:00;337;com vítima;486;BR-381/MG;Sul;Colisão Traseira;1;1;;1;;;2
10/10/2011;10:00:00;212;sem vítima;600;BR-381/MG;Sul;Colisão Lateral;2;2;;;;;1
10/10/2011;16:55:00;419;sem vítima;677,5;BR-381/MG;Norte;Tombamento;1;1;;;;;1
10/10/2011;14:15:00;342;com vítima;687,7000122070312;BR-381/MG;Norte;Outros - Sequência;1;0;;2;;;2
10/10/2011;21:50:00;516;sem vítima;722;BR-381/MG;Norte;Atropelamento de Animal;1;1;;;;;1
10/10/2011;12:28:00;286;sem vítima;776,9000244140625;BR-381/MG;Norte;Outros;1;4;;;;;1
10/10/2011;21:45:00;511;sem vítima;786,5999755859375;BR-381/MG;Norte;Atropelamento - Andarilho;1;1;;;;;1
10/10/2011;06:58:00;101;sem vítima;901,0999755859375;BR-381/MG;Sul;Colisão Traseira;2;2;;;;;1
11/10/2011;05:42:00;63;sem vítima;70;BR-381/SP;Norte;Choque - Defensa, barreira ou "submarino";1;1;;;;;1
11/10/2011;16:27:00;385;com vítima;79;BR-381/SP;Norte;Outros - Sequência;1;1;2;;;;1
11/10/2011;15:46:00;356;sem vítima;486,29998779296875;BR-381/MG;Sul;Colisão Traseira;1;2;;;;;1
11/10/2011;16:20:00;380;sem vítima;487,3999938964844;BR-381/MG;Sul;Engavetamento;1;7;;;;;1
11/10/2011;15:46:00;355;com vítima;498;BR-381/MG;Norte;Outros - Sequência;1;1;1;;;;1
11/10/2011;23:28:00;529;com vítima;621,2000122070312;BR-381/MG;Sul;Colisão Traseira;2;4;1;;;;1
11/10/2011;14:09:00;310;com vítima;649;BR-381/MG;Sul;Colisão Traseira;1;2;4;;;;1
11/10/2011;21:20:00;485;com vítima;668,0999755859375;BR-381/MG;Norte;Outros - Sequência;1;1;1;;;;1
11/10/2011;22:07:00;497;sem vítima;686,4000244140625;BR-381/MG;Norte;Colisão Lateral;2;2;;;;;1
11/10/2011;15:05:00;334;sem vítima;938,4000244140625;BR-381/MG;Sul;Outros - Sequência;2;2;;;;;1
12/10/2011;06:44:00;107;com vítima;36;BR-381/SP;Norte;Outros - Sequência;1;2;;2;;;2
12/10/2011;09:52:00;213;sem vítima;484,5;BR-381/MG;Sul;Colisão Lateral;2;3;;;;;1
12/10/2011;16:54:00;404;sem vítima;494,29998779296875;BR-381/MG;Sul;Colisão Lateral;1;2;;;;;1
12/10/2011;16:21:00;383;sem vítima;813,0499877929688;BR-381/MG;Sul;Outros - Sequência;1;6;;;;;1
13/10/2011;06:06:00;68;sem vítima;33;BR-381/SP;Norte;Choque - Defensa, barreira ou "submarino";1;1;;;;;1
13/10/2011;08:22:00;131;sem vítima;58,70000076293945;BR-381/SP;Sul;Engavetamento;1;3;;;;;1
13/10/2011;14:27:00;298;com vítima;524,2999877929688;BR-381/MG;Sul;Choque - Defensa, barreira ou "submarino";1;0;1;;;;1
13/10/2011;03:54:00;42;sem vítima;765;BR-381/MG;Sul;Atropelamento de Animal;1;1;;;;;1
14/10/2011;18:29:00;444;sem vítima;477,29998779296875;BR-381/MG;Sul;Colisão Traseira;1;2;;;;;1
14/10/2011;00:56:00;25;sem vítima;508,5;BR-381/MG;Norte;Atropelamento de Animal;1;1;;;;;1
14/10/2011;21:13:00;494;sem vítima;559,7000122070312;BR-381/MG;Norte;Colisão Traseira;1;2;;;;;1
14/10/2011;07:34:00;129;sem vítima;582,5999755859375;BR-381/MG;Norte;Choque - Elemento de Drenagem;1;1;;;;;1
14/10/2011;16:48:00;396;sem vítima;597,7000122070312;BR-381/MG;Norte;Colisão Traseira;1;2;;;;;1
14/10/2011;07:27:00;124;sem vítima;654;BR-381/MG;Sul;Colisão Lateral;1;2;;;;;1
14/10/2011;07:05:00;111;sem vítima;666,0999755859375;BR-381/MG;Sul;Choque - Elemento de Drenagem;1;1;;;;;1
14/10/2011;16:40:00;389;com vítima;694,5;BR-381/MG;Norte;Colisão Frontal;1;1;2;2;;;2
14/10/2011;02:19:00;44;sem vítima;700;BR-381/MG;Norte;Choque - Defensa, barreira ou "submarino";1;1;;;;;1
14/10/2011;18:29:00;445;com vítima;804;BR-381/MG;Norte;Outros - Sequência;1;1;3;;;;1
14/10/2011;04:43:00;67;sem vítima;805;BR-381/MG;Norte;Choque - Defensa, barreira ou "submarino";1;1;;;;;1
14/10/2011;10:06:00;215;com vítima;874;BR-381/MG;Sul;Choque - Defensa, barreira ou "submarino";1;0;;;1;;2
14/10/2011;07:59:00;144;sem vítima;889;BR-381/MG;Norte;Colisão Lateral;1;2;;;;;1
14/10/2011;08:50:00;170;sem vítima;949,5;BR-381/MG;Sul;Tombamento;1;1;;;;;1
15/10/2011;21:27:00;422;sem vítima;3,799999952316284;BR-381/SP;Norte;Choque - Elemento de Drenagem;1;1;;;;;1
15/10/2011;06:42:00;105;sem vítima;33;BR-381/SP;Norte;Colisão Lateral;1;2;;;;;1
15/10/2011;10:14:00;194;sem vítima;482,1000061035156;BR-381/MG;Sul;Colisão Lateral;1;2;;;;;1
15/10/2011;10:59:00;209;com vítima;483,5;BR-381/MG;Sul;Outros - Sequência;1;0;1;;;;1
15/10/2011;06:53:00;111;com vítima;484,8999938964844;BR-381/MG;Sul;Colisão Traseira;1;1;1;1;;;2
15/10/2011;07:11:00;122;sem vítima;525;BR-381/MG;Norte;Colisão Traseira;2;2;;;;;1
15/10/2011;01:59:00;40;com vítima;557,9000244140625;BR-381/MG;Sul;Colisão Traseira;1;26;13;3;1;1;3
15/10/2011;17:12:00;340;com vítima;666;BR-381/MG;Sul;Outros - Sequência;1;0;1;;;;1
15/10/2011;01:40:00;36;com vítima;692,5999755859375;BR-381/MG;Sul;Tombamento;1;0;;;1;;2
15/10/2011;09:25:00;175;sem vítima;805;BR-381/MG;Norte;Choque - Suporte de Sinalização;1;2;;;;;1
15/10/2011;23:08:00;451;sem vítima;889;BR-381/MG;Sul;Colisão Lateral;1;2;;;;;1
15/10/2011;00:45:00;21;com vítima;924,4000244140625;BR-381/MG;Sul;Outros - Sequência;2;2;1;2;;;2
16/10/2011;17:48:00;405;sem vítima;34,5;BR-381/SP;Sul;Colisão Lateral;1;2;;;;;1
16/10/2011;10:27:00;180;sem vítima;69,80000305175781;BR-381/SP;Sul;Choque - Defensa, barreira ou "submarino";1;1;;;;;1
16/10/2011;02:39:00;30;com vítima;540;BR-381/MG;Norte;Colisão Traseira;1;1;1;;;;1
16/10/2011;05:12:00;49;com vítima;576;BR-381/MG;Norte;Colisão Traseira;1;2;1;;;;1
16/10/2011;16:26:00;349;com vítima;658;BR-381/MG;Sul;Colisão Traseira;1;3;2;;;;1
16/10/2011;22:13:00;532;com vítima;767,0999755859375;BR-381/MG;Sul;Outros - Sequência;1;0;;1;;1;3
16/10/2011;16:37:00;354;sem vítima;925;BR-381/MG;Norte;Outros - Sequência;1;2;;;;;1
16/10/2011;23:08:00;556;com vítima;946,5;BR-381/MG;Sul;Outros - Sequência;1;1;1;;;1;3
17/10/2011;05:59:00;60;sem vítima;491,79998779296875;BR-381/MG;Norte;Engavetamento;1;3;;;;;1
17/10/2011;23:40:00;536;com vítima;799;BR-381/MG;Sul;Tombamento;1;0;1;;;;1
18/10/2011;22:22:00;475;sem vítima;27;BR-381/SP;Norte;Colisão Lateral;1;2;;;;;1
18/10/2011;23:51:00;500;com vítima;86;BR-381/SP;Norte;Colisão Lateral;1;1;;1;;;2
18/10/2011;10:21:00;212;sem vítima;484;BR-381/MG;Sul;Colisão Traseira;2;2;;;;;1
18/10/2011;13:44:00;299;sem vítima;488;BR-381/MG;Sul;Colisão Lateral;2;2;;;;;1
18/10/2011;16:26:00;365;sem vítima;493,79998779296875;BR-381/MG;Sul;Colisão Traseira;1;2;;;;;1
18/10/2011;10:21:00;211;com vítima;548;BR-381/MG;Norte;Outros - Sequência;1;1;1;;;;1
18/10/2011;00:44:00;13;com vítima;601,0999755859375;BR-381/MG;Sul;Colisão Traseira;2;1;1;;;;1
18/10/2011;08:05:00;124;sem vítima;645,5;BR-381/MG;Sul;Tombamento;1;1;;;;;1
18/10/2011;18:46:00;425;com vítima;792;BR-381/MG;Sul;Tombamento;1;0;;;;1;3
18/10/2011;15:51:00;351;sem vítima;901,4000244140625;BR-381/MG;Norte;Engavetamento;3;8;;;;;1
18/10/2011;00:26:00;9;sem vítima;907,2999877929688;BR-381/MG;Norte;Tombamento;1;1;;;;;1
19/10/2011;18:53:00;478;com vítima;0,800000011920929;BR-381/SP;Sul;Colisão Traseira;1;1;;1;;;2
19/10/2011;13:15:00;297;sem vítima;52;BR-381/SP;Sul;Colisão Traseira;2;2;;;;;1
19/10/2011;04:48:00;67;sem vítima;71,80000305175781;BR-381/SP;Norte;Colisão Lateral;2;2;;;;;1
19/10/2011;08:39:00;159;sem vítima;491,5;BR-381/MG;Norte;Colisão Lateral;1;2;;;;;1
19/10/2011;07:44:00;131;sem vítima;525,5;BR-381/MG;Norte;Colisão Lateral;1;2;;;;;1
19/10/2011;01:33:00;35;sem vítima;593,9000244140625;BR-381/MG;Norte;Tombamento;1;2;;;;;1
19/10/2011;16:55:00;418;sem vítima;597,7000122070312;BR-381/MG;Norte;Colisão Traseira;1;3;;;;;1
19/10/2011;14:32:00;327;sem vítima;740,0999755859375;BR-381/MG;Norte;Colisão Traseira;2;2;;;;;1
19/10/2011;23:57:00;579;com vítima;746;BR-381/MG;Norte;Outros - Sequência;1;1;1;3;;;2
19/10/2011;05:30:00;79;com vítima;894,2999877929688;BR-381/MG;Sul;Choque - Talude;1;1;1;1;;;2
19/10/2011;11:48:00;271;sem vítima;924;BR-381/MG;Sul;Outros - Sequência;1;3;;;;;1
20/10/2011;16:54:00;450;sem vítima;482,6000061035156;BR-381/MG;Norte;Colisão Traseira;1;2;;;;;1
20/10/2011;14:44:00;361;sem vítima;496,20001220703125;BR-381/MG;Norte;Colisão Lateral;1;2;;;;;1
20/10/2011;14:19:00;345;com vítima;502,20001220703125;BR-381/MG;Norte;Choque - Defensa, barreira ou "submarino";1;0;1;;;;1
20/10/2011;11:05:00;274;sem vítima;506,1000061035156;BR-381/MG;Norte;Colisão Traseira;2;2;;;;;1
20/10/2011;13:50:00;336;sem vítima;516,5999755859375;BR-381/MG;Sul;Choque - Defensa, barreira ou "submarino";1;1;;;;;1
20/10/2011;11:16:00;279;com vítima;597,0999755859375;BR-381/MG;Norte;Colisão Traseira;1;1;1;;;;1
20/10/2011;06:18:00;97;sem vítima;597,5999755859375;BR-381/MG;Norte;Colisão Traseira;1;2;;;;;1
20/10/2011;23:19:00;596;sem vítima;642,2000122070312;BR-381/MG;Sul;Engavetamento;4;4;;;;;1
20/10/2011;02:50:00;54;com vítima;823;BR-381/MG;Norte;Outros - Sequência;1;0;1;;;3;3
20/10/2011;15:00:00;380;com vítima;842;BR-381/MG;Sul;Colisão Traseira;1;1;1;;;;1
20/10/2011;12:20:00;303;com vítima;842,0999755859375;BR-381/MG;Norte;Colisão Traseira;1;1;1;;;;1
20/10/2011;01:22:00;34;sem vítima;864;BR-381/MG;Sul;Outros - Sequência;1;3;;;;;1
20/10/2011;18:31:00;489;sem vítima;901,5;BR-381/MG;Norte;Colisão Traseira;2;2;;;;;1
21/10/2011;18:14:00;464;com vítima;38,5;BR-381/SP;Sul;Colisão Traseira;1;1;1;;;;1
21/10/2011;00:49:00;21;sem vítima;42;BR-381/SP;Sul;Colisão Traseira;1;2;;;;;1
21/10/2011;19:34:00;496;sem vítima;495,5;BR-381/MG;Sul;Outros - Sequência;1;3;;;;;1
21/10/2011;06:25:00;101;com vítima;773,2999877929688;BR-381/MG;Sul;Outros - Sequência;1;1;;1;;;2
21/10/2011;07:44:00;134;sem vítima;832;BR-381/MG;Norte;Colisão Traseira;1;2;;;;;1
21/10/2011;01:06:00;30;sem vítima;907,4000244140625;BR-381/MG;Norte;Tombamento;1;1;;;;;1
21/10/2011;05:29:00;88;sem vítima;942,5;BR-381/MG;Sul;Colisão Traseira;2;2;;;;;1
22/10/2011;18:11:00;385;sem vítima;491,5;BR-381/MG;Norte;Colisão Traseira;1;2;;;;;1
22/10/2011;02:30:00;41;sem vítima;493,79998779296875;BR-381/MG;Norte;Tombamento;1;1;;;;;1
22/10/2011;18:22:00;388;sem vítima;494,5;BR-381/MG;Norte;Colisão Lateral;1;2;;;;;1
22/10/2011;09:58:00;190;sem vítima;495;BR-381/MG;Sul;Engavetamento;2;3;;;;;1
22/10/2011;04:35:00;62;sem vítima;507;BR-381/MG;Norte;Colisão Traseira;1;2;;;;;1
22/10/2011;09:38:00;182;com vítima;586,5999755859375;BR-381/MG;Norte;Colisão Traseira;1;1;2;;;;1
22/10/2011;07:01:00;102;sem vítima;720,7999877929688;BR-381/MG;Norte;Tombamento;1;1;;;;;1
22/10/2011;23:54:00;464;sem vítima;935,2000122070312;BR-381/MG;Norte;Colisão Lateral;1;4;;;;;1
22/10/2011;05:19:00;69;sem vítima;942;BR-381/MG;Norte;Saida de Pista;1;1;;;;;1
23/10/2011;13:50:00;248;com vítima;68;BR-381/SP;Norte;Choque - Defensa, barreira ou "submarino";1;0;1;;;;1
23/10/2011;11:05:00;189;sem vítima;489;BR-381/MG;Sul;Colisão Lateral;1;2;;;;;1
23/10/2011;18:30:00;387;sem vítima;497,79998779296875;BR-381/MG;Norte;Colisão Traseira;1;2;;;;;1
23/10/2011;15:48:00;312;com vítima;616;BR-381/MG;Sul;Outros - Sequência;1;2;;1;;1;3
24/10/2011;00:23:00;13;com vítima;47,79999923706055;BR-381/SP;Sul;Atropelamento de Animal;1;2;;1;;;2
24/10/2011;06:02:00;74;sem vítima;70,19999694824219;BR-381/SP;Norte;Choque - Defensa, barreira ou "submarino";1;1;;;;;1
24/10/2011;17:42:00;444;com vítima;479,29998779296875;BR-381/MG;Sul;Colisão Traseira;1;1;;;1;;2
24/10/2011;18:40:00;461;sem vítima;479,29998779296875;BR-381/MG;Sul;Colisão Traseira;1;2;;;;;1
24/10/2011;11:43:00;288;sem vítima;482;BR-381/MG;Sul;Colisão Lateral;1;2;;;;;1
24/10/2011;19:43:00;480;com vítima;491,29998779296875;BR-381/MG;Sul;Colisão Traseira;1;1;1;;;;1
24/10/2011;07:59:00;139;sem vítima;495,5;BR-381/MG;Norte;Colisão Lateral;1;2;;;;;1
24/10/2011;10:39:00;255;com vítima;496;BR-381/MG;Norte;Atropelamento - Outros;1;0;;2;;;2
24/10/2011;08:50:00;180;sem vítima;597;BR-381/MG;Norte;Colisão Traseira;2;2;;;;;1
24/10/2011;00:02:00;10;com vítima;749,5;BR-381/MG;Norte;Colisão Traseira;2;1;1;;;;1
24/10/2011;00:45:00;19;com vítima;829,7999877929688;BR-381/MG;Norte;Tombamento;1;0;;1;;;2
25/10/2011;04:14:00;68;sem vítima;49,5;BR-381/SP;Sul;Colisão Traseira;2;2;;;;;1
25/10/2011;13:18:00;342;sem vítima;481,5;BR-381/MG;Norte;Colisão Traseira;1;2;;;;;1
25/10/2011;23:13:00;576;com vítima;483;BR-381/MG;Sul;Outros - Sequência;1;1;;;1;1;3