data;horario;n_da_ocorrencia;tipo_de_ocorrencia;km;trecho;sentido;tipo_de_acidente;caminhao;ilesos;levemente_feridos;moderadamente_feridos;gravemente_feridos;mortos;3
21/11/2011;17:42:00;371;sem vítima;516,2;BR-381/MG;Norte;Colisão Traseira;2;2;;;;;1
21/11/2011;22:55:00;470;sem vítima;542;BR-381/MG;Sul;Outros - Sequência;1;2;;;;;1
21/11/2011;18:04:00;383;com vítima;721,3;BR-381/MG;Norte;Tombamento;1;0;1;;;;1
21/11/2011;21:21:00;450;sem vítima;760;BR-381/MG;Sul;Outros;1;1;;;;;1
22/11/2011;05:35:00;78;com vítima;29;BR-381/SP;Norte;Colisão Traseira;2;1;;1;;;2
22/11/2011;18:30:00;399;sem vítima;63,5;BR-381/SP;Sul;Tombamento;1;1;;;;;1
22/11/2011;19:03:00;413;sem vítima;67,5;BR-381/SP;Sul;Colisão Traseira;1;2;;;;;1
22/11/2011;19:05:00;414;com vítima;71;BR-381/SP;Norte;Outros - Sequência;2;3;1;;;;1
22/11/2011;07:33:00;107;sem vítima;480,9;BR-381/MG;Norte;Colisão Lateral;1;2;;;;;1
22/11/2011;03:10:00;45;sem vítima;530,8;BR-381/MG;Norte;Outros - Sequência;1;2;;;;;1
22/11/2011;10:26:00;190;sem vítima;564;BR-381/MG;Sul;Outros - Sequência;1;1;;;;;1
22/11/2011;20:35:00;445;com vítima;681;BR-381/MG;Sul;Queda de Moto;1;2;1;;;;1
22/11/2011;00:58:00;24;sem vítima;701,4;BR-381/MG;Norte;Colisão Traseira;1;2;;;;;1
22/11/2011;16:14:00;337;sem vítima;801,5;BR-381/MG;Sul;Choque - Talude;1;2;;;;;1
22/11/2011;21:27:00;461;sem vítima;866;BR-381/MG;Sul;Saida de Pista;1;1;;;;;1
22/11/2011;04:52:00;70;sem vítima;872,6;BR-381/MG;Norte;Choque - Outros;1;1;;;;;1
22/11/2011;08:40:00;140;sem vítima;907,9;BR-381/MG;Norte;Choque - Elemento de Drenagem;1;1;;;;;1
22/11/2011;22:55:00;492;sem vítima;908,7;BR-381/MG;Norte;Choque - Defensa, barreira ou "submarino";1;1;;;;;1
22/11/2011;09:19:00;165;sem vítima;909,9;BR-381/MG;Norte;Choque - Defensa, barreira ou "submarino";1;1;;;;;1
22/11/2011;02:07:00;37;com vítima;923,7;BR-381/MG;Sul;Tombamento;1;0;;;;1;3
23/11/2011;04:50:00;69;sem vítima;16;BR-381/SP;Sul;Colisão Traseira;2;2;;;;;1
23/11/2011;17:20:00;394;sem vítima;66,3;BR-381/SP;Norte;Colisão Traseira;1;2;;;;;1
23/11/2011;11:57:00;239;com vítima;506,2;BR-381/MG;Sul;Colisão Traseira;2;1;;1;;;2
23/11/2011;15:55:00;354;com vítima;526,1;BR-381/MG;Sul;Tombamento;1;0;1;;;;1
23/11/2011;01:14:00;39;com vítima;547;BR-381/MG;Sul;Choque - Objeto sobre a pista;1;38;1;;;;1
23/11/2011;15:25:00;343;sem vítima;582;BR-381/MG;Norte;Saida de Pista;1;1;;;;;1
23/11/2011;14:12:00;295;com vítima;584,5;BR-381/MG;Sul;Tombamento;1;0;1;;;;1
23/11/2011;04:31:00;67;sem vítima;671;BR-381/MG;Sul;Saida de Pista;1;1;;;;;1
23/11/2011;21:27:00;498;sem vítima;806,4;BR-381/MG;Norte;Outros - Sequência;1;1;;;;;1
24/11/2011;18:43:00;451;sem vítima;500,5;BR-381/MG;Norte;Colisão Traseira;2;2;;;;;1
24/11/2011;07:49:00;118;sem vítima;541;BR-381/MG;Norte;Colisão Lateral;3;3;;;;;1
24/11/2011;21:08:00;528;sem vítima;564,1;BR-381/MG;Sul;Choque - Elemento de Drenagem;1;1;;;;;1
24/11/2011;08:46:00;150;sem vítima;855;BR-381/MG;Norte;Colisão Traseira;1;2;;;;;1
24/11/2011;22:14:00;546;com vítima;905;BR-381/MG;Norte;Outros - Sequência;1;0;;1;1;;2
24/11/2011;20:41:00;520;sem vítima;925,5;BR-381/MG;Sul;Choque - Defensa, barreira ou "submarino";1;1;;;;;1
25/11/2011;10:05:00;206;sem vítima;2;BR-381/SP;Sul;Colisão Traseira;2;2;;;;;1
25/11/2011;18:15:00;502;sem vítima;18,2;BR-381/SP;Norte;Choque - Suporte de Sinalização;1;1;;;;;1
25/11/2011;07:18:00;112;com vítima;35;BR-381/SP;Sul;Colisão Traseira;1;1;1;;;;1
25/11/2011;10:16:00;212;sem vítima;90;BR-381/SP;Norte;Colisão Traseira;1;2;;;;;1
25/11/2011;22:58:00;637;sem vítima;480,8;BR-381/MG;Sul;Outros - Sequência;1;3;;;;;1
25/11/2011;19:20:00;545;sem vítima;480,9;BR-381/MG;Sul;Engavetamento;2;3;;;;;1
25/11/2011;17:20:00;464;com vítima;483,1;BR-381/MG;Sul;Colisão Traseira;1;3;2;;;;1
25/11/2011;08:24:00;142;sem vítima;496,8;BR-381/MG;Sul;Colisão Traseira;2;2;;;;;1
25/11/2011;09:28:00;178;sem vítima;756,2;BR-381/MG;Norte;Colisão Traseira;1;2;;;;;1
26/11/2011;16:08:00;392;sem vítima;65;BR-381/SP;Norte;Colisão Traseira;1;2;;;;;1
26/11/2011;13:33:00;328;com vítima;73,2;BR-381/SP;Norte;Capotamento;1;1;;1;;;2
26/11/2011;22:32:00;539;sem vítima;508,8;BR-381/MG;Sul;Colisão Lateral;1;2;;;;;1
26/11/2011;12:17:00;287;com vítima;511,8;BR-381/MG;Sul;Outros - Sequência;1;3;2;;;;1
26/11/2011;09:27:00;183;sem vítima;535;BR-381/MG;Norte;Colisão Lateral;1;2;;;;;1
26/11/2011;00:33:00;20;sem vítima;537,9;BR-381/MG;Norte;Choque - Elemento de Drenagem;1;1;;;;;1
26/11/2011;13:32:00;326;sem vítima;548;BR-381/MG;Norte;Tombamento;1;1;;;;;1
26/11/2011;08:34:00;158;sem vítima;562,3;BR-381/MG;Norte;Tombamento;1;1;;;;;1
26/11/2011;08:38:00;159;sem vítima;596,4;BR-381/MG;Norte;Outros - Sequência;2;2;;;;;1
26/11/2011;15:09:00;368;sem vítima;605;BR-381/MG;Sul;Choque - Defensa, barreira ou "submarino";1;1;;;;;1
26/11/2011;04:13:00;59;com vítima;732;BR-381/MG;Sul;Tombamento;1;0;1;;;;1
26/11/2011;17:00:00;423;com vítima;735;BR-381/MG;Norte;Outros - Sequência;2;0;1;1;;;2
27/11/2011;10:03:00;184;sem vítima;484,5;BR-381/MG;Norte;Outros;1;1;;;;;1
27/11/2011;20:18:00;439;sem vítima;493,7;BR-381/MG;Sul;Outros - Sequência;1;2;;;;;1
27/11/2011;09:32:00;165;com vítima;532;BR-381/MG;Norte;Tombamento;1;0;1;;;;1
27/11/2011;13:32:00;251;sem vítima;546;BR-381/MG;Norte;Colisão Lateral;1;2;;;;;1
27/11/2011;17:30:00;363;com vítima;688,2;BR-381/MG;Sul;Tombamento;1;0;1;;;;1
27/11/2011;23:50:00;506;sem vítima;724,5;BR-381/MG;Sul;Saida de Pista;1;1;;;;;1
27/11/2011;20:41:00;450;sem vítima;768,1;BR-381/MG;Norte;Tombamento;1;1;;;;;1
27/11/2011;03:37:00;46;com vítima;835,1;BR-381/MG;Norte;Tombamento;1;0;1;;;;1
27/11/2011;12:26:00;231;sem vítima;848,8;BR-381/MG;Sul;Colisão Lateral;1;2;;;;;1
27/11/2011;11:54:00;224;com vítima;849;BR-381/MG;Norte;Tombamento;1;0;1;;;;1
28/11/2011;07:55:00;128;sem vítima;478,5;BR-381/MG;Norte;Colisão Traseira;1;2;;;;;1
28/11/2011;10:19:00;212;sem vítima;479,5;BR-381/MG;Norte;Colisão Traseira;1;2;;;;;1
28/11/2011;19:20:00;500;sem vítima;483;BR-381/MG;Sul;Colisão Traseira;1;2;;;;;1
28/11/2011;18:16:00;439;sem vítima;564,5;BR-381/MG;Norte;Colisão Traseira;2;2;;;;;1
28/11/2011;15:12:00;332;sem vítima;658;BR-381/MG;Norte;Colisão Lateral;1;2;;;;;1
28/11/2011;01:14:00;32;sem vítima;716,8;BR-381/MG;Norte;Colisão Traseira;1;3;;;;;1
28/11/2011;03:37:00;55;com vítima;920,1;BR-381/MG;Sul;Outros - Sequência;1;0;;2;;;2
29/11/2011;18:13:00;377;sem vítima;86,5;BR-381/SP;Sul;Engavetamento;1;7;;;;;1
29/11/2011;11:05:00;189;sem vítima;478;BR-381/MG;Norte;Engavetamento;1;3;;;;;1
29/11/2011;08:23:00;111;sem vítima;482;BR-381/MG;Sul;Colisão Traseira;1;2;;;;;1
29/11/2011;05:15:00;59;sem vítima;491;BR-381/MG;Norte;Outros - Sequência;1;2;;;;;1
29/11/2011;14:54:00;286;sem vítima;494,2;BR-381/MG;Norte;Colisão Lateral;1;14;;;;;1
29/11/2011;16:40:00;342;sem vítima;498;BR-381/MG;Sul;Colisão Traseira;1;2;;;;;1
29/11/2011;16:07:00;325;sem vítima;498,8;BR-381/MG;Sul;Colisão Lateral;1;2;;;;;1
29/11/2011;14:35:00;272;com vítima;503,5;BR-381/MG;Sul;Colisão Traseira;1;1;1;;;;1
29/11/2011;20:46:00;437;sem vítima;519,7;BR-381/MG;Sul;Outros - Sequência;1;6;;;;;1
29/11/2011;06:25:00;73;com vítima;622;BR-381/MG;Norte;Tombamento;1;0;1;;;;1
29/11/2011;22:43:00;476;sem vítima;675,3;BR-381/MG;Sul;Colisão Traseira;2;2;;;;;1
29/11/2011;23:02:00;485;sem vítima;735;BR-381/MG;Norte;Colisão Traseira;2;2;;;;;1
29/11/2011;09:33:00;147;sem vítima;867;BR-381/MG;Norte;Choque - Arvore;1;1;;;;;1
29/11/2011;22:18:00;466;sem vítima;900,5;BR-381/MG;Norte;Colisão Lateral;2;2;;;;;1
29/11/2011;16:55:00;346;sem vítima;900,88;BR-381/MG;Norte;Choque - Defensa, barreira ou "submarino";1;1;;;;;1
30/11/2011;14:08:00;254;com vítima;40;BR-381/SP;Norte;Outros - Sequência;1;1;3;1;;;2
30/11/2011;16:17:00;328;com vítima;47,8;BR-381/SP;Norte;Outros - Sequência;1;1;1;;;;1
30/11/2011;20:00:00;432;sem vítima;75;BR-381/SP;Norte;Engavetamento;2;3;;;;;1
30/11/2011;08:17:00;107;sem vítima;89,7;BR-381/SP;Sul;Outros - Sequência;1;3;;;;;1
30/11/2011;14:19:00;257;sem vítima;510;BR-381/MG;Sul;Colisão Traseira;2;2;;;;;1
30/11/2011;07:26:00;88;sem vítima;523;BR-381/MG;Norte;Colisão Traseira;2;2;;;;;1
30/11/2011;21:01:00;452;com vítima;654;BR-381/MG;Norte;Outros - Sequência;1;2;1;;;;1
30/11/2011;03:29:00;44;sem vítima;701;BR-381/MG;Sul;Outros - Sequência;1;2;;;;;1
30/11/2011;06:02:00;61;com vítima;820;BR-381/MG;Norte;Choque - Elemento de Drenagem;1;0;1;;;;1
30/11/2011;15:12:00;293;sem vítima;876;BR-381/MG;Norte;Choque - Defensa, barreira ou "submarino";1;1;;;;;1
01/12/2011;16:07:00;397;sem vítima;21,5;BR-381/SP;Sul;Colisão Traseira;1;2;;;;;1
01/12/2011;06:47:00;108;sem vítima;478;BR-381/MG;Sul;Colisão Traseira;1;2;;;;;1
01/12/2011;12:38:00;292;sem vítima;478,5;BR-381/MG;Norte;Colisão Traseira;1;2;;;;;1
01/12/2011;18:29:00;466;sem vítima;481;BR-381/MG;Norte;Outros - Sequência;1;3;;;;;1
01/12/2011;10:07:00;214;sem vítima;508;BR-381/MG;Sul;Colisão Traseira;1;2;;;;;1
01/12/2011;13:54:00;319;com vítima;533,4;BR-381/MG;Sul;Outros - Sequência;1;1;1;;;;1
01/12/2011;05:30:00;84;sem vítima;568,4;BR-381/MG;Norte;Choque - Talude;1;1;;;;;1
01/12/2011;21:49:00;531;sem vítima;695,7;BR-381/MG;Sul;Saida de Pista;1;1;;;;;1
01/12/2011;21:39:00;530;sem vítima;728;BR-381/MG;Norte;Outros - Sequência;1;1;;;;;1
01/12/2011;06:24:00;97;com vítima;857,5;BR-381/MG;Norte;Capotamento;1;0;1;;;;1
01/12/2011;12:18:00;286;sem vítima;903,2;BR-381/MG;Norte;Choque - Suporte de Sinalização;1;1;;;;;1
02/12/2011;17:32:00;443;com vítima;9,2;BR-381/SP;Norte;Colisão Traseira;2;1;1;;;;1
02/12/2011;12:26:00;285;sem vítima;68;BR-381/SP;Norte;Tombamento;1;1;;;;;1
02/12/2011;18:59:00;492;sem vítima;481,3;BR-381/MG;Norte;Colisão Lateral;1;2;;;;;1
02/12/2011;18:22:00;475;com vítima;510;BR-381/MG;Norte;Outros - Sequência;1;1;3;1;;1;3
02/12/2011;13:39:00;314;sem vítima;557;BR-381/MG;Sul;Choque - Veiculo parado no acostamento;1;2;;;;;1
02/12/2011;18:39:00;482;com vítima;837,7;BR-381/MG;Sul;Outros - Sequência;3;2;2;;;;1
02/12/2011;02:56:00;59;sem vítima;900,88;BR-381/MG;Sul;Colisão Traseira;2;2;;;;;1
02/12/2011;17:36:00;447;sem vítima;906,3;BR-381/MG;Norte;Choque - Talude;1;1;;;;;1
03/12/2011;13:44:00;306;sem vítima;16;BR-381/SP;Sul;Choque - Elemento de Drenagem;1;1;;;;;1
03/12/2011;07:58:00;135;com vítima;17;BR-381/SP;Norte;Outros - Sequência;1;2;3;;;;1
03/12/2011;00:07:00;9;sem vítima;58;BR-381/SP;Norte;Engavetamento;4;9;;;;;1
03/12/2011;05:07:00;60;sem vítima;491;BR-381/MG;Norte;Colisão Lateral;1;2;;;;;1
03/12/2011;22:49:00;541;com vítima;494;BR-381/MG;Sul;Colisão Lateral;1;1;1;;;;1
03/12/2011;00:38:00;15;sem vítima;540;BR-381/MG;Sul;Colisão Traseira;2;2;;;;;1
03/12/2011;22:40:00;537;sem vítima;587;BR-381/MG;Norte;Atropelamento de Animal;1;1;;;;;1
03/12/2011;05:39:00;67;com vítima;711;BR-381/MG;Sul;Colisão Lateral;2;0;2;;;;1
03/12/2011;05:52:00;89;sem vítima;711;BR-381/MG;Sul;Engavetamento;3;3;;;;;1
03/12/2011;20:28:00;503;sem vítima;882;BR-381/MG;Sul;Tombamento;1;1;;;;;1
03/12/2011;03:05:00;42;sem vítima;915,6;BR-381/MG;Sul;Outros - Sequência;1;2;;;;;1
04/12/2011;17:51:00;404;com vítima;496,2;BR-381/MG;Norte;Colisão Traseira;1;1;1;;;;1
04/12/2011;22:52:00;532;sem vítima;511,5;BR-381/MG;Norte;Outros - Sequência;2;2;;;;;1
04/12/2011;22:13:00;522;com vítima;512;BR-381/MG;Norte;Atropelamento - Morador;1;1;;;;1;3
04/12/2011;21:43:00;510;sem vítima;525;BR-381/MG;Sul;Choque - Talude;1;1;;;;;1
04/12/2011;21:08:00;494;com vítima;589;BR-381/MG;Sul;Atropelamento - Morador;1;1;;;;1;3
04/12/2011;11:13:00;215;com vítima;661;BR-381/MG;Norte;Choque - Elemento de Drenagem;1;0;1;;;;1
04/12/2011;17:01:00;373;sem vítima;839;BR-381/MG;Sul;Colisão Lateral;1;3;;;;;1
04/12/2011;06:34:00;88;com vítima;897,5;BR-381/MG;Sul;Colisão Lateral;1;1;2;;;;1
05/12/2011;08:45:00;131;sem vítima;59,5;BR-381/SP;Sul;Tombamento;1;2;;;;;1
05/12/2011;12:50:00;254;sem vítima;62;BR-381/SP;Sul;Colisão Lateral;1;3;;;;;1
05/12/2011;23:40:00;527;com vítima;494,2;BR-381/MG;Sul;Colisão Lateral;1;3;2;;;;1
05/12/2011;04:57:00;54;sem vítima;505,8;BR-381/MG;Norte;Colisão Traseira;1;4;;;;;1
05/12/2011;09:18:00;153;sem vítima;560;BR-381/MG;Norte;Tombamento;1;1;;;;;1
05/12/2011;05:13:00;57;com vítima;733,9;BR-381/MG;Sul;Colisão Lateral;1;1;;1;;;2
05/12/2011;19:02:00;438;sem vítima;756;BR-381/MG;Sul;Outros - Sequência;1;1;;;;;1
05/12/2011;13:20:00;267;sem vítima;876,8;BR-381/MG;Sul;Choque - Defensa, barreira ou "submarino";1;1;;;;;1
06/12/2011;20:07:00;502;sem vítima;60;BR-381/SP;Norte;Colisão Traseira;1;2;;;;;1
06/12/2011;21:26:00;527;sem vítima;86;BR-381/SP;Norte;Outros;1;1;;;;;1
06/12/2011;12:51:00;281;sem vítima;482;BR-381/MG;Norte;Colisão Lateral;1;2;;;;;1
06/12/2011;07:57:00;122;sem vítima;483;BR-381/MG;Sul;Colisão Lateral;1;2;;;;;1
06/12/2011;15:21:00;351;sem vítima;488,3;BR-381/MG;Sul;Colisão Frontal;1;2;;;;;1
06/12/2011;07:16:00;98;sem vítima;506,6;BR-381/MG;Norte;Colisão Traseira;2;2;;;;;1
06/12/2011;08:26:00;141;sem vítima;508;BR-381/MG;Norte;;1;1;;;;;1
06/12/2011;11:43:00;253;com vítima;512;BR-381/MG;Norte;Colisão Lateral;1;1;1;;;;1
06/12/2011;14:22:00;316;com vítima;516,1;BR-381/MG;Norte;Colisão Traseira;1;3;1;;;;1
06/12/2011;23:21:00;566;sem vítima;690;BR-381/MG;Norte;Outros - Sequência;1;1;;;;;1
06/12/2011;19:08:00;471;com vítima;712;BR-381/MG;Sul;Colisão Traseira;1;1;1;;;;1
06/12/2011;03:03:00;45;sem vítima;743,5;BR-381/MG;Sul;Outros - Sequência;2;2;;;;;1
06/12/2011;22:52:00;552;sem vítima;753,5;BR-381/MG;Norte;Outros - Sequência;1;1;;;;;1
06/12/2011;04:25:00;56;com vítima;836;BR-381/MG;Sul;Colisão Traseira;2;0;2;;;;1
06/12/2011;23:21:00;567;sem vítima;936;BR-381/MG;Norte;Colisão Traseira;2;2;;;;;1
06/12/2011;18:10:00;444;sem vítima;947;BR-381/MG;Norte;Colisão Traseira;2;2;;;;;1
07/12/2011;16:47:00;381;sem vítima;9;BR-381/SP;Norte;Colisão Traseira;2;2;;;;;1
07/12/2011;23:11:00;517;sem vítima;26,1;BR-381/SP;Sul;Saida de Pista;1;1;;;;;1
07/12/2011;12:02:00;241;sem vítima;65,7;BR-381/SP;Norte;Colisão Traseira;1;2;;;;;1
07/12/2011;00:32:00;6;com vítima;67,4;BR-381/SP;Norte;Colisão Traseira;1;1;1;;;;1
07/12/2011;08:14:00;132;sem vítima;90;BR-381/SP;Sul;Colisão Traseira;1;2;;;;;1
07/12/2011;19:27:00;448;sem vítima;482,5;BR-381/MG;Sul;Colisão Traseira;2;2;;;;;1
07/12/2011;17:02:00;389;sem vítima;492,9;BR-381/MG;Sul;Outros - Sequência;1;1;;;;;1
07/12/2011;05:11:00;58;sem vítima;515;BR-381/MG;Norte;Engavetamento;4;4;;;;;1
07/12/2011;13:06:00;263;sem vítima;562;BR-381/MG;Sul;Tombamento;1;1;;;;;1
07/12/2011;07:20:00;101;com vítima;576,9;BR-381/MG;Norte;Choque - Defensa, barreira ou "submarino";1;0;1;;;;1
07/12/2011;03:37:00;36;sem vítima;616;BR-381/MG;Norte;Outros - Sequência;1;1;;;;;1
07/12/2011;08:00:00;121;sem vítima;829,1;BR-381/MG;Sul;Choque - Defensa, barreira ou "submarino";1;1;;;;;1
07/12/2011;06:59:00;88;sem vítima;897;BR-381/MG;Sul;Colisão Lateral;1;2;;;;;1
07/12/2011;13:24:00;267;sem vítima;946;BR-381/MG;Norte;Colisão Traseira;2;2;;;;;1
08/12/2011;16:02:00;347;sem vítima;73,9;BR-381/SP;Sul;Outros - Sequência;2;3;;;;;1
08/12/2011;11:48:00;235;com vítima;479,2;BR-381/MG;Norte;Colisão Traseira;1;1;1;;;;1
08/12/2011;17:27:00;393;sem vítima;497,2;BR-381/MG;Norte;Engavetamento;1;3;;;;;1
08/12/2011;18:42:00;437;com vítima;517,8;BR-381/MG;Norte;Choque - Defensa, barreira ou "submarino";1;0;1;;;;1
08/12/2011;20:49:00;486;sem vítima;530;BR-381/MG;Sul;Colisão Lateral;1;2;;;;;1
08/12/2011;16:10:00;355;com vítima;886;BR-381/MG;Norte;Colisão Lateral;1;5;1;;;;1
08/12/2011;16:15:00;356;sem vítima;886;BR-381/MG;Norte;Outros - Sequência;1;4;;;;;1
09/12/2011;23:40:00;573;sem vítima;82,8;BR-381/SP;Sul;Colisão Traseira;1;4;;;;;1
09/12/2011;23:00:00;547;sem vítima;485,1;BR-381/MG;Sul;Colisão Traseira;1;2;;;;;1
09/12/2011;14:18:00;295;sem vítima;490,8;BR-381/MG;Sul;Choque - Elemento de Drenagem;1;1;;;;;1
09/12/2011;13:01:00;260;sem vítima;555,9;BR-381/MG;Sul;Tombamento;1;1;;;;;1
09/12/2011;13:15:00;264;sem vítima;555,9;BR-381/MG;Sul;Outros - Sequência;3;4;;;;;1
09/12/2011;08:16:00;144;com vítima;596,9;BR-381/MG;Norte;Tombamento;1;0;1;;;1;3
09/12/2011;07:38:00;126;com vítima;626;BR-381/MG;Norte;Colisão Lateral;1;4;2;;;;1
09/12/2011;12:58:00;256;sem vítima;651;BR-381/MG;Sul;Choque - Elemento de Drenagem;1;1;;;;;1
09/12/2011;05:08:00;67;com vítima;652,4;BR-381/MG;Sul;Saida de Pista;1;0;1;;;;1
09/12/2011;22:59:00;546;com vítima;671,5;BR-381/MG;Sul;Choque - Defensa, barreira ou "submarino";1;0;1;;;;1
09/12/2011;00:56:00;25;sem vítima;701,1;BR-381/MG;Sul;Choque - Talude;1;1;;;;;1
09/12/2011;11:06:00;207;sem vítima;844,5;BR-381/MG;Sul;Atropelamento de Animal;1;1;;;;;1
09/12/2011;09:02:00;161;sem vítima;854,5;BR-381/MG;Sul;Colisão Traseira;1;2;;;;;1
09/12/2011;23:44:00;577;sem vítima;900,88;BR-381/MG;Norte;Colisão Lateral;1;2;;;;;1
09/12/2011;18:02:00;425;com vítima;908,3;BR-381/MG;Norte;Tombamento;1;0;;;1;;2
10/12/2011;21:41:00;460;sem vítima;46;BR-381/SP;Norte;Choque - Defensa, barreira ou "submarino";1;1;;;;;1
10/12/2011;10:51:00;215;sem vítima;482,4;BR-381/MG;Sul;Outros;1;1;;;;;1
10/12/2011;06:22:00;112;sem vítima;483,5;BR-381/MG;Sul;Engavetamento;2;5;;;;;1
10/12/2011;06:39:00;116;sem vítima;483,5;BR-381/MG;Sul;Colisão Traseira;1;2;;;;;1
10/12/2011;15:25:00;306;sem vítima;516,7;BR-381/MG;Norte;Colisão Lateral;1;2;;;;;1
10/12/2011;11:05:00;221;sem vítima;537;BR-381/MG;Norte;Colisão Traseira;1;3;;;;;1
10/12/2011;15:50:00;318;sem vítima;541;BR-381/MG;Norte;Outros - Sequência;1;1;;;;;1
10/12/2011;06:03:00;101;com vítima;726,8;BR-381/MG;Norte;Colisão Lateral;1;1;3;;1;;2
10/12/2011;09:30:00;188;sem vítima;730;BR-381/MG;Sul;Colisão Traseira;1;2;;;;;1
10/12/2011;07:22:00;141;sem vítima;921,3;BR-381/MG;Sul;Tombamento;1;1;;;;;1
11/12/2011;11:22:00;159;sem vítima;36,5;BR-381/SP;Norte;Colisão Lateral;1;2;;;;;1
11/12/2011;17:28:00;310;sem vítima;497,7;BR-381/MG;Sul;Colisão Traseira;1;2;;;;;1
11/12/2011;18:40:00;357;sem vítima;498;BR-381/MG;Norte;Colisão Lateral;1;2;;;;;1
11/12/2011;18:35:00;355;sem vítima;521;BR-381/MG;Norte;Engavetamento;3;3;;;;;1
11/12/2011;00:57:00;25;sem vítima;542;BR-381/MG;Norte;Outros - Sequência;1;2;;;;;1
11/12/2011;22:19:00;432;sem vítima;735,5;BR-381/MG;Sul;Colisão Lateral;1;2;;;;;1
11/12/2011;05:47:00;59;com vítima;817;BR-381/MG;Sul;Colisão Lateral;1;1;1;;;;1
12/12/2011;08:22:00;127;com vítima;7,57;BR-381/SP;Norte;Colisão Traseira;1;2;1;;;;1
12/12/2011;13:30:00;271;sem vítima;58;BR-381/SP;Sul;Objeto lançado contra veículo;1;2;;;;;1
12/12/2011;07:13:00;98;sem vítima;61,8;BR-381/SP;Sul;Choque - Suporte de Sinalização;1;1;;;;;1
12/12/2011;08:55:00;138;sem vítima;488,2;BR-381/MG;Sul;Colisão Transversal;2;2;;;;;1
12/12/2011;09:56:00;179;com vítima;494;BR-381/MG;Sul;Engavetamento;3;2;;1;;;2
12/12/2011;17:12:00;390;sem vítima;500,4;BR-381/MG;Sul;Engavetamento;2;4;;;;;1
12/12/2011;19:09:00;432;sem vítima;501;BR-381/MG;Sul;Colisão Traseira;1;2;;;;;1
12/12/2011;19:57:00;448;sem vítima;506;BR-381/MG;Sul;Outros - Sequência;1;1;;;;;1
12/12/2011;07:07:00;95;sem vítima;523,7;BR-381/MG;Sul;Colisão Lateral;1;2;;;;;1
12/12/2011;22:50:00;507;sem vítima;539;BR-381/MG;Sul;Colisão Traseira;2;2;;;;;1
12/12/2011;21:21:00;474;com vítima;545;BR-381/MG;Sul;Outros - Sequência;1;1;3;1;;1;3
12/12/2011;02:17:00;36;sem vítima;560;BR-381/MG;Norte;Tombamento;1;2;;;;;1
12/12/2011;13:49:00;282;com vítima;602,5;BR-381/MG;Norte;Tombamento;1;0;1;;;;1
12/12/2011;08:02:00;121;sem vítima;667;BR-381/MG;Sul;Colisão Traseira;2;2;;;;;1
12/12/2011;16:43:00;374;sem vítima;727;BR-381/MG;Sul;Choque - Defensa, barreira ou "submarino";1;1;;;;;1
12/12/2011;20:31:00;460;sem vítima;767,1;BR-381/MG;Sul;Choque - Elemento de Drenagem;1;1;;;;;1
12/12/2011;07:26:00;107;com vítima;918,3;BR-381/MG;Sul;Tombamento;1;0;1;;;;1
13/12/2011;13:37:00;307;com vítima;36;BR-381/SP;Sul;Tombamento;1;0;1;;;;1
13/12/2011;03:28:00;55;sem vítima;54;BR-381/SP;Sul;Colisão Lateral;1;2;;;;;1
13/12/2011;16:13:00;400;sem vítima;61,5;BR-381/SP;Sul;Choque - Elemento de Drenagem;1;1;;;;;1
13/12/2011;11:05:00;239;sem vítima;480,7;BR-381/MG;Norte;Engavetamento;1;4;;;;;1
13/12/2011;11:24:00;247;sem vítima;520,8;BR-381/MG;Sul;Colisão Lateral;2;2;;;;;1
13/12/2011;02:06:00;37;com vítima;584;BR-381/MG;Norte;Tombamento;1;0;1;;;;1
13/12/2011;03:50:00;61;sem vítima;640;BR-381/MG;Sul;Tombamento;1;1;;;;;1
13/12/2011;22:36:00;554;sem vítima;737;BR-381/MG;Norte;Colisão Lateral;2;2;;;;;1
13/12/2011;01:38:00;29;com vítima;880;BR-381/MG;Sul;Outros - Sequência;1;2;4;;;;1
13/12/2011;07:32:00;121;com vítima;934,5;BR-381/MG;Norte;Tombamento;1;0;;1;;;2
14/12/2011;11:14:00;244;sem vítima;29;BR-381/SP;Sul;Colisão Lateral;1;2;;;;;1
14/12/2011;07:40:00;131;sem vítima;68;BR-381/SP;Sul;Colisão Traseira;1;2;;;;;1
14/12/2011;05:51:00;76;sem vítima;492;BR-381/MG;Norte;Colisão Traseira;1;2;;;;;1
14/12/2011;12:26:00;279;sem vítima;500,5;BR-381/MG;Sul;Colisão Traseira;2;2;;;;;1
14/12/2011;07:16:00;112;sem vítima;546;BR-381/MG;Norte;Choque - Outros;1;1;;;;;1
14/12/2011;06:54:00;97;sem vítima;642;BR-381/MG;Norte;Colisão Traseira;1;2;;;;;1
14/12/2011;22:53:00;556;sem vítima;682,4;BR-381/MG;Sul;Outros - Sequência;2;2;;;;;1
14/12/2011;21:50:00;537;sem vítima;707,8;BR-381/MG;Sul;Colisão Traseira;2;2;;;;;1
14/12/2011;19:14:00;476;com vítima;778,8;BR-381/MG;Norte;Outros - Sequência;1;1;3;;;;1
14/12/2011;16:56:00;402;sem vítima;782,5;BR-381/MG;Norte;Choque - Elemento de Drenagem;1;1;;;;;1
14/12/2011;03:32:00;52;sem vítima;812;BR-381/MG;Norte;Outros - Sequência;1;1;;;;;1
14/12/2011;21:14:00;521;sem vítima;900,88;BR-381/MG;Sul;Choque - Defensa, barreira ou "submarino";1;1;;;;;1
15/12/2011;09:30:00;162;sem vítima;54,1;BR-381/SP;Sul;Colisão Lateral;1;2;;;;;1