data;horario;n_da_ocorrencia;tipo_de_ocorrencia;km;trecho;sentido;tipo_de_acidente;caminhao;ilesos;levemente_feridos;moderadamente_feridos;gravemente_feridos;mortos;3
15/12/2011;22:02:00;447;sem vítima;81,6;BR-381/SP;Sul;Colisão Lateral;2;2;;;;;1
15/12/2011;17:23:00;341;sem vítima;486;BR-381/MG;Norte;Colisão Traseira;1;2;;;;;1
15/12/2011;00:33:00;13;sem vítima;491,8;BR-381/MG;Norte;Outros - Sequência;1;1;;;;;1
15/12/2011;05:44:00;74;com vítima;543;BR-381/MG;Norte;Colisão Traseira;2;1;;1;;;2
15/12/2011;14:39:00;301;com vítima;572,5;BR-381/MG;Norte;Atropelamento - Andarilho;1;1;;;1;1;3
15/12/2011;07:04:00;102;sem vítima;624,5;BR-381/MG;Sul;Choque - Elemento de Drenagem;1;1;;;;;1
15/12/2011;02:19:00;35;sem vítima;680;BR-381/MG;Sul;Colisão Traseira;2;2;;;;;1
15/12/2011;10:47:00;200;sem vítima;723;BR-381/MG;Norte;Colisão Lateral;2;2;;;;;1
15/12/2011;05:41:00;73;sem vítima;790,7;BR-381/MG;Sul;Colisão Traseira;1;2;;;;;1
15/12/2011;04:03:00;57;com vítima;922,2;BR-381/MG;Norte;Colisão Traseira;2;1;1;;;;1
16/12/2011;19:26:00;487;sem vítima;55,9;BR-381/SP;Sul;Engavetamento;2;3;;;;;1
16/12/2011;14:15:00;337;com vítima;56,9;BR-381/SP;Norte;Engavetamento;2;4;3;;;;1
16/12/2011;19:00:00;479;sem vítima;58;BR-381/SP;Norte;Colisão Traseira;1;3;;;;;1
16/12/2011;07:17:00;131;sem vítima;75,5;BR-381/SP;Norte;Colisão Traseira;1;2;;;;;1
16/12/2011;00:28:00;22;com vítima;479;BR-381/MG;Norte;Colisão Traseira;1;1;;1;;;2
16/12/2011;16:09:00;394;sem vítima;497;BR-381/MG;Sul;Colisão Traseira;1;2;;;;;1
16/12/2011;08:32:00;179;com vítima;607,8;BR-381/MG;Sul;Capotamento;1;0;;1;;;2
16/12/2011;03:40:00;69;sem vítima;725,5;BR-381/MG;Sul;Colisão Traseira;2;2;;;;;1
16/12/2011;17:28:00;427;sem vítima;750,5;BR-381/MG;Sul;Outros - Sequência;1;1;;;;;1
16/12/2011;09:44:00;217;com vítima;769,9;BR-381/MG;Sul;Tombamento;1;0;1;;;;1
16/12/2011;21:06:00;545;com vítima;861,5;BR-381/MG;Norte;Atropelamento - Sem Informação;1;2;;;;1;3
16/12/2011;04:59:00;84;sem vítima;906;BR-381/MG;Sul;Colisão Traseira;2;2;;;;;1
16/12/2011;07:19:00;133;com vítima;921,2;BR-381/MG;Sul;Tombamento;1;0;1;;;;1
16/12/2011;11:12:00;264;com vítima;925,5;BR-381/MG;Sul;Colisão Traseira;2;1;;1;;;2
16/12/2011;20:50:00;536;sem vítima;927;BR-381/MG;Sul;Atropelamento de Animal;1;1;;;;;1
17/12/2011;08:24:00;203;sem vítima;9;BR-381/SP;Sul;Colisão Traseira;1;2;;;;;1
17/12/2011;05:58:00;107;sem vítima;525;BR-381/MG;Norte;Colisão Traseira;1;2;;;;;1
17/12/2011;02:13:00;45;com vítima;537,5;BR-381/MG;Norte;Colisão Traseira;1;1;;1;;;2
17/12/2011;21:23:00;618;sem vítima;546;BR-381/MG;Sul;Colisão Traseira;1;2;;;;;1
17/12/2011;08:45:00;215;com vítima;756;BR-381/MG;Norte;Colisão Lateral;1;1;3;1;1;;2
17/12/2011;03:07:00;58;com vítima;774,3;BR-381/MG;Norte;Colisão Traseira;1;22;13;;;;1
17/12/2011;14:06:00;407;sem vítima;821,8;BR-381/MG;Sul;Outros - Sequência;1;2;;;;;1
17/12/2011;01:19:00;31;sem vítima;903;BR-381/MG;Norte;Colisão Lateral;1;5;;;;;1
17/12/2011;07:19:00;146;sem vítima;938;BR-381/MG;Sul;Choque - Elemento de Drenagem;1;1;;;;;1
18/12/2011;09:00:00;158;com vítima;14,3;BR-381/SP;Norte;Colisão Traseira;1;3;1;;;;1
18/12/2011;23:28:00;550;sem vítima;486,7;BR-381/MG;Norte;Outros - Sequência;1;2;;;;;1
18/12/2011;16:41:00;344;sem vítima;492,5;BR-381/MG;Norte;Colisão Traseira;1;2;;;;;1
18/12/2011;04:25:00;68;sem vítima;496,8;BR-381/MG;Sul;Colisão Lateral;1;2;;;;;1
18/12/2011;04:37:00;74;sem vítima;523;BR-381/MG;Norte;Choque - Elemento de Drenagem;1;1;;;;;1
18/12/2011;02:33:00;44;sem vítima;722;BR-381/MG;Sul;Atropelamento de Animal;1;2;;;;;1
18/12/2011;21:51:00;510;sem vítima;763,5;BR-381/MG;Sul;Saida de Pista;1;1;;;;;1
18/12/2011;00:53:00;21;sem vítima;879,9;BR-381/MG;Sul;Atropelamento de Animal;1;1;;;;;1
19/12/2011;18:06:00;393;sem vítima;15;BR-381/SP;Norte;Saida de Pista;1;1;;;;;1
19/12/2011;09:55:00;188;sem vítima;82,5;BR-381/SP;Norte;Colisão Traseira;1;2;;;;;1
19/12/2011;12:11:00;250;com vítima;86;BR-381/SP;Norte;Tombamento;1;0;1;;;;1
19/12/2011;08:27:00;149;sem vítima;481,1;BR-381/MG;Norte;Colisão Lateral;1;2;;;;;1
19/12/2011;16:20:00;341;sem vítima;507,3;BR-381/MG;Sul;Tombamento;1;1;;;;;1
19/12/2011;22:36:00;516;sem vítima;563;BR-381/MG;Sul;Colisão Traseira;3;3;;;;;1
19/12/2011;08:38:00;155;com vítima;585,7;BR-381/MG;Sul;Outros - Sequência;1;0;1;;;;1
19/12/2011;17:50:00;384;sem vítima;631,7;BR-381/MG;Sul;Outros;1;1;;;;;1
20/12/2011;14:07:00;311;sem vítima;0;BR-381/SP;Norte;Atropelamento de Animal;1;1;;;;;1
20/12/2011;10:08:00;218;sem vítima;40,3;BR-381/SP;Norte;Colisão Traseira;1;2;;;;;1
20/12/2011;06:46:00;93;com vítima;486,8;BR-381/MG;Norte;Colisão Traseira;1;0;6;;;;1
20/12/2011;16:29:00;374;sem vítima;490,3;BR-381/MG;Sul;Colisão Traseira;1;2;;;;;1
20/12/2011;16:10:00;366;com vítima;524,6;BR-381/MG;Sul;Colisão Traseira;2;1;;1;;;2
20/12/2011;22:23:00;539;sem vítima;525,5;BR-381/MG;Sul;Colisão Traseira;2;3;;;;;1
20/12/2011;14:49:00;325;sem vítima;528,1;BR-381/MG;Norte;Outros;1;1;;;;;1
20/12/2011;20:27:00;489;com vítima;560,7;BR-381/MG;Norte;Colisão Traseira;2;1;1;;;;1
20/12/2011;22:19:00;536;sem vítima;706,5;BR-381/MG;Sul;Colisão Traseira;2;2;;;;;1
20/12/2011;11:39:00;252;sem vítima;735,5;BR-381/MG;Sul;Colisão Traseira;1;5;;;;;1
20/12/2011;03:57:00;61;sem vítima;835;BR-381/MG;Norte;Outros - Sequência;1;1;;;;;1
20/12/2011;22:24:00;540;sem vítima;850,2;BR-381/MG;Sul;Colisão Lateral;1;2;;;;;1
21/12/2011;18:04:00;491;com vítima;33;BR-381/SP;Norte;Outros - Sequência;1;3;1;;;;1
21/12/2011;11:26:00;280;sem vítima;481;BR-381/MG;Sul;Colisão Lateral;1;2;;;;;1
21/12/2011;11:08:00;269;com vítima;500;BR-381/MG;Sul;Tombamento;1;0;1;;;;1
21/12/2011;00:47:00;16;com vítima;582,7;BR-381/MG;Sul;Colisão Traseira;1;2;1;;;;1
21/12/2011;15:16:00;388;sem vítima;592;BR-381/MG;Norte;Colisão Lateral;2;2;;;;;1
21/12/2011;01:25:00;31;sem vítima;885,2;BR-381/MG;Sul;Tombamento;1;1;;;;;1
21/12/2011;14:52:00;375;sem vítima;933;BR-381/MG;Norte;Colisão Traseira;1;2;;;;;1
22/12/2011;18:08:00;497;sem vítima;60,5;BR-381/SP;Sul;Choque - Talude;1;1;;;;;1
22/12/2011;16:27:00;434;com vítima;79;BR-381/SP;Sul;Choque - Defensa, barreira ou "submarino";1;1;1;;;;1
22/12/2011;18:40:00;513;com vítima;83;BR-381/SP;Sul;Colisão Traseira;2;1;1;;1;;2
22/12/2011;10:11:00;244;com vítima;510;BR-381/MG;Norte;Atropelamento - Morador;1;1;;;1;;2
22/12/2011;22:40:00;616;com vítima;523;BR-381/MG;Norte;Colisão Traseira;1;1;1;;;;1
22/12/2011;12:55:00;323;sem vítima;525;BR-381/MG;Sul;Colisão Traseira;2;2;;;;;1
22/12/2011;12:58:00;327;sem vítima;676;BR-381/MG;Norte;Outros - Sequência;1;3;;;;;1
22/12/2011;11:28:00;281;com vítima;728;BR-381/MG;Sul;Choque - Defensa, barreira ou "submarino";1;0;1;;;;1
22/12/2011;23:43:00;642;sem vítima;767,2;BR-381/MG;Sul;Choque - Elemento de Drenagem;1;2;;;;;1
22/12/2011;17:05:00;458;com vítima;810;BR-381/MG;Sul;Colisão Transversal;1;1;1;;;;1
22/12/2011;23:28:00;638;sem vítima;816;BR-381/MG;Norte;Choque - Talude;1;1;;;;;1
22/12/2011;14:28:00;367;sem vítima;873,3;BR-381/MG;Norte;Tombamento;1;1;;;;;1
22/12/2011;08:22:00;171;sem vítima;883;BR-381/MG;Norte;Engavetamento;1;5;;;;;1
23/12/2011;00:07:00;10;com vítima;68,4;BR-381/SP;Sul;Colisão Traseira;2;0;1;1;;;2
23/12/2011;16:55:00;463;sem vítima;86;BR-381/SP;Norte;Outros - Sequência;1;2;;;;;1
23/12/2011;08:20:00;164;sem vítima;478;BR-381/MG;Norte;Colisão Traseira;2;2;;;;;1
23/12/2011;18:16:00;504;sem vítima;478;BR-381/MG;Norte;Colisão Lateral;1;2;;;;;1
23/12/2011;09:07:00;194;sem vítima;481,6;BR-381/MG;Sul;Colisão Traseira;1;1;;;;;1
23/12/2011;20:25:00;582;sem vítima;490,8;BR-381/MG;Sul;Colisão Lateral;1;2;;;;;1
23/12/2011;19:12:00;544;sem vítima;491,5;BR-381/MG;Sul;Colisão Lateral;1;2;;;;;1
23/12/2011;11:39:00;276;sem vítima;492;BR-381/MG;Norte;Colisão Lateral;1;2;;;;;1
23/12/2011;18:04:00;496;sem vítima;493,5;BR-381/MG;Sul;Engavetamento;1;6;;;;;1
23/12/2011;14:28:00;352;sem vítima;518;BR-381/MG;Norte;Colisão Traseira;1;4;;;;;1
23/12/2011;09:28:00;204;sem vítima;599;BR-381/MG;Norte;Colisão Traseira;2;2;;;;;1
23/12/2011;23:47:00;669;sem vítima;722;BR-381/MG;Norte;Colisão Traseira;1;2;;;;;1
23/12/2011;06:15:00;96;com vítima;788,3;BR-381/MG;Sul;Tombamento;1;0;1;2;;;2
23/12/2011;14:57:00;375;sem vítima;853;BR-381/MG;Norte;Colisão Traseira;1;2;;;;;1
23/12/2011;12:14:00;292;sem vítima;938;BR-381/MG;Norte;Colisão Lateral;1;2;;;;;1
24/12/2011;12:32:00;273;sem vítima;68;BR-381/SP;Sul;Colisão Traseira;1;2;;;;;1
24/12/2011;00:20:00;6;sem vítima;601,8;BR-381/MG;Sul;Saida de Pista;1;1;;;;;1
24/12/2011;21:22:00;509;sem vítima;745;BR-381/MG;Sul;Choque - Elemento de Drenagem;1;1;;;;;1
24/12/2011;15:41:00;349;sem vítima;793,5;BR-381/MG;Norte;Choque - Elemento de Drenagem;1;1;;;;;1
24/12/2011;13:38:00;303;sem vítima;927,8;BR-381/MG;Sul;Choque - Suporte de Sinalização;1;1;;;;;1
25/12/2011;06:17:00;59;sem vítima;12,4;BR-381/SP;Norte;Tombamento;1;1;;;;;1
26/12/2011;22:30:00;512;sem vítima;34;BR-381/SP;Norte;Colisão Lateral;1;2;;;;;1
26/12/2011;07:28:00;90;sem vítima;66,5;BR-381/SP;Sul;Colisão Traseira;1;2;;;;;1
26/12/2011;20:55:00;486;sem vítima;479;BR-381/MG;Sul;Engavetamento;2;3;;;;;1
26/12/2011;23:49:00;537;com vítima;671;BR-381/MG;Norte;Colisão Traseira;2;0;2;;;;1
26/12/2011;18:02:00;409;sem vítima;707,8;BR-381/MG;Norte;Outros - Sequência;1;1;;;;;1
26/12/2011;16:34:00;363;com vítima;832,5;BR-381/MG;Sul;Colisão Traseira;2;1;1;;;;1
26/12/2011;19:25:00;450;sem vítima;867;BR-381/MG;Norte;Outros;1;1;;;;;1
27/12/2011;12:50:00;247;sem vítima;490,3;BR-381/MG;Norte;Engavetamento;1;3;;;;;1
27/12/2011;20:43:00;483;com vítima;493,8;BR-381/MG;Norte;Engavetamento;4;2;2;;;;1
27/12/2011;09:17:00;155;sem vítima;576,5;BR-381/MG;Norte;Colisão Traseira;1;2;;;;;1
27/12/2011;16:36:00;360;sem vítima;635;BR-381/MG;Norte;Outros;1;1;;;;;1
27/12/2011;09:14:00;151;sem vítima;685;BR-381/MG;Norte;Colisão Lateral;1;2;;;;;1
27/12/2011;08:22:00;119;sem vítima;778,6;BR-381/MG;Norte;Colisão Lateral;1;2;;;;;1
27/12/2011;16:27:00;355;sem vítima;860,1;BR-381/MG;Sul;Outros - Sequência;1;2;;;;;1
27/12/2011;17:52:00;444;sem vítima;886;BR-381/MG;Norte;Colisão Traseira;1;2;;;;;1
28/12/2011;21:32:00;445;sem vítima;85,6;BR-381/SP;Sul;Objeto lançado contra veículo;1;2;;;;;1
28/12/2011;14:30:00;242;sem vítima;480,3;BR-381/MG;Norte;Engavetamento;1;3;;;;;1
28/12/2011;14:45:00;266;sem vítima;480,3;BR-381/MG;Norte;Colisão Lateral;1;2;;;;;1
28/12/2011;07:56:00;110;sem vítima;551,1;BR-381/MG;Norte;Tombamento;1;1;;;;;1
28/12/2011;12:39:00;214;sem vítima;597,5;BR-381/MG;Norte;Colisão Traseira;1;2;;;;;1
28/12/2011;00:31:00;12;com vítima;623,5;BR-381/MG;Sul;Saida de Pista;1;0;1;;;;1
28/12/2011;07:17:00;91;sem vítima;726,8;BR-381/MG;Norte;Choque - Elemento de Drenagem;1;1;;;;;1
29/12/2011;13:16:00;265;sem vítima;2,7;BR-381/SP;Norte;Colisão Lateral;1;4;;;;;1
29/12/2011;04:34:00;56;com vítima;16,1;BR-381/SP;Sul;Outros - Sequência;2;0;2;;;;1
29/12/2011;17:21:00;368;sem vítima;66,5;BR-381/SP;Norte;Colisão Lateral;1;2;;;;;1
29/12/2011;16:01:00;327;sem vítima;500;BR-381/MG;Sul;Colisão Traseira;2;2;;;;;1
29/12/2011;11:29:00;221;sem vítima;597,7;BR-381/MG;Norte;Colisão Traseira;1;2;;;;;1
29/12/2011;08:49:00;141;com vítima;658;BR-381/MG;Norte;Colisão Lateral;1;1;3;;;;1
29/12/2011;01:03:00;20;sem vítima;711,9;BR-381/MG;Sul;Choque - Talude;1;1;;;;;1
29/12/2011;22:51:00;507;sem vítima;882;BR-381/MG;Norte;Outros - Sequência;2;3;;;;;1
29/12/2011;20:00:00;455;com vítima;929,6;BR-381/MG;Sul;Outros - Sequência;1;1;;;1;;2
30/12/2011;10:04:00;181;sem vítima;30,4;BR-381/SP;Sul;Colisão Lateral;1;2;;;;;1
30/12/2011;11:19:00;213;sem vítima;481;BR-381/MG;Norte;Colisão Lateral;1;2;;;;;1
30/12/2011;14:58:00;314;com vítima;560;BR-381/MG;Sul;Outros - Sequência;1;2;;2;1;;2
30/12/2011;23:56:00;546;com vítima;561,2;BR-381/MG;Sul;Colisão Traseira;2;1;1;;;1;3
30/12/2011;19:39:00;458;com vítima;581;BR-381/MG;Norte;Colisão Lateral;1;1;1;;;;1
30/12/2011;16:15:00;348;sem vítima;707,4;BR-381/MG;Norte;Colisão Lateral;1;2;;;;;1
30/12/2011;11:03:00;205;sem vítima;837,8;BR-381/MG;Norte;Colisão Lateral;1;2;;;;;1
30/12/2011;18:41:00;425;sem vítima;881,1;BR-381/MG;Sul;Outros - Sequência;1;3;;;;;1
30/12/2011;19:18:00;449;sem vítima;899,8;BR-381/MG;Norte;Colisão Traseira;1;2;;;;;1
30/12/2011;08:19:00;129;com vítima;902,5;BR-381/MG;Norte;Tombamento;1;1;1;;;;1
31/12/2011;06:39:00;81;sem vítima;61,2;BR-381/SP;Sul;Colisão Traseira;1;2;;;;;1
31/12/2011;11:50:00;187;sem vítima;71,5;BR-381/SP;Sul;Choque - Defensa, barreira ou "submarino";1;1;;;;;1
31/12/2011;00:28:00;13;com vítima;559,8;BR-381/MG;Sul;Tombamento;1;0;2;;;;1
31/12/2011;08:07:00;118;sem vítima;906,5;BR-381/MG;Norte;Choque - Defensa, barreira ou "submarino";1;1;;;;;1
01/01/2012;18:33:00;353;sem vítima;82,2;BR-381/SP;Sul;Colisão Traseira;1;2;;;;;1
01/01/2012;22:55:00;460;sem vítima;483;BR-381/MG;Sul;Choque - Outros;1;1;;;;;1
01/01/2012;15:08:00;234;sem vítima;529;BR-381/MG;Norte;Colisão Lateral;1;2;;;;;1
01/01/2012;11:51:00;158;sem vítima;640,3;BR-381/MG;Norte;Choque - Elemento de Drenagem;1;1;;;;;1
01/01/2012;13:33:00;198;sem vítima;756;BR-381/MG;Sul;Colisão Lateral;1;2;;;;;1
01/01/2012;15:13:00;237;sem vítima;874;BR-381/MG;Sul;Colisão Traseira;1;2;;;;;1
02/01/2012;12:01:00;266;sem vítima;45,5;BR-381/SP;Sul;Outros - Sequência;2;9;;;;;1
02/01/2012;12:57:00;302;sem vítima;45,5;BR-381/SP;Norte;Colisão Lateral;1;2;;;;;1
02/01/2012;11:20:00;249;sem vítima;65,5;BR-381/SP;Norte;Colisão Traseira;1;2;;;;;1
02/01/2012;18:45:00;475;sem vítima;483,3;BR-381/MG;Sul;Colisão Traseira;1;2;;;;;1
02/01/2012;14:58:00;363;sem vítima;521,7;BR-381/MG;Sul;Outros - Sequência;1;1;;;;;1
02/01/2012;07:57:00;133;com vítima;555,5;BR-381/MG;Sul;Tombamento;1;0;9;;;;1
02/01/2012;06:08:00;87;sem vítima;589;BR-381/MG;Sul;Colisão Traseira;1;4;;;;;1
02/01/2012;01:25:00;30;sem vítima;593,5;BR-381/MG;Norte;Choque - Talude;1;1;;;;;1
02/01/2012;15:26:00;380;sem vítima;617;BR-381/MG;Norte;Choque - Elemento de Drenagem;1;1;;;;;1
02/01/2012;02:47:00;51;com vítima;752;BR-381/MG;Norte;Tombamento;1;0;1;;;;1
02/01/2012;08:47:00;163;sem vítima;908,7;BR-381/MG;Norte;Colisão Lateral;1;2;;;;;1
03/01/2012;10:50:00;264;sem vítima;85;BR-381/SP;Norte;Outros - Sequência;1;2;;;;;1
03/01/2012;16:04:00;405;com vítima;484,4;BR-381/MG;Sul;Colisão Lateral;1;1;1;;;;1
03/01/2012;06:37:00;104;sem vítima;493,5;BR-381/MG;Norte;Engavetamento;1;7;;;;;1
03/01/2012;06:39:00;105;com vítima;949,3;BR-381/MG;Sul;Outros - Sequência;1;1;1;;;;1
04/01/2012;10:10:00;169;sem vítima;58,2;BR-381/SP;Sul;Colisão Lateral;1;2;;;;;1
04/01/2012;11:00:00;192;sem vítima;506;BR-381/MG;Sul;Colisão Lateral;1;2;;;;;1
04/01/2012;10:15:00;171;sem vítima;565;BR-381/MG;Norte;Choque - Elemento de Drenagem;1;1;;;;;1
04/01/2012;01:36:00;23;sem vítima;597,9;BR-381/MG;Sul;Colisão Traseira;1;5;;;;;1
04/01/2012;08:17:00;116;com vítima;826;BR-381/MG;Norte;Outros - Sequência;1;4;1;;;;1
04/01/2012;12:36:00;236;com vítima;853,5;BR-381/MG;Norte;Colisão Traseira;2;1;1;;;;1
04/01/2012;12:39:00;238;sem vítima;913;BR-381/MG;Sul;Outros - Sequência;1;2;;;;;1
04/01/2012;16:05:00;344;com vítima;923,8;BR-381/MG;Sul;Tombamento;1;1;;1;;;2
05/01/2012;13:37:00;284;sem vítima;31;BR-381/SP;Sul;Outros - Sequência;2;2;;;;;1
05/01/2012;19:58:00;460;sem vítima;84;BR-381/SP;Norte;Colisão Transversal;1;4;;;;;1
05/01/2012;19:06:00;442;sem vítima;481,9;BR-381/MG;Sul;Colisão Traseira;1;2;;;;;1
05/01/2012;22:33:00;500;sem vítima;494,3;BR-381/MG;Sul;Colisão Lateral;1;2;;;;;1
05/01/2012;16:48:00;370;sem vítima;725,3;BR-381/MG;Sul;Colisão Lateral;2;2;;;;;1
05/01/2012;20:50:00;474;sem vítima;871,5;BR-381/MG;Norte;Colisão Lateral;1;2;;;;;1
05/01/2012;21:57:00;487;com vítima;903;BR-381/MG;Norte;Tombamento;1;0;1;;;;1
06/01/2012;13:18:00;318;sem vítima;57;BR-381/SP;Sul;Outros - Sequência;1;1;;;;;1
06/01/2012;22:32:00;574;sem vítima;69,6;BR-381/SP;Norte;Tombamento;1;1;;;;;1
06/01/2012;14:07:00;341;com vítima;90;BR-381/SP;Norte;Colisão Lateral;1;1;;1;;;2
06/01/2012;14:36:00;355;sem vítima;90;BR-381/SP;Norte;Engavetamento;2;4;;;;;1
06/01/2012;11:35:00;269;sem vítima;501,7;BR-381/MG;Sul;Colisão Traseira;2;2;;;;;1
06/01/2012;12:22:00;298;com vítima;516;BR-381/MG;Norte;Colisão Traseira;1;1;1;;;;1
06/01/2012;12:52:00;308;com vítima;748,5;BR-381/MG;Norte;Colisão Traseira;2;1;;1;;1;3
06/01/2012;17:53:00;453;sem vítima;874;BR-381/MG;Norte;Colisão Traseira;1;2;;;;;1
06/01/2012;16:52:00;425;sem vítima;890;BR-381/MG;Norte;Engavetamento;1;4;;;;;1
06/01/2012;03:49:00;94;sem vítima;921,7;BR-381/MG;Sul;Tombamento;1;2;;;;;1
07/01/2012;11:12:00;221;com vítima;506;BR-381/MG;Sul;Colisão Lateral;1;1;1;;;;1
07/01/2012;22:16:00;485;sem vítima;512;BR-381/MG;Norte;Outros - Sequência;2;2;;;;;1
07/01/2012;05:38:00;68;sem vítima;612,5;BR-381/MG;Norte;Outros - Sequência;1;1;;;;;1
07/01/2012;14:55:00;310;com vítima;622;BR-381/MG;Norte;Colisão Traseira;1;3;1;;;;1
07/01/2012;19:38:00;445;com vítima;713;BR-381/MG;Sul;Colisão Lateral;1;1;1;2;;;2
08/01/2012;07:46:00;99;sem vítima;524;BR-381/MG;Sul;Tombamento;1;1;;;;;1
08/01/2012;17:53:00;312;sem vítima;597;BR-381/MG;Norte;Colisão Traseira;1;2;;;;;1
08/01/2012;03:51:00;52;sem vítima;597,1;BR-381/MG;Norte;Saida de Pista;1;1;;;;;1
08/01/2012;05:30:00;66;sem vítima;761;BR-381/MG;Sul;Colisão Lateral;1;5;;;;;1
09/01/2012;14:19:00;308;sem vítima;36;BR-381/SP;Norte;Tombamento;1;1;;;;;1
09/01/2012;18:11:00;408;sem vítima;478;BR-381/MG;Norte;Colisão Traseira;1;2;;;;;1
09/01/2012;06:56:00;113;sem vítima;478,5;BR-381/MG;Norte;Colisão Traseira;1;2;;;;;1
09/01/2012;22:24:00;515;sem vítima;702,8;BR-381/MG;Sul;Colisão Traseira;2;2;;;;;1
09/01/2012;22:10:00;520;sem vítima;900;BR-381/MG;Norte;Colisão Traseira;1;2;;;;;1
10/01/2012;10:08:00;224;sem vítima;68;BR-381/SP;Norte;Tombamento;1;1;;;;;1
10/01/2012;14:55:00;340;sem vítima;84,3;BR-381/SP;Norte;Colisão Traseira;1;2;;;;;1
10/01/2012;11:48:00;272;sem vítima;482,7;BR-381/MG;Sul;Colisão Lateral;1;2;;;;;1
10/01/2012;00:18:00;8;com vítima;524;BR-381/MG;Sul;Engavetamento;1;82;4;1;;1;3
10/01/2012;20:31:00;495;sem vítima;567,4;BR-381/MG;Sul;Choque - Elemento de Drenagem;1;1;;;;;1
10/01/2012;20:26:00;493;sem vítima;568;BR-381/MG;Sul;Colisão Traseira;1;2;;;;;1
10/01/2012;06:32:00;122;com vítima;598,9;BR-381/MG;Sul;Colisão Traseira;1;2;3;;;;1
10/01/2012;06:04:00;114;com vítima;615,4;BR-381/MG;Norte;Colisão Traseira;2;0;2;;;;1
10/01/2012;15:32:00;364;com vítima;638;BR-381/MG;Sul;Colisão Traseira;2;1;1;;;;1
10/01/2012;18:00:00;433;sem vítima;805;BR-381/MG;Norte;Choque - Outros;1;1;;;;;1
10/01/2012;04:12:00;94;sem vítima;873;BR-381/MG;Sul;Outros - Sequência;1;5;;;;;1
10/01/2012;13:15:00;303;sem vítima;874;BR-381/MG;Sul;Tombamento;1;1;;;;;1
10/01/2012;13:01:00;298;sem vítima;908,3;BR-381/MG;Sul;Tombamento;1;1;;;;;1
10/01/2012;15:20:00;358;sem vítima;934,3;BR-381/MG;Norte;Colisão Traseira;2;2;;;;;1
11/01/2012;17:17:00;388;sem vítima;42,5;BR-381/SP;Sul;Colisão Traseira;1;2;;;;;1
11/01/2012;21:11:00;491;sem vítima;505;BR-381/MG;Sul;Choque - Objeto sobre a pista;1;2;;;;;1
11/01/2012;23:20:00;527;com vítima;559;BR-381/MG;Sul;Colisão Traseira;2;1;1;;;;1
11/01/2012;15:21:00;322;sem vítima;564;BR-381/MG;Sul;Colisão Lateral;1;2;;;;;1
11/01/2012;09:15:00;153;sem vítima;597,7;BR-381/MG;Norte;Colisão Traseira;2;2;;;;;1
11/01/2012;03:07:00;42;sem vítima;621,8;BR-381/MG;Sul;Colisão Traseira;2;3;;;;;1
11/01/2012;10:06:00;180;com vítima;720;BR-381/MG;Norte;Tombamento;1;0;1;;;;1
12/01/2012;14:59:00;289;sem vítima;73;BR-381/SP;Sul;Engavetamento;4;4;;;;;1
12/01/2012;17:31:00;355;com vítima;86,5;BR-381/SP;Norte;Colisão Traseira;1;1;;;1;;2
12/01/2012;08:59:00;154;sem vítima;520,6;BR-381/MG;Norte;Choque - Defensa, barreira ou "submarino";1;1;;;;;1
12/01/2012;18:55:00;398;sem vítima;682,5;BR-381/MG;Norte;Saida de Pista;1;1;;;;;1
12/01/2012;03:28:00;63;sem vítima;782;BR-381/MG;Norte;Tombamento;1;1;;;;;1
12/01/2012;00:59:00;24;sem vítima;899,8;BR-381/MG;Norte;Outros - Sequência;1;1;;;;;1
12/01/2012;01:45:00;36;sem vítima;905;BR-381/MG;Norte;Choque - Objeto sobre a pista;1;2;;;;;1
12/01/2012;06:03:00;86;sem vítima;923,4;BR-381/MG;Norte;Tombamento;1;1;;;;;1
13/01/2012;19:50:00;469;sem vítima;20;BR-381/SP;Norte;Colisão Traseira;1;4;;;;;1
13/01/2012;06:31:00;121;sem vítima;27,5;BR-381/SP;Norte;Colisão Traseira;2;2;;;;;1
13/01/2012;22:23:00;515;com vítima;46;BR-381/SP;Norte;Outros - Sequência;1;1;;1;1;;2
13/01/2012;20:43:00;488;com vítima;62;BR-381/SP;Sul;Colisão Lateral;1;1;1;;;;1
13/01/2012;07:39:00;143;sem vítima;69,2;BR-381/SP;Sul;Engavetamento;1;3;;;;;1
13/01/2012;13:18:00;296;sem vítima;481,4;BR-381/MG;Norte;Colisão Traseira;2;2;;;;;1
13/01/2012;07:10:00;136;com vítima;488,2;BR-381/MG;Norte;Colisão Traseira;1;1;1;;;;1
13/01/2012;19:22:00;457;com vítima;491,1;BR-381/MG;Sul;Colisão Lateral;1;1;1;;;;1
13/01/2012;02:27:00;85;com vítima;494,4;BR-381/MG;Sul;Tombamento;1;0;2;;;;1
13/01/2012;17:31:00;407;sem vítima;495,8;BR-381/MG;Sul;Colisão Lateral;1;2;;;;;1
13/01/2012;18:42:00;443;com vítima;525,8;BR-381/MG;Sul;Tombamento;2;1;;;;1;3
13/01/2012;16:01:00;364;com vítima;526,8;BR-381/MG;Norte;Tombamento;1;0;5;;;;1
13/01/2012;05:59:00;117;sem vítima;570,9;BR-381/MG;Norte;Tombamento;1;1;;;;;1
13/01/2012;12:39:00;285;sem vítima;693;BR-381/MG;Norte;Choque - Defensa, barreira ou "submarino";1;1;;;;;1
13/01/2012;12:59:00;291;sem vítima;732,5;BR-381/MG;Norte;Choque - Suporte de Sinalização;1;2;;;;;1
13/01/2012;03:52:00;97;sem vítima;793,4;BR-381/MG;Norte;Choque - Defensa, barreira ou "submarino";1;1;;;;;1
13/01/2012;05:52:00;115;sem vítima;884;BR-381/MG;Norte;Colisão Lateral;1;2;;;;;1
13/01/2012;10:11:00;229;sem vítima;932,3;BR-381/MG;Sul;Tombamento;1;1;;;;;1