data;horario;n_da_ocorrencia;tipo_de_ocorrencia;km;trecho;sentido;tipo_de_acidente;caminhao;ilesos;levemente_feridos;moderadamente_feridos;gravemente_feridos;mortos;3
13/01/2012;06:39:00;125;com vítima;939,7;BR-381/MG;Sul;Outros - Sequência;1;1;1;;;;1
14/01/2012;11:44:00;290;sem vítima;77;BR-381/SP;Norte;Colisão Lateral;1;2;;;;;1
14/01/2012;01:46:00;78;sem vítima;557;BR-381/MG;Sul;Colisão Traseira;2;2;;;;;1
14/01/2012;10:02:00;239;sem vítima;597,7;BR-381/MG;Norte;Colisão Traseira;1;2;;;;;1
14/01/2012;09:12:00;212;sem vítima;694,5;BR-381/MG;Norte;Saida de Pista;1;1;;;;;1
14/01/2012;06:22:00;127;com vítima;805,7;BR-381/MG;Norte;Outros - Sequência;1;0;1;;;;1
14/01/2012;03:31:00;104;sem vítima;863,9;BR-381/MG;Norte;Tombamento;1;2;;;;;1
15/01/2012;21:56:00;463;sem vítima;482,8;BR-381/MG;Sul;Outros - Sequência;1;2;;;;;1
15/01/2012;20:20:00;435;com vítima;712,2;BR-381/MG;Sul;Outros - Sequência;1;1;1;;;;1
15/01/2012;18:10:00;380;sem vítima;810,3;BR-381/MG;Sul;Saida de Pista;1;1;;;;;1
15/01/2012;10:35:00;181;com vítima;874;BR-381/MG;Sul;Tombamento;1;0;;;;1;3
16/01/2012;16:21:00;286;sem vítima;22;BR-381/SP;Sul;Tombamento;1;1;;;;;1
16/01/2012;05:43:00;46;com vítima;31;BR-381/SP;Sul;Colisão Traseira;2;1;2;;;;1
16/01/2012;09:48:00;123;sem vítima;496,6;BR-381/MG;Norte;Colisão Lateral;1;2;;;;;1
16/01/2012;18:12:00;349;sem vítima;503,5;BR-381/MG;Norte;Outros - Sequência;2;4;;;;;1
16/01/2012;13:47:00;225;sem vítima;575,5;BR-381/MG;Sul;Colisão Traseira;1;3;;;;;1
16/01/2012;03:54:00;35;sem vítima;921,6;BR-381/MG;Sul;Choque - Defensa, barreira ou "submarino";1;1;;;;;1
17/01/2012;18:35:00;442;sem vítima;26;BR-381/SP;Sul;Outros - Sequência;1;1;;;;;1
17/01/2012;15:52:00;335;sem vítima;62,8;BR-381/SP;Sul;Outros;1;1;;;;;1
17/01/2012;16:00:00;342;sem vítima;546;BR-381/MG;Norte;Colisão Traseira;1;2;;;;;1
17/01/2012;09:57:00;199;sem vítima;803;BR-381/MG;Sul;Colisão Lateral;1;2;;;;;1
17/01/2012;08:30:00;148;sem vítima;804,6;BR-381/MG;Sul;Colisão Traseira;2;2;;;;;1
17/01/2012;18:58:00;457;sem vítima;805,2;BR-381/MG;Sul;Colisão Traseira;2;2;;;;;1
17/01/2012;00:22:00;36;sem vítima;900;BR-381/MG;Sul;Choque - Cancela de Pedagio;1;1;;;;;1
17/01/2012;20:06:00;491;com vítima;946;BR-381/MG;Sul;Choque - Defensa, barreira ou "submarino";1;0;1;;;;1
18/01/2012;20:02:00;492;sem vítima;482;BR-381/MG;Sul;Colisão Traseira;1;2;;;;;1
18/01/2012;12:08:00;260;com vítima;488,2;BR-381/MG;Norte;Colisão Traseira;2;1;1;;;;1
18/01/2012;10:39:00;217;com vítima;597,8;BR-381/MG;Norte;Colisão Traseira;2;2;2;;;;1
18/01/2012;19:30:00;481;sem vítima;616,8;BR-381/MG;Sul;Choque - Elemento de Drenagem;1;1;;;;;1
18/01/2012;08:37:00;139;sem vítima;722;BR-381/MG;Norte;Outros - Sequência;1;3;;;;;1
18/01/2012;03:43:00;72;sem vítima;736,5;BR-381/MG;Norte;Colisão Traseira;2;2;;;;;1
18/01/2012;17:17:00;415;sem vítima;864,2;BR-381/MG;Norte;Tombamento;1;3;;;;;1
18/01/2012;07:29:00;111;sem vítima;895;BR-381/MG;Sul;Tombamento;1;1;;;;;1
19/01/2012;18:03:00;489;sem vítima;18,2;BR-381/SP;Norte;Choque - Defensa, barreira ou "submarino";1;1;;;;;1
19/01/2012;04:46:00;104;sem vítima;651,8;BR-381/MG;Norte;Outros - Sequência;1;1;;;;;1
19/01/2012;16:39:00;443;sem vítima;658,6;BR-381/MG;Sul;Choque - Elemento de Drenagem;1;1;;;;;1
19/01/2012;09:09:00;210;sem vítima;727;BR-381/MG;Sul;Colisão Traseira;1;2;;;;;1
19/01/2012;18:19:00;498;sem vítima;735,5;BR-381/MG;Norte;Colisão Traseira;1;2;;;;;1
19/01/2012;02:03:00;75;com vítima;841;BR-381/MG;Sul;Choque - Elemento de Drenagem;1;1;;1;;;2
19/01/2012;21:18:00;573;sem vítima;909;BR-381/MG;Sul;Colisão Lateral;1;2;;;;;1
20/01/2012;07:15:00;80;com vítima;57;BR-381/SP;Norte;Colisão Traseira;1;1;;2;;1;3
20/01/2012;08:13:00;108;sem vítima;57;BR-381/SP;Norte;Colisão Traseira;1;2;;;;;1
20/01/2012;15:35:00;303;sem vítima;61;BR-381/SP;Sul;Tombamento;1;1;;;;;1
20/01/2012;16:07:00;321;sem vítima;70,5;BR-381/SP;Norte;Outros - Sequência;1;3;;;;;1
20/01/2012;08:20:00;110;sem vítima;479;BR-381/MG;Norte;Colisão Traseira;1;2;;;;;1
20/01/2012;15:33:00;301;com vítima;481,3;BR-381/MG;Sul;Colisão Traseira;1;1;;1;;;2
20/01/2012;12:43:00;224;sem vítima;513;BR-381/MG;Norte;Colisão Traseira;2;2;;;;;1
20/01/2012;12:35:00;221;com vítima;528,4;BR-381/MG;Sul;Tombamento;1;0;1;;;;1
20/01/2012;17:41:00;374;sem vítima;608;BR-381/MG;Sul;Outros - Sequência;2;2;;;;;1
20/01/2012;09:05:00;130;sem vítima;635;BR-381/MG;Sul;Colisão Lateral;1;2;;;;;1
20/01/2012;04:03:00;43;com vítima;637;BR-381/MG;Norte;Outros - Sequência;1;1;2;;;;1
20/01/2012;01:04:00;18;sem vítima;756;BR-381/MG;Sul;Colisão Traseira;2;2;;;;;1
20/01/2012;09:21:00;136;sem vítima;870;BR-381/MG;Sul;Colisão Traseira;2;2;;;;;1
20/01/2012;02:53:00;32;sem vítima;900,8;BR-381/MG;Norte;Atropelamento de Animal;1;1;;;;;1
21/01/2012;08:54:00;162;sem vítima;66,5;BR-381/SP;Norte;Colisão Lateral;1;2;;;;;1
21/01/2012;11:08:00;237;sem vítima;483,7;BR-381/MG;Norte;Choque - Defensa, barreira ou "submarino";1;2;;;;;1
21/01/2012;12:06:00;261;sem vítima;503,4;BR-381/MG;Norte;Saida de Pista;1;1;;;;;1
21/01/2012;14:54:00;352;sem vítima;504;BR-381/MG;Sul;Colisão Traseira;1;2;;;;;1
21/01/2012;01:07:00;16;com vítima;716;BR-381/MG;Sul;Capotamento;1;0;;;1;;2
21/01/2012;07:41:00;113;sem vítima;751,8;BR-381/MG;Norte;Colisão Lateral;1;2;;;;;1
21/01/2012;03:21:00;42;sem vítima;872,2;BR-381/MG;Sul;Colisão Traseira;2;2;;;;;1
22/01/2012;19:13:00;411;sem vítima;714;BR-381/MG;Sul;Engavetamento;1;4;;;;;1
22/01/2012;15:01:00;265;com vítima;717,95;BR-381/MG;Sul;Tombamento;1;0;1;;;;1
22/01/2012;23:52:00;519;sem vítima;934,6;BR-381/MG;Norte;Colisão Lateral;1;4;;;;;1
23/01/2012;08:23:00;117;com vítima;481;BR-381/MG;Norte;Colisão Lateral;1;2;1;;;;1
23/01/2012;08:14:00;113;sem vítima;524,9;BR-381/MG;Sul;Choque - Elemento de Drenagem;1;1;;;;;1
23/01/2012;08:09:00;110;sem vítima;598,9;BR-381/MG;Sul;Tombamento;1;1;;;;;1
23/01/2012;06:27:00;65;sem vítima;616,5;BR-381/MG;Norte;Colisão Traseira;2;3;;;;;1
24/01/2012;08:53:00;127;sem vítima;587,5;BR-381/MG;Norte;Choque - Elemento de Drenagem;1;1;;;;;1
24/01/2012;21:08:00;476;com vítima;595;BR-381/MG;Sul;Colisão Traseira;1;2;1;;;;1
24/01/2012;10:14:00;173;sem vítima;712,9;BR-381/MG;Norte;Choque - Defensa, barreira ou "submarino";1;1;;;;;1
24/01/2012;10:23:00;181;sem vítima;836;BR-381/MG;Sul;Colisão Traseira;1;2;;;;;1
24/01/2012;01:15:00;17;com vítima;841;BR-381/MG;Sul;Outros - Sequência;2;5;2;;;;1
24/01/2012;12:59:00;238;sem vítima;918;BR-381/MG;Sul;Colisão Lateral;1;2;;;;;1
24/01/2012;11:31:00;209;com vítima;921;BR-381/MG;Sul;Tombamento;1;0;;1;;;2
24/01/2012;07:36:00;94;sem vítima;929,8;BR-381/MG;Sul;Outros - Sequência;1;1;;;;;1
25/01/2012;06:53:00;80;sem vítima;502;BR-381/MG;Sul;Colisão Traseira;1;2;;;;;1
25/01/2012;13:54:00;284;sem vítima;602;BR-381/MG;Sul;Tombamento;1;1;;;;;1
25/01/2012;06:14:00;68;com vítima;605,5;BR-381/MG;Sul;Colisão Traseira;2;1;2;;;;1
25/01/2012;23:20:00;557;com vítima;640;BR-381/MG;Sul;Choque - Defensa, barreira ou "submarino";1;0;1;;;;1
25/01/2012;04:47:00;53;com vítima;847;BR-381/MG;Sul;Choque - Defensa, barreira ou "submarino";1;0;1;;;;1
25/01/2012;14:40:00;413;sem vítima;876,5;BR-381/MG;Norte;Outros - Sequência;1;1;;;;;1
25/01/2012;14:40:00;318;sem vítima;876,7;BR-381/MG;Norte;Colisão Traseira;2;2;;;;;1
25/01/2012;14:33:00;302;sem vítima;877;BR-381/MG;Norte;Colisão Traseira;2;2;;;;;1
25/01/2012;00:07:00;13;sem vítima;905;BR-381/MG;Norte;Outros - Sequência;2;3;;;;;1
25/01/2012;19:48:00;479;sem vítima;938,8;BR-381/MG;Norte;Colisão Lateral;1;2;;;;;1
26/01/2012;05:39:00;95;sem vítima;89,5;BR-381/SP;Norte;Engavetamento;1;3;;;;;1
26/01/2012;09:48:00;201;sem vítima;486,7;BR-381/MG;Norte;Colisão Traseira;2;2;;;;;1
26/01/2012;07:24:00;127;sem vítima;839,8;BR-381/MG;Sul;Choque - Elemento de Drenagem;1;1;;;;;1
27/01/2012;14:52:00;325;com vítima;33,3;BR-381/SP;Norte;Outros - Sequência;2;2;1;;;;1
27/01/2012;22:41:00;534;com vítima;37,1;BR-381/SP;Norte;Outros - Sequência;1;2;;;;1;3
27/01/2012;14:13:00;306;com vítima;49,8;BR-381/SP;Sul;Tombamento;1;0;1;;;;1
27/01/2012;13:06:00;282;sem vítima;61,7;BR-381/SP;Sul;Colisão Lateral;1;2;;;;;1
27/01/2012;00:18:00;14;com vítima;90,1;BR-381/SP;Norte;Atropelamento - Andarilho;1;1;;1;;;2
27/01/2012;06:57:00;104;sem vítima;491;BR-381/MG;Norte;Colisão Lateral;1;2;;;;;1
27/01/2012;19:54:00;472;sem vítima;494,4;BR-381/MG;Sul;Colisão Traseira;2;2;;;;;1
27/01/2012;07:51:00;133;sem vítima;496;BR-381/MG;Sul;Colisão Lateral;1;2;;;;;1
27/01/2012;00:13:00;11;sem vítima;708,2;BR-381/MG;Sul;Colisão Traseira;2;2;;;;;1
27/01/2012;16:25:00;383;sem vítima;737,4;BR-381/MG;Sul;Choque - Elemento de Drenagem;1;1;;;;;1
27/01/2012;15:40:00;357;com vítima;737,6;BR-381/MG;Sul;Outros - Sequência;2;0;2;;;;1
27/01/2012;23:49:00;560;sem vítima;805,4;BR-381/MG;Norte;Colisão Traseira;2;2;;;;;1
27/01/2012;15:18:00;341;sem vítima;874;BR-381/MG;Sul;Choque - Elemento de Drenagem;1;1;;;;;1
27/01/2012;14:41:00;318;sem vítima;934,4;BR-381/MG;Norte;Outros - Sequência;1;1;;;;;1
28/01/2012;00:31:00;15;sem vítima;36;BR-381/SP;Norte;Colisão Lateral;1;2;;;;;1
28/01/2012;07:48:00;105;sem vítima;47,1;BR-381/SP;Norte;Choque - Defensa, barreira ou "submarino";1;1;;;;;1
28/01/2012;12:24:00;225;sem vítima;496;BR-381/MG;Norte;Colisão Traseira;1;2;;;;;1
28/01/2012;13:00:00;241;com vítima;517;BR-381/MG;Norte;Outros - Sequência;1;1;5;2;1;;2
28/01/2012;13:55:00;257;sem vítima;521,8;BR-381/MG;Sul;Outros - Sequência;1;2;;;;;1
28/01/2012;01:08:00;25;sem vítima;693,2;BR-381/MG;Norte;Choque - Defensa, barreira ou "submarino";1;1;;;;;1
28/01/2012;09:11:00;154;sem vítima;694,1;BR-381/MG;Norte;Outros - Sequência;2;2;;;;;1
28/01/2012;10:03:00;178;sem vítima;694,3;BR-381/MG;Norte;Engavetamento;3;3;;;;;1
28/01/2012;10:23:00;188;sem vítima;721;BR-381/MG;Norte;Outros - Sequência;1;1;;;;;1
28/01/2012;01:41:00;32;com vítima;899,5;BR-381/MG;Norte;Colisão Lateral;2;2;1;;;;1
29/01/2012;23:29:00;507;com vítima;48;BR-381/SP;Norte;Outros - Sequência;2;1;;1;1;1;3
29/01/2012;16:45:00;347;com vítima;486;BR-381/MG;Norte;Choque - Poste;1;0;1;;;;1
29/01/2012;14:51:00;287;com vítima;516,7;BR-381/MG;Norte;Colisão Traseira;1;1;3;;;;1
29/01/2012;13:07:00;252;sem vítima;517;BR-381/MG;Norte;Colisão Lateral;1;3;;;;;1
29/01/2012;07:33:00;84;sem vítima;881,5;BR-381/MG;Norte;Colisão Lateral;2;2;;;;;1
30/01/2012;12:28:00;254;com vítima;5,5;BR-381/SP;Norte;Tombamento;1;0;1;;;;1
30/01/2012;12:35:00;258;sem vítima;81,6;BR-381/SP;Norte;Colisão Lateral;1;2;;;;;1
30/01/2012;10:53:00;219;sem vítima;90,2;BR-381/SP;Norte;Colisão Lateral;1;2;;;;;1
30/01/2012;06:41:00;69;sem vítima;486,7;BR-381/MG;Norte;Engavetamento;1;3;;;;;1
30/01/2012;01:01:00;19;com vítima;492;BR-381/MG;Norte;Colisão Traseira;1;1;1;;;;1
30/01/2012;20:10:00;492;sem vítima;494,6;BR-381/MG;Sul;Colisão Traseira;2;2;;;;;1
30/01/2012;14:51:00;307;com vítima;529,6;BR-381/MG;Sul;Outros - Sequência;1;1;3;;;;1
30/01/2012;21:40:00;521;com vítima;725;BR-381/MG;Sul;Colisão Traseira;2;1;1;;1;;2
30/01/2012;19:03:00;467;sem vítima;737;BR-381/MG;Norte;Colisão Traseira;1;7;;;;;1
30/01/2012;18:31:00;449;sem vítima;844;BR-381/MG;Sul;Outros - Sequência;1;2;;;;;1
30/01/2012;14:40:00;298;sem vítima;900,5;BR-381/MG;Norte;Choque - Cancela de Pedagio;1;1;;;;;1
30/01/2012;02:58:00;37;sem vítima;900,88;BR-381/MG;Sul;Choque - Outros;1;1;;;;;1
31/01/2012;12:18:00;242;com vítima;31;BR-381/SP;Sul;Colisão Traseira;1;5;1;;;;1
31/01/2012;18:32:00;444;sem vítima;82;BR-381/SP;Norte;Colisão Lateral;1;2;;;;;1
31/01/2012;18:40:00;447;sem vítima;478,5;BR-381/MG;Norte;Colisão Lateral;1;2;;;;;1
31/01/2012;11:47:00;227;sem vítima;488;BR-381/MG;Norte;Colisão Lateral;1;2;;;;;1
31/01/2012;11:52:00;230;com vítima;506,2;BR-381/MG;Sul;Colisão Lateral;2;1;1;;;;1
31/01/2012;14:43:00;303;com vítima;530,5;BR-381/MG;Sul;Colisão Traseira;2;1;1;;;;1
31/01/2012;07:09:00;57;sem vítima;532,1;BR-381/MG;Sul;Tombamento;1;1;;;;;1
31/01/2012;14:25:00;293;sem vítima;598;BR-381/MG;Sul;Colisão Traseira;2;3;;;;;1
31/01/2012;11:45:00;225;sem vítima;756,2;BR-381/MG;Norte;Colisão Traseira;1;2;;;;;1
31/01/2012;05:00:00;42;sem vítima;793;BR-381/MG;Sul;Colisão Traseira;2;2;;;;;1
31/01/2012;15:38:00;343;com vítima;795,1;BR-381/MG;Sul;Tombamento;1;2;1;;;;1
31/01/2012;08:33:00;119;sem vítima;913,4;BR-381/MG;Sul;Colisão Lateral;1;2;;;;;1
01/02/2012;22:55:00;514;sem vítima;65,7;BR-381/SP;Norte;Colisão Lateral;1;4;;;;;1
01/02/2012;19:11:00;437;sem vítima;481;BR-381/MG;Sul;Colisão Traseira;1;2;;;;;1
01/02/2012;18:34:00;412;com vítima;481,8;BR-381/MG;Norte;Colisão Lateral;1;1;1;;;;1
01/02/2012;19:31:00;441;sem vítima;484,1;BR-381/MG;Norte;Colisão Lateral;1;2;;;;;1
01/02/2012;14:36:00;288;com vítima;487,8;BR-381/MG;Sul;Outros - Sequência;1;0;;1;;;2
01/02/2012;23:46:00;527;com vítima;510;BR-381/MG;Sul;Outros - Sequência;1;1;1;;;;1
01/02/2012;19:03:00;432;sem vítima;592;BR-381/MG;Norte;Choque - Talude;1;1;;;;;1
01/02/2012;04:50:00;45;sem vítima;791;BR-381/MG;Sul;Engavetamento;3;3;;;;;1
01/02/2012;09:16:00;136;sem vítima;934,9;BR-381/MG;Sul;Colisão Lateral;1;2;;;;;1
02/02/2012;11:01:00;230;sem vítima;28;BR-381/SP;Norte;Colisão Lateral;1;4;;;;;1
02/02/2012;13:05:00;277;sem vítima;56,1;BR-381/SP;Norte;Colisão Traseira;2;2;;;;;1
02/02/2012;13:46:00;287;sem vítima;75,2;BR-381/SP;Norte;Colisão Lateral;1;2;;;;;1
02/02/2012;07:47:00;122;sem vítima;597,8;BR-381/MG;Norte;Outros - Sequência;1;6;;;;;1
02/02/2012;00:46:00;19;com vítima;652,3;BR-381/MG;Norte;Outros - Sequência;1;0;;;1;;2
02/02/2012;07:29:00;109;sem vítima;830;BR-381/MG;Sul;Colisão Lateral;1;2;;;;;1
02/02/2012;09:33:00;177;sem vítima;893;BR-381/MG;Sul;Colisão Traseira;1;2;;;;;1
03/02/2012;10:38:00;228;sem vítima;67,9;BR-381/SP;Norte;Colisão Traseira;2;2;;;;;1
03/02/2012;11:52:00;275;sem vítima;507;BR-381/MG;Norte;Outros;1;2;;;;;1
03/02/2012;23:50:00;592;sem vítima;545,95;BR-381/MG;Sul;Colisão Lateral;1;25;;;;;1
03/02/2012;09:36:00;190;sem vítima;597,5;BR-381/MG;Norte;Choque - Defensa, barreira ou "submarino";1;1;;;;;1
03/02/2012;02:02:00;33;com vítima;672,1;BR-381/MG;Sul;Tombamento;1;0;1;;;;1
03/02/2012;17:46:00;433;sem vítima;857,7;BR-381/MG;Norte;Outros - Sequência;1;3;;;;;1
03/02/2012;12:59:00;296;com vítima;872,5;BR-381/MG;Norte;Outros - Sequência;1;0;;1;;;2
04/02/2012;16:46:00;381;sem vítima;6;BR-381/SP;Norte;Choque - Elemento de Drenagem;1;5;;;;;1
04/02/2012;06:38:00;96;sem vítima;524;BR-381/MG;Norte;Choque - Defensa, barreira ou "submarino";1;1;;;;;1
04/02/2012;21:11:00;499;sem vítima;534;BR-381/MG;Sul;Colisão Lateral;1;2;;;;;1
04/02/2012;10:30:00;205;sem vítima;576,6;BR-381/MG;Norte;Colisão Lateral;2;2;;;;;1
04/02/2012;00:53:00;18;sem vítima;768;BR-381/MG;Sul;Atropelamento de Animal;1;1;;;;;1
04/02/2012;01:35:00;37;sem vítima;805;BR-381/MG;Norte;Colisão Lateral;2;2;;;;;1
05/02/2012;19:13:00;411;com vítima;41;BR-381/SP;Sul;Outros - Sequência;1;2;;1;;;2
05/02/2012;16:24:00;277;sem vítima;491,8;BR-381/MG;Norte;Engavetamento;1;3;;;;;1
05/02/2012;20:30:00;462;sem vítima;497;BR-381/MG;Norte;Colisão Traseira;1;2;;;;;1
05/02/2012;16:16:00;275;com vítima;525,9;BR-381/MG;Sul;Tombamento;1;0;2;;;;1
05/02/2012;10:52:00;151;sem vítima;671,2;BR-381/MG;Norte;Tombamento;1;1;;;;;1
05/02/2012;18:55:00;394;sem vítima;938;BR-381/MG;Sul;Colisão Lateral;1;2;;;;;1
06/02/2012;08:46:00;158;sem vítima;41;BR-381/SP;Norte;Colisão Traseira;1;2;;;;;1
06/02/2012;10:29:00;236;com vítima;75;BR-381/SP;Norte;Tombamento;1;0;1;;;;1
06/02/2012;13:56:00;327;sem vítima;488,2;BR-381/MG;Norte;Colisão Traseira;1;2;;;;;1
06/02/2012;01:10:00;28;sem vítima;599,9;BR-381/MG;Sul;Colisão Traseira;2;2;;;;;1
06/02/2012;22:06:00;565;sem vítima;733;BR-381/MG;Norte;Colisão Lateral;1;2;;;;;1
06/02/2012;07:47:00;122;sem vítima;871;BR-381/MG;Sul;Colisão Traseira;1;2;;;;;1
07/02/2012;07:35:00;116;com vítima;30,5;BR-381/SP;Sul;Outros - Sequência;1;0;1;;;;1
07/02/2012;21:28:00;549;com vítima;33,4;BR-381/SP;Sul;Outros - Sequência;2;1;1;;;;1
07/02/2012;21:01:00;539;sem vítima;33,9;BR-381/SP;Sul;Choque - Defensa, barreira ou "submarino";1;1;;;;;1
07/02/2012;20:43:00;531;sem vítima;34,1;BR-381/SP;Sul;Choque - Defensa, barreira ou "submarino";1;1;;;;;1
07/02/2012;18:08:00;451;sem vítima;482,2;BR-381/MG;Norte;Engavetamento;1;5;;;;;1
07/02/2012;15:30:00;371;sem vítima;622;BR-381/MG;Sul;Tombamento;1;1;;;;;1
07/02/2012;03:26:00;61;sem vítima;641,7;BR-381/MG;Norte;Tombamento;1;1;;;;;1
07/02/2012;00:48:00;20;sem vítima;670,5;BR-381/MG;Norte;Colisão Traseira;1;2;;;;;1
07/02/2012;23:05:00;563;com vítima;736,4;BR-381/MG;Norte;Colisão Lateral;2;1;1;;;;1
07/02/2012;01:17:00;28;sem vítima;789,8;BR-381/MG;Sul;Colisão Lateral;2;2;;;;;1
07/02/2012;20:52:00;534;sem vítima;794,9;BR-381/MG;Sul;Colisão Traseira;2;2;;;;;1
07/02/2012;15:47:00;380;sem vítima;833,4;BR-381/MG;Norte;Engavetamento;3;3;;;;;1
07/02/2012;05:03:00;78;sem vítima;836,1;BR-381/MG;Sul;Colisão Traseira;1;3;;;;;1
07/02/2012;16:09:00;392;sem vítima;936;BR-381/MG;Norte;Colisão Lateral;2;2;;;;;1
07/02/2012;16:22:00;399;sem vítima;939;BR-381/MG;Sul;Outros;1;2;;;;;1
08/02/2012;01:39:00;37;com vítima;58;BR-381/SP;Sul;Outros - Sequência;1;2;1;;;;1
08/02/2012;06:40:00;96;com vítima;486,8;BR-381/MG;Norte;Colisão Lateral;1;1;1;;;;1
08/02/2012;03:45:00;58;com vítima;531,9;BR-381/MG;Sul;Tombamento;1;0;;;;1;3
08/02/2012;05:42:00;83;sem vítima;673,1;BR-381/MG;Sul;Atropelamento de Animal;1;1;;;;;1
08/02/2012;13:09:00;286;com vítima;750,5;BR-381/MG;Sul;Choque - Defensa, barreira ou "submarino";1;0;;;1;;2
08/02/2012;03:11:00;50;sem vítima;760,5;BR-381/MG;Sul;Colisão Lateral;1;2;;;;;1
08/02/2012;14:16:00;308;sem vítima;926;BR-381/MG;Sul;Choque - Defensa, barreira ou "submarino";1;1;;;;;1
09/02/2012;00:31:00;18;sem vítima;484,8;BR-381/MG;Norte;Colisão Lateral;1;2;;;;;1
09/02/2012;11:03:00;215;sem vítima;525;BR-381/MG;Sul;Colisão Traseira;2;2;;;;;1
09/02/2012;11:29:00;226;sem vítima;712,7;BR-381/MG;Sul;Outros;2;5;;;;;1
09/02/2012;19:42:00;447;com vítima;734,1;BR-381/MG;Norte;Outros - Sequência;1;0;1;1;2;;2
09/02/2012;08:50:00;139;sem vítima;770,8;BR-381/MG;Sul;Colisão Lateral;1;2;;;;;1
09/02/2012;01:42:00;38;com vítima;795,5;BR-381/MG;Norte;Outros - Sequência;2;0;2;;;;1
09/02/2012;02:07:00;41;com vítima;843,4;BR-381/MG;Sul;Tombamento;1;0;1;;;;1
09/02/2012;13:58:00;279;sem vítima;906,8;BR-381/MG;Norte;Tombamento;1;1;;;;;1
09/02/2012;18:10:00;410;sem vítima;925,5;BR-381/MG;Norte;Tombamento;1;1;;;;;1
10/02/2012;17:07:00;366;sem vítima;61;BR-381/SP;Sul;Choque - Talude;1;2;;;;;1
10/02/2012;13:08:00;256;sem vítima;90;BR-381/SP;Sul;Colisão Traseira;1;2;;;;;1
10/02/2012;03:53:00;53;sem vítima;494,5;BR-381/MG;Sul;Outros - Sequência;1;2;;;;;1
10/02/2012;04:23:00;61;sem vítima;516;BR-381/MG;Norte;Choque - Defensa, barreira ou "submarino";1;1;;;;;1
10/02/2012;02:47:00;45;sem vítima;537,2;BR-381/MG;Norte;Outros - Sequência;1;2;;;;;1
10/02/2012;03:29:00;48;com vítima;568,5;BR-381/MG;Norte;Colisão Traseira;1;1;2;2;;;2
10/02/2012;14:22:00;279;sem vítima;570;BR-381/MG;Sul;Colisão Lateral;1;2;;;;;1
10/02/2012;03:56:00;55;com vítima;601,7;BR-381/MG;Norte;Outros - Sequência;1;1;1;;;;1
10/02/2012;22:27:00;509;sem vítima;701,5;BR-381/MG;Norte;Colisão Lateral;1;2;;;;;1
10/02/2012;23:40:00;536;com vítima;705,5;BR-381/MG;Norte;Tombamento;1;0;1;;;;1
10/02/2012;06:44:00;92;com vítima;869;BR-381/MG;Sul;Colisão Traseira;1;3;2;;;;1
10/02/2012;01:41:00;38;sem vítima;870;BR-381/MG;Norte;Colisão Lateral;1;2;;;;;1
10/02/2012;12:00:00;236;sem vítima;901,7;BR-381/MG;Norte;Colisão Traseira;2;2;;;;;1
11/02/2012;14:54:00;280;sem vítima;485,9;BR-381/MG;Sul;Engavetamento;1;3;;;;;1
11/02/2012;10:50:00;209;com vítima;525,5;BR-381/MG;Sul;Tombamento;1;0;2;;1;;2
11/02/2012;14:54:00;279;sem vítima;545,8;BR-381/MG;Sul;Colisão Traseira;2;2;;;;;1
11/02/2012;07:47:00;125;sem vítima;842,8;BR-381/MG;Sul;Choque - Suporte de Sinalização;1;1;;;;;1
11/02/2012;20:03:00;427;com vítima;873,9;BR-381/MG;Sul;Tombamento;1;0;1;;;;1
11/02/2012;19:49:00;418;sem vítima;921,5;BR-381/MG;Sul;Choque - Defensa, barreira ou "submarino";1;1;;;;;1
12/02/2012;12:15:00;184;sem vítima;73,5;BR-381/SP;Norte;Outros - Sequência;1;3;;;;;1
12/02/2012;12:29:00;190;com vítima;75;BR-381/SP;Norte;Tombamento;1;1;2;;;;1
12/02/2012;17:59:00;324;sem vítima;487,5;BR-381/MG;Norte;Engavetamento;1;3;;;;;1
12/02/2012;00:36:00;25;sem vítima;509,5;BR-381/MG;Sul;Colisão Lateral;2;2;;;;;1
12/02/2012;12:33:00;192;sem vítima;767,3;BR-381/MG;Sul;Tombamento;1;1;;;;;1
12/02/2012;17:08:00;301;com vítima;853;BR-381/MG;Norte;Colisão Traseira;1;1;;1;1;;2
12/02/2012;23:27:00;451;sem vítima;883,5;BR-381/MG;Norte;Outros - Sequência;1;1;;;;;1
12/02/2012;23:54:00;457;sem vítima;883,5;BR-381/MG;Sul;Choque - Objeto sobre a pista;1;1;;;;;1
12/02/2012;23:55:00;458;sem vítima;883,5;BR-381/MG;Sul;Choque - Objeto sobre a pista;1;1;;;;;1
12/02/2012;23:48:00;454;com vítima;883,7;BR-381/MG;Sul;Outros - Sequência;1;0;1;;;;1
12/02/2012;15:28:00;257;com vítima;907,6;BR-381/MG;Norte;Outros - Sequência;1;1;1;;;;1
12/02/2012;22:40:00;439;com vítima;916,1;BR-381/MG;Sul;Outros;2;3;1;;;;1
12/02/2012;16:45:00;288;sem vítima;934;BR-381/MG;Norte;Outros - Sequência;1;1;;;;;1
13/02/2012;15:05:00;262;sem vítima;13,8;BR-381/SP;Sul;Colisão Traseira;2;2;;;;;1
13/02/2012;05:03:00;43;sem vítima;30,3;BR-381/SP;Norte;Colisão Traseira;2;2;;;;;1
13/02/2012;11:46:00;185;sem vítima;61;BR-381/SP;Norte;Engavetamento;1;4;;;;;1
13/02/2012;07:08:00;72;sem vítima;82;BR-381/SP;Sul;Engavetamento;1;4;;;;;1
13/02/2012;20:35:00;408;sem vítima;90;BR-381/SP;Norte;Engavetamento;1;3;;;;;1
13/02/2012;09:27:00;135;sem vítima;482;BR-381/MG;Norte;Colisão Traseira;1;2;;;;;1