data;horario;n_da_ocorrencia;tipo_de_ocorrencia;km;trecho;sentido;tipo_de_acidente;caminhao;ilesos;levemente_feridos;moderadamente_feridos;gravemente_feridos;mortos;3
13/02/2012;10:08:00;145;sem vítima;482,2;BR-381/MG;Sul;Colisão Lateral;1;2;;;;;1
13/02/2012;16:37:00;307;sem vítima;485,7;BR-381/MG;Sul;Colisão Traseira;1;2;;;;;1
13/02/2012;17:44:00;335;com vítima;520,5;BR-381/MG;Norte;Colisão Traseira;2;1;;1;;;2
13/02/2012;22:55:00;443;sem vítima;621;BR-381/MG;Sul;Outros - Sequência;2;2;;;;;1
13/02/2012;11:00:00;168;sem vítima;651;BR-381/MG;Sul;Colisão Traseira;1;2;;;;;1
13/02/2012;11:38:00;181;sem vítima;697,5;BR-381/MG;Norte;Outros;1;1;;;;;1
14/02/2012;23:18:00;520;sem vítima;0,5;BR-381/SP;Norte;Colisão Lateral;1;2;;;;;1
14/02/2012;14:50:00;328;com vítima;89,1;BR-381/SP;Sul;Engavetamento;1;2;1;;;;1
14/02/2012;10:16:00;209;sem vítima;510,8;BR-381/MG;Sul;Colisão Traseira;2;2;;;;;1
14/02/2012;16:35:00;375;sem vítima;525,2;BR-381/MG;Sul;Choque - Talude;1;1;;;;;1
14/02/2012;12:27:00;276;com vítima;525,8;BR-381/MG;Sul;Choque - Defensa, barreira ou "submarino";1;0;1;;;;1
14/02/2012;15:32:00;342;sem vítima;525,8;BR-381/MG;Sul;Outros - Sequência;3;6;;;;;1
14/02/2012;16:45:00;382;sem vítima;649,5;BR-381/MG;Sul;Choque - Elemento de Drenagem;1;1;;;;;1
14/02/2012;13:17:00;294;com vítima;774,4;BR-381/MG;Sul;Tombamento;1;0;1;;;;1
14/02/2012;00:52:00;21;sem vítima;886,7;BR-381/MG;Norte;Outros - Sequência;1;1;;;;;1
14/02/2012;03:40:00;43;com vítima;923,6;BR-381/MG;Sul;Tombamento;1;0;1;;;;1
14/02/2012;04:42:00;49;sem vítima;923,6;BR-381/MG;Norte;Choque - Objeto sobre a pista;1;1;;;;;1
14/02/2012;09:59:00;194;sem vítima;930;BR-381/MG;Sul;Tombamento;1;1;;;;;1
15/02/2012;10:42:00;224;sem vítima;478;BR-381/MG;Norte;Colisão Traseira;1;2;;;;;1
15/02/2012;16:26:00;361;sem vítima;562,2;BR-381/MG;Sul;Outros - Sequência;1;1;;;;;1
15/02/2012;06:00:00;58;sem vítima;597,67;BR-381/MG;Norte;Colisão Lateral;2;2;;;;;1
15/02/2012;16:48:00;371;com vítima;726,7;BR-381/MG;Norte;Outros - Sequência;1;0;3;;;;1
15/02/2012;22:45:00;514;sem vítima;734;BR-381/MG;Sul;Saida de Pista;1;1;;;;;1
15/02/2012;01:21:00;26;sem vítima;746,7;BR-381/MG;Norte;Colisão Traseira;2;2;;;;;1
15/02/2012;16:36:00;365;sem vítima;748;BR-381/MG;Norte;Choque - Elemento de Drenagem;1;1;;;;;1
16/02/2012;11:25:00;246;com vítima;44,4;BR-381/SP;Sul;Atropelamento - Outros;1;1;1;;;;1
16/02/2012;18:21:00;444;sem vítima;82;BR-381/SP;Sul;Colisão Lateral;1;2;;;;;1
16/02/2012;18:12:00;434;sem vítima;480;BR-381/MG;Sul;Colisão Lateral;1;2;;;;;1
16/02/2012;07:30:00;108;sem vítima;481,1;BR-381/MG;Sul;Engavetamento;1;6;;;;;1
16/02/2012;16:58:00;403;com vítima;481,4;BR-381/MG;Sul;Engavetamento;2;3;2;;;;1
16/02/2012;05:36:00;71;sem vítima;510;BR-381/MG;Sul;Colisão Traseira;1;2;;;;;1
16/02/2012;19:43:00;491;sem vítima;513,3;BR-381/MG;Norte;Colisão Traseira;2;3;;;;;1
16/02/2012;18:25:00;449;sem vítima;521;BR-381/MG;Norte;Colisão Lateral;3;3;;;;;1
16/02/2012;03:13:00;45;sem vítima;587;BR-381/MG;Norte;Tombamento;1;2;;;;;1
16/02/2012;06:32:00;82;com vítima;829,8;BR-381/MG;Sul;Outros;1;0;2;;;;1
16/02/2012;09:34:00;185;sem vítima;886,7;BR-381/MG;Sul;Choque - Talude;1;1;;;;;1
17/02/2012;16:59:00;409;sem vítima;50,3;BR-381/SP;Norte;Choque - Defensa, barreira ou "submarino";1;1;;;;;1
17/02/2012;19:20:00;507;sem vítima;53,5;BR-381/SP;Norte;Colisão Lateral;1;2;;;;;1
17/02/2012;20:08:00;532;sem vítima;492;BR-381/MG;Sul;Colisão Lateral;1;2;;;;;1
17/02/2012;06:55:00;101;sem vítima;495;BR-381/MG;Norte;Colisão Lateral;1;2;;;;;1
17/02/2012;01:03:00;38;com vítima;535;BR-381/MG;Sul;Colisão Traseira;2;1;1;;;;1
17/02/2012;08:02:00;129;com vítima;537,1;BR-381/MG;Sul;Outros - Sequência;1;1;1;1;;;2
17/02/2012;10:15:00;199;com vítima;696,8;BR-381/MG;Sul;Saida de Pista;1;1;2;;;;1
17/02/2012;06:24:00;84;sem vítima;844;BR-381/MG;Sul;Outros;1;1;;;;;1
18/02/2012;10:31:00;262;sem vítima;82;BR-381/SP;Norte;Colisão Traseira;1;2;;;;;1
18/02/2012;11:05:00;279;sem vítima;84,8;BR-381/SP;Sul;Engavetamento;1;3;;;;;1
18/02/2012;06:29:00;134;sem vítima;540;BR-381/MG;Norte;Outros - Sequência;1;1;;;;;1
18/02/2012;15:59:00;460;sem vítima;664;BR-381/MG;Sul;Choque - Outros;1;1;;;;;1
18/02/2012;02:31:00;66;com vítima;675;BR-381/MG;Norte;Outros - Sequência;1;3;2;1;;;2
18/02/2012;14:05:00;388;com vítima;752,8;BR-381/MG;Sul;Choque - Defensa, barreira ou "submarino";1;0;;;1;;2
18/02/2012;13:52:00;380;sem vítima;788;BR-381/MG;Norte;Outros - Sequência;1;7;;;;;1
18/02/2012;14:25:00;394;sem vítima;821,8;BR-381/MG;Norte;Colisão Traseira;1;4;;;;;1
19/02/2012;14:50:00;299;sem vítima;600;BR-381/MG;Sul;Colisão Lateral;1;2;;;;;1
20/02/2012;19:38:00;317;sem vítima;510;BR-381/MG;Norte;Colisão Lateral;1;2;;;;;1
20/02/2012;18:23:00;286;sem vítima;537,8;BR-381/MG;Norte;Choque - Poste;1;1;;;;;1
21/02/2012;17:28:00;325;sem vítima;498;BR-381/MG;Norte;Colisão Lateral;1;2;;;;;1
22/02/2012;17:38:00;416;sem vítima;523,8;BR-381/MG;Sul;Outros - Sequência;1;2;;;;;1
22/02/2012;21:25:00;495;sem vítima;561,2;BR-381/MG;Sul;Colisão Traseira;2;2;;;;;1
22/02/2012;15:50:00;367;com vítima;628,5;BR-381/MG;Norte;Outros - Sequência;1;1;2;;;;1
22/02/2012;22:31:00;506;sem vítima;700,8;BR-381/MG;Sul;Colisão Lateral;1;4;;;;;1
22/02/2012;17:47:00;421;sem vítima;879;BR-381/MG;Norte;Choque - Elemento de Drenagem;1;1;;;;;1
22/02/2012;22:47:00;514;com vítima;890,2;BR-381/MG;Norte;Outros - Sequência;1;0;;1;;;2
23/02/2012;01:23:00;22;sem vítima;649,9;BR-381/MG;Sul;Outros - Sequência;1;6;;;;;1
23/02/2012;19:06:00;492;com vítima;829,649;BR-381/MG;Norte;Tombamento;1;1;1;;;;1
23/02/2012;12:43:00;276;com vítima;832,1;BR-381/MG;Sul;Tombamento;1;0;;;1;;2
23/02/2012;11:05:00;231;sem vítima;878,5;BR-381/MG;Sul;Outros - Sequência;1;1;;;;;1
23/02/2012;15:36:00;360;sem vítima;940,6;BR-381/MG;Sul;Choque - Defensa, barreira ou "submarino";1;1;;;;;1
24/02/2012;16:35:00;351;sem vítima;28,5;BR-381/SP;Norte;Colisão Lateral;1;4;;;;;1
24/02/2012;18:09:00;400;sem vítima;84,7;BR-381/SP;Sul;Outros - Sequência;1;2;;;;;1
24/02/2012;06:05:00;69;sem vítima;90;BR-381/SP;Norte;Colisão Traseira;1;2;;;;;1
24/02/2012;16:35:00;352;sem vítima;486,8;BR-381/MG;Norte;Colisão Traseira;2;2;;;;;1
24/02/2012;00:40:00;20;com vítima;542;BR-381/MG;Norte;Colisão Traseira;2;1;1;;;;1
24/02/2012;02:13:00;42;sem vítima;576,3;BR-381/MG;Norte;Colisão Traseira;2;2;;;;;1
24/02/2012;17:11:00;376;sem vítima;652;BR-381/MG;Norte;Tombamento;1;2;;;;;1
24/02/2012;07:08:00;84;sem vítima;707;BR-381/MG;Norte;Tombamento;1;1;;;;;1
24/02/2012;16:28:00;350;com vítima;768,6;BR-381/MG;Sul;Outros - Sequência;2;0;;2;1;2;3
24/02/2012;22:38:00;497;sem vítima;773;BR-381/MG;Sul;Choque - Elemento de Drenagem;1;2;;;;;1
24/02/2012;08:01:00;113;sem vítima;782,8;BR-381/MG;Norte;Colisão Traseira;1;2;;;;;1
24/02/2012;04:04:00;53;sem vítima;907;BR-381/MG;Sul;Choque - Defensa, barreira ou "submarino";1;1;;;;;1
25/02/2012;15:36:00;304;sem vítima;22,37;BR-381/SP;Norte;Colisão Lateral;1;2;;;;;1
25/02/2012;13:09:00;239;com vítima;55;BR-381/SP;Sul;Colisão Traseira;1;2;2;;;;1
25/02/2012;17:01:00;357;sem vítima;494,5;BR-381/MG;Norte;Colisão Lateral;1;2;;;;;1
25/02/2012;05:28:00;70;sem vítima;513;BR-381/MG;Norte;Tombamento;1;1;;;;;1
25/02/2012;06:14:00;76;com vítima;609;BR-381/MG;Norte;Colisão Lateral;2;1;1;;;;1
25/02/2012;13:56:00;256;sem vítima;839,3;BR-381/MG;Sul;Colisão Traseira;1;2;;;;;1
25/02/2012;18:22:00;405;sem vítima;912;BR-381/MG;Norte;Colisão Lateral;1;2;;;;;1
27/02/2012;18:40:00;861;com vítima;4,3;BR-381/SP;Norte;Colisão Traseira;1;2;4;;;;1
27/02/2012;21:37:00;935;sem vítima;75;BR-381/SP;Norte;Colisão Lateral;1;2;;;;;1
27/02/2012;08:36:00;543;sem vítima;478,6;BR-381/MG;Norte;Colisão Lateral;1;2;;;;;1
27/02/2012;07:19:00;499;com vítima;478,8;BR-381/MG;Norte;Colisão Lateral;1;2;1;;;;1
27/02/2012;17:15:00;306;sem vítima;516,1;BR-381/MG;Sul;Choque - Defensa, barreira ou "submarino";1;2;;;;;1
27/02/2012;13:03:00;170;sem vítima;897;BR-381/MG;Norte;Tombamento;1;1;;;;;1
27/02/2012;22:00:00;940;sem vítima;918;BR-381/MG;Norte;Colisão Lateral;1;2;;;;;1
27/02/2012;22:24:00;945;sem vítima;919,2;BR-381/MG;Sul;Choque - Defensa, barreira ou "submarino";1;1;;;;;1
28/02/2012;18:39:00;405;sem vítima;22;BR-381/SP;Norte;Colisão Traseira;1;2;;;;;1
28/02/2012;12:05:00;238;sem vítima;66,5;BR-381/SP;Sul;Colisão Traseira;2;2;;;;;1
28/02/2012;06:59:00;93;com vítima;481;BR-381/MG;Sul;Queda de Moto;1;1;;1;;;2
28/02/2012;02:36:00;47;com vítima;519;BR-381/MG;Sul;Outros;1;0;1;;;;1
28/02/2012;04:23:00;56;sem vítima;760,1;BR-381/MG;Norte;Tombamento;1;1;;;;;1
29/02/2012;17:03:00;426;com vítima;14,7;BR-381/SP;Norte;Outros - Sequência;1;2;1;;;;1
29/02/2012;12:29:00;245;sem vítima;28,5;BR-381/SP;Sul;Colisão Traseira;1;4;;;;;1
29/02/2012;10:51:00;210;sem vítima;63,2;BR-381/SP;Norte;Colisão Traseira;2;2;;;;;1
29/02/2012;09:56:00;178;sem vítima;485,5;BR-381/MG;Sul;Engavetamento;2;3;;;;;1
29/02/2012;16:27:00;405;com vítima;494;BR-381/MG;Sul;Engavetamento;1;2;1;;;;1
29/02/2012;12:28:00;244;sem vítima;514,4;BR-381/MG;Sul;Colisão Traseira;2;2;;;;;1
29/02/2012;03:15:00;53;com vítima;540,1;BR-381/MG;Norte;Outros - Sequência;3;4;1;;;;1
29/02/2012;03:19:00;58;sem vítima;540,5;BR-381/MG;Norte;Tombamento;1;1;;;;;1
29/02/2012;03:34:00;57;com vítima;851,9;BR-381/MG;Sul;Tombamento;1;0;1;;;;1
29/02/2012;18:57:00;489;com vítima;903,5;BR-381/MG;Norte;Tombamento;1;0;;1;;;2
29/02/2012;19:02:00;493;sem vítima;903,5;BR-381/MG;Sul;Choque - Outros;1;3;;;;;1
01/03/2012;00:12:00;14;sem vítima;21,9;BR-381/SP;Sul;Colisão Traseira;1;2;;;;;1
01/03/2012;11:53:00;320;sem vítima;24;BR-381/SP;Sul;Colisão Traseira;1;2;;;;;1
01/03/2012;07:28:00;131;sem vítima;83;BR-381/SP;Sul;Colisão Lateral;1;2;;;;;1
01/03/2012;00:56:00;25;sem vítima;725;BR-381/MG;Sul;Colisão Traseira;2;3;;;;;1
01/03/2012;05:01:00;61;sem vítima;731;BR-381/MG;Norte;Colisão Lateral;1;2;;;;;1
01/03/2012;13:36:00;367;sem vítima;839,8;BR-381/MG;Sul;Saida de Pista;1;1;;;;;1
01/03/2012;12:43:00;343;sem vítima;900,8;BR-381/MG;Norte;Colisão Transversal;1;2;;;;;1
02/03/2012;21:18:00;599;sem vítima;65,5;BR-381/SP;Norte;Choque - Suporte de Sinalização;1;1;;;;;1
02/03/2012;14:39:00;378;sem vítima;89;BR-381/SP;Sul;Colisão Lateral;1;2;;;;;1
02/03/2012;07:46:00;142;sem vítima;490,9;BR-381/MG;Sul;Outros - Sequência;2;3;;;;;1
02/03/2012;22:38:00;628;com vítima;497,2;BR-381/MG;Sul;Colisão Traseira;1;1;1;;;;1
02/03/2012;00:33:00;24;com vítima;640,2;BR-381/MG;Norte;Outros - Sequência;2;1;;1;;;2
02/03/2012;19:25:00;553;sem vítima;672;BR-381/MG;Norte;Choque - Elemento de Drenagem;1;1;;;;;1
02/03/2012;14:11:00;355;sem vítima;756;BR-381/MG;Norte;Colisão Lateral;1;3;;;;;1
02/03/2012;19:31:00;557;sem vítima;931,6;BR-381/MG;Norte;Outros - Sequência;1;1;;;;;1
03/03/2012;14:28:00;285;com vítima;65,5;BR-381/SP;Norte;Atropelamento - Funcionário;1;1;;;;1;3
03/03/2012;11:53:00;253;sem vítima;483,8;BR-381/MG;Sul;Colisão Lateral;1;2;;;;;1
03/03/2012;08:15:00;127;com vítima;493;BR-381/MG;Sul;Outros - Sequência;1;4;1;2;;;2
03/03/2012;14:49:00;296;sem vítima;602;BR-381/MG;Sul;Colisão Lateral;1;2;;;;;1
03/03/2012;13:24:00;269;sem vítima;677,7;BR-381/MG;Sul;Colisão Traseira;2;3;;;;;1
03/03/2012;05:05:00;69;sem vítima;880,2;BR-381/MG;Sul;Choque - Elemento de Drenagem;1;1;;;;;1
03/03/2012;10:25:00;186;sem vítima;916;BR-381/MG;Sul;Colisão Traseira;2;2;;;;;1
04/03/2012;18:37:00;441;sem vítima;678,3;BR-381/MG;Norte;Colisão Traseira;1;2;;;;;1
04/03/2012;17:31:00;389;sem vítima;748,3;BR-381/MG;Sul;Choque - Elemento de Drenagem;1;1;;;;;1
04/03/2012;05:56:00;90;sem vítima;845;BR-381/MG;Sul;Choque - Elemento de Drenagem;1;1;;;;;1
05/03/2012;15:00:00;308;sem vítima;50;BR-381/SP;Norte;Colisão Lateral;1;2;;;;;1
05/03/2012;13:03:00;264;com vítima;53;BR-381/SP;Norte;Atropelamento - Morador;1;1;;;;1;3
05/03/2012;06:35:00;85;sem vítima;510,5;BR-381/MG;Norte;Colisão Lateral;2;2;;;;;1
05/03/2012;17:55:00;420;sem vítima;562,5;BR-381/MG;Sul;Colisão Traseira;2;2;;;;;1
05/03/2012;10:45:00;213;sem vítima;616,8;BR-381/MG;Norte;Colisão Traseira;1;2;;;;;1
05/03/2012;02:57:00;50;sem vítima;627,6;BR-381/MG;Sul;Colisão Traseira;2;3;;;;;1
05/03/2012;23:26:00;544;sem vítima;833;BR-381/MG;Norte;Colisão Lateral;1;3;;;;;1
06/03/2012;06:56:00;85;sem vítima;70,6;BR-381/SP;Sul;Colisão Traseira;2;2;;;;;1
06/03/2012;11:12:00;240;sem vítima;73;BR-381/SP;Norte;Tombamento;1;1;;;;;1
06/03/2012;10:45:00;225;sem vítima;77,8;BR-381/SP;Norte;Colisão Traseira;2;2;;;;;1
06/03/2012;16:31:00;388;sem vítima;498,2;BR-381/MG;Sul;Engavetamento;1;3;;;;;1
06/03/2012;00:23:00;13;sem vítima;880;BR-381/MG;Sul;Choque - Objeto sobre a pista;1;2;;;;;1
07/03/2012;12:48:00;292;sem vítima;46;BR-381/SP;Norte;Colisão Lateral;1;2;;;;;1
07/03/2012;10:21:00;224;com vítima;50,2;BR-381/SP;Norte;Colisão Traseira;1;1;1;;;;1
07/03/2012;02:34:00;56;sem vítima;55,5;BR-381/SP;Sul;Colisão Traseira;1;2;;;;;1
07/03/2012;05:08:00;77;sem vítima;712,2;BR-381/MG;Norte;Tombamento;1;1;;;;;1
07/03/2012;16:59:00;418;sem vítima;751,7;BR-381/MG;Norte;Colisão Lateral;1;2;;;;;1
07/03/2012;19:53:00;494;sem vítima;900,5;BR-381/MG;Sul;Outros - Sequência;1;2;;;;;1
08/03/2012;20:05:00;485;sem vítima;50;BR-381/SP;Norte;Colisão Traseira;1;2;;;;;1
08/03/2012;15:38:00;344;sem vítima;74,9;BR-381/SP;Norte;Tombamento;1;1;;;;;1
08/03/2012;08:17:00;136;sem vítima;507;BR-381/MG;Norte;Engavetamento;2;3;;;;;1
08/03/2012;07:59:00;126;com vítima;508;BR-381/MG;Norte;Colisão Traseira;2;2;2;;;;1
08/03/2012;08:30:00;142;com vítima;509,5;BR-381/MG;Norte;Colisão Traseira;1;3;1;;;;1
08/03/2012;07:42:00;118;sem vítima;559;BR-381/MG;Norte;Engavetamento;2;3;;;;;1
08/03/2012;04:43:00;74;sem vítima;679,5;BR-381/MG;Sul;Choque - Elemento de Drenagem;1;1;;;;;1
08/03/2012;04:54:00;78;com vítima;754;BR-381/MG;Sul;Colisão Traseira;2;1;1;;;;1
08/03/2012;19:04:00;458;sem vítima;921;BR-381/MG;Norte;Engavetamento;3;3;;;;;1
08/03/2012;02:07:00;49;sem vítima;939;BR-381/MG;Sul;Tombamento;1;1;;;;;1
09/03/2012;02:29:00;75;sem vítima;14,2;BR-381/SP;Sul;Colisão Traseira;2;3;;;;;1
09/03/2012;15:38:00;422;sem vítima;38;BR-381/SP;Norte;Engavetamento;3;5;;;;;1
09/03/2012;10:28:00;277;sem vítima;67;BR-381/SP;Sul;Colisão Lateral;2;2;;;;;1
09/03/2012;16:38:00;457;sem vítima;492,1;BR-381/MG;Norte;Outros - Sequência;1;2;;;;;1
09/03/2012;22:44:00;615;sem vítima;512;BR-381/MG;Norte;Outros - Sequência;1;3;;;;;1
09/03/2012;19:02:00;534;sem vítima;563;BR-381/MG;Sul;Outros - Sequência;1;1;;;;;1
09/03/2012;05:36:00;106;sem vítima;749;BR-381/MG;Norte;Colisão Traseira;2;2;;;;;1
09/03/2012;13:51:00;365;sem vítima;912;BR-381/MG;Sul;Choque - Defensa, barreira ou "submarino";1;1;;;;;1
09/03/2012;00:37:00;28;sem vítima;946;BR-381/MG;Norte;Choque - Defensa, barreira ou "submarino";1;1;;;;;1
10/03/2012;08:49:00;177;sem vítima;59;BR-381/SP;Sul;Colisão Traseira;1;2;;;;;1
10/03/2012;15:00:00;354;sem vítima;66,5;BR-381/SP;Norte;Colisão Lateral;1;2;;;;;1
10/03/2012;10:43:00;232;sem vítima;494;BR-381/MG;Norte;Tombamento;1;1;;;;;1
10/03/2012;13:10:00;295;sem vítima;494;BR-381/MG;Norte;Colisão Traseira;1;2;;;;;1
10/03/2012;16:26:00;416;sem vítima;495,7;BR-381/MG;Norte;Colisão Lateral;1;2;;;;;1
10/03/2012;15:50:00;388;sem vítima;497,5;BR-381/MG;Norte;Engavetamento;1;3;;;;;1
10/03/2012;16:46:00;429;sem vítima;517;BR-381/MG;Norte;Choque - Defensa, barreira ou "submarino";1;1;;;;;1
10/03/2012;06:22:00;95;com vítima;782;BR-381/MG;Norte;Tombamento;1;0;1;;;;1
10/03/2012;12:49:00;281;sem vítima;923,5;BR-381/MG;Sul;Choque - Defensa, barreira ou "submarino";1;1;;;;;1
10/03/2012;07:16:00;132;com vítima;923,8;BR-381/MG;Sul;Tombamento;1;0;1;;;;1
11/03/2012;19:12:00;398;sem vítima;525,8;BR-381/MG;Sul;Choque - Defensa, barreira ou "submarino";1;1;;;;;1
11/03/2012;11:48:00;202;sem vítima;565;BR-381/MG;Norte;Colisão Lateral;1;3;;;;;1
11/03/2012;22:09:00;492;com vítima;577;BR-381/MG;Norte;Tombamento;1;1;1;;;;1
11/03/2012;17:33:00;333;sem vítima;749;BR-381/MG;Norte;Colisão Lateral;1;3;;;;;1
11/03/2012;23:11:00;520;sem vítima;790;BR-381/MG;Sul;Outros - Sequência;1;1;;;;;1
11/03/2012;08:07:00;121;sem vítima;804;BR-381/MG;Norte;Colisão Traseira;1;2;;;;;1
12/03/2012;19:27:00;418;sem vítima;90,3;BR-381/SP;Norte;Colisão Lateral;1;2;;;;;1
12/03/2012;19:15:00;413;sem vítima;482;BR-381/MG;Sul;Engavetamento;1;3;;;;;1
12/03/2012;13:21:00;256;sem vítima;484;BR-381/MG;Sul;Colisão Lateral;1;2;;;;;1
12/03/2012;16:26:00;328;sem vítima;493,8;BR-381/MG;Sul;Colisão Traseira;2;2;;;;;1
12/03/2012;23:18:00;514;sem vítima;495,9;BR-381/MG;Sul;Colisão Traseira;1;2;;;;;1
12/03/2012;16:15:00;320;sem vítima;498,1;BR-381/MG;Norte;Engavetamento;1;4;;;;;1
12/03/2012;06:28:00;89;sem vítima;632,2;BR-381/MG;Norte;Choque - Elemento de Drenagem;1;2;;;;;1
12/03/2012;09:33:00;169;sem vítima;782,9;BR-381/MG;Sul;Choque - Outros;1;1;;;;;1
12/03/2012;16:27:00;331;com vítima;849;BR-381/MG;Norte;Tombamento;1;0;1;;;;1
12/03/2012;06:19:00;85;sem vítima;930;BR-381/MG;Sul;Tombamento;1;1;;;;;1
13/03/2012;08:19:00;153;sem vítima;22,2;BR-381/SP;Norte;Tombamento;1;1;;;;;1
13/03/2012;13:52:00;292;sem vítima;41;BR-381/SP;Sul;Colisão Traseira;1;2;;;;;1
13/03/2012;05:06:00;84;com vítima;68;BR-381/SP;Norte;Outros;1;0;1;1;;;2
13/03/2012;07:30:00;122;sem vítima;486,2;BR-381/MG;Norte;Colisão Traseira;1;2;;;;;1
13/03/2012;16:20:00;387;sem vítima;491,6;BR-381/MG;Sul;Colisão Traseira;1;2;;;;;1
13/03/2012;21:06:00;477;sem vítima;621;BR-381/MG;Norte;Tombamento;1;1;;;;;1
13/03/2012;01:04:00;35;sem vítima;626;BR-381/MG;Norte;Atropelamento de Animal;1;1;;;;;1
13/03/2012;02:00:00;52;com vítima;682,2;BR-381/MG;Sul;Outros - Sequência;1;0;1;;;;1
13/03/2012;23:06:00;508;sem vítima;724,5;BR-381/MG;Sul;Colisão Traseira;2;2;;;;;1
13/03/2012;16:19:00;376;sem vítima;755,3;BR-381/MG;Norte;Colisão Traseira;1;2;;;;;1
13/03/2012;22:34:00;500;sem vítima;785,1;BR-381/MG;Sul;Colisão Traseira;2;2;;;;;1
13/03/2012;22:37:00;502;sem vítima;807;BR-381/MG;Norte;Colisão Traseira;2;3;;;;;1
13/03/2012;04:49:00;82;com vítima;870;BR-381/MG;Sul;Outros - Sequência;1;1;;;;1;3
13/03/2012;15:08:00;329;sem vítima;884;BR-381/MG;Norte;Colisão Lateral;1;2;;;;;1
13/03/2012;13:18:00;277;sem vítima;926;BR-381/MG;Sul;Colisão Frontal;1;2;;;;;1
14/03/2012;23:24:00;483;sem vítima;29,3;BR-381/SP;Norte;Colisão Traseira;1;2;;;;;1
14/03/2012;11:01:00;212;sem vítima;39,8;BR-381/SP;Norte;Colisão Lateral;1;2;;;;;1
14/03/2012;18:57:00;419;sem vítima;489,5;BR-381/MG;Sul;Outros - Sequência;1;1;;;;;1
14/03/2012;15:03:00;299;sem vítima;527,6;BR-381/MG;Sul;Colisão Lateral;2;2;;;;;1
14/03/2012;10:15:00;186;sem vítima;546;BR-381/MG;Norte;Colisão Traseira;2;2;;;;;1
14/03/2012;05:56:00;75;sem vítima;620,8;BR-381/MG;Norte;;1;1;;;;;1
14/03/2012;13:59:00;269;com vítima;750,8;BR-381/MG;Sul;Engavetamento;3;0;4;;;;1
14/03/2012;00:03:00;2;sem vítima;863,8;BR-381/MG;Sul;Outros - Sequência;1;2;;;;;1
14/03/2012;19:31:00;428;sem vítima;928;BR-381/MG;Sul;Colisão Traseira;2;2;;;;;1
14/03/2012;19:09:00;423;sem vítima;928,5;BR-381/MG;Norte;Outros - Sequência;2;2;;;;;1
15/03/2012;22:40:00;542;sem vítima;3;BR-381/SP;Sul;Choque - Defensa, barreira ou "submarino";1;2;;;;;1
15/03/2012;10:50:00;243;sem vítima;90;BR-381/SP;Norte;Colisão Lateral;1;2;;;;;1
15/03/2012;13:39:00;315;sem vítima;481;BR-381/MG;Sul;Colisão Traseira;2;2;;;;;1
15/03/2012;15:27:00;361;com vítima;491,3;BR-381/MG;Norte;Tombamento;1;0;1;;;;1
15/03/2012;14:32:00;336;sem vítima;498;BR-381/MG;Sul;Colisão Traseira;1;2;;;;;1
15/03/2012;03:24:00;71;com vítima;511;BR-381/MG;Norte;Colisão Lateral;2;1;1;;;;1
15/03/2012;06:12:00;94;sem vítima;568,5;BR-381/MG;Norte;Tombamento;1;1;;;;;1
15/03/2012;21:47:00;523;sem vítima;641,5;BR-381/MG;Norte;Outros - Sequência;1;1;;;;;1
15/03/2012;22:01:00;524;sem vítima;857,3;BR-381/MG;Sul;Choque - Defensa, barreira ou "submarino";1;1;;;;;1
15/03/2012;06:26:00;97;sem vítima;878,2;BR-381/MG;Norte;Colisão Traseira;1;2;;;;;1
15/03/2012;02:34:00;61;sem vítima;903;BR-381/MG;Sul;Colisão Lateral;1;2;;;;;1
15/03/2012;13:46:00;316;com vítima;941,1;BR-381/MG;Norte;Capotamento;1;0;1;1;;;2
16/03/2012;10:15:00;217;sem vítima;479,5;BR-381/MG;Norte;Colisão Lateral;1;2;;;;;1
16/03/2012;16:24:00;418;sem vítima;489,5;BR-381/MG;Sul;Colisão Traseira;1;2;;;;;1
16/03/2012;02:53:00;39;sem vítima;658;BR-381/MG;Sul;Tombamento;1;2;;;;;1
16/03/2012;13:48:00;321;sem vítima;874;BR-381/MG;Sul;Tombamento;1;1;;;;;1
16/03/2012;16:38:00;431;sem vítima;874;BR-381/MG;Sul;Choque - Elemento de Drenagem;1;2;;;;;1
16/03/2012;04:23:00;56;sem vítima;880,8;BR-381/MG;Sul;Choque - Defensa, barreira ou "submarino";1;1;;;;;1
16/03/2012;21:47:00;587;sem vítima;900,8;BR-381/MG;Norte;Engavetamento;2;3;;;;;1
17/03/2012;10:58:00;270;sem vítima;1,5;BR-381/SP;Norte;Outros - Sequência;1;3;;;;;1
17/03/2012;11:11:00;276;com vítima;48,5;BR-381/SP;Norte;Colisão Traseira;2;1;1;;;;1
17/03/2012;07:20:00;131;sem vítima;59;BR-381/SP;Sul;Colisão Lateral;1;2;;;;;1
17/03/2012;14:10:00;348;sem vítima;87,8;BR-381/SP;Sul;Colisão Lateral;1;2;;;;;1
17/03/2012;16:56:00;436;sem vítima;490,5;BR-381/MG;Sul;Outros - Sequência;1;1;;;;;1
17/03/2012;10:28:00;258;com vítima;494;BR-381/MG;Norte;Tombamento;1;0;;;1;;2
17/03/2012;18:22:00;466;sem vítima;564;BR-381/MG;Sul;Choque - Outros;1;1;;;;;1
17/03/2012;21:19:00;520;sem vítima;630,5;BR-381/MG;Norte;Choque - Elemento de Drenagem;1;1;;;;;1
17/03/2012;08:42:00;190;com vítima;674;BR-381/MG;Sul;Outros - Sequência;1;0;5;;;;1
17/03/2012;00:27:00;32;sem vítima;726;BR-381/MG;Sul;Colisão Traseira;2;3;;;;;1
17/03/2012;05:06:00;81;com vítima;752;BR-381/MG;Norte;Colisão Traseira;1;1;2;;;;1
17/03/2012;15:23:00;379;sem vítima;767;BR-381/MG;Norte;Outros;1;1;;;;;1