data;horario;n_da_ocorrencia;tipo_de_ocorrencia;km;trecho;sentido;tipo_de_acidente;caminhao;ilesos;levemente_feridos;moderadamente_feridos;gravemente_feridos;mortos;3
16/04/2012;08:01:00;117;sem vítima;766,1;BR-381/MG;Sul;Choque - Elemento de Drenagem;1;1;;;;;1
16/04/2012;11:51:00;262;sem vítima;948,2;BR-381/MG;Norte;Colisão Lateral;1;2;;;;;1
17/04/2012;19:41:00;429;com vítima;5,5;BR-381/SP;Norte;Colisão Traseira;1;1;1;;;;1
17/04/2012;17:45:00;388;com vítima;46;BR-381/SP;Norte;Colisão Traseira;1;1;1;;;;1
17/04/2012;05:05:00;72;sem vítima;58;BR-381/SP;Sul;Colisão Traseira;1;3;;;;;1
17/04/2012;22:33:00;488;sem vítima;69,9;BR-381/SP;Sul;Choque - Defensa, barreira ou "submarino";1;1;;;;;1
17/04/2012;06:25:00;84;com vítima;89,5;BR-381/SP;Sul;Colisão Traseira;1;0;2;;;;1
17/04/2012;11:06:00;220;sem vítima;495;BR-381/MG;Sul;Colisão Traseira;1;2;;;;;1
17/04/2012;07:45:00;119;com vítima;543,6;BR-381/MG;Norte;Tombamento;1;0;1;;;;1
17/04/2012;14:25:00;278;com vítima;561;BR-381/MG;Sul;Tombamento;1;0;1;;;;1
17/04/2012;19:55:00;435;com vítima;604;BR-381/MG;Norte;Colisão Traseira;1;1;1;;;;1
18/04/2012;05:00:00;75;sem vítima;720;BR-381/MG;Norte;Choque - Elemento de Drenagem;1;2;;;;;1
18/04/2012;11:18:00;288;sem vítima;793,03;BR-381/MG;Norte;Colisão Traseira;1;2;;;;;1
18/04/2012;22:59:00;606;sem vítima;807,1;BR-381/MG;Norte;Colisão Traseira;2;2;;;;;1
18/04/2012;02:36:00;50;sem vítima;858;BR-381/MG;Sul;Colisão Traseira;1;3;;;;;1
18/04/2012;19:37:00;530;sem vítima;919,6;BR-381/MG;Norte;Colisão Traseira;2;2;;;;;1
19/04/2012;08:06:00;159;sem vítima;478,8;BR-381/MG;Norte;Colisão Traseira;1;2;;;;;1
19/04/2012;10:42:00;248;sem vítima;495;BR-381/MG;Sul;Engavetamento;3;3;;;;;1
19/04/2012;05:09:00;80;sem vítima;562;BR-381/MG;Norte;Colisão Traseira;2;2;;;;;1
19/04/2012;04:51:00;76;com vítima;611,5;BR-381/MG;Norte;Tombamento;1;0;2;;;;1
19/04/2012;06:17:00;90;com vítima;722,1;BR-381/MG;Norte;Tombamento;1;0;1;;;;1
19/04/2012;19:20:00;493;sem vítima;734;BR-381/MG;Norte;Outros;1;1;;;;;1
19/04/2012;16:35:00;423;sem vítima;751;BR-381/MG;Sul;Outros - Sequência;1;2;;;;;1
19/04/2012;09:49:00;227;sem vítima;934,5;BR-381/MG;Sul;Engavetamento;3;4;;;;;1
20/04/2012;16:19:00;390;sem vítima;39,1;BR-381/SP;Norte;Colisão Traseira;2;2;;;;;1
20/04/2012;17:12:00;426;sem vítima;75;BR-381/SP;Norte;Tombamento;1;1;;;;;1
20/04/2012;13:32:00;301;com vítima;89;BR-381/SP;Sul;Colisão Traseira;1;1;;1;;;2
20/04/2012;19:47:00;488;sem vítima;484;BR-381/MG;Sul;Engavetamento;1;5;;;;;1
20/04/2012;07:01:00;100;sem vítima;510,5;BR-381/MG;Norte;Colisão Lateral;2;2;;;;;1
20/04/2012;14:27:00;315;com vítima;517;BR-381/MG;Sul;Tombamento;1;0;1;;;;1
20/04/2012;06:58:00;97;sem vítima;541,6;BR-381/MG;Norte;Choque - Defensa, barreira ou "submarino";1;1;;;;;1
20/04/2012;07:30:00;118;sem vítima;591,6;BR-381/MG;Norte;Colisão Lateral;1;3;;;;;1
20/04/2012;07:33:00;120;com vítima;674,1;BR-381/MG;Norte;Outros - Sequência;1;0;1;;;;1
20/04/2012;06:47:00;90;com vítima;677,5;BR-381/MG;Norte;Tombamento;1;0;1;;;;1
20/04/2012;09:15:00;187;com vítima;721,9;BR-381/MG;Norte;Tombamento;1;0;;1;;;2
20/04/2012;03:22:00;52;sem vítima;735,5;BR-381/MG;Norte;Colisão Traseira;1;2;;;;;1
20/04/2012;20:24:00;502;com vítima;752,2;BR-381/MG;Sul;Tombamento;1;0;;1;;;2
20/04/2012;00:52:00;38;com vítima;923,5;BR-381/MG;Sul;Outros - Sequência;1;0;1;1;;;2
21/04/2012;10:09:00;215;sem vítima;50,5;BR-381/SP;Norte;Tombamento;1;1;;;;;1
21/04/2012;11:16:00;242;sem vítima;76;BR-381/SP;Sul;Choque - Defensa, barreira ou "submarino";1;1;;;;;1
21/04/2012;17:48:00;446;sem vítima;478,5;BR-381/MG;Norte;Colisão Lateral;1;2;;;;;1
21/04/2012;18:44:00;471;com vítima;635;BR-381/MG;Norte;Tombamento;1;0;;;1;;2
21/04/2012;00:42:00;22;sem vítima;785;BR-381/MG;Sul;Choque - Elemento de Drenagem;1;1;;;;;1
21/04/2012;15:22:00;358;sem vítima;809;BR-381/MG;Sul;Choque - Outros;1;1;;;;;1
21/04/2012;10:43:00;229;com vítima;889;BR-381/MG;Sul;Outros - Sequência;1;0;1;;;;1
22/04/2012;15:35:00;299;sem vítima;64,8;BR-381/SP;Sul;Colisão Traseira;1;2;;;;;1
22/04/2012;18:35:00;406;sem vítima;819;BR-381/MG;Sul;Colisão Traseira;2;2;;;;;1
22/04/2012;00:28:00;30;sem vítima;923,6;BR-381/MG;Sul;Tombamento;1;1;;;;;1
23/04/2012;04:22:00;54;sem vítima;491,8;BR-381/MG;Norte;Colisão Traseira;1;2;;;;;1
23/04/2012;09:08:00;154;com vítima;524,5;BR-381/MG;Sul;Atropelamento - Funcionário;1;1;1;;;;1
23/04/2012;23:20:00;527;com vítima;693,2;BR-381/MG;Norte;Tombamento;1;0;1;;;;1
23/04/2012;05:24:00;62;sem vítima;720,8;BR-381/MG;Sul;Tombamento;1;1;;;;;1
23/04/2012;15:48:00;331;com vítima;720,9;BR-381/MG;Norte;Tombamento;1;0;;1;;;2
23/04/2012;09:57:00;180;sem vítima;849;BR-381/MG;Norte;Outros - Sequência;1;1;;;;;1
23/04/2012;07:03:00;93;com vítima;923,5;BR-381/MG;Sul;Tombamento;1;0;1;;;;1
23/04/2012;07:56:00;118;sem vítima;923,7;BR-381/MG;Norte;Objeto lançado contra veículo;1;1;;;;;1
24/04/2012;14:25:00;326;sem vítima;49;BR-381/SP;Norte;Outros - Sequência;1;2;;;;;1
24/04/2012;19:07:00;453;sem vítima;71,3;BR-381/SP;Sul;Colisão Lateral;1;2;;;;;1
24/04/2012;15:58:00;384;com vítima;495;BR-381/MG;Norte;Colisão Traseira;1;1;1;;;;1
24/04/2012;10:40:00;243;sem vítima;687,8;BR-381/MG;Sul;Outros;1;2;;;;;1
24/04/2012;11:23:00;259;com vítima;697,1;BR-381/MG;Norte;Tombamento;1;0;1;;;;1
24/04/2012;23:53:00;530;com vítima;792;BR-381/MG;Sul;Outros - Sequência;1;0;1;;;;1
25/04/2012;18:24:00;469;sem vítima;71,3;BR-381/SP;Norte;Outros - Sequência;1;2;;;;;1
25/04/2012;12:15:00;286;sem vítima;481,3;BR-381/MG;Sul;Colisão Lateral;1;2;;;;;1
25/04/2012;13:11:00;306;com vítima;524,5;BR-381/MG;Sul;Outros - Sequência;2;1;1;;;;1
25/04/2012;18:55:00;480;sem vítima;535,5;BR-381/MG;Sul;Choque - Defensa, barreira ou "submarino";1;1;;;;;1
25/04/2012;05:45:00;75;sem vítima;539;BR-381/MG;Norte;Colisão Lateral;1;2;;;;;1
25/04/2012;22:29:00;545;com vítima;552,8;BR-381/MG;Sul;Outros - Sequência;1;0;1;;;;1
25/04/2012;23:20:00;566;com vítima;598,05;BR-381/MG;Sul;Outros - Sequência;3;4;1;;;;1
25/04/2012;06:51:00;95;com vítima;836,5;BR-381/MG;Norte;Outros - Sequência;1;1;2;;;;1
25/04/2012;10:30:00;236;sem vítima;905;BR-381/MG;Norte;Colisão Traseira;1;2;;;;;1
26/04/2012;15:53:00;485;com vítima;36;BR-381/SP;Sul;Colisão Traseira;1;1;2;;;;1
26/04/2012;07:46:00;181;sem vítima;485;BR-381/MG;Norte;Colisão Lateral;1;2;;;;;1
26/04/2012;21:40:00;641;com vítima;525;BR-381/MG;Sul;Tombamento;1;0;1;;;;1
26/04/2012;22:57:00;670;sem vítima;782,3;BR-381/MG;Sul;Tombamento;1;1;;;;;1
26/04/2012;03:34:00;81;sem vítima;810;BR-381/MG;Norte;Choque - Defensa, barreira ou "submarino";1;1;;;;;1
26/04/2012;20:29:00;622;sem vítima;839;BR-381/MG;Sul;Colisão Traseira;1;2;;;;;1
26/04/2012;15:49:00;484;sem vítima;874;BR-381/MG;Sul;Tombamento;1;1;;;;;1
26/04/2012;15:58:00;489;sem vítima;874;BR-381/MG;Sul;Colisão Traseira;1;2;;;;;1
26/04/2012;22:36:00;663;com vítima;882,9;BR-381/MG;Sul;Colisão Traseira;2;1;;;;1;3
27/04/2012;09:20:00;222;sem vítima;65,5;BR-381/SP;Sul;Choque - Suporte de Sinalização;1;1;;;;;1
27/04/2012;19:20:00;568;sem vítima;90;BR-381/SP;Norte;Colisão Lateral;1;2;;;;;1
27/04/2012;11:57:00;295;sem vítima;480;BR-381/MG;Sul;Engavetamento;2;3;;;;;1
27/04/2012;02:14:00;39;sem vítima;556;BR-381/MG;Sul;Tombamento;1;1;;;;;1
27/04/2012;00:10:00;15;com vítima;693;BR-381/MG;Norte;Outros - Sequência;1;0;2;;;;1
27/04/2012;07:46:00;163;com vítima;801,3;BR-381/MG;Sul;Colisão Traseira;2;1;;1;1;;2
27/04/2012;04:48:00;84;sem vítima;821;BR-381/MG;Norte;Saida de Pista;1;1;;;;;1
27/04/2012;20:00:00;583;sem vítima;904,9;BR-381/MG;Norte;Outros - Sequência;1;3;;;;;1
28/04/2012;09:35:00;237;sem vítima;7,5;BR-381/SP;Norte;Colisão Traseira;1;2;;;;;1
28/04/2012;08:22:00;195;sem vítima;7,8;BR-381/SP;Norte;Colisão Lateral;1;2;;;;;1
28/04/2012;07:41:00;167;sem vítima;26,3;BR-381/SP;Norte;Colisão Traseira;1;2;;;;;1
28/04/2012;06:29:00;116;com vítima;613,2;BR-381/MG;Norte;Choque - Arvore;1;0;;;1;;2
28/04/2012;09:37:00;239;com vítima;751;BR-381/MG;Sul;Tombamento;1;0;2;;;;1
29/04/2012;05:26:00;81;sem vítima;14,3;BR-381/SP;Sul;Choque - Elemento de Drenagem;1;2;;;;;1
29/04/2012;16:02:00;336;sem vítima;478,5;BR-381/MG;Norte;Colisão Lateral;1;2;;;;;1
29/04/2012;18:56:00;414;sem vítima;494;BR-381/MG;Sul;Colisão Lateral;1;2;;;;;1
29/04/2012;15:42:00;323;sem vítima;504,8;BR-381/MG;Norte;Colisão Traseira;1;2;;;;;1
29/04/2012;20:59:00;454;com vítima;529;BR-381/MG;Norte;Outros - Sequência;1;0;;;;1;3
29/04/2012;21:49:00;470;sem vítima;561;BR-381/MG;Norte;Tombamento;1;1;;;;;1
29/04/2012;10:03:00;199;sem vítima;707;BR-381/MG;Norte;Colisão Traseira;2;2;;;;;1
29/04/2012;09:29:00;167;com vítima;849;BR-381/MG;Norte;Tombamento;1;0;1;;;;1
29/04/2012;18:16:00;399;sem vítima;886;BR-381/MG;Norte;Outros - Sequência;1;1;;;;;1
30/04/2012;09:48:00;163;sem vítima;0,5;BR-381/SP;Norte;Choque - Elemento de Drenagem;1;1;;;;;1
30/04/2012;06:39:00;82;sem vítima;15,5;BR-381/SP;Sul;Outros;1;1;;;;;1
30/04/2012;09:07:00;154;com vítima;46;BR-381/SP;Sul;Tombamento;1;1;1;;;;1
30/04/2012;18:47:00;397;sem vítima;48;BR-381/SP;Norte;Tombamento;1;1;;;;;1
30/04/2012;19:01:00;405;sem vítima;48,7;BR-381/SP;Norte;Choque - Elemento de Drenagem;1;1;;;;;1
30/04/2012;07:03:00;89;sem vítima;88,3;BR-381/SP;Norte;Choque - Defensa, barreira ou "submarino";1;1;;;;;1
30/04/2012;13:42:00;243;sem vítima;492;BR-381/MG;Norte;Engavetamento;1;3;;;;;1
30/04/2012;09:30:00;160;com vítima;529;BR-381/MG;Norte;Tombamento;1;0;;1;;;2
30/04/2012;20:34:00;432;sem vítima;693;BR-381/MG;Norte;Tombamento;1;1;;;;;1
30/04/2012;00:38:00;26;sem vítima;722;BR-381/MG;Sul;Outros - Sequência;1;1;;;;;1
30/04/2012;08:53:00;144;sem vítima;842,8;BR-381/MG;Norte;Colisão Traseira;1;2;;;;;1
30/04/2012;10:27:00;181;com vítima;853;BR-381/MG;Sul;Outros - Sequência;1;1;1;;;;1
30/04/2012;13:11:00;236;sem vítima;908,5;BR-381/MG;Sul;Outros - Sequência;2;2;;;;;1
30/04/2012;21:09:00;443;com vítima;948;BR-381/MG;Sul;Colisão Traseira;1;1;1;;;;1
01/05/2012;13:46:00;281;com vítima;542,5;BR-381/MG;Norte;Colisão Traseira;1;1;2;;;;1
02/05/2012;04:01:00;72;sem vítima;7;BR-381/SP;Sul;Colisão Lateral;2;2;;;;;1
02/05/2012;16:56:00;408;com vítima;22,5;BR-381/SP;Norte;Colisão Traseira;1;1;;1;;;2
02/05/2012;08:59:00;173;com vítima;480;BR-381/MG;Norte;Colisão Traseira;1;2;1;;;;1
02/05/2012;16:51:00;404;sem vítima;504;BR-381/MG;Sul;Colisão Traseira;1;2;;;;;1
02/05/2012;00:37:00;35;sem vítima;802;BR-381/MG;Sul;Colisão Traseira;2;2;;;;;1
02/05/2012;03:52:00;71;sem vítima;828;BR-381/MG;Norte;Choque - Suporte de Sinalização;1;1;;;;;1
03/05/2012;10:40:00;249;sem vítima;49;BR-381/SP;Norte;Colisão Traseira;1;2;;;;;1
03/05/2012;09:58:00;219;sem vítima;494;BR-381/MG;Norte;Colisão Lateral;1;2;;;;;1
03/05/2012;18:45:00;461;com vítima;494;BR-381/MG;Norte;Colisão Traseira;1;1;;1;;;2
03/05/2012;20:05:00;494;sem vítima;496,8;BR-381/MG;Norte;Colisão Traseira;1;2;;;;;1
03/05/2012;12:37:00;294;sem vítima;580;BR-381/MG;Norte;Saida de Pista;1;1;;;;;1
03/05/2012;02:29:00;49;sem vítima;901,3;BR-381/MG;Sul;Outros - Sequência;1;1;;;;;1
03/05/2012;16:00:00;378;com vítima;907,5;BR-381/MG;Norte;Tombamento;1;0;;1;;;2
04/05/2012;16:09:00;439;sem vítima;29,8;BR-381/SP;Norte;Colisão Traseira;2;2;;;;;1
04/05/2012;06:11:00;105;sem vítima;63,8;BR-381/SP;Norte;Colisão Lateral;1;3;;;;;1
04/05/2012;19:43:00;539;sem vítima;478,1;BR-381/MG;Norte;Engavetamento;1;3;;;;;1
04/05/2012;19:11:00;526;sem vítima;479,4;BR-381/MG;Sul;Colisão Traseira;1;2;;;;;1
04/05/2012;07:37:00;163;sem vítima;485;BR-381/MG;Sul;Colisão Lateral;1;2;;;;;1
04/05/2012;09:18:00;238;com vítima;495,1;BR-381/MG;Sul;Outros - Sequência;2;4;;;1;;2
04/05/2012;08:37:00;208;sem vítima;511,5;BR-381/MG;Sul;Colisão Lateral;1;2;;;;;1
04/05/2012;23:41:00;628;sem vítima;529;BR-381/MG;Sul;Colisão Lateral;1;2;;;;;1
04/05/2012;16:27:00;449;sem vítima;546;BR-381/MG;Norte;Colisão Traseira;1;2;;;;;1
04/05/2012;02:54:00;62;sem vítima;693,2;BR-381/MG;Norte;Outros - Sequência;1;1;;;;;1
05/05/2012;05:10:00;100;com vítima;45;BR-381/SP;Sul;Queda de Moto;1;1;;;;1;3
05/05/2012;12:16:00;280;sem vítima;89;BR-381/SP;Norte;Colisão Lateral;1;2;;;;;1
05/05/2012;16:51:00;418;sem vítima;498,2;BR-381/MG;Norte;Colisão Lateral;1;2;;;;;1
05/05/2012;03:41:00;80;sem vítima;518,4;BR-381/MG;Sul;Outros - Sequência;1;1;;;;;1
05/05/2012;12:30:00;290;sem vítima;579,6;BR-381/MG;Norte;Outros;1;1;;;;;1
05/05/2012;07:47:00;148;sem vítima;597;BR-381/MG;Norte;Colisão Traseira;1;2;;;;;1
06/05/2012;05:00:00;80;sem vítima;81,5;BR-381/SP;Norte;Choque - Suporte de Sinalização;1;1;;;;;1
06/05/2012;02:04:00;52;sem vítima;667;BR-381/MG;Sul;Outros;1;1;;;;;1
07/05/2012;14:25:00;314;sem vítima;493,1;BR-381/MG;Sul;Engavetamento;1;3;;;;;1
07/05/2012;04:11:00;61;com vítima;707,1;BR-381/MG;Norte;Outros - Sequência;1;0;1;;;;1
07/05/2012;05:46:00;84;com vítima;743;BR-381/MG;Norte;Choque - Elemento de Drenagem;1;0;1;;;;1
07/05/2012;05:59:00;87;sem vítima;913;BR-381/MG;Sul;Tombamento;1;1;;;;;1
08/05/2012;12:20:00;248;sem vítima;1,8;BR-381/SP;Norte;Choque - Defensa, barreira ou "submarino";1;1;;;;;1
08/05/2012;15:37:00;326;sem vítima;90;BR-381/SP;Norte;Engavetamento;2;3;;;;;1
08/05/2012;13:37:00;272;sem vítima;494;BR-381/MG;Norte;Engavetamento;2;4;;;;;1
08/05/2012;14:02:00;276;sem vítima;494,3;BR-381/MG;Norte;Colisão Traseira;1;2;;;;;1
08/05/2012;01:40:00;41;sem vítima;507;BR-381/MG;Norte;Atropelamento de Animal;1;1;;;;;1
08/05/2012;15:06:00;301;sem vítima;516,5;BR-381/MG;Norte;Colisão Traseira;1;2;;;;;1
08/05/2012;10:28:00;207;sem vítima;517;BR-381/MG;Sul;Colisão Traseira;3;3;;;;;1
08/05/2012;18:56:00;414;sem vítima;529,7;BR-381/MG;Sul;Tombamento;1;1;;;;;1
08/05/2012;10:46:00;214;sem vítima;542;BR-381/MG;Sul;Colisão Lateral;2;2;;;;;1
08/05/2012;10:10:00;202;sem vítima;556,9;BR-381/MG;Sul;Choque - Defensa, barreira ou "submarino";1;1;;;;;1
08/05/2012;03:01:00;56;sem vítima;746;BR-381/MG;Sul;Choque - Defensa, barreira ou "submarino";1;1;;;;;1
08/05/2012;19:30:00;431;sem vítima;770,3;BR-381/MG;Sul;Saida de Pista;1;1;;;;;1
08/05/2012;03:07:00;57;sem vítima;870,5;BR-381/MG;Sul;Choque - Suporte de Sinalização;1;1;;;;;1
09/05/2012;07:08:00;117;sem vítima;35,5;BR-381/SP;Sul;Colisão Traseira;1;2;;;;;1
09/05/2012;04:18:00;78;sem vítima;65,5;BR-381/SP;Sul;Colisão Lateral;1;2;;;;;1
09/05/2012;08:51:00;178;com vítima;79;BR-381/SP;Norte;Tombamento;1;0;1;;;;1
09/05/2012;11:41:00;273;sem vítima;483;BR-381/MG;Norte;Colisão Traseira;2;2;;;;;1
09/05/2012;06:53:00;109;com vítima;483,9;BR-381/MG;Norte;Outros - Sequência;1;2;1;;;;1
09/05/2012;18:01:00;423;com vítima;484,4;BR-381/MG;Sul;Engavetamento;1;3;1;;;;1
09/05/2012;03:14:00;66;sem vítima;713,2;BR-381/MG;Norte;Outros - Sequência;3;3;;;;;1
09/05/2012;09:16:00;191;sem vítima;909,5;BR-381/MG;Sul;Colisão Lateral;2;2;;;;;1
09/05/2012;12:57:00;300;com vítima;932,5;BR-381/MG;Sul;Colisão Traseira;1;1;;2;;;2
10/05/2012;19:37:00;486;sem vítima;65,5;BR-381/SP;Norte;Colisão Traseira;1;2;;;;;1
10/05/2012;20:22:00;506;sem vítima;89;BR-381/SP;Sul;Colisão Traseira;1;2;;;;;1
10/05/2012;07:12:00;120;sem vítima;89,7;BR-381/SP;Sul;Colisão Lateral;1;2;;;;;1
10/05/2012;13:52:00;318;sem vítima;481,8;BR-381/MG;Norte;Colisão Traseira;2;2;;;;;1
10/05/2012;08:51:00;178;sem vítima;484,6;BR-381/MG;Sul;Colisão Traseira;1;2;;;;;1
10/05/2012;21:23:00;531;sem vítima;658;BR-381/MG;Norte;Choque - Cancela de Pedagio;1;1;;;;;1
10/05/2012;12:15:00;293;sem vítima;792;BR-381/MG;Norte;Tombamento;1;1;;;;;1
11/05/2012;02:17:00;54;sem vítima;16;BR-381/SP;Norte;Choque - Defensa, barreira ou "submarino";1;1;;;;;1
11/05/2012;04:10:00;76;sem vítima;66,7;BR-381/SP;Sul;Choque - Outros;1;1;;;;;1
11/05/2012;20:13:00;526;sem vítima;71;BR-381/SP;Norte;Colisão Lateral;1;2;;;;;1
11/05/2012;19:35:00;511;sem vítima;479,9;BR-381/MG;Sul;Colisão Lateral;1;2;;;;;1
11/05/2012;15:46:00;389;sem vítima;486;BR-381/MG;Sul;Colisão Traseira;2;2;;;;;1
11/05/2012;07:34:00;142;com vítima;510;BR-381/MG;Norte;Outros - Sequência;1;0;1;;;;1
11/05/2012;11:41:00;290;sem vítima;524,7;BR-381/MG;Norte;Colisão Lateral;1;2;;;;;1
11/05/2012;18:17:00;470;com vítima;541,5;BR-381/MG;Norte;Colisão Traseira;2;1;1;;;;1
11/05/2012;07:42:00;149;com vítima;615,4;BR-381/MG;Sul;Colisão Traseira;2;1;1;;;;1
11/05/2012;20:42:00;540;sem vítima;621,5;BR-381/MG;Norte;Colisão Traseira;1;3;;;;;1
11/05/2012;10:56:00;272;com vítima;632,9;BR-381/MG;Sul;Outros - Sequência;1;0;1;;;;1
11/05/2012;07:13:00;135;sem vítima;648;BR-381/MG;Sul;Choque - Defensa, barreira ou "submarino";1;1;;;;;1
11/05/2012;11:27:00;283;com vítima;665,6;BR-381/MG;Norte;Tombamento;1;0;1;;;;1
11/05/2012;11:29:00;285;sem vítima;667,2;BR-381/MG;Norte;Engavetamento;1;4;;;;;1
11/05/2012;07:09:00;132;sem vítima;721,5;BR-381/MG;Sul;Tombamento;1;1;;;;;1
12/05/2012;04:56:00;74;sem vítima;40;BR-381/SP;Norte;Colisão Traseira;1;5;;;;;1
12/05/2012;03:04:00;66;com vítima;87,9;BR-381/SP;Sul;Choque - Veiculo parado na pista;1;1;1;;;;1
12/05/2012;08:32:00;149;sem vítima;492,9;BR-381/MG;Norte;Colisão Lateral;2;2;;;;;1
12/05/2012;12:30:00;249;sem vítima;517,8;BR-381/MG;Sul;Engavetamento;3;3;;;;;1
12/05/2012;15:17:00;334;com vítima;905,2;BR-381/MG;Norte;Colisão Traseira;1;1;1;;1;;2
12/05/2012;10:22:00;194;sem vítima;922;BR-381/MG;Sul;Colisão Lateral;1;2;;;;;1
12/05/2012;10:25:00;198;com vítima;941,1;BR-381/MG;Norte;Colisão Frontal;1;1;1;;;;1
13/05/2012;07:17:00;118;com vítima;531,5;BR-381/MG;Norte;Tombamento;1;0;1;;;;1
13/05/2012;03:47:00;59;sem vítima;803,8;BR-381/MG;Sul;Atropelamento de Animal;1;1;;;;;1
14/05/2012;18:15:00;461;sem vítima;27,4;BR-381/SP;Sul;Outros - Sequência;1;1;;;;;1
14/05/2012;11:04:00;253;sem vítima;60;BR-381/SP;Norte;Saida de Pista;1;1;;;;;1
14/05/2012;08:35:00;179;sem vítima;69,9;BR-381/SP;Norte;Colisão Traseira;1;2;;;;;1
14/05/2012;19:44:00;501;com vítima;481,7;BR-381/MG;Sul;Colisão Traseira;1;6;6;;;;1
14/05/2012;10:02:00;229;sem vítima;484;BR-381/MG;Sul;Colisão Traseira;1;2;;;;;1
14/05/2012;07:56:00;155;com vítima;496;BR-381/MG;Norte;Outros - Sequência;1;2;1;;;;1
14/05/2012;10:27:00;237;sem vítima;496,8;BR-381/MG;Sul;Colisão Traseira;1;2;;;;;1
14/05/2012;10:45:00;242;sem vítima;497;BR-381/MG;Sul;Colisão Traseira;1;2;;;;;1
14/05/2012;18:11:00;459;sem vítima;500,3;BR-381/MG;Sul;Choque - Elemento de Drenagem;1;1;;;;;1
14/05/2012;18:04:00;453;sem vítima;500,5;BR-381/MG;Sul;Outros - Sequência;3;3;;;;;1
14/05/2012;21:39:00;530;sem vítima;545;BR-381/MG;Sul;Colisão Traseira;1;2;;;;;1
14/05/2012;15:05:00;368;sem vítima;650;BR-381/MG;Sul;Colisão Lateral;1;2;;;;;1
14/05/2012;08:28:00;177;sem vítima;685,2;BR-381/MG;Norte;Colisão Lateral;1;2;;;;;1
14/05/2012;07:38:00;139;com vítima;720,5;BR-381/MG;Norte;Choque - Defensa, barreira ou "submarino";1;0;1;;;;1
14/05/2012;01:37:00;42;sem vítima;735;BR-381/MG;Sul;Choque - Outros;1;1;;;;;1
14/05/2012;10:29:00;238;sem vítima;889,1;BR-381/MG;Sul;Colisão Traseira;1;2;;;;;1
14/05/2012;00:26:00;15;sem vítima;931,7;BR-381/MG;Sul;Colisão Lateral;2;3;;;;;1
15/05/2012;11:52:00;250;sem vítima;32,3;BR-381/SP;Norte;Tombamento;1;1;;;;;1
15/05/2012;18:36:00;409;com vítima;34;BR-381/SP;Sul;Choque - Talude;1;0;1;;;;1
15/05/2012;18:14:00;398;sem vítima;36;BR-381/SP;Norte;Engavetamento;1;3;;;;;1
15/05/2012;17:27:00;384;sem vítima;71;BR-381/SP;Norte;Choque - Talude;1;1;;;;;1
15/05/2012;09:48:00;200;sem vítima;78;BR-381/SP;Norte;Outros - Sequência;1;2;;;;;1
15/05/2012;14:13:00;293;sem vítima;90;BR-381/SP;Norte;Colisão Lateral;1;3;;;;;1
15/05/2012;17:12:00;378;sem vítima;487,3;BR-381/MG;Sul;Colisão Traseira;1;2;;;;;1
15/05/2012;18:54:00;419;sem vítima;490,5;BR-381/MG;Sul;Colisão Traseira;1;2;;;;;1
15/05/2012;12:06:00;254;com vítima;521,6;BR-381/MG;Sul;Choque - Defensa, barreira ou "submarino";1;0;1;;;;1
15/05/2012;15:32:00;328;sem vítima;561;BR-381/MG;Sul;Outros - Sequência;2;2;;;;;1
15/05/2012;07:57:00;132;com vítima;599,1;BR-381/MG;Norte;Colisão Traseira;1;1;1;;;;1
15/05/2012;19:31:00;432;sem vítima;898;BR-381/MG;Sul;Outros - Sequência;1;1;;;;;1
15/05/2012;21:19:00;471;com vítima;899,95;BR-381/MG;Norte;Capotamento;1;0;2;;;;1
15/05/2012;15:44:00;334;sem vítima;926;BR-381/MG;Sul;Colisão Lateral;1;2;;;;;1
15/05/2012;00:42:00;29;sem vítima;930;BR-381/MG;Sul;Outros - Sequência;2;2;;;;;1
16/05/2012;18:36:00;450;sem vítima;48;BR-381/SP;Norte;Choque - Elemento de Drenagem;1;1;;;;;1
16/05/2012;08:43:00;159;sem vítima;89;BR-381/SP;Sul;Colisão Lateral;1;2;;;;;1
16/05/2012;09:19:00;183;sem vítima;485;BR-381/MG;Sul;Colisão Traseira;1;2;;;;;1
16/05/2012;18:03:00;431;com vítima;486,5;BR-381/MG;Sul;Outros - Sequência;2;1;2;;;;1
16/05/2012;12:20:00;263;sem vítima;507;BR-381/MG;Norte;Choque - Defensa, barreira ou "submarino";1;1;;;;;1
16/05/2012;02:39:00;63;sem vítima;700,7;BR-381/MG;Sul;Outros - Sequência;1;1;;;;;1
16/05/2012;20:25:00;480;sem vítima;862;BR-381/MG;Norte;Colisão Traseira;1;2;;;;;1
16/05/2012;18:29:00;443;sem vítima;864,5;BR-381/MG;Sul;Saida de Pista;1;1;;;;;1
17/05/2012;00:10:00;2;sem vítima;4,7;BR-381/SP;Sul;Colisão Lateral;1;2;;;;;1
17/05/2012;18:29:00;454;sem vítima;50,5;BR-381/SP;Norte;Engavetamento;3;3;;;;;1
17/05/2012;18:41:00;460;sem vítima;52,5;BR-381/SP;Norte;Colisão Traseira;1;2;;;;;1
17/05/2012;21:34:00;519;sem vítima;62;BR-381/SP;Sul;Outros - Sequência;2;3;;;;;1
17/05/2012;08:51:00;172;sem vítima;69,5;BR-381/SP;Norte;Tombamento;1;1;;;;;1
17/05/2012;06:42:00;104;com vítima;89;BR-381/SP;Sul;Colisão Traseira;1;1;2;;;;1
17/05/2012;11:11:00;248;sem vítima;89,8;BR-381/SP;Sul;Colisão Lateral;1;2;;;;;1
17/05/2012;07:38:00;130;sem vítima;478,6;BR-381/MG;Norte;Colisão Traseira;1;2;;;;;1
17/05/2012;09:32:00;195;sem vítima;488,5;BR-381/MG;Norte;Colisão Lateral;1;2;;;;;1