data;horario;n_da_ocorrencia;tipo_de_ocorrencia;km;trecho;sentido;tipo_de_acidente;caminhao;ilesos;levemente_feridos;moderadamente_feridos;gravemente_feridos;mortos;3
17/05/2012;02:32:00;59;com vítima;613,5;BR-381/MG;Norte;Tombamento;1;0;1;;;;1
17/05/2012;19:32:00;479;com vítima;634,1;BR-381/MG;Sul;Colisão Lateral;1;2;1;;;;1
17/05/2012;05:46:00;91;sem vítima;889;BR-381/MG;Norte;Choque - Defensa, barreira ou "submarino";1;1;;;;;1
18/05/2012;16:50:00;415;com vítima;9;BR-381/SP;Norte;Engavetamento;1;2;3;;;;1
18/05/2012;10:22:00;227;com vítima;726,8;BR-381/MG;Norte;Tombamento;1;0;1;;;;1
18/05/2012;09:06:00;185;sem vítima;752;BR-381/MG;Norte;Engavetamento;1;4;;;;;1
18/05/2012;05:45:00;93;com vítima;906,4;BR-381/MG;Norte;Outros - Sequência;2;1;;;1;;2
19/05/2012;18:55:00;428;sem vítima;531;BR-381/MG;Norte;Colisão Lateral;1;2;;;;;1
19/05/2012;08:55:00;168;sem vítima;710;BR-381/MG;Sul;Colisão Traseira;2;2;;;;;1
20/05/2012;19:11:00;453;sem vítima;88;BR-381/SP;Sul;Outros - Sequência;1;2;;;;;1
20/05/2012;14:26:00;309;sem vítima;517;BR-381/MG;Sul;Outros - Sequência;2;2;;;;;1
20/05/2012;15:50:00;348;sem vítima;708,7;BR-381/MG;Norte;Saida de Pista;1;1;;;;;1
20/05/2012;11:20:00;234;com vítima;923,5;BR-381/MG;Sul;Tombamento;1;0;;1;;;2
21/05/2012;06:47:00;111;sem vítima;26,7;BR-381/SP;Sul;Colisão Lateral;1;2;;;;;1
21/05/2012;03:07:00;69;sem vítima;51;BR-381/SP;Sul;Colisão Traseira;2;2;;;;;1
21/05/2012;12:45:00;312;sem vítima;485,8;BR-381/MG;Norte;Choque - Veiculo parado no acostamento;1;2;;;;;1
21/05/2012;04:11:00;85;com vítima;550;BR-381/MG;Norte;Outros - Sequência;2;1;1;;;;1
21/05/2012;20:39:00;534;sem vítima;593;BR-381/MG;Norte;Choque - Talude;1;1;;;;;1
21/05/2012;13:37:00;329;sem vítima;680,757;BR-381/MG;Norte;Choque - Defensa, barreira ou "submarino";1;1;;;;;1
21/05/2012;23:29:00;575;com vítima;721;BR-381/MG;Sul;Outros - Sequência;1;0;;;;1;3
21/05/2012;22:52:00;563;sem vítima;756;BR-381/MG;Sul;Outros - Sequência;3;7;;;;;1
21/05/2012;16:30:00;434;com vítima;876,7;BR-381/MG;Norte;Choque - Defensa, barreira ou "submarino";1;0;1;;;;1
21/05/2012;18:45:00;492;sem vítima;930;BR-381/MG;Sul;Choque - Objeto sobre a pista;1;1;;;;;1
22/05/2012;20:24:00;489;com vítima;10;BR-381/SP;Norte;Tombamento;1;0;;1;1;;2
22/05/2012;17:25:00;419;sem vítima;44,4;BR-381/SP;Sul;Choque - Elemento de Drenagem;1;3;;;;;1
22/05/2012;04:24:00;75;com vítima;51;BR-381/SP;Sul;Colisão Traseira;1;1;;1;;;2
22/05/2012;13:33:00;317;sem vítima;87,5;BR-381/SP;Norte;Colisão Traseira;1;7;;;;;1
22/05/2012;22:20:00;517;sem vítima;587;BR-381/MG;Norte;Outros - Sequência;1;2;;;;;1
22/05/2012;11:39:00;271;com vítima;623,5;BR-381/MG;Sul;Tombamento;1;0;1;;;;1
22/05/2012;19:35:00;461;sem vítima;881,2;BR-381/MG;Norte;Tombamento;1;1;;;;;1
22/05/2012;19:43:00;464;sem vítima;881,3;BR-381/MG;Norte;Outros - Sequência;2;2;;;;;1
23/05/2012;18:31:00;514;sem vítima;6;BR-381/SP;Norte;Colisão Lateral;1;2;;;;;1
23/05/2012;09:19:00;219;sem vítima;492;BR-381/MG;Sul;Colisão Lateral;1;2;;;;;1
23/05/2012;18:26:00;510;com vítima;495;BR-381/MG;Sul;Engavetamento;1;2;2;2;;;2
23/05/2012;10:41:00;276;sem vítima;523,5;BR-381/MG;Sul;Colisão Lateral;2;2;;;;;1
23/05/2012;09:28:00;226;sem vítima;636,9;BR-381/MG;Sul;Colisão Traseira;2;2;;;;;1
23/05/2012;20:19:00;555;sem vítima;637;BR-381/MG;Norte;Colisão Traseira;1;3;;;;;1
23/05/2012;08:59:00;209;sem vítima;729;BR-381/MG;Norte;Saida de Pista;1;1;;;;;1
23/05/2012;14:28:00;401;sem vítima;848,28;BR-381/MG;Sul;Colisão Traseira;1;3;;;;;1
24/05/2012;11:04:00;268;sem vítima;514,4;BR-381/MG;Norte;Colisão Traseira;2;2;;;;;1
24/05/2012;08:29:00;182;com vítima;534;BR-381/MG;Norte;Outros - Sequência;1;0;1;;;;1
24/05/2012;18:58:00;492;sem vítima;724,6;BR-381/MG;Sul;Colisão Traseira;2;2;;;;;1
24/05/2012;09:02:00;195;sem vítima;817,8;BR-381/MG;Sul;Colisão Traseira;1;3;;;;;1
25/05/2012;08:10:00;137;sem vítima;69,9;BR-381/SP;Norte;Colisão Transversal;1;2;;;;;1
25/05/2012;13:52:00;292;sem vítima;662;BR-381/MG;Norte;Colisão Traseira;1;3;;;;;1
25/05/2012;05:36:00;89;sem vítima;766,7;BR-381/MG;Norte;Colisão Traseira;2;2;;;;;1
25/05/2012;17:33:00;404;sem vítima;804;BR-381/MG;Sul;Choque - Defensa, barreira ou "submarino";1;2;;;;;1
25/05/2012;08:03:00;135;com vítima;808;BR-381/MG;Sul;Colisão Traseira;2;0;4;;;;1
25/05/2012;06:56:00;110;sem vítima;873;BR-381/MG;Sul;Colisão Lateral;1;2;;;;;1
25/05/2012;14:48:00;320;sem vítima;900,5;BR-381/MG;Sul;Choque - Suporte de Sinalização;1;1;;;;;1
25/05/2012;06:52:00;108;com vítima;907,556;BR-381/MG;Norte;Colisão Traseira;1;9;3;;;;1
26/05/2012;06:53:00;129;sem vítima;478;BR-381/MG;Norte;Colisão Traseira;1;2;;;;;1
26/05/2012;09:30:00;195;sem vítima;496;BR-381/MG;Norte;Engavetamento;2;3;;;;;1
26/05/2012;14:14:00;305;com vítima;498;BR-381/MG;Sul;Outros - Sequência;1;4;1;;;;1
26/05/2012;01:33:00;43;sem vítima;533,4;BR-381/MG;Norte;Colisão Traseira;2;2;;;;;1
26/05/2012;02:50:00;67;sem vítima;610,5;BR-381/MG;Sul;Outros - Sequência;1;1;;;;;1
27/05/2012;18:38:00;380;sem vítima;697,5;BR-381/MG;Norte;Outros;1;1;;;;;1
27/05/2012;23:27:00;484;sem vítima;708,3;BR-381/MG;Sul;Colisão Traseira;2;2;;;;;1
27/05/2012;03:22:00;64;sem vítima;874,7;BR-381/MG;Norte;Choque - Defensa, barreira ou "submarino";1;2;;;;;1
27/05/2012;08:35:00;134;sem vítima;941,9;BR-381/MG;Sul;Outros - Sequência;1;3;;;;;1
28/05/2012;06:48:00;105;sem vítima;31;BR-381/SP;Norte;Colisão Lateral;1;2;;;;;1
28/05/2012;16:44:00;436;sem vítima;35,5;BR-381/SP;Norte;Engavetamento;1;4;;;;;1
28/05/2012;08:07:00;172;com vítima;53,4;BR-381/SP;Sul;Colisão Lateral;1;2;1;;;;1
28/05/2012;14:30:00;355;com vítima;75,2;BR-381/SP;Norte;Queda de Moto;1;1;1;;;;1
28/05/2012;14:30:00;356;sem vítima;499,8;BR-381/MG;Norte;Colisão Traseira;1;2;;;;;1
28/05/2012;16:00:00;409;com vítima;580;BR-381/MG;Sul;Colisão Traseira;2;1;1;;;;1
28/05/2012;14:54:00;364;com vítima;618;BR-381/MG;Sul;Tombamento;1;0;1;;;;1
29/05/2012;14:11:00;330;sem vítima;8,5;BR-381/SP;Norte;Choque - Suporte de Sinalização;1;1;;;;;1
29/05/2012;10:39:00;232;sem vítima;73;BR-381/SP;Sul;Outros - Sequência;1;2;;;;;1
29/05/2012;04:30:00;66;com vítima;86;BR-381/SP;Sul;Colisão Traseira;2;1;2;;;;1
29/05/2012;04:39:00;67;sem vítima;561;BR-381/MG;Norte;Colisão Traseira;1;2;;;;;1
29/05/2012;15:39:00;374;sem vítima;708,7;BR-381/MG;Norte;Colisão Lateral;2;2;;;;;1
30/05/2012;21:13:00;529;sem vítima;66;BR-381/SP;Sul;Colisão Lateral;1;2;;;;;1
30/05/2012;18:40:00;464;sem vítima;544;BR-381/MG;Sul;Colisão Frontal;1;2;;;;;1
30/05/2012;06:43:00;96;sem vítima;707,5;BR-381/MG;Norte;Choque - Defensa, barreira ou "submarino";1;1;;;;;1
30/05/2012;13:07:00;298;com vítima;722,6;BR-381/MG;Sul;Tombamento;2;1;1;;;;1
30/05/2012;07:11:00;113;com vítima;795;BR-381/MG;Norte;Tombamento;1;0;1;;;;1
31/05/2012;10:43:00;247;sem vítima;38;BR-381/SP;Norte;Choque - Defensa, barreira ou "submarino";1;1;;;;;1
31/05/2012;18:21:00;470;sem vítima;481;BR-381/MG;Norte;Colisão Traseira;1;2;;;;;1
31/05/2012;09:41:00;214;com vítima;490;BR-381/MG;Sul;Colisão Traseira;1;1;;;1;1;3
31/05/2012;23:56:00;599;sem vítima;542;BR-381/MG;Norte;Colisão Traseira;1;5;;;;;1
31/05/2012;04:56:00;83;sem vítima;550;BR-381/MG;Norte;Outros - Sequência;1;2;;;;;1
31/05/2012;21:47:00;548;sem vítima;670,4;BR-381/MG;Sul;Outros - Sequência;1;1;;;;;1
31/05/2012;00:27:00;36;sem vítima;695,5;BR-381/MG;Sul;Choque - Elemento de Drenagem;1;1;;;;;1
31/05/2012;07:56:00;151;sem vítima;697,8;BR-381/MG;Norte;Colisão Lateral;1;6;;;;;1
31/05/2012;19:09:00;490;sem vítima;728;BR-381/MG;Norte;Choque - Defensa, barreira ou "submarino";1;2;;;;;1
31/05/2012;12:23:00;294;com vítima;750,3;BR-381/MG;Sul;Tombamento;1;0;1;;;;1
31/05/2012;21:59:00;551;sem vítima;811,5;BR-381/MG;Sul;Choque - Defensa, barreira ou "submarino";1;1;;;;;1
31/05/2012;14:13:00;327;sem vítima;900;BR-381/MG;Sul;Colisão Traseira;1;2;;;;;1
31/05/2012;17:55:00;454;sem vítima;900;BR-381/MG;Norte;Colisão Lateral;2;2;;;;;1
31/05/2012;00:01:00;11;sem vítima;934,5;BR-381/MG;Norte;Tombamento;1;1;;;;;1
01/06/2012;15:07:00;375;sem vítima;11,9;BR-381/SP;Norte;Choque - Talude;1;1;;;;;1
01/06/2012;02:43:00;66;sem vítima;20;BR-381/SP;Norte;Outros - Sequência;1;1;;;;;1
01/06/2012;23:59:00;603;com vítima;27,5;BR-381/SP;Norte;Colisão Traseira;1;1;1;;;;1
01/06/2012;01:53:00;46;sem vítima;35,8;BR-381/SP;Norte;Colisão Traseira;1;2;;;;;1
01/06/2012;16:47:00;429;com vítima;75;BR-381/SP;Norte;Choque - Defensa, barreira ou "submarino";1;0;;1;;;2
01/06/2012;05:23:00;100;sem vítima;495,4;BR-381/MG;Norte;Colisão Lateral;1;2;;;;;1
01/06/2012;17:43:00;454;sem vítima;534;BR-381/MG;Norte;Colisão Lateral;2;2;;;;;1
01/06/2012;12:51:00;300;sem vítima;637,5;BR-381/MG;Norte;Colisão Lateral;1;2;;;;;1
01/06/2012;11:41:00;264;sem vítima;890,4;BR-381/MG;Norte;Tombamento;1;1;;;;;1
02/06/2012;07:18:00;102;sem vítima;37,2;BR-381/SP;Sul;Colisão Traseira;1;3;;;;;1
02/06/2012;05:33:00;79;com vítima;69,7;BR-381/SP;Norte;Tombamento;1;0;;;;1;3
02/06/2012;20:49:00;433;sem vítima;491,9;BR-381/MG;Sul;Outros - Sequência;1;2;;;;;1
02/06/2012;17:28:00;353;sem vítima;492;BR-381/MG;Sul;Colisão Lateral;1;2;;;;;1
02/06/2012;10:47:00;179;sem vítima;510,3;BR-381/MG;Sul;Colisão Traseira;1;2;;;;;1
02/06/2012;13:25:00;237;sem vítima;698,8;BR-381/MG;Sul;Tombamento;1;1;;;;;1
02/06/2012;04:43:00;71;com vítima;710,7;BR-381/MG;Sul;Tombamento;1;0;1;;;;1
03/06/2012;14:40:00;257;com vítima;19,5;BR-381/SP;Norte;Colisão Lateral;1;1;;;1;;2
03/06/2012;11:12:00;191;sem vítima;485,4;BR-381/MG;Sul;Colisão Lateral;1;2;;;;;1
03/06/2012;22:01:00;462;com vítima;510;BR-381/MG;Norte;Colisão Lateral;1;1;1;;;;1
03/06/2012;06:52:00;100;com vítima;521,7;BR-381/MG;Sul;Tombamento;1;0;1;;;;1
03/06/2012;20:37:00;437;sem vítima;708;BR-381/MG;Sul;Outros - Sequência;1;1;;;;;1
03/06/2012;06:45:00;99;sem vítima;776,5;BR-381/MG;Sul;Choque - Elemento de Drenagem;1;2;;;;;1
03/06/2012;19:43:00;416;com vítima;829,6;BR-381/MG;Norte;Tombamento;1;0;1;;;;1
04/06/2012;20:13:00;550;com vítima;71,1;BR-381/SP;Norte;Colisão Traseira;2;1;;;;1;3
04/06/2012;04:48:00;90;sem vítima;488,2;BR-381/MG;Norte;Colisão Traseira;1;2;;;;;1
04/06/2012;15:04:00;377;sem vítima;505,7;BR-381/MG;Sul;Colisão Lateral;1;2;;;;;1
04/06/2012;18:52:00;516;sem vítima;628;BR-381/MG;Sul;Choque - Elemento de Drenagem;1;1;;;;;1
04/06/2012;07:15:00;128;com vítima;795,5;BR-381/MG;Norte;Colisão Traseira;1;5;6;;;;1
04/06/2012;18:15:00;497;sem vítima;864;BR-381/MG;Sul;Colisão Traseira;1;2;;;;;1
04/06/2012;03:04:00;69;sem vítima;925,4;BR-381/MG;Sul;Tombamento;1;1;;;;;1
05/06/2012;10:32:00;226;sem vítima;13,372;BR-381/SP;Sul;Colisão Traseira;2;2;;;;;1
05/06/2012;16:15:00;388;com vítima;16;BR-381/SP;Sul;Colisão Lateral;1;3;2;;;;1
05/06/2012;04:53:00;69;com vítima;58,3;BR-381/SP;Sul;Outros - Sequência;1;2;;1;;;2
05/06/2012;11:40:00;257;sem vítima;61;BR-381/SP;Sul;Outros - Sequência;1;1;;;;;1
05/06/2012;11:44:00;262;sem vítima;71;BR-381/SP;Norte;Choque - Talude;1;2;;;;;1
05/06/2012;07:00:00;104;sem vítima;478;BR-381/MG;Norte;Colisão Lateral;1;2;;;;;1
05/06/2012;07:06:00;111;sem vítima;486,8;BR-381/MG;Norte;Choque - Poste;1;1;;;;;1
05/06/2012;00:07:00;19;sem vítima;494;BR-381/MG;Norte;Outros - Sequência;2;4;;;;;1
05/06/2012;17:53:00;442;sem vítima;521,7;BR-381/MG;Norte;Colisão Lateral;1;2;;;;;1
05/06/2012;16:18:00;391;com vítima;621,5;BR-381/MG;Norte;Outros - Sequência;1;2;1;;;;1
05/06/2012;17:13:00;424;sem vítima;646;BR-381/MG;Sul;Colisão Traseira;1;2;;;;;1
05/06/2012;16:04:00;385;sem vítima;759,6;BR-381/MG;Norte;Colisão Frontal;1;2;;;;;1
05/06/2012;09:41:00;197;sem vítima;815;BR-381/MG;Sul;Saida de Pista;1;1;;;;;1
05/06/2012;09:13:00;176;sem vítima;870,9;BR-381/MG;Sul;Colisão Lateral;1;2;;;;;1
05/06/2012;08:35:00;159;sem vítima;876,5;BR-381/MG;Norte;Choque - Defensa, barreira ou "submarino";1;1;;;;;1
06/06/2012;20:11:00;527;sem vítima;481;BR-381/MG;Norte;Outros - Sequência;2;3;;;;;1
06/06/2012;17:22:00;425;sem vítima;481,3;BR-381/MG;Norte;Colisão Traseira;1;2;;;;;1
06/06/2012;19:40:00;510;sem vítima;490;BR-381/MG;Norte;Atropelamento de Animal;1;1;;;;;1
06/06/2012;19:19:00;498;sem vítima;493;BR-381/MG;Norte;Colisão Lateral;2;2;;;;;1
06/06/2012;16:44:00;402;sem vítima;521,5;BR-381/MG;Norte;Colisão Traseira;2;2;;;;;1
06/06/2012;15:35:00;365;sem vítima;529,9;BR-381/MG;Norte;Colisão Traseira;1;2;;;;;1
06/06/2012;06:58:00;103;sem vítima;698,4;BR-381/MG;Sul;Colisão Traseira;2;2;;;;;1
06/06/2012;05:48:00;81;sem vítima;707,8;BR-381/MG;Norte;Tombamento;1;1;;;;;1
06/06/2012;12:24:00;282;sem vítima;708,9;BR-381/MG;Norte;Colisão Traseira;1;2;;;;;1
06/06/2012;08:44:00;168;sem vítima;722,1;BR-381/MG;Norte;Tombamento;1;1;;;;;1
06/06/2012;12:35:00;286;sem vítima;792;BR-381/MG;Sul;Outros - Sequência;1;2;;;;;1
06/06/2012;14:24:00;332;sem vítima;899,5;BR-381/MG;Sul;Tombamento;1;1;;;;;1
06/06/2012;05:21:00;78;sem vítima;900,8;BR-381/MG;Sul;Tombamento;1;1;;;;;1
07/06/2012;01:21:00;46;sem vítima;2,8;BR-381/SP;Sul;Tombamento;1;1;;;;;1
07/06/2012;11:44:00;275;com vítima;486;BR-381/MG;Sul;Capotamento;1;1;1;;;;1
07/06/2012;22:02:00;569;sem vítima;519;BR-381/MG;Sul;Outros - Sequência;1;2;;;;;1
07/06/2012;01:14:00;42;sem vítima;528;BR-381/MG;Norte;Choque - Elemento de Drenagem;1;1;;;;;1
07/06/2012;01:34:00;51;com vítima;529;BR-381/MG;Norte;Outros - Sequência;1;11;6;;;;1
07/06/2012;01:29:00;50;com vítima;568,3;BR-381/MG;Norte;Outros - Sequência;1;0;;1;;;2
07/06/2012;11:57:00;281;sem vítima;655;BR-381/MG;Norte;Choque - Defensa, barreira ou "submarino";1;1;;;;;1
07/06/2012;23:12:00;588;sem vítima;691,3;BR-381/MG;Sul;Outros - Sequência;1;1;;;;;1
07/06/2012;14:40:00;360;sem vítima;789,5;BR-381/MG;Norte;Colisão Lateral;1;2;;;;;1
07/06/2012;08:49:00;184;com vítima;813,2;BR-381/MG;Sul;Tombamento;1;0;1;;;;1
07/06/2012;12:00:00;285;sem vítima;848,9;BR-381/MG;Norte;Outros - Sequência;1;1;;;;;1
08/06/2012;13:24:00;249;sem vítima;54,8;BR-381/SP;Sul;Colisão Traseira;1;2;;;;;1
08/06/2012;13:40:00;256;sem vítima;75,5;BR-381/SP;Norte;Choque - Defensa, barreira ou "submarino";1;1;;;;;1
08/06/2012;10:51:00;184;sem vítima;501;BR-381/MG;Norte;Colisão Lateral;1;2;;;;;1
08/06/2012;23:44:00;503;sem vítima;696;BR-381/MG;Norte;Tombamento;1;2;;;;;1
08/06/2012;02:04:00;43;sem vítima;708;BR-381/MG;Norte;Choque - Defensa, barreira ou "submarino";1;1;;;;;1
08/06/2012;12:54:00;235;sem vítima;824,4;BR-381/MG;Sul;Colisão Traseira;1;3;;;;;1
08/06/2012;09:06:00;144;com vítima;829;BR-381/MG;Sul;Tombamento;1;0;1;;;;1
08/06/2012;23:54:00;507;com vítima;923,6;BR-381/MG;Sul;Tombamento;1;0;;1;;;2
09/06/2012;02:50:00;48;sem vítima;13,5;BR-381/SP;Sul;Colisão Traseira;2;2;;;;;1
09/06/2012;15:55:00;320;com vítima;28,4;BR-381/SP;Sul;Colisão Lateral;1;1;1;;;;1
09/06/2012;16:43:00;345;com vítima;57;BR-381/SP;Norte;Atropelamento - Morador;1;1;1;;;;1
09/06/2012;05:00:00;65;sem vítima;57,3;BR-381/SP;Sul;Colisão Traseira;2;2;;;;;1
09/06/2012;00:08:00;17;com vítima;480;BR-381/MG;Norte;Outros - Sequência;2;3;1;;;;1
09/06/2012;15:30:00;307;sem vítima;506,5;BR-381/MG;Sul;Outros - Sequência;1;1;;;;;1
09/06/2012;10:10:00;176;sem vítima;512;BR-381/MG;Norte;Colisão Traseira;1;3;;;;;1
09/06/2012;11:10:00;202;sem vítima;679;BR-381/MG;Norte;Colisão Lateral;2;2;;;;;1
09/06/2012;04:40:00;61;sem vítima;725,5;BR-381/MG;Norte;Tombamento;1;1;;;;;1
09/06/2012;01:02:00;30;sem vítima;934,6;BR-381/MG;Norte;Tombamento;1;1;;;;;1
10/06/2012;07:39:00;105;sem vítima;59;BR-381/SP;Sul;Saida de Pista;1;1;;;;;1
10/06/2012;19:37:00;494;sem vítima;658,6;BR-381/MG;Sul;Colisão Lateral;2;2;;;;;1
10/06/2012;18:27:00;440;sem vítima;695,4;BR-381/MG;Sul;Engavetamento;1;4;;;;;1
10/06/2012;22:18:00;560;com vítima;821,1;BR-381/MG;Norte;Colisão Transversal;1;1;1;1;;;2
10/06/2012;15:25:00;314;sem vítima;896,6;BR-381/MG;Norte;Colisão Traseira;1;4;;;;;1
11/06/2012;18:16:00;419;com vítima;50,2;BR-381/SP;Norte;Atropelamento - Ciclista;1;3;2;;;;1
11/06/2012;08:37:00;130;sem vítima;66,5;BR-381/SP;Sul;Colisão Traseira;1;2;;;;;1
11/06/2012;08:53:00;138;sem vítima;499;BR-381/MG;Norte;Engavetamento;1;3;;;;;1
11/06/2012;13:12:00;249;com vítima;537,3;BR-381/MG;Sul;Colisão Traseira;2;1;;;1;;2
11/06/2012;11:36:00;216;sem vítima;726,9;BR-381/MG;Norte;Tombamento;1;1;;;;;1
11/06/2012;16:12:00;347;sem vítima;944;BR-381/MG;Norte;Choque - Talude;1;1;;;;;1
12/06/2012;12:39:00;285;sem vítima;65,5;BR-381/SP;Norte;Choque - Outros;1;1;;;;;1
12/06/2012;03:44:00;71;sem vítima;72;BR-381/SP;Sul;Colisão Traseira;2;2;;;;;1
12/06/2012;05:22:00;87;sem vítima;497,5;BR-381/MG;Sul;Colisão Traseira;2;2;;;;;1
12/06/2012;10:05:00;219;sem vítima;504,1;BR-381/MG;Norte;Colisão Lateral;1;2;;;;;1
12/06/2012;13:00:00;292;sem vítima;567;BR-381/MG;Norte;Colisão Lateral;1;2;;;;;1
12/06/2012;11:36:00;261;com vítima;670,9;BR-381/MG;Norte;Colisão Traseira;1;2;3;;;;1
12/06/2012;10:44:00;243;sem vítima;758;BR-381/MG;Sul;Colisão Lateral;1;2;;;;;1
12/06/2012;15:47:00;367;com vítima;925,9;BR-381/MG;Norte;Tombamento;1;0;1;;;;1
13/06/2012;08:04:00;167;com vítima;65,7;BR-381/SP;Sul;Colisão Lateral;1;2;1;;;;1
13/06/2012;13:01:00;332;sem vítima;73,4;BR-381/SP;Norte;Tombamento;1;1;;;;;1
13/06/2012;18:32:00;522;sem vítima;482,7;BR-381/MG;Norte;Engavetamento;1;5;;;;;1
13/06/2012;17:31:00;498;sem vítima;495,5;BR-381/MG;Sul;Outros - Sequência;2;3;;;;;1
13/06/2012;10:47:00;272;com vítima;501,4;BR-381/MG;Norte;Atropelamento - Ciclista;1;1;1;;;;1
13/06/2012;07:56:00;162;sem vítima;597;BR-381/MG;Norte;Choque - Defensa, barreira ou "submarino";1;1;;;;;1
13/06/2012;22:17:00;618;com vítima;744,4;BR-381/MG;Norte;Tombamento;1;0;;;;1;3
13/06/2012;11:35:00;295;sem vítima;780;BR-381/MG;Sul;Choque - Suporte de Sinalização;1;1;;;;;1
14/06/2012;15:49:00;383;sem vítima;42;BR-381/SP;Norte;Submersão;1;1;;;;;1
14/06/2012;13:02:00;295;sem vítima;45,8;BR-381/SP;Norte;Colisão Lateral;2;2;;;;;1
14/06/2012;15:56:00;387;sem vítima;47;BR-381/SP;Sul;Outros - Sequência;1;2;;;;;1
14/06/2012;11:38:00;256;sem vítima;56,9;BR-381/SP;Norte;Tombamento;1;1;;;;;1
14/06/2012;23:03:00;560;sem vítima;478,4;BR-381/MG;Sul;Colisão Traseira;1;2;;;;;1
14/06/2012;11:56:00;270;sem vítima;492;BR-381/MG;Norte;Colisão Lateral;1;3;;;;;1
14/06/2012;10:13:00;221;sem vítima;926;BR-381/MG;Norte;Choque - Defensa, barreira ou "submarino";1;1;;;;;1
15/06/2012;13:59:00;308;sem vítima;63;BR-381/SP;Norte;Colisão Traseira;1;2;;;;;1
15/06/2012;16:35:00;417;sem vítima;495,9;BR-381/MG;Sul;Engavetamento;3;6;;;;;1
15/06/2012;10:14:00;223;sem vítima;524;BR-381/MG;Sul;Choque - Defensa, barreira ou "submarino";1;1;;;;;1
15/06/2012;12:45:00;283;sem vítima;576;BR-381/MG;Sul;Outros;1;1;;;;;1
15/06/2012;05:45:00;84;com vítima;691,2;BR-381/MG;Norte;Capotamento;1;1;;1;;;2
15/06/2012;10:45:00;237;sem vítima;706;BR-381/MG;Norte;Choque - Outros;1;1;;;;;1
15/06/2012;19:42:00;520;sem vítima;854;BR-381/MG;Sul;Colisão Lateral;1;3;;;;;1
16/06/2012;18:40:00;430;com vítima;8,6;BR-381/SP;Norte;Colisão Traseira;1;1;;1;;;2
16/06/2012;07:13:00;112;com vítima;80;BR-381/SP;Norte;Engavetamento;1;3;1;;;;1
16/06/2012;14:19:00;311;sem vítima;597,7;BR-381/MG;Norte;Choque - Defensa, barreira ou "submarino";1;1;;;;;1
16/06/2012;10:05:00;213;com vítima;614,2;BR-381/MG;Norte;Tombamento;1;0;1;;;;1
16/06/2012;00:52:00;24;sem vítima;670,3;BR-381/MG;Norte;Choque - Defensa, barreira ou "submarino";1;1;;;;;1
17/06/2012;12:00:00;179;com vítima;56;BR-381/SP;Sul;Engavetamento;1;5;1;;;;1
17/06/2012;10:32:00;149;com vítima;60,5;BR-381/SP;Sul;Tombamento;1;0;1;;;;1
17/06/2012;06:53:00;68;sem vítima;500;BR-381/MG;Norte;Choque - Defensa, barreira ou "submarino";1;1;;;;;1
17/06/2012;07:40:00;81;sem vítima;510;BR-381/MG;Norte;Colisão Lateral;1;2;;;;;1
17/06/2012;18:14:00;356;sem vítima;510;BR-381/MG;Norte;Colisão Traseira;2;2;;;;;1
17/06/2012;15:49:00;286;sem vítima;515;BR-381/MG;Sul;Colisão Lateral;1;2;;;;;1
17/06/2012;09:00:00;109;sem vítima;521,8;BR-381/MG;Sul;Tombamento;1;1;;;;;1
17/06/2012;20:08:00;409;sem vítima;649;BR-381/MG;Norte;Choque - Elemento de Drenagem;1;1;;;;;1
17/06/2012;14:11:00;234;com vítima;938,6;BR-381/MG;Sul;Outros - Sequência;1;1;3;;;;1
18/06/2012;10:54:00;224;sem vítima;62,5;BR-381/SP;Sul;Choque - Talude;1;1;;;;;1
18/06/2012;17:57:00;415;sem vítima;72;BR-381/SP;Sul;Colisão Lateral;1;2;;;;;1
18/06/2012;05:40:00;71;sem vítima;546;BR-381/MG;Norte;Colisão Lateral;2;3;;;;;1
18/06/2012;11:55:00;253;sem vítima;561;BR-381/MG;Sul;Colisão Lateral;1;3;;;;;1
18/06/2012;23:31:00;520;sem vítima;600,3;BR-381/MG;Sul;Colisão Traseira;2;2;;;;;1
19/06/2012;19:43:00;495;sem vítima;37;BR-381/SP;Sul;Saida de Pista;1;1;;;;;1
19/06/2012;08:55:00;174;sem vítima;66,5;BR-381/SP;Sul;Choque - Outros;1;1;;;;;1
19/06/2012;17:34:00;437;sem vítima;75,5;BR-381/SP;Sul;Choque - Talude;1;1;;;;;1
19/06/2012;13:08:00;301;sem vítima;90;BR-381/SP;Norte;Engavetamento;3;3;;;;;1
19/06/2012;17:51:00;447;com vítima;589;BR-381/MG;Sul;Colisão Traseira;1;1;1;;;;1
19/06/2012;23:15:00;567;sem vítima;621,6;BR-381/MG;Sul;Outros - Sequência;1;1;;;;;1
19/06/2012;05:45:00;87;com vítima;713;BR-381/MG;Sul;Choque - Elemento de Drenagem;1;0;1;;;;1
19/06/2012;04:13:00;74;com vítima;760,4;BR-381/MG;Sul;Colisão Traseira;2;0;2;;;;1
20/06/2012;12:21:00;262;sem vítima;40;BR-381/SP;Norte;Engavetamento;1;3;;;;;1
20/06/2012;11:53:00;254;sem vítima;54,4;BR-381/SP;Norte;Colisão Traseira;1;2;;;;;1
20/06/2012;18:18:00;437;sem vítima;58,5;BR-381/SP;Sul;Colisão Lateral;1;2;;;;;1
20/06/2012;03:58:00;54;sem vítima;62,5;BR-381/SP;Sul;Colisão Traseira;2;2;;;;;1
20/06/2012;21:10:00;494;sem vítima;593,8;BR-381/MG;Norte;Choque - Elemento de Drenagem;1;1;;;;;1
20/06/2012;21:04:00;493;sem vítima;707,8;BR-381/MG;Norte;Choque - Defensa, barreira ou "submarino";1;1;;;;;1