data;horario;n_da_ocorrencia;tipo_de_ocorrencia;km;trecho;sentido;tipo_de_acidente;caminhao;ilesos;levemente_feridos;moderadamente_feridos;gravemente_feridos;mortos;3
20/06/2012;20:35:00;485;com vítima;708;BR-381/MG;Norte;Tombamento;1;0;1;;;;1
20/06/2012;23:14:00;527;sem vítima;714;BR-381/MG;Sul;Outros - Sequência;1;2;;;;;1
20/06/2012;15:48:00;361;sem vítima;723;BR-381/MG;Sul;Outros - Sequência;1;1;;;;;1
20/06/2012;15:26:00;345;sem vítima;756;BR-381/MG;Sul;Colisão Traseira;1;2;;;;;1
20/06/2012;00:26:00;20;sem vítima;865,5;BR-381/MG;Sul;Colisão Lateral;2;2;;;;;1
20/06/2012;08:21:00;136;com vítima;937,1;BR-381/MG;Norte;Colisão Lateral;1;1;1;;;;1
20/06/2012;08:00:00;126;com vítima;940;BR-381/MG;Norte;Colisão Lateral;1;1;1;;;;1
21/06/2012;09:43:00;217;sem vítima;7;BR-381/SP;Norte;Colisão Traseira;1;2;;;;;1
21/06/2012;12:29:00;290;sem vítima;7;BR-381/SP;Sul;Outros - Sequência;1;1;;;;;1
21/06/2012;21:16:00;551;sem vítima;8,5;BR-381/SP;Norte;Colisão Lateral;1;2;;;;;1
21/06/2012;11:39:00;274;sem vítima;484,5;BR-381/MG;Sul;Colisão Lateral;1;2;;;;;1
21/06/2012;06:35:00;105;sem vítima;494;BR-381/MG;Norte;Colisão Lateral;1;2;;;;;1
21/06/2012;09:15:00;200;sem vítima;497;BR-381/MG;Norte;Colisão Traseira;1;2;;;;;1
21/06/2012;18:05:00;486;sem vítima;668,3;BR-381/MG;Sul;Choque - Elemento de Drenagem;1;1;;;;;1
21/06/2012;03:56:00;71;com vítima;686;BR-381/MG;Norte;Colisão Frontal;1;4;2;;;;1
21/06/2012;06:59:00;116;sem vítima;692,5;BR-381/MG;Sul;Outros - Sequência;1;1;;;;;1
21/06/2012;07:04:00;120;sem vítima;727,5;BR-381/MG;Sul;Colisão Traseira;1;6;;;;;1
21/06/2012;06:13:00;94;sem vítima;733,2;BR-381/MG;Norte;Choque - Talude;1;1;;;;;1
21/06/2012;07:23:00;126;sem vítima;744,5;BR-381/MG;Sul;Outros - Sequência;1;1;;;;;1
21/06/2012;16:55:00;456;sem vítima;756,9;BR-381/MG;Sul;Outros - Sequência;1;3;;;;;1
21/06/2012;03:58:00;73;sem vítima;842,3;BR-381/MG;Norte;Colisão Lateral;1;4;;;;;1
21/06/2012;15:53:00;408;sem vítima;900,5;BR-381/MG;Norte;Colisão Traseira;2;2;;;;;1
22/06/2012;05:44:00;95;sem vítima;17,5;BR-381/SP;Sul;Choque - Defensa, barreira ou "submarino";1;1;;;;;1
22/06/2012;12:38:00;301;sem vítima;45;BR-381/SP;Sul;Choque - Veiculo parado no acostamento;2;2;;;;;1
22/06/2012;14:50:00;370;sem vítima;50;BR-381/SP;Norte;Colisão Traseira;1;3;;;;;1
22/06/2012;20:43:00;547;sem vítima;486;BR-381/MG;Sul;Colisão Traseira;1;2;;;;;1
22/06/2012;07:17:00;122;sem vítima;521,5;BR-381/MG;Sul;Choque - Defensa, barreira ou "submarino";1;2;;;;;1
22/06/2012;18:43:00;507;sem vítima;523,9;BR-381/MG;Sul;Outros - Sequência;3;4;;;;;1
22/06/2012;13:15:00;313;sem vítima;559,9;BR-381/MG;Sul;Colisão Lateral;1;2;;;;;1
22/06/2012;04:39:00;83;sem vítima;600,4;BR-381/MG;Sul;Outros - Sequência;2;2;;;;;1
22/06/2012;13:28:00;322;sem vítima;619,4;BR-381/MG;Norte;Colisão Lateral;1;2;;;;;1
22/06/2012;03:01:00;64;com vítima;761,7;BR-381/MG;Norte;Colisão Traseira;2;2;1;;;;1
22/06/2012;07:41:00;139;sem vítima;820,1;BR-381/MG;Norte;Outros - Sequência;2;4;;;;;1
22/06/2012;05:59:00;97;sem vítima;830,8;BR-381/MG;Norte;Outros - Sequência;2;4;;;;;1
22/06/2012;11:56:00;282;sem vítima;839,4;BR-381/MG;Norte;Colisão Traseira;1;2;;;;;1
23/06/2012;01:31:00;32;sem vítima;7;BR-381/SP;Norte;Colisão Traseira;2;2;;;;;1
23/06/2012;06:14:00;89;sem vítima;490;BR-381/MG;Sul;Colisão Traseira;2;3;;;;;1
23/06/2012;08:59:00;158;sem vítima;495,4;BR-381/MG;Sul;Colisão Lateral;1;2;;;;;1
23/06/2012;05:22:00;79;sem vítima;518,3;BR-381/MG;Norte;Colisão Traseira;1;2;;;;;1
23/06/2012;01:08:00;26;sem vítima;575,3;BR-381/MG;Norte;Colisão Traseira;2;2;;;;;1
23/06/2012;08:43:00;153;sem vítima;597,7;BR-381/MG;Norte;Colisão Traseira;1;2;;;;;1
23/06/2012;08:27:00;146;sem vítima;879;BR-381/MG;Norte;Choque - Talude;1;1;;;;;1
24/06/2012;00:49:00;27;com vítima;41;BR-381/SP;Norte;Colisão Traseira;1;1;1;1;;;2
24/06/2012;00:39:00;25;sem vítima;478,5;BR-381/MG;Norte;Outros - Sequência;1;4;;;;;1
24/06/2012;20:32:00;469;sem vítima;491,4;BR-381/MG;Norte;Colisão Lateral;1;2;;;;;1
24/06/2012;06:20:00;76;sem vítima;865,5;BR-381/MG;Sul;Saida de Pista;1;1;;;;;1
24/06/2012;18:59:00;423;sem vítima;921;BR-381/MG;Norte;Colisão Lateral;1;2;;;;;1
25/06/2012;18:20:00;454;sem vítima;37,2;BR-381/SP;Norte;Colisão Traseira;2;2;;;;;1
25/06/2012;17:10:00;422;sem vítima;491,85;BR-381/MG;Norte;Colisão Lateral;2;2;;;;;1
25/06/2012;02:49:00;52;sem vítima;760,5;BR-381/MG;Norte;Colisão Traseira;1;3;;;;;1
25/06/2012;16:11:00;383;sem vítima;766,9;BR-381/MG;Sul;Choque - Elemento de Drenagem;1;1;;;;;1
25/06/2012;17:45:00;436;com vítima;906,8;BR-381/MG;Norte;Outros - Sequência;1;0;1;;;;1
26/06/2012;07:55:00;134;com vítima;36;BR-381/SP;Sul;Outros - Sequência;1;1;2;;;;1
26/06/2012;05:51:00;84;com vítima;545;BR-381/MG;Norte;Colisão Traseira;2;0;2;;;;1
26/06/2012;06:18:00;91;com vítima;617,9;BR-381/MG;Sul;Choque - Defensa, barreira ou "submarino";1;0;1;;;;1
26/06/2012;05:00:00;77;sem vítima;793,7;BR-381/MG;Norte;Saida de Pista;1;1;;;;;1
26/06/2012;08:36:00;158;com vítima;934;BR-381/MG;Norte;Tombamento;1;0;1;;;;1
27/06/2012;10:32:00;219;sem vítima;89,8;BR-381/SP;Norte;Colisão Lateral;1;2;;;;;1
27/06/2012;09:57:00;197;com vítima;90;BR-381/SP;Norte;Choque - Talude;1;0;1;;;;1
27/06/2012;06:26:00;92;sem vítima;489;BR-381/MG;Norte;Colisão Lateral;1;2;;;;;1
27/06/2012;09:34:00;180;sem vítima;492,6;BR-381/MG;Norte;Engavetamento;1;3;;;;;1
27/06/2012;09:43:00;184;sem vítima;492,7;BR-381/MG;Norte;Engavetamento;1;2;;;;;1
27/06/2012;08:36:00;155;sem vítima;497;BR-381/MG;Norte;Colisão Traseira;1;2;;;;;1
27/06/2012;10:24:00;212;sem vítima;517,8;BR-381/MG;Norte;Colisão Traseira;2;2;;;;;1
27/06/2012;18:56:00;469;com vítima;523;BR-381/MG;Sul;Outros - Sequência;1;1;1;;;;1
27/06/2012;05:20:00;82;com vítima;558;BR-381/MG;Norte;Outros - Sequência;1;0;1;;;;1
27/06/2012;11:11:00;246;sem vítima;683,8;BR-381/MG;Sul;Colisão Traseira;1;2;;;;;1
27/06/2012;11:13:00;247;com vítima;720;BR-381/MG;Norte;Tombamento;1;0;1;;;;1
27/06/2012;17:36:00;430;sem vítima;746,4;BR-381/MG;Norte;Colisão Lateral;1;3;;;;;1
27/06/2012;23:13:00;547;sem vítima;905,9;BR-381/MG;Norte;Colisão Traseira;2;2;;;;;1
28/06/2012;18:13:00;449;com vítima;487,9;BR-381/MG;Sul;Choque - Defensa, barreira ou "submarino";1;0;2;;;;1
28/06/2012;13:04:00;272;sem vítima;492,7;BR-381/MG;Norte;Choque - Defensa, barreira ou "submarino";1;1;;;;;1
28/06/2012;13:54:00;290;sem vítima;497,5;BR-381/MG;Norte;Engavetamento;1;3;;;;;1
28/06/2012;00:59:00;22;sem vítima;513;BR-381/MG;Norte;Colisão Lateral;1;2;;;;;1
28/06/2012;14:33:00;304;sem vítima;523,5;BR-381/MG;Norte;Colisão Traseira;1;2;;;;;1
28/06/2012;08:47:00;146;sem vítima;702,5;BR-381/MG;Norte;Colisão Traseira;1;3;;;;;1
28/06/2012;03:29:00;47;sem vítima;770,2;BR-381/MG;Sul;Atropelamento de Animal;1;2;;;;;1
28/06/2012;22:40:00;535;com vítima;806,5;BR-381/MG;Sul;Choque - Defensa, barreira ou "submarino";1;0;1;;;;1
29/06/2012;06:41:00;101;sem vítima;74,1;BR-381/SP;Norte;Colisão Lateral;2;2;;;;;1
29/06/2012;08:49:00;191;sem vítima;494,8;BR-381/MG;Norte;Engavetamento;1;3;;;;;1
29/06/2012;17:12:00;482;com vítima;511,2;BR-381/MG;Sul;Colisão Lateral;1;1;1;;;;1
29/06/2012;02:13:00;45;com vítima;516;BR-381/MG;Sul;Tombamento;1;0;1;;;;1
29/06/2012;14:32:00;370;sem vítima;527;BR-381/MG;Norte;Colisão Traseira;1;2;;;;;1
29/06/2012;00:39:00;25;sem vítima;537,5;BR-381/MG;Sul;Colisão Traseira;2;2;;;;;1
29/06/2012;13:51:00;352;sem vítima;793;BR-381/MG;Norte;Colisão Traseira;1;2;;;;;1
29/06/2012;10:38:00;271;sem vítima;924,5;BR-381/MG;Sul;Colisão Lateral;1;3;;;;;1
29/06/2012;14:48:00;383;sem vítima;944,5;BR-381/MG;Norte;Colisão Lateral;1;2;;;;;1
30/06/2012;23:50:00;609;sem vítima;23;BR-381/SP;Norte;Colisão Traseira;1;2;;;;;1
30/06/2012;23:16:00;594;com vítima;502;BR-381/MG;Norte;Outros - Sequência;1;0;8;;;;1
30/06/2012;08:36:00;170;com vítima;888,8;BR-381/MG;Norte;Tombamento;1;0;1;;;;1
30/06/2012;19:07:00;502;com vítima;920;BR-381/MG;Sul;Colisão Lateral;1;1;3;;;;1
30/06/2012;16:17:00;415;sem vítima;938,6;BR-381/MG;Sul;Choque - Elemento de Drenagem;1;1;;;;;1
01/07/2012;18:22:00;395;sem vítima;30;BR-381/SP;Norte;Colisão Lateral;1;2;;;;;1
01/07/2012;20:13:00;456;sem vítima;516,8;BR-381/MG;Norte;Colisão Lateral;1;2;;;;;1
01/07/2012;02:35:00;46;sem vítima;841,8;BR-381/MG;Norte;Tombamento;1;2;;;;;1
02/07/2012;17:51:00;417;sem vítima;79,5;BR-381/SP;Norte;Colisão Lateral;1;3;;;;;1
02/07/2012;19:43:00;463;sem vítima;478;BR-381/MG;Norte;Engavetamento;1;3;;;;;1
02/07/2012;16:26:00;367;sem vítima;491;BR-381/MG;Sul;Colisão Traseira;1;2;;;;;1
02/07/2012;10:44:00;208;sem vítima;525,5;BR-381/MG;Sul;Choque - Talude;1;2;;;;;1
02/07/2012;09:04:00;164;sem vítima;544;BR-381/MG;Sul;Colisão Traseira;1;2;;;;;1
02/07/2012;05:44:00;78;com vítima;560;BR-381/MG;Norte;Colisão Traseira;1;1;1;;;;1
02/07/2012;16:37:00;375;com vítima;629,05;BR-381/MG;Norte;Outros - Sequência;2;1;1;;1;;2
02/07/2012;09:29:00;177;com vítima;848,9;BR-381/MG;Norte;Tombamento;1;0;1;1;;;2
02/07/2012;09:38:00;179;sem vítima;848,9;BR-381/MG;Sul;Colisão Traseira;1;3;;;;;1
03/07/2012;18:28:00;485;sem vítima;84;BR-381/SP;Norte;Colisão Lateral;1;2;;;;;1
03/07/2012;12:11:00;278;sem vítima;485,5;BR-381/MG;Sul;Colisão Traseira;2;2;;;;;1
03/07/2012;08:28:00;152;com vítima;487,5;BR-381/MG;Norte;Colisão Traseira;2;2;1;1;;;2
03/07/2012;13:15:00;304;sem vítima;510;BR-381/MG;Norte;Outros - Sequência;2;2;;;;;1
03/07/2012;00:35:00;30;sem vítima;545;BR-381/MG;Sul;Colisão Traseira;1;2;;;;;1
03/07/2012;21:41:00;558;com vítima;646,3;BR-381/MG;Sul;Tombamento;1;0;1;;;;1
03/07/2012;16:42:00;422;com vítima;668;BR-381/MG;Norte;Tombamento;1;0;;;1;;2
03/07/2012;07:03:00;102;sem vítima;760,5;BR-381/MG;Norte;Colisão Traseira;2;2;;;;;1
04/07/2012;15:39:00;316;sem vítima;81,6;BR-381/SP;Sul;Colisão Lateral;2;2;;;;;1
04/07/2012;11:12:00;215;sem vítima;480,5;BR-381/MG;Norte;Colisão Lateral;1;3;;;;;1
04/07/2012;17:13:00;362;sem vítima;490;BR-381/MG;Norte;Atropelamento de Animal;1;1;;;;;1
04/07/2012;14:23:00;276;com vítima;525,6;BR-381/MG;Sul;Choque - Talude;1;1;1;;;;1
04/07/2012;00:32:00;22;com vítima;600,5;BR-381/MG;Sul;Colisão Traseira;2;1;;1;;;2
04/07/2012;20:13:00;468;sem vítima;647,5;BR-381/MG;Sul;Colisão Lateral;1;2;;;;;1
04/07/2012;10:26:00;197;sem vítima;723;BR-381/MG;Norte;Tombamento;1;1;;;;;1
04/07/2012;08:46:00;148;sem vítima;736,766;BR-381/MG;Norte;Colisão Traseira;1;2;;;;;1
04/07/2012;18:59:00;424;sem vítima;805;BR-381/MG;Norte;Colisão Lateral;1;2;;;;;1
04/07/2012;20:06:00;466;sem vítima;856,2;BR-381/MG;Norte;Colisão Traseira;2;4;;;;;1
04/07/2012;07:30:00;109;sem vítima;870;BR-381/MG;Norte;Colisão Lateral;1;2;;;;;1
05/07/2012;09:02:00;159;com vítima;487;BR-381/MG;Norte;Colisão Lateral;1;2;1;;;;1
05/07/2012;10:10:00;190;com vítima;513,3;BR-381/MG;Sul;Colisão Traseira;1;1;;1;;;2
05/07/2012;14:44:00;302;sem vítima;523,9;BR-381/MG;Sul;Outros - Sequência;1;2;;;;;1
05/07/2012;17:23:00;405;sem vítima;711;BR-381/MG;Norte;Colisão Traseira;1;2;;;;;1
05/07/2012;21:52:00;532;com vítima;878,6;BR-381/MG;Norte;Tombamento;1;0;;1;;;2
05/07/2012;00:53:00;30;sem vítima;893,6;BR-381/MG;Norte;Atropelamento de Animal;1;1;;;;;1
06/07/2012;23:32:00;621;sem vítima;50,2;BR-381/SP;Norte;Colisão Traseira;2;2;;;;;1
06/07/2012;12:22:00;272;sem vítima;65,5;BR-381/SP;Norte;Colisão Traseira;1;2;;;;;1
06/07/2012;12:35:00;294;sem vítima;478,3;BR-381/MG;Norte;Colisão Lateral;1;2;;;;;1
06/07/2012;16:22:00;404;sem vítima;494,3;BR-381/MG;Sul;Outros - Sequência;1;2;;;;;1
06/07/2012;14:52:00;343;sem vítima;495,4;BR-381/MG;Norte;Colisão Lateral;1;2;;;;;1
06/07/2012;10:29:00;219;sem vítima;525;BR-381/MG;Sul;Choque - Defensa, barreira ou "submarino";1;1;;;;;1
06/07/2012;16:27:00;410;com vítima;535,9;BR-381/MG;Sul;Choque - Defensa, barreira ou "submarino";1;0;3;;;;1
06/07/2012;02:37:00;52;com vítima;557,8;BR-381/MG;Norte;Colisão Traseira;1;2;;1;;;2
06/07/2012;04:26:00;77;com vítima;686,7;BR-381/MG;Sul;Tombamento;1;0;1;;;;1
06/07/2012;07:10:00;115;com vítima;721,9;BR-381/MG;Sul;Choque - Defensa, barreira ou "submarino";1;0;1;;;;1
06/07/2012;16:13:00;392;sem vítima;722,2;BR-381/MG;Norte;Colisão Traseira;1;1;;;;;1
06/07/2012;15:03:00;353;sem vítima;875;BR-381/MG;Sul;Colisão Traseira;1;3;;;;;1
07/07/2012;04:03:00;84;sem vítima;58,8;BR-381/SP;Sul;Colisão Traseira;2;2;;;;;1
07/07/2012;12:54:00;394;sem vítima;65,5;BR-381/SP;Norte;Choque - Outros;1;1;;;;;1
07/07/2012;14:50:00;463;sem vítima;68;BR-381/SP;Sul;Colisão Lateral;1;2;;;;;1
07/07/2012;00:01:00;6;sem vítima;82;BR-381/SP;Norte;Outros - Sequência;1;5;;;;;1
07/07/2012;10:48:00;323;sem vítima;487;BR-381/MG;Sul;Colisão Traseira;1;2;;;;;1
07/07/2012;18:13:00;575;com vítima;573,9;BR-381/MG;Norte;Outros - Sequência;2;1;1;;;;1
07/07/2012;15:15:00;473;sem vítima;659;BR-381/MG;Sul;Colisão Traseira;2;2;;;;;1
07/07/2012;14:56:00;465;com vítima;722,982;BR-381/MG;Norte;Outros - Sequência;2;7;5;;;2;3
07/07/2012;21:02:00;655;sem vítima;818,9;BR-381/MG;Sul;Colisão Traseira;1;4;;;;;1
07/07/2012;19:00:00;602;sem vítima;850;BR-381/MG;Norte;Colisão Frontal;1;2;;;;;1
07/07/2012;01:53:00;49;sem vítima;900,8;BR-381/MG;Norte;Colisão Traseira;1;3;;;;;1
08/07/2012;23:47:00;514;sem vítima;480,7;BR-381/MG;Sul;Outros - Sequência;1;2;;;;;1
08/07/2012;18:38:00;413;com vítima;768;BR-381/MG;Norte;Colisão Traseira;1;2;;1;;;2
09/07/2012;11:35:00;257;sem vítima;28;BR-381/SP;Sul;Colisão Lateral;1;2;;;;;1
09/07/2012;07:18:00;108;com vítima;502;BR-381/MG;Norte;Colisão Traseira;1;1;1;;;;1
09/07/2012;08:09:00;139;sem vítima;518;BR-381/MG;Norte;Colisão Traseira;1;2;;;;;1
09/07/2012;20:43:00;540;com vítima;528;BR-381/MG;Sul;Tombamento;1;0;1;;;;1
09/07/2012;02:55:00;44;sem vítima;719,5;BR-381/MG;Sul;Outros - Sequência;1;1;;;;;1
10/07/2012;23:28:00;574;sem vítima;7,5;BR-381/SP;Norte;Colisão Traseira;1;4;;;;;1
10/07/2012;19:15:00;503;sem vítima;89,9;BR-381/SP;Sul;Engavetamento;1;3;;;;;1
10/07/2012;10:18:00;197;sem vítima;492,8;BR-381/MG;Norte;Colisão Traseira;2;2;;;;;1
10/07/2012;09:24:00;168;sem vítima;495,8;BR-381/MG;Sul;Colisão Lateral;1;2;;;;;1
10/07/2012;01:24:00;29;sem vítima;517,5;BR-381/MG;Sul;Colisão Traseira;2;2;;;;;1
10/07/2012;05:27:00;67;com vítima;546;BR-381/MG;Norte;Tombamento;1;1;1;;;;1
10/07/2012;05:29:00;69;com vítima;802,3;BR-381/MG;Sul;Tombamento;1;0;;1;;;2
10/07/2012;05:25:00;66;com vítima;923,5;BR-381/MG;Sul;Tombamento;1;0;;1;;;2
11/07/2012;22:15:00;559;com vítima;496,1;BR-381/MG;Norte;Atropelamento - Andarilho;1;1;;1;;;2
11/07/2012;00:24:00;10;sem vítima;825,5;BR-381/MG;Norte;Tombamento;1;1;;;;;1
11/07/2012;19:27:00;511;sem vítima;866;BR-381/MG;Norte;Colisão Traseira;1;2;;;;;1
11/07/2012;07:11:00;97;sem vítima;935,5;BR-381/MG;Norte;Choque - Elemento de Drenagem;1;1;;;;;1
12/07/2012;16:45:00;379;sem vítima;7,5;BR-381/SP;Norte;Colisão Traseira;1;2;;;;;1
12/07/2012;21:03:00;485;sem vítima;28;BR-381/SP;Norte;Engavetamento;2;3;;;;;1
12/07/2012;14:27:00;305;sem vítima;60,5;BR-381/SP;Norte;Colisão Traseira;1;2;;;;;1
12/07/2012;10:09:00;224;sem vítima;68;BR-381/SP;Norte;Tombamento;1;1;;;;;1
12/07/2012;10:06:00;223;sem vítima;89,5;BR-381/SP;Norte;Colisão Traseira;1;2;;;;;1
12/07/2012;09:55:00;217;sem vítima;482,5;BR-381/MG;Sul;Colisão Lateral;1;2;;;;;1
12/07/2012;05:22:00;87;com vítima;504;BR-381/MG;Norte;Colisão Traseira;1;3;6;;;;1
12/07/2012;14:19:00;301;sem vítima;597,5;BR-381/MG;Norte;Colisão Traseira;1;2;;;;;1
12/07/2012;22:44:00;514;sem vítima;601;BR-381/MG;Sul;Colisão Traseira;2;2;;;;;1
12/07/2012;04:38:00;83;sem vítima;617;BR-381/MG;Norte;Colisão Lateral;2;3;;;;;1
12/07/2012;17:33:00;400;sem vítima;839;BR-381/MG;Sul;Colisão Lateral;1;2;;;;;1
12/07/2012;15:13:00;323;sem vítima;868;BR-381/MG;Sul;Outros - Sequência;1;1;;;;;1
13/07/2012;21:35:00;547;sem vítima;485,4;BR-381/MG;Sul;Colisão Traseira;1;2;;;;;1
13/07/2012;17:59:00;438;sem vítima;491,6;BR-381/MG;Norte;Colisão Lateral;1;2;;;;;1
13/07/2012;18:46:00;470;sem vítima;493,8;BR-381/MG;Norte;Outros - Sequência;1;3;;;;;1
13/07/2012;23:14:00;576;com vítima;506,4;BR-381/MG;Norte;Tombamento;1;0;1;;;;1
13/07/2012;18:05:00;441;sem vítima;534;BR-381/MG;Sul;Colisão Traseira;1;2;;;;;1
13/07/2012;15:29:00;355;sem vítima;537,3;BR-381/MG;Sul;Colisão Traseira;1;2;;;;;1
13/07/2012;02:46:00;56;com vítima;621;BR-381/MG;Norte;Outros - Sequência;1;2;5;;;;1
13/07/2012;09:03:00;171;com vítima;756;BR-381/MG;Norte;Colisão Traseira;2;1;1;;;;1
13/07/2012;15:19:00;347;com vítima;887;BR-381/MG;Sul;Capotamento;1;1;1;;;;1
14/07/2012;05:51:00;110;sem vítima;25,8;BR-381/SP;Norte;Colisão Traseira;2;4;;;;;1
14/07/2012;14:43:00;354;sem vítima;71,6;BR-381/SP;Norte;Colisão Traseira;1;2;;;;;1
14/07/2012;09:48:00;214;sem vítima;76;BR-381/SP;Sul;Colisão Traseira;1;2;;;;;1
14/07/2012;17:27:00;459;sem vítima;478,6;BR-381/MG;Norte;Colisão Traseira;1;2;;;;;1
14/07/2012;09:26:00;203;com vítima;478,8;BR-381/MG;Norte;Colisão Traseira;1;2;2;;;;1
14/07/2012;01:51:00;49;com vítima;493,4;BR-381/MG;Sul;Colisão Traseira;1;1;2;;;;1
14/07/2012;08:01:00;168;sem vítima;506,8;BR-381/MG;Sul;Colisão Traseira;2;2;;;;;1
14/07/2012;10:37:00;242;sem vítima;511,7;BR-381/MG;Norte;Engavetamento;2;4;;;;;1
14/07/2012;23:22:00;582;sem vítima;525,6;BR-381/MG;Sul;Outros - Sequência;1;2;;;;;1
14/07/2012;09:04:00;190;sem vítima;851;BR-381/MG;Norte;Colisão Traseira;1;2;;;;;1
14/07/2012;06:47:00;120;sem vítima;900,88;BR-381/MG;Norte;Colisão Traseira;1;2;;;;;1
15/07/2012;08:10:00;130;sem vítima;7,5;BR-381/SP;Norte;Choque - Outros;1;1;;;;;1
15/07/2012;13:02:00;269;sem vítima;505,7;BR-381/MG;Sul;Outros - Sequência;1;2;;;;;1
16/07/2012;15:35:00;329;com vítima;55;BR-381/SP;Norte;Outros - Sequência;1;0;1;;;;1
16/07/2012;16:03:00;339;sem vítima;55,4;BR-381/SP;Norte;Outros;1;3;;;;;1
16/07/2012;14:30:00;297;sem vítima;61;BR-381/SP;Norte;Colisão Lateral;1;2;;;;;1
16/07/2012;12:47:00;245;sem vítima;90;BR-381/SP;Norte;Colisão Lateral;1;2;;;;;1
16/07/2012;23:58:00;513;sem vítima;560;BR-381/MG;Norte;Outros - Sequência;1;1;;;;;1
16/07/2012;01:46:00;26;com vítima;623;BR-381/MG;Norte;Outros - Sequência;1;0;1;;;;1
16/07/2012;06:44:00;79;com vítima;662;BR-381/MG;Sul;Colisão Transversal;2;0;2;;;;1
16/07/2012;18:56:00;420;sem vítima;700;BR-381/MG;Sul;Colisão Lateral;1;2;;;;;1
16/07/2012;07:03:00;94;com vítima;720,9;BR-381/MG;Norte;Tombamento;1;0;1;;;;1
16/07/2012;08:08:00;130;com vítima;876,5;BR-381/MG;Norte;Colisão Lateral;1;1;2;;;;1
16/07/2012;11:45:00;214;sem vítima;929,6;BR-381/MG;Norte;Choque - Elemento de Drenagem;1;1;;;;;1
16/07/2012;17:18:00;385;com vítima;934,3;BR-381/MG;Norte;Outros - Sequência;1;3;;;;3;3
16/07/2012;21:06:00;460;sem vítima;934,3;BR-381/MG;Norte;Outros - Sequência;1;2;;;;;1
17/07/2012;09:34:00;200;sem vítima;3,2;BR-381/SP;Sul;Tombamento;2;2;;;;;1
17/07/2012;13:37:00;333;sem vítima;46,5;BR-381/SP;Sul;Tombamento;1;1;;;;;1
17/07/2012;09:31:00;196;sem vítima;82;BR-381/SP;Norte;Choque - Elemento de Drenagem;1;1;;;;;1
17/07/2012;02:43:00;50;sem vítima;84,6;BR-381/SP;Sul;Outros - Sequência;1;4;;;;;1
17/07/2012;09:31:00;198;sem vítima;478,5;BR-381/MG;Sul;Colisão Traseira;1;2;;;;;1
17/07/2012;10:29:00;238;sem vítima;484;BR-381/MG;Norte;Tombamento;1;1;;;;;1
17/07/2012;17:39:00;478;sem vítima;493,1;BR-381/MG;Sul;Outros - Sequência;1;5;;;;;1
17/07/2012;05:11:00;68;sem vítima;493,9;BR-381/MG;Norte;Colisão Traseira;2;2;;;;;1
17/07/2012;12:52:00;312;sem vítima;541,8;BR-381/MG;Norte;Colisão Lateral;1;3;;;;;1
17/07/2012;18:13:00;500;com vítima;676;BR-381/MG;Sul;Colisão Traseira;1;0;3;;;;1
17/07/2012;05:31:00;71;sem vítima;874;BR-381/MG;Sul;Tombamento;1;1;;;;;1
17/07/2012;17:52:00;488;sem vítima;941,6;BR-381/MG;Norte;Choque - Elemento de Drenagem;1;1;;;;;1
18/07/2012;01:29:00;42;sem vítima;14;BR-381/SP;Sul;Choque - Defensa, barreira ou "submarino";1;1;;;;;1
18/07/2012;13:44:00;325;sem vítima;81,3;BR-381/SP;Sul;Colisão Lateral;1;2;;;;;1
18/07/2012;11:55:00;288;sem vítima;654;BR-381/MG;Sul;Colisão Lateral;1;3;;;;;1
18/07/2012;11:21:00;277;sem vítima;704;BR-381/MG;Norte;Engavetamento;2;5;;;;;1
18/07/2012;08:25:00;179;com vítima;743;BR-381/MG;Norte;Colisão Traseira;1;1;1;1;1;;2
18/07/2012;04:24:00;83;com vítima;747,9;BR-381/MG;Sul;Tombamento;1;0;1;;;;1
18/07/2012;22:06:00;582;com vítima;759;BR-381/MG;Sul;Colisão Traseira;2;1;1;;;;1
18/07/2012;03:03:00;59;com vítima;817,2;BR-381/MG;Norte;Colisão Traseira;2;1;1;;;;1
18/07/2012;14:17:00;327;sem vítima;829,3;BR-381/MG;Norte;Engavetamento;1;7;;;;;1
18/07/2012;10:47:00;263;com vítima;873,5;BR-381/MG;Sul;Engavetamento;2;2;4;;;;1
18/07/2012;22:09:00;585;com vítima;925,3;BR-381/MG;Norte;Tombamento;1;0;1;;;;1
18/07/2012;22:15:00;588;sem vítima;938,4;BR-381/MG;Sul;Outros - Sequência;2;2;;;;;1
19/07/2012;12:19:00;291;sem vítima;478,5;BR-381/MG;Norte;Colisão Lateral;1;2;;;;;1
19/07/2012;08:02:00;135;sem vítima;495,5;BR-381/MG;Sul;Colisão Traseira;1;2;;;;;1
19/07/2012;01:54:00;37;com vítima;534,5;BR-381/MG;Sul;Colisão Traseira;2;1;;1;;;2
19/07/2012;08:31:00;146;sem vítima;547,5;BR-381/MG;Norte;Colisão Lateral;2;2;;;;;1
19/07/2012;07:13:00;102;com vítima;597,4;BR-381/MG;Sul;Colisão Traseira;1;1;1;;;;1
19/07/2012;23:16:00;585;com vítima;601;BR-381/MG;Sul;Outros - Sequência;1;38;1;;;;1
19/07/2012;03:37:00;58;com vítima;720,7;BR-381/MG;Norte;Tombamento;1;0;1;;;;1
19/07/2012;04:12:00;61;sem vítima;721,5;BR-381/MG;Norte;Engavetamento;3;3;;;;;1
19/07/2012;09:02:00;170;sem vítima;758;BR-381/MG;Norte;Colisão Traseira;1;2;;;;;1
19/07/2012;14:20:00;345;sem vítima;900,5;BR-381/MG;Norte;Colisão Traseira;1;2;;;;;1
19/07/2012;07:52:00;128;sem vítima;901;BR-381/MG;Sul;Colisão Traseira;2;2;;;;;1
20/07/2012;07:02:00;127;sem vítima;70,2;BR-381/SP;Norte;Colisão Lateral;1;2;;;;;1