data;horario;n_da_ocorrencia;tipo_de_ocorrencia;km;trecho;sentido;tipo_de_acidente;caminhao;ilesos;levemente_feridos;moderadamente_feridos;gravemente_feridos;mortos;3
20/07/2012;11:25:00;281;com vítima;84;BR-381/SP;Sul;Colisão Lateral;1;1;;;1;;2
20/07/2012;14:05:00;340;sem vítima;479;BR-381/MG;Sul;Colisão Traseira;1;2;;;;;1
20/07/2012;08:18:00;170;sem vítima;480,9;BR-381/MG;Norte;Colisão Lateral;1;2;;;;;1
20/07/2012;01:02:00;35;sem vítima;523,9;BR-381/MG;Sul;Colisão Traseira;2;2;;;;;1
20/07/2012;21:55:00;613;sem vítima;526,5;BR-381/MG;Sul;Colisão Traseira;2;2;;;;;1
20/07/2012;13:25:00;330;sem vítima;535;BR-381/MG;Sul;Colisão Lateral;1;2;;;;;1
20/07/2012;23:32:00;650;sem vítima;559;BR-381/MG;Sul;Outros - Sequência;1;1;;;;;1
20/07/2012;08:52:00;190;sem vítima;648,6;BR-381/MG;Norte;Choque - Elemento de Drenagem;1;1;;;;;1
20/07/2012;03:06:00;75;com vítima;815,5;BR-381/MG;Sul;Atropelamento de Animal;1;0;1;;;;1
20/07/2012;03:18:00;84;sem vítima;815,7;BR-381/MG;Sul;Atropelamento de Animal;1;1;;;;;1
20/07/2012;08:18:00;171;com vítima;815,7;BR-381/MG;Norte;Colisão Traseira;2;1;1;;;;1
20/07/2012;10:27:00;249;sem vítima;935;BR-381/MG;Norte;Colisão Traseira;1;2;;;;;1
21/07/2012;19:37:00;501;sem vítima;66,7;BR-381/SP;Norte;Colisão Lateral;1;2;;;;;1
21/07/2012;08:43:00;152;sem vítima;491;BR-381/MG;Norte;Colisão Lateral;1;2;;;;;1
21/07/2012;06:39:00;92;sem vítima;495,8;BR-381/MG;Sul;Colisão Traseira;1;2;;;;;1
21/07/2012;09:28:00;179;sem vítima;498;BR-381/MG;Sul;Engavetamento;2;2;;;;;1
21/07/2012;10:21:00;202;sem vítima;498;BR-381/MG;Norte;Engavetamento;1;3;;;;;1
21/07/2012;06:21:00;84;sem vítima;578,7;BR-381/MG;Sul;Outros - Sequência;1;1;;;;;1
21/07/2012;09:23:00;178;sem vítima;715,5;BR-381/MG;Norte;Outros - Sequência;1;1;;;;;1
21/07/2012;05:34:00;75;sem vítima;837;BR-381/MG;Norte;Colisão Traseira;2;2;;;;;1
21/07/2012;09:04:00;166;sem vítima;865,4;BR-381/MG;Sul;Choque - Defensa, barreira ou "submarino";1;1;;;;;1
22/07/2012;16:13:00;324;sem vítima;488,7;BR-381/MG;Sul;Colisão Traseira;1;2;;;;;1
22/07/2012;19:04:00;429;sem vítima;491,9;BR-381/MG;Norte;Colisão Traseira;1;2;;;;;1
22/07/2012;20:29:00;478;sem vítima;497,5;BR-381/MG;Norte;Engavetamento;1;3;;;;;1
22/07/2012;01:24:00;21;sem vítima;512,5;BR-381/MG;Sul;Colisão Traseira;1;2;;;;;1
22/07/2012;15:14:00;301;sem vítima;521,5;BR-381/MG;Sul;Outros - Sequência;1;1;;;;;1
22/07/2012;08:33:00;129;com vítima;610,6;BR-381/MG;Sul;Colisão Traseira;1;3;1;1;;;2
22/07/2012;20:21:00;472;com vítima;687,8;BR-381/MG;Sul;Tombamento;1;0;1;;;;1
22/07/2012;21:57:00;514;com vítima;871,5;BR-381/MG;Sul;Atropelamento - Outros;1;1;;;1;;2
23/07/2012;08:35:00;157;com vítima;26;BR-381/SP;Norte;Outros - Sequência;1;2;1;1;;;2
23/07/2012;11:14:00;256;sem vítima;36;BR-381/SP;Sul;Choque - Elemento de Drenagem;1;1;;;;;1
23/07/2012;20:59:00;549;com vítima;86,5;BR-381/SP;Norte;Outros - Sequência;2;3;;1;;;2
23/07/2012;15:20:00;388;com vítima;479,3;BR-381/MG;Sul;Atropelamento - Andarilho;1;1;;;;1;3
23/07/2012;01:39:00;30;sem vítima;488,3;BR-381/MG;Sul;Colisão Lateral;1;2;;;;;1
23/07/2012;17:05:00;443;sem vítima;501,8;BR-381/MG;Sul;Colisão Traseira;1;2;;;;;1
23/07/2012;08:46:00;164;sem vítima;522,5;BR-381/MG;Norte;Colisão Traseira;2;2;;;;;1
23/07/2012;08:54:00;177;sem vítima;562;BR-381/MG;Sul;Colisão Traseira;1;2;;;;;1
23/07/2012;01:22:00;27;com vítima;635;BR-381/MG;Norte;Colisão Traseira;1;1;1;;;;1
23/07/2012;18:06:00;482;sem vítima;679,4;BR-381/MG;Sul;Colisão Lateral;1;2;;;;;1
23/07/2012;19:40:00;529;com vítima;749;BR-381/MG;Sul;Colisão Traseira;2;1;1;;;;1
24/07/2012;20:13:00;575;sem vítima;69,5;BR-381/SP;Norte;Tombamento;1;1;;;;;1
24/07/2012;11:54:00;295;sem vítima;510;BR-381/MG;Sul;Colisão Traseira;1;2;;;;;1
24/07/2012;19:07:00;545;com vítima;525,6;BR-381/MG;Sul;Tombamento;1;0;1;;;;1
24/07/2012;00:43:00;23;sem vítima;571,7;BR-381/MG;Norte;Tombamento;1;1;;;;;1
24/07/2012;10:31:00;249;sem vítima;609,2;BR-381/MG;Norte;Engavetamento;3;3;;;;;1
24/07/2012;05:21:00;72;sem vítima;707,6;BR-381/MG;Sul;Choque - Elemento de Drenagem;1;1;;;;;1
24/07/2012;06:59:00;103;com vítima;816,2;BR-381/MG;Norte;Capotamento;1;0;;2;;;2
24/07/2012;07:33:00;128;com vítima;818,8;BR-381/MG;Norte;Colisão Traseira;2;1;;1;;;2
24/07/2012;01:44:00;40;sem vítima;846,7;BR-381/MG;Sul;Atropelamento de Animal;1;1;;;;;1
24/07/2012;00:26:00;15;sem vítima;930,8;BR-381/MG;Sul;Colisão Traseira;2;2;;;;;1
25/07/2012;04:44:00;68;sem vítima;51,2;BR-381/SP;Sul;Colisão Traseira;2;2;;;;;1
25/07/2012;14:06:00;315;sem vítima;59;BR-381/SP;Norte;Colisão Traseira;1;2;;;;;1
25/07/2012;13:55:00;311;com vítima;71;BR-381/SP;Norte;Colisão Traseira;2;2;1;;;;1
25/07/2012;00:03:00;2;sem vítima;498,4;BR-381/MG;Norte;Colisão Traseira;2;2;;;;;1
25/07/2012;03:29:00;59;com vítima;643;BR-381/MG;Sul;Outros - Sequência;1;0;1;;;;1
25/07/2012;06:35:00;92;sem vítima;688,082;BR-381/MG;Norte;Tombamento;1;1;;;;;1
25/07/2012;01:22:00;35;sem vítima;883,1;BR-381/MG;Norte;Colisão Traseira;2;2;;;;;1
26/07/2012;12:44:00;307;com vítima;42,9;BR-381/SP;Sul;Colisão Traseira;1;2;1;;;;1
26/07/2012;19:26:00;493;sem vítima;68;BR-381/SP;Norte;Colisão Traseira;2;2;;;;;1
26/07/2012;14:07:00;347;sem vítima;76;BR-381/SP;Norte;Outros - Sequência;1;3;;;;;1
26/07/2012;08:06:00;137;sem vítima;488,3;BR-381/MG;Norte;Colisão Lateral;1;2;;;;;1
26/07/2012;12:03:00;276;sem vítima;512,6;BR-381/MG;Sul;Colisão Lateral;1;2;;;;;1
26/07/2012;08:04:00;134;sem vítima;546;BR-381/MG;Norte;Choque - Defensa, barreira ou "submarino";1;1;;;;;1
26/07/2012;09:05:00;180;sem vítima;598,6;BR-381/MG;Sul;Outros - Sequência;1;2;;;;;1
27/07/2012;23:13:00;450;com vítima;13;BR-381/SP;Sul;Colisão Traseira;1;1;1;;;;1
27/07/2012;19:20:00;364;com vítima;65,3;BR-381/SP;Norte;Atropelamento - Morador;1;1;;;;1;3
27/07/2012;15:49:00;280;sem vítima;493,7;BR-381/MG;Norte;Choque - Poste;1;1;;;;;1
27/07/2012;10:28:00;163;com vítima;498,3;BR-381/MG;Sul;Colisão Lateral;1;1;1;;;;1
27/07/2012;07:02:00;81;sem vítima;507;BR-381/MG;Sul;Colisão Transversal;2;2;;;;;1
27/07/2012;16:16:00;293;com vítima;551;BR-381/MG;Norte;Tombamento;1;0;1;;;;1
27/07/2012;17:28:00;320;sem vítima;593,6;BR-381/MG;Norte;Colisão Traseira;2;2;;;;;1
27/07/2012;17:42:00;326;sem vítima;600;BR-381/MG;Norte;Outros - Sequência;2;2;;;;;1
27/07/2012;16:28:00;298;sem vítima;623,5;BR-381/MG;Sul;Tombamento;1;1;;;;;1
27/07/2012;13:55:00;246;sem vítima;637,4;BR-381/MG;Norte;Colisão Traseira;2;2;;;;;1
27/07/2012;16:42:00;304;com vítima;652;BR-381/MG;Norte;Colisão Traseira;1;2;2;;;;1
27/07/2012;18:46:00;348;sem vítima;790;BR-381/MG;Sul;Colisão Transversal;2;2;;;;;1
27/07/2012;06:10:00;69;com vítima;917;BR-381/MG;Sul;Colisão Traseira;2;1;;1;1;;2
28/07/2012;04:10:00;79;com vítima;34;BR-381/SP;Sul;Outros - Sequência;1;0;1;;;;1
28/07/2012;10:53:00;231;sem vítima;76,5;BR-381/SP;Norte;Colisão Traseira;1;2;;;;;1
28/07/2012;08:32:00;165;sem vítima;574,9;BR-381/MG;Sul;Tombamento;1;2;;;;;1
28/07/2012;02:40:00;61;sem vítima;893;BR-381/MG;Norte;Saida de Pista;1;1;;;;;1
28/07/2012;08:26:00;159;sem vítima;923,5;BR-381/MG;Sul;Tombamento;1;1;;;;;1
29/07/2012;11:29:00;202;sem vítima;523,6;BR-381/MG;Sul;Colisão Lateral;1;2;;;;;1
29/07/2012;09:33:00;147;com vítima;530;BR-381/MG;Sul;Colisão Traseira;1;4;1;;;;1
29/07/2012;15:30:00;290;sem vítima;618,5;BR-381/MG;Sul;Outros - Sequência;1;2;;;;;1
29/07/2012;06:43:00;91;sem vítima;721,14;BR-381/MG;Norte;Tombamento;1;1;;;;;1
29/07/2012;20:01:00;454;sem vítima;735,5;BR-381/MG;Sul;Colisão Traseira;1;2;;;;;1
29/07/2012;11:18:00;200;sem vítima;794;BR-381/MG;Sul;Tombamento;1;1;;;;;1
29/07/2012;02:52:00;54;sem vítima;887;BR-381/MG;Sul;Atropelamento de Animal;1;1;;;;;1
30/07/2012;06:12:00;80;sem vítima;7,8;BR-381/SP;Sul;Colisão Traseira;1;2;;;;;1
30/07/2012;15:21:00;394;sem vítima;487;BR-381/MG;Sul;Colisão Traseira;1;2;;;;;1
30/07/2012;15:41:00;408;sem vítima;488,5;BR-381/MG;Sul;Tombamento;1;1;;;;;1
30/07/2012;11:25:00;263;sem vítima;498;BR-381/MG;Sul;Colisão Lateral;1;2;;;;;1
30/07/2012;02:33:00;43;sem vítima;499,5;BR-381/MG;Norte;Colisão Lateral;2;2;;;;;1
30/07/2012;18:50:00;504;sem vítima;512;BR-381/MG;Sul;Colisão Traseira;1;2;;;;;1
30/07/2012;06:58:00;94;com vítima;732,101;BR-381/MG;Sul;Tombamento;1;0;3;;;;1
30/07/2012;16:57:00;445;sem vítima;833,365;BR-381/MG;Norte;Saida de Pista;1;1;;;;;1
31/07/2012;09:17:00;187;sem vítima;483;BR-381/MG;Sul;Engavetamento;3;5;;;;;1
31/07/2012;09:03:00;175;com vítima;484;BR-381/MG;Sul;Outros - Sequência;1;2;1;;;;1
31/07/2012;18:53:00;479;com vítima;486,3;BR-381/MG;Sul;Outros - Sequência;1;2;1;;;1;3
31/07/2012;20:56:00;525;com vítima;668,9;BR-381/MG;Sul;Outros - Sequência;2;0;;2;;;2
31/07/2012;18:45:00;472;sem vítima;697,9;BR-381/MG;Sul;Choque - Elemento de Drenagem;1;3;;;;;1
31/07/2012;15:13:00;370;sem vítima;729;BR-381/MG;Norte;Colisão Traseira;1;2;;;;;1
31/07/2012;21:13:00;531;sem vítima;742,7;BR-381/MG;Norte;Colisão Traseira;2;2;;;;;1
31/07/2012;02:50:00;50;sem vítima;760,6;BR-381/MG;Norte;Colisão Traseira;2;2;;;;;1
31/07/2012;15:01:00;359;com vítima;786,3;BR-381/MG;Sul;Tombamento;1;0;;1;;;2
31/07/2012;21:51:00;539;sem vítima;850;BR-381/MG;Norte;Colisão Lateral;1;2;;;;;1
31/07/2012;20:02:00;506;sem vítima;870;BR-381/MG;Norte;Colisão Traseira;1;2;;;;;1
31/07/2012;16:01:00;394;com vítima;903,5;BR-381/MG;Norte;Tombamento;1;0;1;;;;1
01/08/2012;01:22:00;36;sem vítima;12,3;BR-381/SP;Sul;Atropelamento de Animal;1;1;;;;;1
01/08/2012;14:33:00;358;sem vítima;27,4;BR-381/SP;Norte;Outros - Sequência;1;2;;;;;1
01/08/2012;14:10:00;344;sem vítima;65,5;BR-381/SP;Norte;Choque - Outros;1;1;;;;;1
01/08/2012;14:29:00;355;com vítima;754,5;BR-381/MG;Norte;Capotamento;1;0;;3;1;;2
01/08/2012;09:39:00;217;sem vítima;900;BR-381/MG;Sul;Colisão Traseira;1;2;;;;;1
01/08/2012;08:31:00;166;sem vítima;910,3;BR-381/MG;Sul;Colisão Lateral;1;2;;;;;1
02/08/2012;17:22:00;469;com vítima;58,5;BR-381/SP;Norte;Tombamento;1;0;2;;;;1
02/08/2012;10:35:00;245;sem vítima;87,9;BR-381/SP;Norte;Colisão Traseira;1;2;;;;;1
02/08/2012;23:01:00;614;sem vítima;484,2;BR-381/MG;Norte;Outros - Sequência;2;2;;;;;1
02/08/2012;08:02:00;150;com vítima;506;BR-381/MG;Norte;Engavetamento;1;3;3;;;;1
02/08/2012;20:25:00;560;sem vítima;512,1;BR-381/MG;Norte;Choque - Poste;1;1;;;;;1
02/08/2012;03:12:00;62;sem vítima;629,9;BR-381/MG;Sul;Choque - Elemento de Drenagem;1;1;;;;;1
02/08/2012;13:54:00;344;sem vítima;667;BR-381/MG;Sul;Choque - Defensa, barreira ou "submarino";1;1;;;;;1
02/08/2012;21:52:00;593;sem vítima;768;BR-381/MG;Norte;Colisão Traseira;2;2;;;;;1
02/08/2012;23:09:00;616;sem vítima;906;BR-381/MG;Norte;Engavetamento;2;7;;;;;1
02/08/2012;05:04:00;80;sem vítima;920,7;BR-381/MG;Sul;Outros - Sequência;3;3;;;;;1
03/08/2012;01:23:00;35;sem vítima;1;BR-381/SP;Sul;Colisão Traseira;2;2;;;;;1
03/08/2012;06:29:00;68;sem vítima;54,5;BR-381/SP;Norte;Outros - Sequência;1;2;;;;;1
03/08/2012;17:19:00;418;sem vítima;59;BR-381/SP;Norte;Outros - Sequência;1;2;;;;;1
03/08/2012;17:57:00;436;sem vítima;65,5;BR-381/SP;Norte;Colisão Lateral;1;2;;;;;1
03/08/2012;22:49:00;549;sem vítima;72;BR-381/SP;Sul;Colisão Lateral;2;2;;;;;1
03/08/2012;22:45:00;547;com vítima;482,8;BR-381/MG;Sul;Colisão Traseira;1;1;;;;1;3
03/08/2012;10:39:00;225;sem vítima;510,9;BR-381/MG;Norte;Colisão Traseira;2;2;;;;;1
03/08/2012;22:06:00;537;com vítima;541,2;BR-381/MG;Sul;Colisão Traseira;1;1;1;;;;1
03/08/2012;22:17:00;540;sem vítima;562;BR-381/MG;Sul;Choque - Talude;1;1;;;;;1
03/08/2012;11:53:00;259;sem vítima;712,784;BR-381/MG;Sul;Colisão Lateral;1;44;;;;;1
03/08/2012;08:06:00;117;sem vítima;735,5;BR-381/MG;Norte;Colisão Traseira;1;2;;;;;1
03/08/2012;09:10:00;169;sem vítima;863,2;BR-381/MG;Sul;Colisão Lateral;2;2;;;;;1
03/08/2012;20:50:00;512;sem vítima;906;BR-381/MG;Sul;Colisão Lateral;1;3;;;;;1
03/08/2012;19:13:00;465;sem vítima;920,5;BR-381/MG;Sul;Colisão Traseira;2;2;;;;;1
04/08/2012;08:11:00;141;sem vítima;0,5;BR-381/SP;Sul;Choque - Elemento de Drenagem;1;1;;;;;1
04/08/2012;00:20:00;23;sem vítima;1,4;BR-381/SP;Norte;Colisão Traseira;1;2;;;;;1
04/08/2012;17:08:00;384;com vítima;59,8;BR-381/SP;Sul;Outros - Sequência;1;4;2;;;;1
04/08/2012;06:48:00;109;com vítima;73,5;BR-381/SP;Norte;Colisão Lateral;1;1;1;;;;1
04/08/2012;10:46:00;210;sem vítima;89,7;BR-381/SP;Norte;Colisão Traseira;1;2;;;;;1
04/08/2012;07:29:00;127;sem vítima;480;BR-381/MG;Sul;Choque - Defensa, barreira ou "submarino";1;1;;;;;1
04/08/2012;09:56:00;189;com vítima;485,4;BR-381/MG;Sul;Engavetamento;1;3;1;;;;1
04/08/2012;17:15:00;392;sem vítima;496,5;BR-381/MG;Norte;Colisão Lateral;2;2;;;;;1
04/08/2012;07:06:00;117;com vítima;558;BR-381/MG;Norte;Colisão Traseira;2;1;;1;;;2
04/08/2012;06:29:00;99;com vítima;707,059;BR-381/MG;Norte;Capotamento;1;0;;;;1;3
05/08/2012;18:50:00;403;sem vítima;782,5;BR-381/MG;Norte;Tombamento;1;3;;;;;1
05/08/2012;13:23:00;253;com vítima;817,3;BR-381/MG;Sul;Colisão Traseira;2;1;;1;;;2
05/08/2012;15:47:00;310;sem vítima;906,5;BR-381/MG;Sul;Colisão Lateral;1;2;;;;;1
05/08/2012;20:31:00;449;sem vítima;921,6;BR-381/MG;Sul;Tombamento;1;1;;;;;1
06/08/2012;17:06:00;457;sem vítima;38;BR-381/SP;Norte;Choque - Elemento de Drenagem;1;1;;;;;1
06/08/2012;11:08:00;263;com vítima;478;BR-381/MG;Norte;Engavetamento;2;2;1;;;;1
06/08/2012;09:43:00;206;sem vítima;479;BR-381/MG;Norte;Colisão Lateral;1;2;;;;;1
06/08/2012;06:44:00;92;sem vítima;482,5;BR-381/MG;Norte;Colisão Traseira;1;2;;;;;1
06/08/2012;15:56:00;412;sem vítima;484,7;BR-381/MG;Sul;Colisão Traseira;1;2;;;;;1
06/08/2012;09:36:00;200;sem vítima;589,6;BR-381/MG;Norte;Colisão Transversal;1;2;;;;;1
06/08/2012;14:05:00;350;sem vítima;606;BR-381/MG;Norte;Outros - Sequência;1;1;;;;;1
06/08/2012;01:58:00;42;sem vítima;670;BR-381/MG;Sul;Colisão Lateral;2;2;;;;;1
06/08/2012;22:03:00;575;sem vítima;766;BR-381/MG;Norte;Choque - Objeto sobre a pista;2;2;;;;;1
07/08/2012;12:43:00;293;sem vítima;14,4;BR-381/SP;Sul;Colisão Traseira;1;2;;;;;1
07/08/2012;18:45:00;494;com vítima;67,9;BR-381/SP;Norte;Choque - Talude;1;0;1;;;;1
07/08/2012;16:44:00;433;sem vítima;68;BR-381/SP;Norte;Tombamento;1;1;;;;;1
07/08/2012;07:58:00;134;com vítima;490,8;BR-381/MG;Norte;Colisão Lateral;1;1;1;;;;1
07/08/2012;17:14:00;449;sem vítima;494,1;BR-381/MG;Norte;Colisão Traseira;1;2;;;;;1
07/08/2012;13:59:00;327;sem vítima;495,7;BR-381/MG;Norte;Colisão Lateral;2;2;;;;;1
07/08/2012;08:33:00;158;com vítima;889;BR-381/MG;Sul;Capotamento;1;0;1;;;;1
07/08/2012;08:47:00;167;sem vítima;889;BR-381/MG;Sul;Engavetamento;3;3;;;;;1
08/08/2012;16:44:00;417;com vítima;52,8;BR-381/SP;Sul;Colisão Traseira;1;1;1;;;;1
08/08/2012;06:07:00;76;sem vítima;479;BR-381/MG;Norte;Engavetamento;1;5;;;;;1
08/08/2012;07:38:00;129;com vítima;484,5;BR-381/MG;Norte;Engavetamento;1;4;1;;;;1
08/08/2012;13:54:00;333;sem vítima;485,5;BR-381/MG;Norte;Outros - Sequência;1;2;;;;;1
08/08/2012;12:48:00;302;sem vítima;507,5;BR-381/MG;Norte;Colisão Lateral;1;2;;;;;1
08/08/2012;04:54:00;65;sem vítima;680,8;BR-381/MG;Sul;Outros - Sequência;1;1;;;;;1
08/08/2012;05:28:00;71;sem vítima;838,2;BR-381/MG;Norte;Outros - Sequência;1;2;;;;;1
08/08/2012;01:13:00;37;sem vítima;916,4;BR-381/MG;Sul;Tombamento;1;1;;;;;1
09/08/2012;09:37:00;224;sem vítima;7,5;BR-381/SP;Sul;Engavetamento;3;3;;;;;1
09/08/2012;18:30:00;496;sem vítima;41,5;BR-381/SP;Norte;Colisão Traseira;2;2;;;;;1
09/08/2012;17:59:00;476;sem vítima;478,35;BR-381/MG;Norte;Colisão Lateral;1;2;;;;;1
09/08/2012;10:04:00;244;com vítima;505;BR-381/MG;Norte;Outros - Sequência;1;1;1;;;;1
09/08/2012;10:32:00;258;sem vítima;526;BR-381/MG;Sul;Colisão Lateral;2;2;;;;;1
09/08/2012;00:22:00;29;com vítima;548;BR-381/MG;Norte;Outros - Sequência;1;0;1;;;;1
09/08/2012;09:43:00;229;sem vítima;628,4;BR-381/MG;Sul;Colisão Traseira;1;2;;;;;1
09/08/2012;22:48:00;582;sem vítima;655,4;BR-381/MG;Sul;Choque - Defensa, barreira ou "submarino";1;1;;;;;1
09/08/2012;18:59:00;509;sem vítima;687;BR-381/MG;Norte;Choque - Defensa, barreira ou "submarino";1;1;;;;;1
09/08/2012;19:59:00;536;sem vítima;765,3;BR-381/MG;Norte;Outros - Sequência;2;2;;;;;1
09/08/2012;16:08:00;419;sem vítima;814,2;BR-381/MG;Norte;Tombamento;1;1;;;;;1
09/08/2012;11:02:00;279;sem vítima;873,9;BR-381/MG;Sul;;1;2;;;;;1
10/08/2012;05:28:00;92;sem vítima;57,3;BR-381/SP;Norte;Tombamento;1;1;;;;;1
10/08/2012;12:53:00;340;sem vítima;90;BR-381/SP;Sul;Colisão Traseira;1;2;;;;;1
10/08/2012;11:31:00;300;sem vítima;479,1;BR-381/MG;Sul;Colisão Lateral;1;2;;;;;1
10/08/2012;05:32:00;93;sem vítima;485;BR-381/MG;Sul;Colisão Traseira;1;2;;;;;1
10/08/2012;20:26:00;574;sem vítima;492;BR-381/MG;Sul;Colisão Lateral;1;2;;;;;1
10/08/2012;19:34:00;551;com vítima;493,5;BR-381/MG;Sul;Engavetamento;1;5;2;;;;1
10/08/2012;23:35:00;643;sem vítima;508,9;BR-381/MG;Norte;Outros - Sequência;1;1;;;;;1
10/08/2012;10:42:00;279;sem vítima;524;BR-381/MG;Norte;Colisão Traseira;1;2;;;;;1
10/08/2012;08:43:00;196;sem vítima;556,2;BR-381/MG;Sul;Colisão Lateral;1;2;;;;;1
10/08/2012;12:52:00;339;sem vítima;933;BR-381/MG;Sul;Colisão Traseira;1;2;;;;;1
11/08/2012;06:22:00;102;sem vítima;55,5;BR-381/SP;Sul;Colisão Traseira;1;2;;;;;1
11/08/2012;15:28:00;370;sem vítima;526,5;BR-381/MG;Sul;Colisão Lateral;1;2;;;;;1
11/08/2012;04:24:00;83;com vítima;637,3;BR-381/MG;Norte;Tombamento;1;0;2;1;;;2
11/08/2012;15:33:00;375;sem vítima;797;BR-381/MG;Norte;Colisão Lateral;2;2;;;;;1
11/08/2012;13:54:00;331;com vítima;850,3;BR-381/MG;Sul;Engavetamento;1;8;4;;;;1
11/08/2012;12:13:00;282;sem vítima;927;BR-381/MG;Norte;Choque - Defensa, barreira ou "submarino";1;2;;;;;1
12/08/2012;07:36:00;99;sem vítima;66,7;BR-381/SP;Sul;Engavetamento;1;3;;;;;1
12/08/2012;18:53:00;407;sem vítima;495,3;BR-381/MG;Norte;Colisão Traseira;1;2;;;;;1
12/08/2012;18:28:00;394;com vítima;761,9;BR-381/MG;Sul;Outros - Sequência;1;3;1;2;;;2
12/08/2012;21:31:00;472;com vítima;920,7;BR-381/MG;Norte;Outros - Sequência;1;0;2;;;;1
13/08/2012;17:54:00;455;sem vítima;36,5;BR-381/SP;Norte;Objeto lançado contra veículo;1;2;;;;;1
13/08/2012;12:17:00;261;sem vítima;63,5;BR-381/SP;Sul;Colisão Traseira;1;2;;;;;1
13/08/2012;18:34:00;475;sem vítima;940,8;BR-381/MG;Norte;Colisão Lateral;1;3;;;;;1
13/08/2012;06:18:00;86;com vítima;949;BR-381/MG;Sul;Outros - Sequência;4;4;;;1;;2
14/08/2012;18:17:00;486;sem vítima;66,5;BR-381/SP;Norte;Colisão Traseira;1;2;;;;;1
14/08/2012;10:12:00;235;sem vítima;484,3;BR-381/MG;Norte;Colisão Lateral;1;2;;;;;1
14/08/2012;07:20:00;117;sem vítima;491,5;BR-381/MG;Norte;Colisão Lateral;1;2;;;;;1
14/08/2012;07:45:00;132;sem vítima;491,8;BR-381/MG;Norte;Colisão Lateral;1;2;;;;;1
14/08/2012;21:13:00;562;sem vítima;601;BR-381/MG;Sul;Colisão Traseira;2;2;;;;;1
14/08/2012;20:43:00;554;sem vítima;662,2;BR-381/MG;Sul;Colisão Traseira;2;2;;;;;1
14/08/2012;05:37:00;72;com vítima;687,7;BR-381/MG;Sul;Tombamento;1;0;1;;;1;3
14/08/2012;08:58:00;181;sem vítima;761,9;BR-381/MG;Sul;Colisão Lateral;1;2;;;;;1
14/08/2012;17:30:00;457;sem vítima;908;BR-381/MG;Sul;Choque - Defensa, barreira ou "submarino";1;1;;;;;1
15/08/2012;18:03:00;479;sem vítima;90;BR-381/SP;Norte;Colisão Lateral;1;2;;;;;1
15/08/2012;03:42:00;63;sem vítima;602,5;BR-381/MG;Norte;Tombamento;1;2;;;;;1
15/08/2012;15:00:00;370;sem vítima;881,5;BR-381/MG;Norte;Saida de Pista;1;1;;;;;1
15/08/2012;23:58:00;608;sem vítima;932,5;BR-381/MG;Sul;Colisão Traseira;1;2;;;;;1
16/08/2012;00:11:00;19;sem vítima;29,7;BR-381/SP;Norte;Colisão Traseira;2;2;;;;;1
16/08/2012;01:09:00;28;com vítima;30,05;BR-381/SP;Norte;Colisão Traseira;1;1;1;;;;1
16/08/2012;05:14:00;74;com vítima;83;BR-381/SP;Sul;Outros - Sequência;1;1;1;;;;1
16/08/2012;08:12:00;157;sem vítima;482;BR-381/MG;Norte;Outros - Sequência;1;3;;;;;1
16/08/2012;20:46:00;558;com vítima;490,3;BR-381/MG;Sul;Outros - Sequência;1;2;3;;;;1
16/08/2012;02:05:00;42;sem vítima;586;BR-381/MG;Sul;Choque - Elemento de Drenagem;1;1;;;;;1
16/08/2012;20:48:00;561;sem vítima;693;BR-381/MG;Sul;Colisão Lateral;1;2;;;;;1
16/08/2012;06:34:00;86;sem vítima;722;BR-381/MG;Norte;Outros - Sequência;1;1;;;;;1
16/08/2012;07:12:00;113;com vítima;733;BR-381/MG;Norte;Outros - Sequência;1;0;1;;;1;3
16/08/2012;04:47:00;68;sem vítima;758;BR-381/MG;Sul;Outros - Sequência;1;1;;;;;1
16/08/2012;17:11:00;470;sem vítima;888,9;BR-381/MG;Norte;Tombamento;1;1;;;;;1
16/08/2012;20:05:00;539;sem vítima;900,8;BR-381/MG;Norte;Choque - Cancela de Pedagio;1;1;;;;;1
17/08/2012;20:07:00;540;sem vítima;27;BR-381/SP;Sul;Outros - Sequência;2;5;;;;;1
17/08/2012;07:26:00;132;sem vítima;70,1;BR-381/SP;Sul;Engavetamento;1;3;;;;;1
17/08/2012;09:55:00;243;sem vítima;90;BR-381/SP;Norte;Colisão Lateral;1;2;;;;;1
17/08/2012;15:34:00;400;sem vítima;478,4;BR-381/MG;Norte;Colisão Traseira;2;2;;;;;1
17/08/2012;19:15:00;520;sem vítima;478,9;BR-381/MG;Norte;Colisão Traseira;1;2;;;;;1
17/08/2012;17:37:00;478;sem vítima;525,4;BR-381/MG;Sul;Outros - Sequência;2;2;;;;;1
17/08/2012;08:45:00;191;sem vítima;775;BR-381/MG;Norte;Colisão Lateral;2;2;;;;;1
17/08/2012;02:46:00;55;com vítima;901;BR-381/MG;Norte;Colisão Traseira;1;2;1;;;;1
17/08/2012;10:16:00;260;sem vítima;921,5;BR-381/MG;Sul;Tombamento;1;1;;;;;1
17/08/2012;05:21:00;74;sem vítima;943,3;BR-381/MG;Norte;Colisão Traseira;1;3;;;;;1
18/08/2012;08:13:00;144;sem vítima;86,5;BR-381/SP;Sul;Choque - Defensa, barreira ou "submarino";1;2;;;;;1
18/08/2012;19:56:00;491;sem vítima;494;BR-381/MG;Sul;Colisão Lateral;1;2;;;;;1
18/08/2012;08:46:00;170;sem vítima;508,3;BR-381/MG;Sul;Outros - Sequência;1;1;;;;;1
18/08/2012;04:25:00;68;sem vítima;512,8;BR-381/MG;Norte;Saida de Pista;1;1;;;;;1
18/08/2012;07:17:00;118;sem vítima;756,1;BR-381/MG;Norte;Tombamento;1;1;;;;;1