data;horario;n_da_ocorrencia;tipo_de_ocorrencia;km;trecho;sentido;tipo_de_acidente;caminhao;ilesos;levemente_feridos;moderadamente_feridos;gravemente_feridos;mortos;3
18/08/2012;07:03:00;111;sem vítima;756,3;BR-381/MG;Sul;Tombamento;1;1;;;;;1
18/08/2012;22:31:00;523;sem vítima;764,65;BR-381/MG;Sul;Choque - Defensa, barreira ou "submarino";1;2;;;;;1
19/08/2012;17:47:00;401;com vítima;12,8;BR-381/SP;Sul;Colisão Traseira;1;1;;2;;;2
19/08/2012;22:26:00;520;sem vítima;85;BR-381/SP;Sul;Colisão Traseira;1;2;;;;;1
19/08/2012;16:16:00;340;sem vítima;504;BR-381/MG;Sul;Colisão Traseira;1;2;;;;;1
19/08/2012;02:46:00;48;sem vítima;517;BR-381/MG;Sul;Outros - Sequência;1;1;;;;;1
19/08/2012;17:11:00;370;sem vítima;562;BR-381/MG;Norte;Colisão Lateral;1;2;;;;;1
19/08/2012;21:53:00;509;sem vítima;578;BR-381/MG;Norte;Tombamento;1;2;;;;;1
19/08/2012;14:43:00;276;com vítima;639,9;BR-381/MG;Norte;Saida de Pista;1;0;1;;;;1
19/08/2012;17:21:00;379;sem vítima;905;BR-381/MG;Norte;Atropelamento de Animal;1;1;;;;;1
19/08/2012;11:27:00;211;sem vítima;931,5;BR-381/MG;Sul;Choque - Defensa, barreira ou "submarino";1;1;;;;;1
20/08/2012;08:34:00;143;sem vítima;52,3;BR-381/SP;Sul;Colisão Traseira;1;2;;;;;1
20/08/2012;16:38:00;424;com vítima;79,9;BR-381/SP;Norte;Colisão Lateral;2;1;1;;;;1
20/08/2012;10:55:00;247;sem vítima;478,3;BR-381/MG;Norte;Colisão Lateral;1;2;;;;;1
20/08/2012;07:50:00;122;sem vítima;484;BR-381/MG;Sul;Engavetamento;1;3;;;;;1
20/08/2012;12:43:00;298;sem vítima;494,5;BR-381/MG;Sul;Colisão Traseira;2;2;;;;;1
20/08/2012;08:23:00;139;sem vítima;498;BR-381/MG;Sul;Outros - Sequência;1;1;;;;;1
20/08/2012;22:20:00;548;sem vítima;665,9;BR-381/MG;Sul;Choque - Defensa, barreira ou "submarino";1;1;;;;;1
20/08/2012;14:25:00;344;sem vítima;808;BR-381/MG;Sul;Outros;1;2;;;;;1
20/08/2012;13:21:00;322;sem vítima;925,4;BR-381/MG;Norte;Colisão Lateral;1;2;;;;;1
21/08/2012;14:22:00;326;sem vítima;7,5;BR-381/SP;Sul;Outros;1;2;;;;;1
21/08/2012;12:31:00;272;sem vítima;511;BR-381/MG;Norte;Colisão Lateral;1;2;;;;;1
21/08/2012;19:55:00;504;com vítima;566,5;BR-381/MG;Sul;Tombamento;1;0;;1;;;2
21/08/2012;08:53:00;150;sem vítima;624,8;BR-381/MG;Sul;Choque - Defensa, barreira ou "submarino";1;1;;;;;1
21/08/2012;13:52:00;312;sem vítima;648;BR-381/MG;Sul;Tombamento;1;1;;;;;1
21/08/2012;06:17:00;62;com vítima;835,2;BR-381/MG;Sul;Tombamento;1;0;1;;;;1
22/08/2012;19:31:00;531;sem vítima;28,5;BR-381/SP;Sul;Atropelamento de Animal;1;1;;;;;1
22/08/2012;12:32:00;307;sem vítima;34;BR-381/SP;Norte;Colisão Traseira;1;2;;;;;1
22/08/2012;19:52:00;537;sem vítima;66;BR-381/SP;Norte;Colisão Traseira;1;2;;;;;1
22/08/2012;22:56:00;600;com vítima;486,3;BR-381/MG;Sul;Colisão Traseira;1;1;;;1;;2
22/08/2012;12:39:00;310;sem vítima;500;BR-381/MG;Sul;Colisão Traseira;1;2;;;;;1
22/08/2012;21:15:00;568;sem vítima;544,8;BR-381/MG;Sul;Outros - Sequência;1;2;;;;;1
22/08/2012;21:10:00;567;sem vítima;802;BR-381/MG;Sul;Colisão Lateral;1;2;;;;;1
22/08/2012;09:55:00;220;sem vítima;873,2;BR-381/MG;Sul;Tombamento;1;1;;;;;1
22/08/2012;09:50:00;215;com vítima;873,5;BR-381/MG;Norte;Outros - Sequência;1;0;1;;;;1
23/08/2012;09:50:00;202;sem vítima;22;BR-381/SP;Sul;Colisão Lateral;1;2;;;;;1
23/08/2012;10:19:00;216;sem vítima;89,9;BR-381/SP;Sul;Colisão Lateral;1;3;;;;;1
23/08/2012;22:32:00;562;com vítima;589,9;BR-381/MG;Sul;Atropelamento - Morador;1;1;;;;1;3
23/08/2012;04:49:00;70;com vítima;601;BR-381/MG;Sul;Colisão Traseira;1;1;1;;;;1
23/08/2012;03:14:00;63;com vítima;688,4;BR-381/MG;Norte;Colisão Traseira;1;1;1;;;;1
23/08/2012;09:57:00;210;com vítima;740,5;BR-381/MG;Sul;Tombamento;1;0;1;;;;1
23/08/2012;12:24:00;277;com vítima;907,3;BR-381/MG;Norte;Tombamento;1;0;1;;;;1
23/08/2012;09:24:00;190;sem vítima;909;BR-381/MG;Norte;Colisão Traseira;1;2;;;;;1
24/08/2012;02:55:00;53;sem vítima;945;BR-381/MG;Norte;Outros - Sequência;1;1;;;;;1
25/08/2012;20:41:00;516;sem vítima;24,5;BR-381/SP;Sul;Tombamento;1;1;;;;;1
25/08/2012;23:14:00;561;com vítima;25,5;BR-381/SP;Norte;Colisão Traseira;1;1;1;;;;1
25/08/2012;09:40:00;225;com vítima;88;BR-381/SP;Sul;Colisão Traseira;1;1;1;;;;1
25/08/2012;16:35:00;428;sem vítima;756,8;BR-381/MG;Sul;Outros - Sequência;1;1;;;;;1
25/08/2012;17:29:00;449;sem vítima;805;BR-381/MG;Norte;Outros - Sequência;1;1;;;;;1
25/08/2012;07:22:00;145;sem vítima;853;BR-381/MG;Norte;Choque - Talude;1;1;;;;;1
26/08/2012;23:34:00;514;sem vítima;43;BR-381/SP;Sul;Colisão Lateral;1;2;;;;;1
26/08/2012;22:47:00;498;sem vítima;494;BR-381/MG;Norte;Outros - Sequência;1;3;;;;;1
26/08/2012;21:38:00;473;sem vítima;496,3;BR-381/MG;Sul;Colisão Lateral;1;2;;;;;1
26/08/2012;14:36:00;281;sem vítima;510,5;BR-381/MG;Norte;Colisão Lateral;1;2;;;;;1
26/08/2012;11:41:00;227;com vítima;904,7;BR-381/MG;Norte;Atropelamento - Andarilho;1;1;;;1;;2
26/08/2012;23:17:00;507;sem vítima;924,2;BR-381/MG;Sul;Outros - Sequência;1;2;;;;;1
27/08/2012;18:29:00;459;sem vítima;7,5;BR-381/SP;Sul;Choque - Outros;1;1;;;;;1
27/08/2012;09:13:00;169;sem vítima;78,5;BR-381/SP;Sul;Choque - Outros;2;2;;;;;1
27/08/2012;16:06:00;382;sem vítima;481,5;BR-381/MG;Norte;Colisão Traseira;1;49;;;;;1
27/08/2012;15:41:00;363;sem vítima;486,5;BR-381/MG;Norte;Outros - Sequência;1;3;;;;;1
27/08/2012;07:14:00;104;sem vítima;496,2;BR-381/MG;Norte;Colisão Traseira;1;2;;;;;1
27/08/2012;13:33:00;301;com vítima;907,4;BR-381/MG;Norte;Tombamento;1;0;;1;;;2
27/08/2012;09:59:00;195;com vítima;930;BR-381/MG;Sul;Tombamento;1;0;;1;;;2
28/08/2012;04:41:00;53;sem vítima;63,5;BR-381/SP;Norte;Tombamento;1;1;;;;;1
28/08/2012;08:24:00;167;sem vítima;478;BR-381/MG;Norte;Colisão Traseira;1;2;;;;;1
28/08/2012;22:29:00;541;sem vítima;491;BR-381/MG;Norte;Outros - Sequência;1;3;;;;;1
28/08/2012;05:42:00;67;sem vítima;796;BR-381/MG;Norte;Colisão Traseira;2;3;;;;;1
28/08/2012;21:08:00;521;sem vítima;813;BR-381/MG;Sul;Choque - Defensa, barreira ou "submarino";1;2;;;;;1
28/08/2012;16:50:00;435;sem vítima;874;BR-381/MG;Sul;Outros - Sequência;1;1;;;;;1
28/08/2012;21:49:00;531;com vítima;907,5;BR-381/MG;Norte;Tombamento;1;0;1;;;;1
28/08/2012;22:19:00;535;sem vítima;923,4;BR-381/MG;Norte;Outros - Sequência;2;2;;;;;1
29/08/2012;04:54:00;59;com vítima;39,6;BR-381/SP;Sul;Outros - Sequência;2;0;;1;1;;2
29/08/2012;15:09:00;328;sem vítima;75;BR-381/SP;Norte;Tombamento;1;1;;;;;1
29/08/2012;09:59:00;187;com vítima;492,3;BR-381/MG;Sul;Engavetamento;1;3;1;;;;1
29/08/2012;06:11:00;69;sem vítima;597,6;BR-381/MG;Norte;Colisão Traseira;2;3;;;;;1
29/08/2012;23:32:00;571;sem vítima;698,1;BR-381/MG;Norte;Tombamento;1;1;;;;;1
29/08/2012;22:59:00;560;sem vítima;707,2;BR-381/MG;Sul;Tombamento;1;1;;;;;1
29/08/2012;01:18:00;24;sem vítima;821,7;BR-381/MG;Sul;Tombamento;1;1;;;;;1
29/08/2012;16:33:00;387;sem vítima;844;BR-381/MG;Norte;Colisão Lateral;1;1;;;;;1
29/08/2012;08:21:00;134;com vítima;937,5;BR-381/MG;Norte;Tombamento;1;0;1;;;;1
30/08/2012;06:30:00;102;com vítima;84;BR-381/SP;Sul;Outros - Sequência;2;3;1;;;;1
30/08/2012;07:05:00;128;sem vítima;491,8;BR-381/MG;Norte;Colisão Lateral;1;2;;;;;1
30/08/2012;15:15:00;386;sem vítima;494;BR-381/MG;Sul;Outros - Sequência;1;2;;;;;1
30/08/2012;10:38:00;282;sem vítima;527;BR-381/MG;Norte;Colisão Lateral;1;2;;;;;1
30/08/2012;09:26:00;231;sem vítima;533;BR-381/MG;Sul;Engavetamento;1;5;;;;;1
30/08/2012;14:44:00;367;sem vítima;744;BR-381/MG;Norte;Colisão Lateral;2;2;;;;;1
30/08/2012;04:28:00;66;sem vítima;750,9;BR-381/MG;Sul;Outros - Sequência;2;2;;;;;1
30/08/2012;05:14:00;76;sem vítima;753,4;BR-381/MG;Norte;Saida de Pista;1;1;;;;;1
30/08/2012;16:59:00;444;sem vítima;767,8;BR-381/MG;Norte;Choque - Suporte de Sinalização;1;1;;;;;1
30/08/2012;09:07:00;214;sem vítima;819,5;BR-381/MG;Sul;Colisão Traseira;1;2;;;;;1
30/08/2012;13:24:00;339;sem vítima;929,9;BR-381/MG;Sul;Tombamento;1;2;;;;;1
31/08/2012;16:01:00;411;sem vítima;65,5;BR-381/SP;Norte;Colisão Traseira;1;2;;;;;1
31/08/2012;06:26:00;83;sem vítima;73;BR-381/SP;Sul;Tombamento;1;2;;;;;1
31/08/2012;07:39:00;126;sem vítima;479,5;BR-381/MG;Norte;Colisão Lateral;1;2;;;;;1
31/08/2012;10:37:00;238;com vítima;480,4;BR-381/MG;Sul;Capotamento;1;1;1;;;;1
31/08/2012;09:00:00;179;sem vítima;483,5;BR-381/MG;Sul;Colisão Traseira;1;2;;;;;1
31/08/2012;18:52:00;489;com vítima;512,8;BR-381/MG;Norte;Outros - Sequência;3;4;;;1;;2
31/08/2012;14:29:00;347;sem vítima;600;BR-381/MG;Sul;Colisão Lateral;1;2;;;;;1
31/08/2012;07:02:00;102;com vítima;690,5;BR-381/MG;Sul;Colisão Traseira;1;1;1;;;;1
31/08/2012;06:35:00;87;com vítima;700,164;BR-381/MG;Norte;Outros;1;0;1;;;;1
31/08/2012;21:06:00;524;sem vítima;721;BR-381/MG;Norte;Outros - Sequência;2;3;;;;;1
31/08/2012;06:32:00;85;sem vítima;805;BR-381/MG;Sul;Colisão Traseira;2;2;;;;;1
31/08/2012;16:46:00;454;sem vítima;867,2;BR-381/MG;Norte;Engavetamento;2;4;;;;;1
31/08/2012;16:39:00;447;sem vítima;872;BR-381/MG;Norte;Engavetamento;1;4;;;;;1
01/09/2012;20:02:00;498;com vítima;491,9;BR-381/MG;Sul;Outros - Sequência;1;1;2;1;;;2
01/09/2012;22:39:00;547;com vítima;514;BR-381/MG;Sul;Colisão Traseira;1;1;;1;;;2
01/09/2012;04:20:00;75;sem vítima;520;BR-381/MG;Sul;Choque - Defensa, barreira ou "submarino";1;1;;;;;1
01/09/2012;08:56:00;186;sem vítima;926;BR-381/MG;Sul;Colisão Traseira;1;2;;;;;1
02/09/2012;10:59:00;243;sem vítima;943;BR-381/MG;Norte;Colisão Lateral;1;2;;;;;1
03/09/2012;09:23:00;198;com vítima;27;BR-381/SP;Sul;Engavetamento;1;2;1;;;;1
03/09/2012;13:04:00;319;sem vítima;88,9;BR-381/SP;Norte;Colisão Lateral;1;2;;;;;1
03/09/2012;10:56:00;262;com vítima;90;BR-381/SP;Norte;Colisão Lateral;1;0;2;;;;1
03/09/2012;16:52:00;451;sem vítima;484;BR-381/MG;Norte;Colisão Lateral;1;2;;;;;1
03/09/2012;07:10:00;116;sem vítima;488;BR-381/MG;Norte;Colisão Lateral;1;2;;;;;1
03/09/2012;13:28:00;333;com vítima;494;BR-381/MG;Norte;Outros - Sequência;1;1;3;;;;1
03/09/2012;14:13:00;348;com vítima;521;BR-381/MG;Sul;Tombamento;1;0;1;;;;1
03/09/2012;07:12:00;119;sem vítima;525,5;BR-381/MG;Sul;Tombamento;1;1;;;;;1
03/09/2012;12:19:00;299;sem vítima;553,8;BR-381/MG;Sul;Choque - Elemento de Drenagem;1;1;;;;;1
03/09/2012;08:40:00;179;sem vítima;583,9;BR-381/MG;Norte;Colisão Traseira;1;2;;;;;1
03/09/2012;07:09:00;115;sem vítima;708;BR-381/MG;Sul;Colisão Lateral;1;2;;;;;1
04/09/2012;15:19:00;397;sem vítima;44;BR-381/SP;Sul;Outros - Sequência;2;2;;;;;1
04/09/2012;11:37:00;296;sem vítima;78;BR-381/SP;Sul;Colisão Traseira;1;2;;;;;1
04/09/2012;15:19:00;398;sem vítima;482;BR-381/MG;Norte;Colisão Traseira;2;2;;;;;1
04/09/2012;19:13:00;512;com vítima;516,1;BR-381/MG;Norte;Colisão Traseira;2;1;;1;;;2
04/09/2012;19:26:00;522;sem vítima;516,1;BR-381/MG;Norte;Outros - Sequência;1;3;;;;;1
04/09/2012;19:39:00;529;sem vítima;516,1;BR-381/MG;Norte;Colisão Traseira;2;2;;;;;1
04/09/2012;19:19:00;517;sem vítima;562;BR-381/MG;Sul;Colisão Traseira;1;2;;;;;1
04/09/2012;16:32:00;439;sem vítima;691,3;BR-381/MG;Norte;Colisão Traseira;1;2;;;;;1
04/09/2012;07:56:00;139;sem vítima;723;BR-381/MG;Sul;Colisão Traseira;2;2;;;;;1
04/09/2012;20:54:00;559;sem vítima;890;BR-381/MG;Norte;Atropelamento de Animal;1;2;;;;;1
05/09/2012;20:41:00;574;sem vítima;34;BR-381/SP;Sul;Colisão Lateral;1;2;;;;;1
05/09/2012;11:02:00;294;com vítima;83;BR-381/SP;Sul;Colisão Traseira;1;1;;1;;;2
05/09/2012;08:14:00;184;sem vítima;481;BR-381/MG;Norte;Colisão Lateral;1;2;;;;;1
05/09/2012;17:39:00;499;sem vítima;490,8;BR-381/MG;Sul;Colisão Lateral;1;2;;;;;1
05/09/2012;20:15:00;564;sem vítima;546;BR-381/MG;Sul;Colisão Traseira;2;2;;;;;1
05/09/2012;17:00:00;469;com vítima;605,4;BR-381/MG;Sul;Outros - Sequência;1;1;2;;;;1
05/09/2012;09:46:00;248;com vítima;720,8;BR-381/MG;Norte;Tombamento;1;0;;1;;;2
05/09/2012;09:44:00;246;sem vítima;727;BR-381/MG;Sul;Colisão Traseira;2;3;;;;;1
05/09/2012;06:52:00;132;sem vítima;737,6;BR-381/MG;Sul;Tombamento;1;1;;;;;1
06/09/2012;08:33:00;215;sem vítima;42;BR-381/SP;Norte;Colisão Lateral;1;2;;;;;1
06/09/2012;22:59:00;705;sem vítima;49;BR-381/SP;Sul;Colisão Traseira;1;2;;;;;1
06/09/2012;23:30:00;719;sem vítima;64;BR-381/SP;Norte;Colisão Traseira;1;2;;;;;1
06/09/2012;16:54:00;499;sem vítima;494;BR-381/MG;Sul;Colisão Lateral;1;2;;;;;1
06/09/2012;14:33:00;407;sem vítima;494,3;BR-381/MG;Norte;Engavetamento;2;3;;;;;1
06/09/2012;05:58:00;105;sem vítima;844;BR-381/MG;Norte;Saida de Pista;1;1;;;;;1
06/09/2012;16:53:00;497;sem vítima;884,5;BR-381/MG;Sul;Colisão Lateral;2;2;;;;;1
06/09/2012;08:58:00;231;sem vítima;915,5;BR-381/MG;Norte;Choque - Defensa, barreira ou "submarino";1;1;;;;;1
06/09/2012;14:34:00;408;sem vítima;924,5;BR-381/MG;Sul;Tombamento;1;1;;;;;1
07/09/2012;07:40:00;198;sem vítima;32;BR-381/SP;Norte;Engavetamento;1;3;;;;;1
07/09/2012;07:26:00;184;sem vítima;64;BR-381/SP;Norte;Colisão Lateral;1;2;;;;;1
07/09/2012;09:36:00;292;sem vítima;65;BR-381/SP;Norte;Colisão Traseira;1;2;;;;;1
07/09/2012;22:20:00;749;sem vítima;491;BR-381/MG;Norte;Colisão Lateral;1;2;;;;;1
07/09/2012;21:13:00;734;sem vítima;618,5;BR-381/MG;Sul;Outros - Sequência;1;1;;;;;1
07/09/2012;08:14:00;219;sem vítima;942;BR-381/MG;Norte;Colisão Traseira;1;2;;;;;1
08/09/2012;00:50:00;25;sem vítima;521,2;BR-381/MG;Norte;Colisão Traseira;2;3;;;;;1
08/09/2012;07:33:00;140;com vítima;848;BR-381/MG;Norte;Capotamento;1;0;1;;;;1
08/09/2012;06:25:00;89;sem vítima;922,5;BR-381/MG;Norte;Colisão Lateral;1;2;;;;;1
09/09/2012;06:21:00;75;com vítima;494,1;BR-381/MG;Sul;Outros - Sequência;1;1;1;;;;1
09/09/2012;16:35:00;492;sem vítima;498,5;BR-381/MG;Norte;Colisão Traseira;1;2;;;;;1
09/09/2012;23:05:00;744;com vítima;677;BR-381/MG;Sul;Colisão Traseira;1;1;1;1;1;;2
09/09/2012;13:27:00;342;com vítima;722,2;BR-381/MG;Norte;Tombamento;1;0;1;;;;1
09/09/2012;07:02:00;94;sem vítima;795,3;BR-381/MG;Norte;Colisão Traseira;1;2;;;;;1
10/09/2012;12:19:00;329;sem vítima;22,3;BR-381/SP;Norte;Colisão Lateral;1;2;;;;;1
10/09/2012;15:48:00;453;sem vítima;60,5;BR-381/SP;Norte;Colisão Lateral;1;2;;;;;1
10/09/2012;14:41:00;407;sem vítima;65,5;BR-381/SP;Norte;Colisão Traseira;1;2;;;;;1
10/09/2012;10:21:00;259;sem vítima;89,7;BR-381/SP;Sul;Colisão Traseira;1;2;;;;;1
10/09/2012;10:59:00;282;sem vítima;494,2;BR-381/MG;Sul;Colisão Lateral;2;2;;;;;1
10/09/2012;08:28:00;185;com vítima;509,4;BR-381/MG;Norte;Outros - Sequência;1;1;1;;;;1
10/09/2012;14:41:00;408;sem vítima;564;BR-381/MG;Sul;Choque - Outros;1;1;;;;;1
10/09/2012;06:44:00;118;sem vítima;799;BR-381/MG;Sul;Colisão Lateral;1;2;;;;;1
11/09/2012;14:44:00;381;sem vítima;89,8;BR-381/SP;Sul;Choque - Defensa, barreira ou "submarino";2;2;;;;;1
11/09/2012;10:15:00;262;sem vítima;493,5;BR-381/MG;Norte;Colisão Traseira;1;2;;;;;1
11/09/2012;15:32:00;414;sem vítima;501,9;BR-381/MG;Norte;Outros - Sequência;1;1;;;;;1
11/09/2012;02:53:00;44;sem vítima;511;BR-381/MG;Sul;Outros - Sequência;2;2;;;;;1
11/09/2012;09:17:00;221;com vítima;524,6;BR-381/MG;Sul;Outros - Sequência;2;1;1;;;;1
11/09/2012;11:03:00;289;sem vítima;562;BR-381/MG;Norte;Colisão Traseira;2;2;;;;;1
11/09/2012;10:26:00;275;com vítima;748;BR-381/MG;Norte;Colisão Traseira;2;1;;1;;;2
11/09/2012;17:14:00;474;sem vítima;893,9;BR-381/MG;Sul;Colisão Lateral;1;4;;;;;1
11/09/2012;02:40:00;37;sem vítima;896,1;BR-381/MG;Sul;Outros - Sequência;1;2;;;;;1
12/09/2012;19:07:00;543;sem vítima;7,5;BR-381/SP;Norte;Colisão Traseira;2;2;;;;;1
12/09/2012;00:08:00;9;com vítima;44;BR-381/SP;Sul;Tombamento;1;0;1;;;;1
12/09/2012;13:04:00;333;sem vítima;487;BR-381/MG;Norte;Engavetamento;2;3;;;;;1
12/09/2012;21:00:00;594;sem vítima;487,5;BR-381/MG;Norte;Colisão Lateral;1;2;;;;;1
12/09/2012;09:00:00;190;com vítima;565;BR-381/MG;Norte;Colisão Lateral;2;2;1;;;;1
12/09/2012;17:50:00;505;com vítima;704,3;BR-381/MG;Sul;Tombamento;1;0;1;;;;1
12/09/2012;20:11:00;574;com vítima;749;BR-381/MG;Norte;Colisão Traseira;2;1;;1;;;2
13/09/2012;12:21:00;327;sem vítima;22;BR-381/SP;Norte;Outros;1;1;;;;;1
13/09/2012;17:23:00;499;com vítima;36,5;BR-381/SP;Norte;Outros - Sequência;2;2;1;;;;1
13/09/2012;12:11:00;322;sem vítima;492;BR-381/MG;Norte;Colisão Traseira;1;2;;;;;1
13/09/2012;08:40:00;192;sem vítima;688,2;BR-381/MG;Norte;Outros - Sequência;1;3;;;;;1
13/09/2012;09:57:00;243;com vítima;813,5;BR-381/MG;Norte;Choque - Defensa, barreira ou "submarino";1;0;1;;;;1
14/09/2012;17:12:00;421;sem vítima;41,9;BR-381/SP;Norte;Colisão Traseira;1;2;;;;;1
14/09/2012;15:56:00;372;sem vítima;526,4;BR-381/MG;Norte;Engavetamento;1;3;;;;;1
14/09/2012;09:53:00;214;com vítima;541,8;BR-381/MG;Norte;Tombamento;1;0;1;;;;1
14/09/2012;06:31:00;90;com vítima;641;BR-381/MG;Norte;Tombamento;1;0;;2;;;2
14/09/2012;01:28:00;35;com vítima;783,7;BR-381/MG;Sul;Choque - Defensa, barreira ou "submarino";1;0;;1;;;2
14/09/2012;06:25:00;84;com vítima;853,3;BR-381/MG;Norte;Tombamento;1;0;;1;;;2
14/09/2012;10:28:00;230;sem vítima;873,7;BR-381/MG;Sul;Colisão Traseira;2;2;;;;;1
15/09/2012;07:37:00;146;com vítima;29,7;BR-381/SP;Norte;Colisão Traseira;1;1;1;;;;1
15/09/2012;11:40:00;263;sem vítima;68;BR-381/SP;Norte;Tombamento;1;2;;;;;1
15/09/2012;12:52:00;292;sem vítima;90;BR-381/SP;Norte;Colisão Traseira;1;2;;;;;1
15/09/2012;17:53:00;425;sem vítima;491,8;BR-381/MG;Norte;Colisão Lateral;1;2;;;;;1
15/09/2012;18:58:00;455;sem vítima;501,9;BR-381/MG;Sul;Outros - Sequência;1;3;;;;;1
15/09/2012;19:22:00;466;com vítima;516,3;BR-381/MG;Norte;Colisão Traseira;2;1;1;;;;1
15/09/2012;23:41:00;536;sem vítima;632;BR-381/MG;Norte;Tombamento;1;1;;;;;1
15/09/2012;02:17:00;56;com vítima;646,1;BR-381/MG;Norte;Choque - Defensa, barreira ou "submarino";1;0;1;;;;1
15/09/2012;08:48:00;186;com vítima;674;BR-381/MG;Sul;Outros - Sequência;2;1;;;;1;3
15/09/2012;11:10:00;248;sem vítima;901;BR-381/MG;Norte;Colisão Traseira;1;2;;;;;1
16/09/2012;11:11:00;204;sem vítima;33;BR-381/SP;Sul;Colisão Traseira;1;2;;;;;1
16/09/2012;08:42:00;144;com vítima;57,1;BR-381/SP;Norte;Colisão Traseira;1;3;1;;;;1
16/09/2012;06:00:00;73;com vítima;636;BR-381/MG;Sul;Tombamento;1;0;;1;;;2
16/09/2012;13:36:00;261;com vítima;739;BR-381/MG;Norte;Tombamento;1;0;1;;;;1
16/09/2012;11:24:00;208;sem vítima;809;BR-381/MG;Sul;Colisão Lateral;2;3;;;;;1
16/09/2012;17:15:00;374;sem vítima;924,3;BR-381/MG;Sul;Choque - Defensa, barreira ou "submarino";1;1;;;;;1
17/09/2012;09:26:00;195;com vítima;37;BR-381/SP;Norte;Atropelamento - Outros;1;1;;;;1;3
17/09/2012;14:04:00;333;sem vítima;80;BR-381/SP;Norte;Saida de Pista;1;1;;;;;1
17/09/2012;23:14:00;580;sem vítima;90;BR-381/SP;Norte;Colisão Lateral;1;3;;;;;1
17/09/2012;19:15:00;497;sem vítima;478;BR-381/MG;Norte;Colisão Lateral;1;2;;;;;1
17/09/2012;09:20:00;187;com vítima;483,5;BR-381/MG;Norte;Outros - Sequência;1;0;;1;;;2
17/09/2012;16:34:00;409;sem vítima;486,5;BR-381/MG;Norte;Outros - Sequência;1;3;;;;;1
17/09/2012;06:29:00;90;sem vítima;494,6;BR-381/MG;Norte;Colisão Lateral;1;2;;;;;1
17/09/2012;17:31:00;439;sem vítima;520,5;BR-381/MG;Sul;Colisão Traseira;1;2;;;;;1
17/09/2012;06:51:00;106;com vítima;798,3;BR-381/MG;Sul;Colisão Traseira;2;0;1;;;1;3
17/09/2012;21:38:00;551;com vítima;884;BR-381/MG;Norte;Colisão Traseira;2;1;;1;;;2
18/09/2012;17:21:00;454;sem vítima;33,9;BR-381/SP;Sul;Colisão Lateral;1;2;;;;;1
18/09/2012;21:07:00;555;sem vítima;73;BR-381/SP;Norte;Colisão Lateral;1;2;;;;;1
18/09/2012;23:10:00;584;com vítima;484;BR-381/MG;Sul;Engavetamento;3;3;1;;;;1
18/09/2012;20:29:00;543;com vítima;648;BR-381/MG;Norte;Colisão Frontal;1;3;1;;;;1
18/09/2012;13:35:00;330;sem vítima;735,5;BR-381/MG;Norte;Choque - Outros;1;1;;;;;1
18/09/2012;19:22:00;516;sem vítima;744;BR-381/MG;Sul;Tombamento;1;1;;;;;1
18/09/2012;22:52:00;576;sem vítima;747,5;BR-381/MG;Sul;Choque - Defensa, barreira ou "submarino";1;1;;;;;1
18/09/2012;09:13:00;210;sem vítima;750;BR-381/MG;Norte;Engavetamento;3;3;;;;;1
18/09/2012;08:22:00;169;sem vítima;792;BR-381/MG;Sul;Tombamento;1;1;;;;;1
18/09/2012;08:33:00;179;com vítima;793,9;BR-381/MG;Sul;Tombamento;1;0;;;1;;2
18/09/2012;09:08:00;205;sem vítima;917,8;BR-381/MG;Sul;Colisão Lateral;1;2;;;;;1
19/09/2012;14:26:00;397;sem vítima;54;BR-381/SP;Norte;Tombamento;1;1;;;;;1
19/09/2012;00:20:00;13;sem vítima;484;BR-381/MG;Sul;Colisão Traseira;1;2;;;;;1
19/09/2012;15:04:00;419;sem vítima;515,5;BR-381/MG;Norte;Atropelamento de Animal;1;1;;;;;1
19/09/2012;07:26:00;147;com vítima;700,6;BR-381/MG;Sul;Tombamento;1;0;1;;;;1
19/09/2012;07:57:00;166;sem vítima;905,5;BR-381/MG;Sul;Colisão Traseira;1;2;;;;;1
20/09/2012;12:23:00;308;sem vítima;480,1;BR-381/MG;Norte;Colisão Lateral;1;2;;;;;1
20/09/2012;07:23:00;141;sem vítima;494;BR-381/MG;Norte;Colisão Lateral;1;2;;;;;1
20/09/2012;15:53:00;433;sem vítima;521;BR-381/MG;Sul;Outros - Sequência;1;1;;;;;1
20/09/2012;15:13:00;408;com vítima;525,5;BR-381/MG;Sul;Tombamento;1;0;;1;1;;2
20/09/2012;23:55:00;660;com vítima;593,9;BR-381/MG;Norte;Colisão Traseira;1;3;;2;;;2
20/09/2012;11:11:00;276;sem vítima;597,9;BR-381/MG;Norte;Colisão Traseira;1;2;;;;;1
20/09/2012;12:42:00;318;com vítima;599,8;BR-381/MG;Norte;Tombamento;1;0;1;;;;1
20/09/2012;16:01:00;438;com vítima;685;BR-381/MG;Sul;Colisão Transversal;1;1;1;;;;1
20/09/2012;11:57:00;300;sem vítima;723;BR-381/MG;Sul;Choque - Elemento de Drenagem;1;1;;;;;1
20/09/2012;21:42:00;615;sem vítima;813;BR-381/MG;Sul;Choque - Elemento de Drenagem;1;2;;;;;1
20/09/2012;05:08:00;92;sem vítima;873,8;BR-381/MG;Sul;Engavetamento;1;2;;;;;1
20/09/2012;04:44:00;88;com vítima;905,6;BR-381/MG;Sul;Colisão Traseira;2;0;1;1;;;2
20/09/2012;07:35:00;149;sem vítima;907;BR-381/MG;Sul;Outros - Sequência;1;1;;;;;1
21/09/2012;08:00:00;279;sem vítima;8,5;BR-381/SP;Norte;Colisão Traseira;1;2;;;;;1
21/09/2012;19:06:00;511;sem vítima;55,4;BR-381/SP;Norte;Outros - Sequência;1;3;;;;;1
21/09/2012;05:43:00;87;sem vítima;60,3;BR-381/SP;Sul;Colisão Lateral;1;2;;;;;1