data;horario;n_da_ocorrencia;tipo_de_ocorrencia;km;trecho;sentido;tipo_de_acidente;caminhao;ilesos;levemente_feridos;moderadamente_feridos;gravemente_feridos;mortos;3
21/09/2012;17:45:00;464;sem vítima;66,5;BR-381/SP;Sul;Colisão Lateral;1;2;;;;;1
21/09/2012;16:25:00;412;sem vítima;69,5;BR-381/SP;Sul;Outros - Sequência;1;1;;;;;1
21/09/2012;11:19:00;246;sem vítima;71,2;BR-381/SP;Norte;Tombamento;1;2;;;;;1
21/09/2012;02:16:00;47;sem vítima;75,7;BR-381/SP;Sul;Tombamento;1;1;;;;;1
21/09/2012;20:12:00;559;sem vítima;487,5;BR-381/MG;Sul;Outros - Sequência;1;1;;;;;1
21/09/2012;16:39:00;423;sem vítima;523;BR-381/MG;Norte;Outros - Sequência;1;1;;;;;1
21/09/2012;16:10:00;394;sem vítima;545;BR-381/MG;Sul;Tombamento;1;1;;;;;1
21/09/2012;20:51:00;591;sem vítima;592;BR-381/MG;Sul;Outros - Sequência;1;1;;;;;1
21/09/2012;23:19:00;675;com vítima;601,7;BR-381/MG;Sul;Colisão Traseira;2;0;2;;;;1
21/09/2012;21:14:00;603;com vítima;664;BR-381/MG;Norte;Tombamento;2;1;1;;;;1
21/09/2012;15:58:00;382;sem vítima;730;BR-381/MG;Sul;Colisão Traseira;1;3;;;;;1
21/09/2012;06:52:00;104;com vítima;836,02;BR-381/MG;Sul;Outros - Sequência;1;1;2;;;;1
21/09/2012;02:14:00;46;com vítima;875,6;BR-381/MG;Norte;Outros - Sequência;2;1;;1;;;2
21/09/2012;16:04:00;392;sem vítima;905,3;BR-381/MG;Norte;Colisão Lateral;1;2;;;;;1
21/09/2012;16:42:00;428;sem vítima;906,4;BR-381/MG;Sul;Colisão Lateral;1;2;;;;;1
21/09/2012;03:49:00;64;com vítima;906,7;BR-381/MG;Sul;Choque - Elemento de Drenagem;1;0;1;;;;1
21/09/2012;13:08:00;300;com vítima;907,3;BR-381/MG;Norte;Outros - Sequência;1;2;1;;;;1
21/09/2012;12:24:00;278;com vítima;907,4;BR-381/MG;Norte;Engavetamento;1;5;1;;;;1
21/09/2012;12:21:00;277;sem vítima;907,5;BR-381/MG;Norte;Outros - Sequência;1;2;;;;;1
21/09/2012;14:28:00;329;sem vítima;928,7;BR-381/MG;Norte;Colisão Frontal;1;2;;;;;1
21/09/2012;14:44:00;340;com vítima;936,5;BR-381/MG;Sul;Tombamento;1;0;1;;;;1
22/09/2012;16:39:00;433;sem vítima;90;BR-381/SP;Norte;Colisão Lateral;1;2;;;;;1
22/09/2012;17:14:00;452;sem vítima;676;BR-381/MG;Sul;Choque - Defensa, barreira ou "submarino";1;1;;;;;1
22/09/2012;15:06:00;384;com vítima;704;BR-381/MG;Norte;Tombamento;1;0;1;;;;1
22/09/2012;03:47:00;83;sem vítima;750,3;BR-381/MG;Sul;Outros - Sequência;2;2;;;;;1
22/09/2012;04:25:00;92;sem vítima;849;BR-381/MG;Norte;Tombamento;2;2;;;;;1
22/09/2012;01:50:00;62;com vítima;903,7;BR-381/MG;Norte;Colisão Traseira;2;1;;1;;;2
23/09/2012;07:30:00;154;sem vítima;36;BR-381/SP;Norte;Colisão Lateral;1;2;;;;;1
23/09/2012;15:13:00;366;com vítima;61,2;BR-381/SP;Norte;Outros - Sequência;1;1;1;;;;1
23/09/2012;13:36:00;323;com vítima;74,7;BR-381/SP;Norte;Outros - Sequência;1;0;3;1;;;2
23/09/2012;22:54:00;576;sem vítima;82;BR-381/SP;Sul;Colisão Traseira;2;2;;;;;1
23/09/2012;01:22:00;38;sem vítima;496;BR-381/MG;Norte;Colisão Transversal;1;2;;;;;1
24/09/2012;12:20:00;352;com vítima;54,5;BR-381/SP;Sul;Choque - Talude;1;0;1;;;;1
24/09/2012;17:01:00;495;sem vítima;60,5;BR-381/SP;Sul;Colisão Traseira;1;2;;;;;1
24/09/2012;17:17:00;504;sem vítima;68;BR-381/SP;Norte;Outros - Sequência;1;2;;;;;1
24/09/2012;10:55:00;309;sem vítima;85;BR-381/SP;Sul;Colisão Lateral;1;2;;;;;1
24/09/2012;17:19:00;507;sem vítima;598,1;BR-381/MG;Sul;Colisão Lateral;2;2;;;;;1
24/09/2012;17:47:00;519;sem vítima;670;BR-381/MG;Sul;Colisão Traseira;2;2;;;;;1
24/09/2012;06:49:00;142;com vítima;746;BR-381/MG;Norte;Outros - Sequência;1;2;1;;;;1
24/09/2012;23:46:00;680;sem vítima;801;BR-381/MG;Sul;Colisão Traseira;2;2;;;;;1
24/09/2012;17:01:00;493;com vítima;938,2;BR-381/MG;Norte;;1;0;;1;;;2
24/09/2012;17:39:00;515;sem vítima;938,6;BR-381/MG;Norte;Colisão Lateral;1;2;;;;;1
25/09/2012;19:22:00;602;sem vítima;485,5;BR-381/MG;Sul;Colisão Lateral;2;2;;;;;1
25/09/2012;15:17:00;467;sem vítima;494,5;BR-381/MG;Sul;Colisão Traseira;1;3;;;;;1
25/09/2012;15:50:00;479;sem vítima;494,5;BR-381/MG;Sul;Colisão Traseira;2;2;;;;;1
25/09/2012;22:36:00;671;sem vítima;503;BR-381/MG;Norte;Engavetamento;2;3;;;;;1
25/09/2012;02:34:00;53;com vítima;524,9;BR-381/MG;Sul;Tombamento;1;0;1;;;;1
25/09/2012;14:51:00;445;sem vítima;525;BR-381/MG;Sul;Colisão Traseira;1;2;;;;;1
25/09/2012;20:11:00;629;com vítima;550,2;BR-381/MG;Sul;Outros - Sequência;1;0;1;;;;1
25/09/2012;23:22:00;700;sem vítima;600,8;BR-381/MG;Sul;Colisão Traseira;1;2;;;;;1
25/09/2012;03:15:00;64;sem vítima;638;BR-381/MG;Sul;Colisão Traseira;1;2;;;;;1
25/09/2012;21:51:00;660;sem vítima;638,5;BR-381/MG;Sul;Tombamento;1;1;;;;;1
25/09/2012;20:50:00;642;com vítima;654;BR-381/MG;Sul;Capotamento;1;0;;;1;;2
25/09/2012;14:40:00;438;com vítima;751;BR-381/MG;Norte;Outros - Sequência;1;1;;2;;;2
25/09/2012;04:46:00;82;sem vítima;839,5;BR-381/MG;Norte;Tombamento;1;1;;;;;1
26/09/2012;16:02:00;482;com vítima;65,5;BR-381/SP;Norte;Atropelamento - Funcionário;1;1;1;;;;1
26/09/2012;10:36:00;300;sem vítima;89;BR-381/SP;Sul;Colisão Lateral;1;2;;;;;1
26/09/2012;11:05:00;322;sem vítima;521,5;BR-381/MG;Norte;Colisão Traseira;1;2;;;;;1
26/09/2012;04:57:00;100;sem vítima;722,2;BR-381/MG;Sul;Choque - Elemento de Drenagem;1;1;;;;;1
26/09/2012;15:38:00;465;sem vítima;900,5;BR-381/MG;Norte;Choque - Suporte de Sinalização;1;1;;;;;1
27/09/2012;23:18:00;715;sem vítima;7;BR-381/SP;Norte;Colisão Lateral;1;3;;;;;1
27/09/2012;17:41:00;557;sem vítima;36;BR-381/SP;Norte;Tombamento;1;1;;;;;1
27/09/2012;19:35:00;616;com vítima;50;BR-381/SP;Norte;Engavetamento;4;3;;;1;;2
27/09/2012;07:19:00;153;sem vítima;59;BR-381/SP;Norte;Colisão Lateral;1;2;;;;;1
27/09/2012;21:25:00;667;sem vítima;532;BR-381/MG;Sul;Outros - Sequência;2;2;;;;;1
27/09/2012;15:46:00;464;sem vítima;573,1;BR-381/MG;Sul;Colisão Lateral;2;2;;;;;1
27/09/2012;06:39:00;118;com vítima;587;BR-381/MG;Sul;Outros - Sequência;1;0;1;;;;1
27/09/2012;03:14:00;69;com vítima;660,4;BR-381/MG;Norte;Colisão Traseira;2;3;;1;;;2
27/09/2012;20:13:00;632;com vítima;725,1;BR-381/MG;Sul;Colisão Traseira;1;1;1;;;;1
27/09/2012;16:03:00;477;sem vítima;912;BR-381/MG;Sul;Colisão Lateral;2;2;;;;;1
28/09/2012;14:28:00;440;sem vítima;65,5;BR-381/SP;Norte;Colisão Traseira;2;2;;;;;1
28/09/2012;07:06:00;161;sem vítima;480;BR-381/MG;Norte;Colisão Traseira;2;2;;;;;1
28/09/2012;07:23:00;175;sem vítima;480,3;BR-381/MG;Norte;Colisão Lateral;1;2;;;;;1
28/09/2012;04:33:00;90;sem vítima;580,5;BR-381/MG;Sul;Colisão Traseira;1;2;;;;;1
28/09/2012;11:47:00;364;sem vítima;597,6;BR-381/MG;Norte;Colisão Traseira;2;2;;;;;1
28/09/2012;05:49:00;114;sem vítima;613,3;BR-381/MG;Sul;Colisão Lateral;1;2;;;;;1
28/09/2012;21:38:00;732;sem vítima;685;BR-381/MG;Sul;Colisão Traseira;2;2;;;;;1
29/09/2012;23:02:00;558;com vítima;11,3;BR-381/SP;Norte;Outros - Sequência;3;3;1;;;;1
29/09/2012;14:53:00;364;com vítima;512,8;BR-381/MG;Norte;Tombamento;1;0;1;;;;1
29/09/2012;12:44:00;316;sem vítima;519,05;BR-381/MG;Norte;Tombamento;1;1;;;;;1
29/09/2012;04:57:00;118;sem vítima;704;BR-381/MG;Norte;Choque - Defensa, barreira ou "submarino";1;1;;;;;1
29/09/2012;23:39:00;574;com vítima;907;BR-381/MG;Norte;Tombamento;1;0;;1;;;2
30/09/2012;09:29:00;159;com vítima;724,7;BR-381/MG;Norte;Tombamento;1;0;1;;;;1
30/09/2012;23:23:00;550;sem vítima;735,5;BR-381/MG;Sul;Colisão Traseira;1;2;;;;;1
30/09/2012;12:46:00;243;com vítima;802;BR-381/MG;Norte;Colisão Lateral;1;4;1;;;;1
30/09/2012;03:26:00;65;sem vítima;915;BR-381/MG;Norte;Choque - Defensa, barreira ou "submarino";1;1;;;;;1
01/10/2012;11:32:00;289;sem vítima;81,1;BR-381/SP;Norte;Outros - Sequência;2;2;;;;;1
01/10/2012;05:02:00;70;sem vítima;89;BR-381/SP;Sul;Outros - Sequência;1;3;;;;;1
01/10/2012;17:23:00;478;sem vítima;480,1;BR-381/MG;Norte;Colisão Traseira;1;2;;;;;1
01/10/2012;19:36:00;549;sem vítima;482;BR-381/MG;Norte;Colisão Lateral;1;2;;;;;1
01/10/2012;14:00:00;368;com vítima;514,5;BR-381/MG;Sul;Colisão Traseira;2;1;1;;;;1
01/10/2012;22:11:00;612;sem vítima;525;BR-381/MG;Sul;Colisão Traseira;2;2;;;;;1
01/10/2012;14:43:00;388;com vítima;525,5;BR-381/MG;Sul;Tombamento;1;0;1;;;;1
01/10/2012;08:02:00;151;sem vítima;536,5;BR-381/MG;Norte;Colisão Traseira;1;2;;;;;1
01/10/2012;11:16:00;279;sem vítima;537;BR-381/MG;Norte;Choque - Talude;1;1;;;;;1
01/10/2012;21:39:00;600;sem vítima;560;BR-381/MG;Norte;Colisão Traseira;2;2;;;;;1
01/10/2012;23:20:00;638;com vítima;832;BR-381/MG;Sul;Outros - Sequência;2;0;1;1;;;2
02/10/2012;15:13:00;402;sem vítima;66,5;BR-381/SP;Sul;Colisão Traseira;1;2;;;;;1
02/10/2012;07:03:00;120;sem vítima;519,7;BR-381/MG;Sul;Colisão Traseira;1;2;;;;;1
02/10/2012;18:21:00;521;com vítima;632,5;BR-381/MG;Sul;Engavetamento;2;13;7;2;;;2
02/10/2012;04:45:00;76;sem vítima;733,5;BR-381/MG;Norte;Tombamento;1;1;;;;;1
02/10/2012;01:46:00;43;sem vítima;832;BR-381/MG;Sul;Outros - Sequência;1;2;;;;;1
02/10/2012;15:46:00;433;sem vítima;860;BR-381/MG;Norte;Objeto lançado contra veículo;1;2;;;;;1
02/10/2012;17:32:00;485;com vítima;934,4;BR-381/MG;Sul;Outros - Sequência;1;0;1;1;;1;3
02/10/2012;20:46:00;603;sem vítima;945,1;BR-381/MG;Sul;Engavetamento;2;3;;;;;1
03/10/2012;18:10:00;625;sem vítima;490,9;BR-381/MG;Norte;Colisão Traseira;1;2;;;;;1
03/10/2012;18:26:00;636;com vítima;490,9;BR-381/MG;Norte;Outros - Sequência;1;1;1;;;;1
03/10/2012;15:11:00;503;com vítima;528;BR-381/MG;Norte;Tombamento;1;0;2;;;;1
03/10/2012;23:59:00;777;sem vítima;552;BR-381/MG;Norte;Colisão Traseira;2;2;;;;;1
03/10/2012;11:57:00;380;sem vítima;615,5;BR-381/MG;Norte;Outros - Sequência;1;1;;;;;1
03/10/2012;23:26:00;769;com vítima;618,5;BR-381/MG;Sul;Tombamento;1;1;1;;;;1
03/10/2012;05:55:00;124;com vítima;652,7;BR-381/MG;Norte;Outros - Sequência;1;0;1;;;;1
04/10/2012;17:08:00;554;sem vítima;17;BR-381/SP;Norte;Choque - Defensa, barreira ou "submarino";1;1;;;;;1
04/10/2012;09:40:00;279;sem vítima;484,5;BR-381/MG;Norte;Colisão Lateral;1;2;;;;;1
04/10/2012;07:32:00;170;sem vítima;490,5;BR-381/MG;Norte;Colisão Traseira;2;2;;;;;1
04/10/2012;20:23:00;681;sem vítima;494;BR-381/MG;Norte;Outros - Sequência;1;3;;;;;1
04/10/2012;18:03:00;601;sem vítima;509,5;BR-381/MG;Norte;Outros - Sequência;1;2;;;;;1
04/10/2012;03:39:00;90;sem vítima;545,4;BR-381/MG;Sul;Colisão Traseira;1;2;;;;;1
04/10/2012;05:43:00;114;com vítima;546;BR-381/MG;Norte;Outros - Sequência;1;0;1;;;;1
04/10/2012;23:55:00;747;sem vítima;561;BR-381/MG;Sul;Outros - Sequência;1;1;;;;;1
04/10/2012;05:29:00;110;sem vítima;573;BR-381/MG;Norte;Outros - Sequência;1;2;;;;;1
04/10/2012;07:21:00;160;sem vítima;597,7;BR-381/MG;Norte;Colisão Traseira;1;2;;;;;1
04/10/2012;06:42:00;136;sem vítima;872,7;BR-381/MG;Norte;Tombamento;1;1;;;;;1
04/10/2012;10:08:00;305;sem vítima;949,8;BR-381/MG;Sul;Colisão Traseira;2;2;;;;;1
05/10/2012;18:12:00;520;sem vítima;48;BR-381/SP;Norte;Engavetamento;1;3;;;;;1
05/10/2012;11:12:00;294;com vítima;70,8;BR-381/SP;Sul;Colisão Traseira;1;2;1;;;;1
05/10/2012;14:32:00;388;sem vítima;77;BR-381/SP;Norte;Engavetamento;1;3;;;;;1
05/10/2012;14:48:00;396;sem vítima;77,7;BR-381/SP;Norte;Colisão Traseira;1;4;;;;;1
05/10/2012;18:35:00;533;sem vítima;491;BR-381/MG;Sul;Colisão Lateral;2;2;;;;;1
05/10/2012;03:54:00;72;com vítima;586,8;BR-381/MG;Norte;Outros - Sequência;1;0;2;;;;1
05/10/2012;21:54:00;644;sem vítima;622,2;BR-381/MG;Sul;Colisão Traseira;1;2;;;;;1
05/10/2012;18:49:00;548;com vítima;652,7;BR-381/MG;Norte;Outros - Sequência;1;1;1;;;;1
05/10/2012;05:17:00;103;sem vítima;671;BR-381/MG;Norte;Colisão Lateral;1;4;;;;;1
05/10/2012;06:56:00;129;sem vítima;690,08;BR-381/MG;Norte;Colisão Traseira;2;2;;;;;1
05/10/2012;21:58:00;645;com vítima;835;BR-381/MG;Norte;Colisão Traseira;1;1;4;1;;;2
05/10/2012;19:16:00;563;sem vítima;923;BR-381/MG;Norte;Colisão Lateral;1;2;;;;;1
05/10/2012;18:14:00;521;sem vítima;933;BR-381/MG;Norte;Saida de Pista;1;1;;;;;1
06/10/2012;01:04:00;39;sem vítima;60;BR-381/SP;Norte;Colisão Traseira;1;2;;;;;1
06/10/2012;10:24:00;269;sem vítima;72;BR-381/SP;Norte;Choque - Objeto sobre a pista;1;2;;;;;1
06/10/2012;13:41:00;338;com vítima;567,8;BR-381/MG;Norte;Choque - Talude;1;0;1;;;;1
06/10/2012;02:35:00;64;com vítima;615;BR-381/MG;Sul;Outros - Sequência;1;0;2;;;;1
06/10/2012;02:08:00;58;com vítima;649,9;BR-381/MG;Sul;Atropelamento - Morador;1;1;;;1;;2
06/10/2012;19:10:00;519;com vítima;757,5;BR-381/MG;Sul;Outros - Sequência;1;0;;;;1;3
06/10/2012;19:37:00;532;com vítima;832,1;BR-381/MG;Norte;Tombamento;1;0;1;;;;1
06/10/2012;12:29:00;321;sem vítima;937,6;BR-381/MG;Sul;Choque - Defensa, barreira ou "submarino";1;1;;;;;1
07/10/2012;19:36:00;473;com vítima;676,4;BR-381/MG;Sul;Outros - Sequência;1;2;1;;;;1
07/10/2012;04:29:00;79;sem vítima;711,3;BR-381/MG;Norte;Saida de Pista;1;2;;;;;1
08/10/2012;17:19:00;445;sem vítima;18,5;BR-381/SP;Norte;Colisão Traseira;1;2;;;;;1
08/10/2012;07:48:00;167;sem vítima;30;BR-381/SP;Sul;Colisão Traseira;1;2;;;;;1
08/10/2012;13:49:00;349;sem vítima;36,5;BR-381/SP;Norte;Tombamento;1;1;;;;;1
08/10/2012;09:53:00;237;com vítima;52,8;BR-381/SP;Norte;Choque - Poste;1;0;1;;;;1
08/10/2012;13:48:00;348;sem vítima;90;BR-381/SP;Norte;;1;1;;;;;1
08/10/2012;13:51:00;351;sem vítima;484,2;BR-381/MG;Norte;Colisão Traseira;2;2;;;;;1
08/10/2012;08:24:00;188;sem vítima;489,95;BR-381/MG;Norte;Choque - Elemento de Drenagem;1;1;;;;;1
08/10/2012;15:26:00;398;sem vítima;835;BR-381/MG;Sul;Tombamento;1;1;;;;;1
09/10/2012;13:42:00;361;com vítima;84;BR-381/SP;Norte;Colisão Traseira;2;1;;2;1;;2
09/10/2012;08:17:00;177;com vítima;86,5;BR-381/SP;Sul;Colisão Traseira;1;1;2;;;;1
09/10/2012;04:38:00;91;com vítima;674,1;BR-381/MG;Norte;Capotamento;1;1;1;;;;1
09/10/2012;08:10:00;174;com vítima;828;BR-381/MG;Sul;Outros - Sequência;1;1;2;;;;1
09/10/2012;10:50:00;287;com vítima;892;BR-381/MG;Norte;Choque - Outros;1;1;;1;;;2
09/10/2012;20:32:00;568;sem vítima;892;BR-381/MG;Norte;Engavetamento;1;3;;;;;1
09/10/2012;14:52:00;400;sem vítima;900,5;BR-381/MG;Norte;Choque - Suporte de Sinalização;1;1;;;;;1
09/10/2012;01:39:00;52;sem vítima;907,6;BR-381/MG;Sul;Colisão Traseira;1;2;;;;;1
09/10/2012;15:28:00;416;com vítima;921,5;BR-381/MG;Sul;Tombamento;1;0;;1;;;2
10/10/2012;09:11:00;246;sem vítima;5,5;BR-381/SP;Norte;Colisão Traseira;1;2;;;;;1
10/10/2012;00:55:00;35;com vítima;73;BR-381/SP;Sul;Tombamento;1;0;;;;1;3
10/10/2012;07:45:00;172;sem vítima;77,5;BR-381/SP;Sul;Choque - Talude;1;1;;;;;1
10/10/2012;07:13:00;145;sem vítima;487;BR-381/MG;Norte;Engavetamento;2;3;;;;;1
10/10/2012;02:02:00;61;com vítima;607,8;BR-381/MG;Sul;Outros - Sequência;1;1;;1;;;2
10/10/2012;21:50:00;626;sem vítima;727,6;BR-381/MG;Sul;Outros - Sequência;1;2;;;;;1
10/10/2012;04:42:00;107;com vítima;831,5;BR-381/MG;Sul;Colisão Traseira;2;1;1;;;;1
10/10/2012;21:48:00;625;sem vítima;839;BR-381/MG;Sul;Tombamento;1;1;;;;;1
10/10/2012;12:53:00;346;com vítima;860;BR-381/MG;Norte;Colisão Traseira;1;1;1;;;;1
10/10/2012;16:48:00;472;sem vítima;910;BR-381/MG;Norte;Outros - Sequência;1;5;;;;;1
10/10/2012;07:24:00;154;sem vítima;922,6;BR-381/MG;Sul;Engavetamento;3;3;;;;;1
10/10/2012;08:11:00;191;com vítima;923,6;BR-381/MG;Sul;Engavetamento;2;2;1;;;;1
10/10/2012;04:53:00;109;sem vítima;925;BR-381/MG;Sul;Tombamento;1;2;;;;;1
10/10/2012;18:17:00;523;sem vítima;929,4;BR-381/MG;Sul;Outros - Sequência;2;3;;;;;1
10/10/2012;12:21:00;337;sem vítima;940;BR-381/MG;Norte;Choque - Defensa, barreira ou "submarino";1;1;;;;;1
10/10/2012;20:34:00;598;sem vítima;948;BR-381/MG;Norte;Colisão Lateral;2;2;;;;;1
11/10/2012;12:51:00;401;sem vítima;58;BR-381/SP;Sul;Colisão Traseira;1;2;;;;;1
11/10/2012;14:06:00;437;sem vítima;69,5;BR-381/SP;Sul;Colisão Lateral;1;2;;;;;1
11/10/2012;22:31:00;770;sem vítima;493;BR-381/MG;Norte;Colisão Lateral;1;2;;;;;1
11/10/2012;17:39:00;581;sem vítima;493,5;BR-381/MG;Sul;Colisão Traseira;1;2;;;;;1
11/10/2012;06:19:00;125;sem vítima;496,5;BR-381/MG;Norte;Outros - Sequência;1;3;;;;;1
11/10/2012;23:32:00;796;sem vítima;499,1;BR-381/MG;Sul;Colisão Lateral;1;2;;;;;1
11/10/2012;12:08:00;372;sem vítima;525,5;BR-381/MG;Sul;Outros - Sequência;1;1;;;;;1
11/10/2012;07:19:00;164;com vítima;534,4;BR-381/MG;Norte;Engavetamento;2;3;2;;;;1
11/10/2012;04:49:00;103;com vítima;549,4;BR-381/MG;Norte;Outros - Sequência;2;1;1;;;;1
11/10/2012;08:32:00;220;sem vítima;619,8;BR-381/MG;Norte;Colisão Traseira;2;2;;;;;1
11/10/2012;23:56:00;804;sem vítima;807;BR-381/MG;Norte;Colisão Traseira;2;3;;;;;1
11/10/2012;16:44:00;542;sem vítima;859;BR-381/MG;Norte;Colisão Traseira;2;2;;;;;1
11/10/2012;16:38:00;538;sem vítima;886,5;BR-381/MG;Norte;Capotamento;1;2;;;;;1
11/10/2012;22:02:00;753;sem vítima;889;BR-381/MG;Sul;Outros;1;6;;;;;1
11/10/2012;09:20:00;268;sem vítima;919,2;BR-381/MG;Sul;Colisão Lateral;1;2;;;;;1
11/10/2012;14:41:00;457;sem vítima;943;BR-381/MG;Sul;Choque - Elemento de Drenagem;1;1;;;;;1
12/10/2012;05:39:00;124;com vítima;30,9;BR-381/SP;Norte;Outros - Sequência;2;8;;;;1;3
12/10/2012;12:29:00;344;sem vítima;65,3;BR-381/SP;Norte;Outros - Sequência;1;3;;;;;1
12/10/2012;04:18:00;102;sem vítima;78,5;BR-381/SP;Sul;Tombamento;1;1;;;;;1
12/10/2012;17:48:00;549;com vítima;484,1;BR-381/MG;Norte;Colisão Lateral;1;1;2;;;;1
12/10/2012;18:05:00;558;sem vítima;484,7;BR-381/MG;Norte;Colisão Traseira;1;2;;;;;1
12/10/2012;07:01:00;158;com vítima;494;BR-381/MG;Sul;Outros - Sequência;2;2;1;;;;1
12/10/2012;21:27:00;662;sem vítima;494;BR-381/MG;Norte;Colisão Traseira;1;2;;;;;1
12/10/2012;21:46:00;668;sem vítima;497,5;BR-381/MG;Norte;Engavetamento;1;4;;;;;1
12/10/2012;06:58:00;156;sem vítima;511;BR-381/MG;Sul;Colisão Traseira;2;2;;;;;1
12/10/2012;06:48:00;149;sem vítima;597;BR-381/MG;Norte;Colisão Traseira;1;2;;;;;1
12/10/2012;08:51:00;211;com vítima;630,2;BR-381/MG;Norte;Outros - Sequência;1;1;;;;2;3
12/10/2012;16:34:00;514;com vítima;661;BR-381/MG;Norte;Colisão Lateral;1;1;2;;;;1
12/10/2012;14:35:00;426;sem vítima;699,5;BR-381/MG;Sul;Outros - Sequência;1;1;;;;;1
12/10/2012;11:49:00;314;sem vítima;938;BR-381/MG;Sul;Choque - Elemento de Drenagem;1;1;;;;;1
12/10/2012;11:44:00;311;sem vítima;948,8;BR-381/MG;Sul;Outros - Sequência;1;1;;;;;1
12/10/2012;11:50:00;418;sem vítima;948,8;BR-381/MG;Sul;Colisão Lateral;1;2;;;;;1
12/10/2012;11:13:00;302;sem vítima;949,6;BR-381/MG;Sul;Outros - Sequência;1;3;;;;;1
13/10/2012;22:50:00;539;sem vítima;26,5;BR-381/SP;Sul;Outros - Sequência;1;5;;;;;1
13/10/2012;06:27:00;80;sem vítima;54;BR-381/SP;Norte;Engavetamento;1;4;;;;;1
13/10/2012;12:22:00;254;sem vítima;71;BR-381/SP;Sul;Outros;1;1;;;;;1
13/10/2012;09:32:00;161;sem vítima;525;BR-381/MG;Norte;Colisão Traseira;2;2;;;;;1
13/10/2012;01:42:00;39;sem vítima;571,6;BR-381/MG;Norte;Tombamento;1;1;;;;;1
13/10/2012;22:22:00;532;com vítima;655,3;BR-381/MG;Sul;Tombamento;1;0;1;;;;1
14/10/2012;05:52:00;83;sem vítima;26,5;BR-381/SP;Norte;Colisão Traseira;1;2;;;;;1
14/10/2012;16:19:00;413;com vítima;583,5;BR-381/MG;Norte;Tombamento;1;0;;;;2;3
14/10/2012;23:22:00;601;sem vítima;735,1;BR-381/MG;Sul;Colisão Lateral;1;2;;;;;1
14/10/2012;15:04:00;368;com vítima;860;BR-381/MG;Norte;Outros - Sequência;1;5;3;1;;;2
14/10/2012;11:49:00;268;com vítima;902,4;BR-381/MG;Norte;Colisão Traseira;1;3;1;;;;1
15/10/2012;10:01:00;229;com vítima;74;BR-381/SP;Norte;Colisão Traseira;1;1;1;;;;1
15/10/2012;04:16:00;74;com vítima;84;BR-381/SP;Sul;Engavetamento;1;4;1;;;;1
15/10/2012;09:14:00;196;sem vítima;487,3;BR-381/MG;Sul;Colisão Lateral;1;2;;;;;1
15/10/2012;18:38:00;524;sem vítima;497,3;BR-381/MG;Sul;Colisão Lateral;1;2;;;;;1
15/10/2012;17:13:00;474;sem vítima;505,5;BR-381/MG;Norte;Colisão Lateral;2;2;;;;;1
15/10/2012;06:07:00;95;sem vítima;522;BR-381/MG;Norte;Choque - Defensa, barreira ou "submarino";1;1;;;;;1
15/10/2012;19:54:00;567;com vítima;678,5;BR-381/MG;Sul;Colisão Traseira;2;0;2;;;;1
15/10/2012;08:27:00;170;com vítima;722,313;BR-381/MG;Norte;Tombamento;1;0;1;;;;1
15/10/2012;10:24:00;248;com vítima;894;BR-381/MG;Sul;Colisão Lateral;1;1;1;;;;1
16/10/2012;06:49:00;122;sem vítima;64;BR-381/SP;Sul;Colisão Lateral;1;2;;;;;1
16/10/2012;13:34:00;385;sem vítima;66;BR-381/SP;Norte;Choque - Outros;1;1;;;;;1
16/10/2012;11:55:00;327;sem vítima;483;BR-381/MG;Sul;Outros - Sequência;1;1;;;;;1
16/10/2012;06:40:00;116;sem vítima;721,9;BR-381/MG;Norte;Tombamento;1;1;;;;;1
16/10/2012;22:33:00;675;com vítima;747,5;BR-381/MG;Sul;Outros - Sequência;1;0;1;;;;1
16/10/2012;05:54:00;93;sem vítima;759,844;BR-381/MG;Sul;Colisão Traseira;1;2;;;;;1
16/10/2012;04:49:00;77;sem vítima;870;BR-381/MG;Norte;Choque - Elemento de Drenagem;1;1;;;;;1
16/10/2012;00:30:00;15;sem vítima;931;BR-381/MG;Sul;Atropelamento de Animal;1;1;;;;;1
17/10/2012;20:09:00;520;sem vítima;7,5;BR-381/SP;Sul;Colisão Traseira;1;2;;;;;1
17/10/2012;09:30:00;213;sem vítima;26;BR-381/SP;Sul;Colisão Traseira;2;2;;;;;1
17/10/2012;06:30:00;117;com vítima;61;BR-381/SP;Sul;Colisão Traseira;2;1;;1;;;2
17/10/2012;18:05:00;471;sem vítima;480,9;BR-381/MG;Norte;Colisão Traseira;1;2;;;;;1
17/10/2012;18:25:00;476;sem vítima;481;BR-381/MG;Norte;Colisão Lateral;1;2;;;;;1
17/10/2012;03:06:00;66;com vítima;550;BR-381/MG;Norte;Outros - Sequência;1;0;1;;;;1
17/10/2012;08:38:00;180;sem vítima;597,67;BR-381/MG;Norte;Choque - Defensa, barreira ou "submarino";1;1;;;;;1
17/10/2012;04:35:00;84;sem vítima;618,5;BR-381/MG;Norte;Colisão Traseira;1;2;;;;;1
17/10/2012;05:04:00;90;com vítima;653;BR-381/MG;Norte;Capotamento;1;0;2;;;;1
17/10/2012;10:28:00;253;sem vítima;658;BR-381/MG;Sul;Colisão Lateral;1;2;;;;;1
17/10/2012;23:10:00;581;com vítima;670;BR-381/MG;Sul;Colisão Traseira;1;0;3;;;;1
17/10/2012;04:15:00;80;sem vítima;727;BR-381/MG;Norte;Tombamento;1;2;;;;;1
17/10/2012;09:48:00;221;com vítima;782,5;BR-381/MG;Norte;Tombamento;1;1;1;;;;1
17/10/2012;20:26:00;524;sem vítima;805,7;BR-381/MG;Sul;Colisão Lateral;1;2;;;;;1