data;horario;n_da_ocorrencia;tipo_de_ocorrencia;km;trecho;sentido;tipo_de_acidente;caminhao;ilesos;levemente_feridos;moderadamente_feridos;gravemente_feridos;mortos;3
09/11/2012;13:48:00;307;sem vítima;533;BR-381/MG;Sul;Outros - Sequência;1;1;;;;;1
09/11/2012;16:02:00;373;sem vítima;589,9;BR-381/MG;Norte;Outros - Sequência;1;1;;;;;1
09/11/2012;21:41:00;552;com vítima;626;BR-381/MG;Sul;Choque - Defensa, barreira ou "submarino";1;0;1;;;;1
09/11/2012;12:03:00;257;com vítima;659;BR-381/MG;Sul;Colisão Lateral;1;1;1;;;;1
09/11/2012;04:25:00;51;com vítima;660,5;BR-381/MG;Sul;Saida de Pista;1;0;1;;;;1
09/11/2012;13:59:00;312;com vítima;671,5;BR-381/MG;Sul;Outros;1;1;2;1;;;2
09/11/2012;15:52:00;365;sem vítima;671,5;BR-381/MG;Sul;Outros;1;1;;;;;1
09/11/2012;14:24:00;321;sem vítima;689,5;BR-381/MG;Norte;Choque - Elemento de Drenagem;1;2;;;;;1
09/11/2012;16:14:00;383;sem vítima;735,5;BR-381/MG;Norte;Engavetamento;1;3;;;;;1
09/11/2012;04:35:00;55;com vítima;737,9;BR-381/MG;Sul;Tombamento;1;0;2;;;;1
09/11/2012;20:07:00;516;sem vítima;739;BR-381/MG;Sul;;1;1;;;;;1
09/11/2012;09:25:00;168;sem vítima;778;BR-381/MG;Norte;Colisão Lateral;1;2;;;;;1
09/11/2012;14:48:00;334;com vítima;795;BR-381/MG;Norte;Colisão Lateral;2;1;1;;;;1
09/11/2012;15:25:00;355;com vítima;809;BR-381/MG;Sul;Outros;1;3;1;;;;1
09/11/2012;16:03:00;375;sem vítima;886;BR-381/MG;Sul;Choque - Elemento de Drenagem;1;1;;;;;1
09/11/2012;04:47:00;58;sem vítima;890,2;BR-381/MG;Norte;Colisão Traseira;2;2;;;;;1
09/11/2012;12:18:00;267;sem vítima;924,7;BR-381/MG;Sul;Colisão Traseira;1;2;;;;;1
10/11/2012;07:18:00;120;com vítima;68;BR-381/SP;Sul;Colisão Traseira;1;1;1;;;;1
10/11/2012;13:38:00;319;sem vítima;71;BR-381/SP;Norte;Choque - Talude;1;1;;;;;1
10/11/2012;06:40:00;102;sem vítima;484;BR-381/MG;Sul;Colisão Lateral;1;2;;;;;1
10/11/2012;00:20:00;16;sem vítima;520,7;BR-381/MG;Norte;Colisão Lateral;1;2;;;;;1
10/11/2012;16:53:00;391;com vítima;545,9;BR-381/MG;Sul;Colisão Traseira;2;1;;1;;;2
10/11/2012;11:58:00;277;sem vítima;575,2;BR-381/MG;Sul;Colisão Traseira;2;2;;;;;1
10/11/2012;14:22:00;340;sem vítima;575,2;BR-381/MG;Sul;Colisão Traseira;2;2;;;;;1
10/11/2012;14:06:00;330;com vítima;629;BR-381/MG;Sul;Outros - Sequência;1;0;;;2;;2
10/11/2012;18:01:00;415;com vítima;732;BR-381/MG;Norte;Outros - Sequência;1;1;1;3;;;2
10/11/2012;00:31:00;19;sem vítima;753,9;BR-381/MG;Sul;Saida de Pista;1;1;;;;;1
10/11/2012;03:32:00;57;sem vítima;794,3;BR-381/MG;Sul;Tombamento;1;1;;;;;1
10/11/2012;22:15:00;493;sem vítima;806,5;BR-381/MG;Norte;Choque - Talude;1;1;;;;;1
10/11/2012;19:21:00;439;com vítima;848,9;BR-381/MG;Norte;Tombamento;1;0;;1;;;2
10/11/2012;23:08:00;511;com vítima;906;BR-381/MG;Norte;Colisão Traseira;2;1;1;;;;1
10/11/2012;18:30:00;425;com vítima;917,8;BR-381/MG;Norte;Tombamento;1;0;;1;;;2
11/11/2012;00:47:00;17;sem vítima;483,7;BR-381/MG;Sul;Colisão Traseira;2;2;;;;;1
11/11/2012;20:35:00;462;sem vítima;489,4;BR-381/MG;Norte;Colisão Lateral;1;2;;;;;1
11/11/2012;15:19:00;322;sem vítima;872,8;BR-381/MG;Norte;Choque - Elemento de Drenagem;1;1;;;;;1
12/11/2012;00:52:00;12;sem vítima;491,1;BR-381/MG;Norte;Colisão Lateral;1;2;;;;;1
12/11/2012;18:34:00;481;sem vítima;492,2;BR-381/MG;Sul;Colisão Traseira;1;2;;;;;1
12/11/2012;17:40:00;451;sem vítima;494,3;BR-381/MG;Sul;Colisão Traseira;1;2;;;;;1
12/11/2012;09:54:00;200;sem vítima;500,5;BR-381/MG;Norte;Colisão Frontal;1;2;;;;;1
12/11/2012;12:12:00;283;sem vítima;524,98;BR-381/MG;Sul;Engavetamento;3;3;;;;;1
12/11/2012;04:55:00;65;sem vítima;525,8;BR-381/MG;Norte;Atropelamento de Animal;1;1;;;;;1
12/11/2012;06:17:00;86;sem vítima;527,5;BR-381/MG;Sul;Colisão Traseira;2;2;;;;;1
12/11/2012;18:13:00;470;sem vítima;601,5;BR-381/MG;Sul;Colisão Traseira;1;2;;;;;1
12/11/2012;08:05:00;145;sem vítima;923,5;BR-381/MG;Sul;Choque - Defensa, barreira ou "submarino";1;1;;;;;1
12/11/2012;03:00:00;43;sem vítima;940;BR-381/MG;Sul;Choque - Outros;1;1;;;;;1
13/11/2012;05:33:00;71;com vítima;62,5;BR-381/SP;Sul;Colisão Traseira;2;0;2;;;;1
13/11/2012;16:48:00;429;sem vítima;658;BR-381/MG;Norte;Colisão Traseira;2;2;;;;;1
13/11/2012;06:54:00;105;sem vítima;673;BR-381/MG;Norte;Colisão Traseira;2;2;;;;;1
13/11/2012;04:51:00;64;sem vítima;696,5;BR-381/MG;Norte;Tombamento;1;1;;;;;1
13/11/2012;00:43:00;17;com vítima;785;BR-381/MG;Norte;Outros - Sequência;1;2;1;;;;1
14/11/2012;15:29:00;397;sem vítima;3,4;BR-381/SP;Norte;Colisão Traseira;1;2;;;;;1
14/11/2012;00:08:00;1;sem vítima;33;BR-381/SP;Sul;Colisão Traseira;2;2;;;;;1
14/11/2012;11:21:00;275;sem vítima;478,9;BR-381/MG;Norte;Colisão Lateral;1;2;;;;;1
14/11/2012;10:13:00;236;sem vítima;540,7;BR-381/MG;Norte;Outros - Sequência;1;1;;;;;1
14/11/2012;11:31:00;279;sem vítima;564,04;BR-381/MG;Sul;Outros - Sequência;1;1;;;;;1
14/11/2012;03:56:00;53;sem vítima;638;BR-381/MG;Norte;Outros - Sequência;1;1;;;;;1
14/11/2012;09:18:00;196;sem vítima;725;BR-381/MG;Norte;Colisão Traseira;2;2;;;;;1
14/11/2012;05:06:00;66;com vítima;861,8;BR-381/MG;Sul;Tombamento;1;0;1;;;;1
14/11/2012;22:31:00;622;com vítima;913;BR-381/MG;Norte;Outros - Sequência;1;2;;;;1;3
14/11/2012;23:25:00;649;sem vítima;913;BR-381/MG;Norte;Colisão Lateral;1;2;;;;;1
15/11/2012;10:05:00;221;sem vítima;16;BR-381/SP;Norte;Colisão Traseira;1;2;;;;;1
15/11/2012;10:11:00;225;sem vítima;26;BR-381/SP;Norte;Engavetamento;2;3;;;;;1
15/11/2012;08:08:00;150;sem vítima;486,5;BR-381/MG;Sul;Colisão Lateral;1;2;;;;;1
15/11/2012;13:37:00;329;sem vítima;518,9;BR-381/MG;Sul;Colisão Traseira;1;2;;;;;1
15/11/2012;23:23:00;626;sem vítima;524,5;BR-381/MG;Sul;Outros - Sequência;1;6;;;;;1
15/11/2012;14:38:00;364;sem vítima;525;BR-381/MG;Sul;Tombamento;1;1;;;;;1
15/11/2012;08:32:00;166;com vítima;678;BR-381/MG;Sul;Colisão Traseira;1;32;3;1;;1;3
15/11/2012;04:45:00;57;com vítima;702,9;BR-381/MG;Norte;Outros - Sequência;2;0;2;;;;1
15/11/2012;03:24:00;42;sem vítima;727,5;BR-381/MG;Sul;Outros - Sequência;1;2;;;;;1
15/11/2012;10:41:00;251;sem vítima;735,5;BR-381/MG;Norte;Colisão Traseira;1;2;;;;;1
15/11/2012;11:29:00;272;sem vítima;737,5;BR-381/MG;Norte;Colisão Traseira;2;2;;;;;1
15/11/2012;02:08:00;27;sem vítima;923;BR-381/MG;Norte;Choque - Elemento de Drenagem;1;1;;;;;1
16/11/2012;22:27:00;595;sem vítima;21,5;BR-381/SP;Sul;Colisão Lateral;1;2;;;;;1
16/11/2012;23:15:00;617;sem vítima;58;BR-381/SP;Sul;Colisão Traseira;2;3;;;;;1
16/11/2012;06:55:00;98;com vítima;491,5;BR-381/MG;Norte;Colisão Lateral;1;1;4;1;;;2
16/11/2012;16:11:00;428;sem vítima;494,1;BR-381/MG;Sul;Outros - Sequência;3;3;;;;;1
16/11/2012;16:06:00;424;sem vítima;597,7;BR-381/MG;Sul;Colisão Traseira;1;2;;;;;1
16/11/2012;06:35:00;86;sem vítima;713;BR-381/MG;Sul;Tombamento;1;1;;;;;1
16/11/2012;15:26:00;404;sem vítima;778;BR-381/MG;Sul;Choque - Elemento de Drenagem;1;1;;;;;1
17/11/2012;15:40:00;341;sem vítima;37;BR-381/SP;Norte;Colisão Traseira;1;2;;;;;1
17/11/2012;07:35:00;127;sem vítima;506,3;BR-381/MG;Norte;Colisão Traseira;2;2;;;;;1
17/11/2012;00:13:00;9;sem vítima;523,9;BR-381/MG;Norte;Colisão Traseira;2;4;;;;;1
17/11/2012;11:07:00;229;com vítima;678,5;BR-381/MG;Norte;Colisão Traseira;1;1;1;;;;1
17/11/2012;21:21:00;488;sem vítima;803;BR-381/MG;Sul;Outros - Sequência;1;1;;;;;1
18/11/2012;10:49:00;172;sem vítima;715,8;BR-381/MG;Sul;Capotamento;1;3;;;;;1
18/11/2012;20:38:00;465;sem vítima;745;BR-381/MG;Sul;;1;2;;;;;1
19/11/2012;11:24:00;252;com vítima;58;BR-381/SP;Sul;Colisão Traseira;1;2;1;;;;1
19/11/2012;06:28:00;77;com vítima;488;BR-381/MG;Norte;Engavetamento;3;1;4;;;;1
19/11/2012;21:52:00;537;com vítima;525;BR-381/MG;Sul;Capotamento;1;0;1;;;;1
19/11/2012;00:17:00;13;sem vítima;748;BR-381/MG;Norte;Outros - Sequência;1;1;;;;;1
19/11/2012;11:03:00;242;com vítima;749;BR-381/MG;Norte;Colisão Traseira;1;2;1;;;;1
19/11/2012;02:27:00;43;sem vítima;924,3;BR-381/MG;Sul;Outros - Sequência;2;2;;;;;1
20/11/2012;09:07:00;171;sem vítima;33,5;BR-381/SP;Norte;Colisão Traseira;1;2;;;;;1
20/11/2012;12:19:00;274;sem vítima;478;BR-381/MG;Sul;Colisão Traseira;1;2;;;;;1
20/11/2012;13:30:00;304;sem vítima;483;BR-381/MG;Sul;Colisão Traseira;2;2;;;;;1
20/11/2012;13:59:00;319;sem vítima;483;BR-381/MG;Sul;Engavetamento;1;3;;;;;1
20/11/2012;15:52:00;369;sem vítima;513;BR-381/MG;Sul;Colisão Lateral;1;2;;;;;1
20/11/2012;17:54:00;457;sem vítima;525;BR-381/MG;Norte;Choque - Defensa, barreira ou "submarino";1;1;;;;;1
20/11/2012;01:10:00;19;com vítima;749,1;BR-381/MG;Norte;Colisão Traseira;1;1;;;;1;3
20/11/2012;15:28:00;360;sem vítima;798,95;BR-381/MG;Sul;Choque - Outros;1;1;;;;;1
20/11/2012;16:12:00;382;sem vítima;850;BR-381/MG;Sul;Colisão Traseira;1;2;;;;;1
20/11/2012;01:13:00;21;com vítima;888,7;BR-381/MG;Norte;Outros - Sequência;1;0;;;;1;3
20/11/2012;18:39:00;489;sem vítima;921,3;BR-381/MG;Sul;Engavetamento;1;3;;;;;1
20/11/2012;18:01:00;464;com vítima;924,8;BR-381/MG;Sul;Outros - Sequência;1;2;1;;;;1
21/11/2012;10:20:00;209;sem vítima;30,5;BR-381/SP;Norte;Colisão Traseira;1;2;;;;;1
21/11/2012;07:23:00;98;sem vítima;71;BR-381/SP;Sul;Colisão Traseira;1;2;;;;;1
21/11/2012;23:04:00;547;com vítima;478,1;BR-381/MG;Sul;Outros - Sequência;1;3;1;;;;1
21/11/2012;10:12:00;206;sem vítima;503;BR-381/MG;Norte;Colisão Traseira;1;2;;;;;1
21/11/2012;07:00:00;89;sem vítima;504;BR-381/MG;Norte;Colisão Lateral;2;2;;;;;1
21/11/2012;12:14:00;268;com vítima;507;BR-381/MG;Norte;Engavetamento;3;3;1;;;;1
21/11/2012;17:48:00;436;sem vítima;515,4;BR-381/MG;Sul;Colisão Traseira;1;2;;;;;1
21/11/2012;14:11:00;312;sem vítima;516;BR-381/MG;Sul;Colisão Lateral;1;2;;;;;1
21/11/2012;19:38:00;480;sem vítima;519,7;BR-381/MG;Sul;Colisão Traseira;2;2;;;;;1
21/11/2012;06:55:00;86;sem vítima;533;BR-381/MG;Norte;Saida de Pista;1;1;;;;;1
21/11/2012;16:38:00;401;sem vítima;546;BR-381/MG;Norte;Colisão Traseira;1;2;;;;;1
21/11/2012;09:18:00;162;sem vítima;598;BR-381/MG;Norte;Colisão Traseira;1;2;;;;;1
21/11/2012;11:43:00;253;sem vítima;615,8;BR-381/MG;Norte;Colisão Traseira;1;2;;;;;1
21/11/2012;21:00:00;511;sem vítima;648,7;BR-381/MG;Norte;Choque - Elemento de Drenagem;1;1;;;;;1
21/11/2012;05:46:00;71;com vítima;919,5;BR-381/MG;Norte;Atropelamento - Ciclista;1;1;;;;1;3
22/11/2012;11:11:00;266;com vítima;61,5;BR-381/SP;Sul;Colisão Lateral;2;0;3;;;;1
22/11/2012;17:35:00;513;com vítima;61,5;BR-381/SP;Sul;Colisão Traseira;1;1;1;;;;1
22/11/2012;21:52:00;653;sem vítima;74,8;BR-381/SP;Norte;Tombamento;1;1;;;;;1
22/11/2012;18:38:00;558;com vítima;86,1;BR-381/SP;Sul;Colisão Traseira;1;1;1;;;;1
22/11/2012;12:06:00;286;sem vítima;89;BR-381/SP;Norte;Colisão Lateral;1;2;;;;;1
22/11/2012;17:48:00;522;sem vítima;483,6;BR-381/MG;Norte;Colisão Traseira;1;2;;;;;1
22/11/2012;18:36:00;557;sem vítima;488;BR-381/MG;Sul;Engavetamento;2;3;;;;;1
22/11/2012;14:58:00;374;com vítima;624,5;BR-381/MG;Sul;Outros - Sequência;2;0;2;;;;1
22/11/2012;02:09:00;41;sem vítima;655;BR-381/MG;Norte;Atropelamento de Animal;1;1;;;;;1
22/11/2012;08:20:00;159;sem vítima;845;BR-381/MG;Norte;Colisão Traseira;2;2;;;;;1
22/11/2012;06:08:00;82;com vítima;899,5;BR-381/MG;Norte;Saida de Pista;1;0;2;;;;1
23/11/2012;08:58:00;238;sem vítima;40,5;BR-381/SP;Sul;Colisão Traseira;1;2;;;;;1
23/11/2012;06:57:00;136;sem vítima;495;BR-381/MG;Norte;Colisão Lateral;1;2;;;;;1
23/11/2012;21:00:00;703;sem vítima;701,3;BR-381/MG;Norte;Colisão Traseira;2;2;;;;;1
23/11/2012;00:22:00;10;com vítima;704;BR-381/MG;Sul;Tombamento;1;0;1;;;;1
23/11/2012;17:12:00;543;sem vítima;821;BR-381/MG;Sul;Colisão Lateral;1;2;;;;;1
23/11/2012;17:21:00;551;sem vítima;857,5;BR-381/MG;Norte;Choque - Defensa, barreira ou "submarino";1;1;;;;;1
23/11/2012;11:08:00;319;sem vítima;888;BR-381/MG;Norte;Colisão Traseira;2;2;;;;;1
24/11/2012;20:40:00;585;com vítima;30;BR-381/SP;Norte;Colisão Traseira;1;2;1;;;;1
24/11/2012;11:16:00;300;com vítima;603,4;BR-381/MG;Norte;Engavetamento;4;4;1;1;;;2
24/11/2012;19:01:00;544;com vítima;651,8;BR-381/MG;Sul;Choque - Defensa, barreira ou "submarino";1;0;1;;;;1
24/11/2012;06:28:00;112;sem vítima;767,3;BR-381/MG;Norte;Outros;1;1;;;;;1
24/11/2012;18:24:00;520;com vítima;907,4;BR-381/MG;Norte;Tombamento;1;0;1;;;;1
24/11/2012;11:31:00;312;com vítima;939,9;BR-381/MG;Sul;Colisão Lateral;1;1;1;;;;1
24/11/2012;13:11:00;370;com vítima;948,8;BR-381/MG;Norte;Colisão Traseira;1;1;1;;;;1
25/11/2012;16:22:00;353;sem vítima;31;BR-381/SP;Sul;Colisão Lateral;1;2;;;;;1
25/11/2012;05:23:00;78;sem vítima;56;BR-381/SP;Sul;Choque - Elemento de Drenagem;1;1;;;;;1
25/11/2012;09:52:00;171;sem vítima;66;BR-381/SP;Norte;Colisão Lateral;1;2;;;;;1
25/11/2012;07:50:00;127;sem vítima;484,1;BR-381/MG;Norte;Colisão Lateral;1;2;;;;;1
25/11/2012;21:41:00;511;sem vítima;516;BR-381/MG;Norte;Atropelamento de Animal;1;1;;;;;1
25/11/2012;11:02:00;207;sem vítima;524;BR-381/MG;Sul;Choque - Defensa, barreira ou "submarino";1;1;;;;;1
25/11/2012;16:51:00;376;sem vítima;628,3;BR-381/MG;Sul;Colisão Traseira;2;2;;;;;1
25/11/2012;13:17:00;267;sem vítima;726;BR-381/MG;Norte;Colisão Lateral;1;2;;;;;1
26/11/2012;17:15:00;424;sem vítima;83,4;BR-381/SP;Sul;Colisão Lateral;1;2;;;;;1
26/11/2012;16:46:00;408;sem vítima;478,9;BR-381/MG;Sul;Colisão Traseira;1;2;;;;;1
26/11/2012;07:57:00;128;com vítima;481,4;BR-381/MG;Norte;Outros - Sequência;1;3;1;;1;;2
26/11/2012;14:07:00;325;sem vítima;485;BR-381/MG;Norte;Colisão Traseira;1;2;;;;;1
26/11/2012;11:59:00;276;sem vítima;488;BR-381/MG;Norte;Colisão Lateral;2;2;;;;;1
26/11/2012;12:38:00;289;com vítima;490;BR-381/MG;Norte;Colisão Traseira;1;2;1;;;;1
26/11/2012;15:57:00;382;com vítima;492,5;BR-381/MG;Sul;Atropelamento - Morador;1;1;;;;1;3
26/11/2012;11:01:00;245;sem vítima;496;BR-381/MG;Norte;Outros - Sequência;1;1;;;;;1
26/11/2012;22:47:00;538;com vítima;600;BR-381/MG;Sul;Colisão Traseira;2;1;1;;;;1
26/11/2012;06:38:00;93;sem vítima;612;BR-381/MG;Norte;Choque - Defensa, barreira ou "submarino";1;1;;;;;1
26/11/2012;03:34:00;56;sem vítima;731;BR-381/MG;Sul;Saida de Pista;1;1;;;;;1
26/11/2012;14:27:00;337;sem vítima;873,9;BR-381/MG;Norte;Colisão Traseira;1;2;;;;;1
27/11/2012;06:52:00;104;sem vítima;15,4;BR-381/SP;Sul;Outros - Sequência;1;2;;;;;1
27/11/2012;13:17:00;343;sem vítima;484;BR-381/MG;Sul;Colisão Traseira;2;2;;;;;1
27/11/2012;13:24:00;349;sem vítima;484;BR-381/MG;Sul;Colisão Traseira;1;2;;;;;1
27/11/2012;14:54:00;404;sem vítima;491,95;BR-381/MG;Norte;Outros - Sequência;1;2;;;;;1
27/11/2012;09:58:00;238;com vítima;564,5;BR-381/MG;Sul;Choque - Poste;1;0;1;;;;1
27/11/2012;00:52:00;21;sem vítima;585;BR-381/MG;Sul;Saida de Pista;1;2;;;;;1
27/11/2012;10:25:00;259;sem vítima;597,6;BR-381/MG;Norte;Colisão Traseira;1;3;;;;;1
27/11/2012;03:46:00;62;com vítima;675;BR-381/MG;Norte;Choque - Talude;1;0;1;;;;1
27/11/2012;14:32:00;393;sem vítima;686;BR-381/MG;Norte;Outros - Sequência;2;4;;;;;1
27/11/2012;18:20:00;525;sem vítima;765;BR-381/MG;Sul;Colisão Lateral;2;2;;;;;1
27/11/2012;17:36:00;506;sem vítima;802,5;BR-381/MG;Norte;;1;2;;;;;1
27/11/2012;09:39:00;224;sem vítima;804;BR-381/MG;Sul;Colisão Lateral;1;2;;;;;1
27/11/2012;06:29:00;86;sem vítima;805;BR-381/MG;Sul;Tombamento;1;1;;;;;1
27/11/2012;05:29:00;76;com vítima;895;BR-381/MG;Sul;Outros - Sequência;1;1;1;;;;1
28/11/2012;22:54:00;666;com vítima;525;BR-381/MG;Sul;Colisão Traseira;2;1;;1;;;2
28/11/2012;15:53:00;441;sem vítima;597,7;BR-381/MG;Sul;Colisão Traseira;2;2;;;;;1
28/11/2012;06:42:00;102;sem vítima;732,8;BR-381/MG;Norte;Colisão Traseira;1;3;;;;;1
29/11/2012;16:49:00;501;sem vítima;9,1;BR-381/SP;Norte;Engavetamento;2;3;;;;;1
29/11/2012;06:37:00;83;sem vítima;72;BR-381/SP;Sul;Choque - Defensa, barreira ou "submarino";1;1;;;;;1
29/11/2012;21:32:00;677;sem vítima;492,4;BR-381/MG;Norte;Tombamento;1;1;;;;;1
29/11/2012;15:21:00;430;sem vítima;548,9;BR-381/MG;Norte;Colisão Lateral;1;2;;;;;1
29/11/2012;01:21:00;32;sem vítima;557,1;BR-381/MG;Norte;Colisão Traseira;1;3;;;;;1
29/11/2012;01:45:00;36;com vítima;567,6;BR-381/MG;Norte;Colisão Traseira;2;2;1;;;;1
29/11/2012;23:16:00;715;sem vítima;692,1;BR-381/MG;Sul;Colisão Lateral;1;2;;;;;1
29/11/2012;07:03:00;105;sem vítima;809,6;BR-381/MG;Norte;Outros - Sequência;1;1;;;;;1
30/11/2012;17:29:00;508;sem vítima;75,9;BR-381/SP;Sul;Colisão Lateral;1;2;;;;;1
30/11/2012;17:18:00;498;com vítima;485,2;BR-381/MG;Sul;Colisão Traseira;1;1;1;;;;1
30/11/2012;14:58:00;387;sem vítima;486;BR-381/MG;Sul;Colisão Lateral;1;2;;;;;1
30/11/2012;07:26:00;136;com vítima;486,5;BR-381/MG;Norte;Queda de Moto;1;2;;;1;;2
30/11/2012;20:19:00;603;com vítima;492;BR-381/MG;Norte;Colisão Lateral;1;2;1;;;;1
30/11/2012;00:43:00;19;com vítima;494;BR-381/MG;Sul;Tombamento;1;0;1;;;;1
30/11/2012;15:26:00;407;sem vítima;557,2;BR-381/MG;Norte;Colisão Traseira;2;2;;;;;1
30/11/2012;10:12:00;259;sem vítima;585;BR-381/MG;Norte;Colisão Traseira;1;2;;;;;1
30/11/2012;08:33:00;190;com vítima;792;BR-381/MG;Norte;Capotamento;1;0;2;;;;1
30/11/2012;09:26:00;221;sem vítima;792,5;BR-381/MG;Norte;Colisão Lateral;2;2;;;;;1
30/11/2012;23:54:00;700;sem vítima;919,5;BR-381/MG;Sul;Colisão Lateral;2;2;;;;;1
30/11/2012;05:07:00;80;com vítima;925;BR-381/MG;Sul;Outros - Sequência;1;0;1;;;;1
30/11/2012;01:48:00;32;sem vítima;932,6;BR-381/MG;Sul;Outros - Sequência;2;3;;;;;1
01/12/2012;00:34:00;23;sem vítima;54;BR-381/SP;Norte;Colisão Traseira;2;2;;;;;1
01/12/2012;07:34:00;146;sem vítima;480;BR-381/MG;Norte;Colisão Traseira;1;2;;;;;1
01/12/2012;09:48:00;214;sem vítima;488,5;BR-381/MG;Sul;Colisão Traseira;2;2;;;;;1
01/12/2012;16:06:00;424;sem vítima;498,3;BR-381/MG;Norte;Colisão Lateral;1;2;;;;;1
01/12/2012;06:49:00;121;sem vítima;565,161;BR-381/MG;Norte;Saida de Pista;1;1;;;;;1
01/12/2012;17:02:00;462;sem vítima;581,3;BR-381/MG;Sul;Choque - Elemento de Drenagem;1;1;;;;;1
01/12/2012;20:58:00;563;com vítima;666,5;BR-381/MG;Norte;Outros - Sequência;1;3;1;;;;1
01/12/2012;23:27:00;621;com vítima;812;BR-381/MG;Norte;Outros - Sequência;2;1;;1;;;2
01/12/2012;16:57:00;458;com vítima;817;BR-381/MG;Norte;Colisão Traseira;2;1;2;;;1;3
01/12/2012;18:36:00;511;sem vítima;900,5;BR-381/MG;Norte;Colisão Traseira;2;2;;;;;1
01/12/2012;12:11:00;291;sem vítima;901;BR-381/MG;Norte;Colisão Traseira;1;2;;;;;1
01/12/2012;17:20:00;469;com vítima;940,5;BR-381/MG;Norte;Tombamento;1;0;;;;1;3
02/12/2012;22:39:00;630;sem vítima;30,9;BR-381/SP;Sul;Tombamento;1;1;;;;;1
02/12/2012;06:41:00;94;sem vítima;679;BR-381/MG;Norte;Capotamento;1;6;;;;;1
02/12/2012;15:40:00;337;sem vítima;679;BR-381/MG;Sul;Colisão Lateral;1;2;;;;;1
02/12/2012;10:22:00;186;sem vítima;787;BR-381/MG;Sul;Tombamento;1;2;;;;;1
02/12/2012;16:16:00;368;com vítima;881,6;BR-381/MG;Sul;Outros - Sequência;1;3;2;1;;;2
03/12/2012;11:51:00;249;sem vítima;62;BR-381/SP;Sul;Colisão Traseira;1;3;;;;;1
03/12/2012;11:52:00;250;sem vítima;62;BR-381/SP;Sul;Colisão Traseira;2;3;;;;;1
03/12/2012;13:50:00;294;sem vítima;492;BR-381/MG;Sul;Colisão Traseira;1;2;;;;;1
03/12/2012;10:18:00;198;sem vítima;495;BR-381/MG;Sul;Engavetamento;2;3;;;;;1
03/12/2012;19:12:00;452;sem vítima;511;BR-381/MG;Sul;Colisão Traseira;2;2;;;;;1
03/12/2012;13:52:00;296;sem vítima;513;BR-381/MG;Sul;Colisão Traseira;1;2;;;;;1
03/12/2012;00:19:00;14;sem vítima;519;BR-381/MG;Sul;Colisão Traseira;2;2;;;;;1
03/12/2012;07:25:00;110;sem vítima;654;BR-381/MG;Norte;Colisão Traseira;1;2;;;;;1
03/12/2012;13:08:00;281;com vítima;722;BR-381/MG;Sul;Tombamento;1;0;;1;;;2
03/12/2012;12:31:00;266;sem vítima;906,4;BR-381/MG;Norte;Choque - Elemento de Drenagem;1;1;;;;;1
04/12/2012;00:26:00;17;sem vítima;44,8;BR-381/SP;Sul;Colisão Traseira;2;2;;;;;1
04/12/2012;14:43:00;396;sem vítima;89,6;BR-381/SP;Sul;Colisão Lateral;1;2;;;;;1
04/12/2012;11:51:00;308;sem vítima;487,5;BR-381/MG;Norte;Colisão Traseira;2;2;;;;;1
04/12/2012;03:15:00;54;com vítima;496;BR-381/MG;Sul;Colisão Traseira;1;1;1;;;;1
04/12/2012;17:31:00;504;sem vítima;516,6;BR-381/MG;Sul;Colisão Traseira;2;2;;;;;1
04/12/2012;12:21:00;324;sem vítima;560,5;BR-381/MG;Norte;Colisão Traseira;1;2;;;;;1
04/12/2012;01:13:00;30;sem vítima;659;BR-381/MG;Norte;Choque - Talude;1;1;;;;;1
04/12/2012;18:23:00;540;sem vítima;693;BR-381/MG;Sul;Choque - Defensa, barreira ou "submarino";1;1;;;;;1
04/12/2012;12:12:00;317;sem vítima;879,9;BR-381/MG;Norte;Tombamento;1;1;;;;;1
04/12/2012;05:33:00;86;sem vítima;913,3;BR-381/MG;Sul;Tombamento;1;1;;;;;1
05/12/2012;14:59:00;408;com vítima;0,9;BR-381/SP;Norte;Colisão Traseira;2;1;1;;;;1
05/12/2012;05:57:00;86;com vítima;19;BR-381/SP;Sul;Outros - Sequência;1;0;;;;1;3
05/12/2012;16:30:00;469;sem vítima;65,5;BR-381/SP;Norte;Colisão Traseira;1;2;;;;;1
05/12/2012;07:49:00;136;sem vítima;481;BR-381/MG;Norte;Colisão Lateral;1;2;;;;;1
05/12/2012;22:26:00;646;sem vítima;483;BR-381/MG;Sul;Colisão Lateral;1;3;;;;;1
05/12/2012;16:16:00;461;sem vítima;491,8;BR-381/MG;Sul;Colisão Traseira;1;2;;;;;1
05/12/2012;13:30:00;362;sem vítima;493;BR-381/MG;Norte;Engavetamento;1;3;;;;;1
05/12/2012;10:22:00;241;com vítima;493,3;BR-381/MG;Norte;Queda de Moto;1;1;;1;;;2
05/12/2012;13:17:00;349;com vítima;499;BR-381/MG;Sul;Colisão Traseira;1;1;1;;;;1
05/12/2012;07:28:00;121;com vítima;510,8;BR-381/MG;Sul;Saida de Pista;1;1;1;;;;1
05/12/2012;04:00:00;58;sem vítima;590;BR-381/MG;Sul;Atropelamento de Animal;1;1;;;;;1
05/12/2012;00:42:00;16;sem vítima;741,5;BR-381/MG;Norte;Colisão Lateral;1;2;;;;;1
05/12/2012;00:34:00;13;sem vítima;796,5;BR-381/MG;Sul;Choque - Outros;2;2;;;;;1
06/12/2012;17:51:00;446;com vítima;493,5;BR-381/MG;Sul;Engavetamento;1;5;1;;;;1
06/12/2012;19:17:00;498;sem vítima;522,5;BR-381/MG;Sul;Colisão Lateral;1;2;;;;;1
06/12/2012;01:33:00;42;com vítima;564,8;BR-381/MG;Sul;Outros - Sequência;1;0;1;;;;1
06/12/2012;08:21:00;197;sem vítima;597,6;BR-381/MG;Norte;Colisão Traseira;1;3;;;;;1