data;horario;n_da_ocorrencia;tipo_de_ocorrencia;km;trecho;sentido;tipo_de_acidente;caminhao;ilesos;levemente_feridos;moderadamente_feridos;gravemente_feridos;mortos;3
06/12/2012;13:10:00;333;sem vítima;786;BR-381/MG;Sul;Saida de Pista;1;2;;;;;1
06/12/2012;01:52:00;47;sem vítima;906,7;BR-381/MG;Norte;Colisão Traseira;1;2;;;;;1
07/12/2012;00:46:00;24;sem vítima;3;BR-381/SP;Norte;Tombamento;1;2;;;;;1
07/12/2012;01:42:00;39;com vítima;62;BR-381/SP;Norte;Engavetamento;2;4;1;;;;1
07/12/2012;19:10:00;608;sem vítima;482;BR-381/MG;Sul;Colisão Traseira;1;2;;;;;1
07/12/2012;20:04:00;642;sem vítima;483,6;BR-381/MG;Sul;Engavetamento;1;2;;;;;1
07/12/2012;08:18:00;168;sem vítima;490;BR-381/MG;Norte;Choque - Elemento de Drenagem;1;1;;;;;1
07/12/2012;16:38:00;494;com vítima;496,8;BR-381/MG;Sul;Outros - Sequência;1;1;1;;;;1
07/12/2012;09:59:00;240;sem vítima;597,6;BR-381/MG;Norte;Colisão Traseira;2;2;;;;;1
07/12/2012;03:04:00;59;sem vítima;655,1;BR-381/MG;Sul;Colisão Traseira;2;2;;;;;1
07/12/2012;09:15:00;218;com vítima;660,1;BR-381/MG;Norte;Colisão Traseira;1;4;1;;;;1
07/12/2012;04:57:00;84;sem vítima;731,5;BR-381/MG;Norte;Outros - Sequência;1;2;;;;;1
07/12/2012;01:36:00;38;com vítima;749,1;BR-381/MG;Norte;Colisão Traseira;2;1;1;;;1;3
07/12/2012;06:53:00;120;sem vítima;865,05;BR-381/MG;Sul;Colisão Traseira;1;2;;;;;1
07/12/2012;18:21:00;570;sem vítima;886;BR-381/MG;Norte;Colisão Traseira;1;2;;;;;1
07/12/2012;08:50:00;196;sem vítima;925;BR-381/MG;Sul;Choque - Defensa, barreira ou "submarino";1;1;;;;;1
08/12/2012;01:24:00;28;com vítima;28;BR-381/SP;Norte;Choque - Defensa, barreira ou "submarino";1;0;;1;;;2
08/12/2012;06:58:00;127;com vítima;33;BR-381/SP;Sul;Colisão Lateral;1;1;1;;;;1
08/12/2012;07:20:00;139;sem vítima;484,2;BR-381/MG;Sul;Colisão Traseira;1;2;;;;;1
08/12/2012;11:10:00;286;sem vítima;634,5;BR-381/MG;Norte;Saida de Pista;1;1;;;;;1
08/12/2012;00:10:00;8;sem vítima;649,9;BR-381/MG;Sul;Choque - Defensa, barreira ou "submarino";1;1;;;;;1
09/12/2012;10:23:00;155;sem vítima;89;BR-381/SP;Norte;Colisão Traseira;1;2;;;;;1
09/12/2012;21:25:00;484;com vítima;496,9;BR-381/MG;Sul;Outros - Sequência;2;0;2;;2;2;3
09/12/2012;13:26:00;227;com vítima;619;BR-381/MG;Norte;Colisão Traseira;1;1;2;;;;1
09/12/2012;17:00:00;313;com vítima;704,8;BR-381/MG;Sul;Tombamento;1;0;;1;;;2
09/12/2012;04:43:00;49;sem vítima;816,8;BR-381/MG;Norte;Tombamento;1;2;;;;;1
09/12/2012;08:35:00;113;sem vítima;864;BR-381/MG;Norte;Colisão Lateral;1;2;;;;;1
10/12/2012;22:21:00;645;sem vítima;28,9;BR-381/SP;Sul;Colisão Lateral;1;2;;;;;1
10/12/2012;17:52:00;514;sem vítima;82,8;BR-381/SP;Norte;Outros;2;2;;;;;1
10/12/2012;08:08:00;154;sem vítima;487,5;BR-381/MG;Norte;Colisão Lateral;1;2;;;;;1
10/12/2012;11:14:00;302;sem vítima;489,8;BR-381/MG;Sul;Colisão Traseira;2;2;;;;;1
10/12/2012;14:16:00;390;sem vítima;497,5;BR-381/MG;Norte;Colisão Lateral;1;2;;;;;1
10/12/2012;07:28:00;125;com vítima;721;BR-381/MG;Norte;Tombamento;1;0;1;;;;1
10/12/2012;00:01:00;4;com vítima;727;BR-381/MG;Sul;Outros - Sequência;1;0;1;;;;1
10/12/2012;23:04:00;661;com vítima;754,3;BR-381/MG;Sul;Colisão Traseira;3;2;;1;;;2
10/12/2012;00:11:00;7;sem vítima;820,1;BR-381/MG;Sul;Colisão Traseira;2;2;;;;;1
11/12/2012;11:44:00;309;sem vítima;478,7;BR-381/MG;Sul;Colisão Lateral;2;2;;;;;1
11/12/2012;08:16:00;176;sem vítima;494;BR-381/MG;Norte;Colisão Lateral;1;2;;;;;1
11/12/2012;10:33:00;272;com vítima;496,8;BR-381/MG;Sul;Outros - Sequência;1;2;2;;;;1
11/12/2012;10:59:00;286;com vítima;516,6;BR-381/MG;Norte;Colisão Lateral;1;2;1;;;;1
11/12/2012;14:01:00;367;sem vítima;601;BR-381/MG;Sul;Colisão Traseira;2;2;;;;;1
11/12/2012;18:41:00;542;sem vítima;681,5;BR-381/MG;Sul;Colisão Lateral;1;2;;;;;1
11/12/2012;17:14:00;488;sem vítima;845;BR-381/MG;Norte;Colisão Lateral;1;2;;;;;1
11/12/2012;01:03:00;26;sem vítima;872;BR-381/MG;Norte;Colisão Traseira;2;2;;;;;1
11/12/2012;05:52:00;102;sem vítima;926,7;BR-381/MG;Norte;Colisão Traseira;1;2;;;;;1
12/12/2012;09:48:00;248;sem vítima;90;BR-381/SP;Sul;Colisão Lateral;1;2;;;;;1
12/12/2012;11:38:00;320;sem vítima;495;BR-381/MG;Sul;Colisão Traseira;1;2;;;;;1
12/12/2012;09:01:00;228;sem vítima;501,4;BR-381/MG;Sul;Colisão Lateral;1;2;;;;;1
12/12/2012;13:37:00;390;sem vítima;591,1;BR-381/MG;Norte;Outros - Sequência;1;2;;;;;1
12/12/2012;03:03:00;70;sem vítima;601,3;BR-381/MG;Norte;Tombamento;1;2;;;;;1
12/12/2012;17:57:00;550;sem vítima;776,5;BR-381/MG;Norte;Colisão Traseira;2;2;;;;;1
12/12/2012;16:40:00;507;sem vítima;778,5;BR-381/MG;Sul;Tombamento;1;1;;;;;1
12/12/2012;19:04:00;590;sem vítima;782;BR-381/MG;Norte;Choque - Elemento de Drenagem;1;1;;;;;1
12/12/2012;22:44:00;687;sem vítima;825;BR-381/MG;Norte;Colisão Traseira;2;2;;;;;1
12/12/2012;19:39:00;607;sem vítima;889;BR-381/MG;Sul;Outros - Sequência;1;2;;;;;1
12/12/2012;14:35:00;421;sem vítima;925,2;BR-381/MG;Sul;Outros;1;2;;;;;1
13/12/2012;13:08:00;370;sem vítima;594,5;BR-381/MG;Sul;Choque - Defensa, barreira ou "submarino";1;1;;;;;1
13/12/2012;18:52:00;623;com vítima;727;BR-381/MG;Sul;Choque - Defensa, barreira ou "submarino";1;0;;1;;;2
13/12/2012;18:43:00;613;com vítima;809;BR-381/MG;Norte;Outros - Sequência;1;0;1;;;;1
13/12/2012;01:50:00;49;sem vítima;841;BR-381/MG;Sul;Colisão Lateral;1;3;;;;;1
13/12/2012;23:44:00;767;sem vítima;844,1;BR-381/MG;Sul;Saida de Pista;1;1;;;;;1
13/12/2012;09:03:00;210;sem vítima;878;BR-381/MG;Sul;Colisão Traseira;2;2;;;;;1
13/12/2012;06:52:00;133;sem vítima;878,5;BR-381/MG;Sul;Colisão Traseira;2;2;;;;;1
13/12/2012;15:22:00;458;sem vítima;908,1;BR-381/MG;Norte;Colisão Lateral;1;2;;;;;1
13/12/2012;06:21:00;109;com vítima;925,3;BR-381/MG;Sul;Tombamento;1;0;1;;;;1
13/12/2012;14:05:00;408;sem vítima;939;BR-381/MG;Sul;Colisão Lateral;1;2;;;;;1
14/12/2012;01:56:00;31;com vítima;8,8;BR-381/SP;Norte;Outros - Sequência;1;3;;1;;;2
14/12/2012;14:37:00;396;com vítima;35;BR-381/SP;Sul;Outros - Sequência;1;0;2;;;;1
14/12/2012;15:45:00;434;com vítima;57;BR-381/SP;Norte;Choque - Defensa, barreira ou "submarino";1;0;;;1;;2
14/12/2012;18:40:00;554;sem vítima;63,5;BR-381/SP;Norte;Colisão Lateral;1;2;;;;;1
14/12/2012;22:15:00;664;sem vítima;71;BR-381/SP;Norte;Colisão Traseira;1;2;;;;;1
14/12/2012;18:27:00;544;sem vítima;73;BR-381/SP;Sul;Outros;1;1;;;;;1
14/12/2012;14:15:00;381;com vítima;83,9;BR-381/SP;Sul;Tombamento;1;1;1;;;;1
14/12/2012;08:46:00;195;sem vítima;478,4;BR-381/MG;Norte;Colisão Traseira;1;2;;;;;1
14/12/2012;19:33:00;580;sem vítima;487;BR-381/MG;Sul;Colisão Lateral;1;2;;;;;1
14/12/2012;20:06:00;595;sem vítima;487;BR-381/MG;Sul;Colisão Lateral;1;2;;;;;1
14/12/2012;11:51:00;311;sem vítima;491,5;BR-381/MG;Norte;Colisão Lateral;1;2;;;;;1
14/12/2012;18:36:00;551;com vítima;496;BR-381/MG;Norte;Tombamento;1;0;;1;;;2
14/12/2012;18:19:00;538;sem vítima;506,5;BR-381/MG;Sul;Outros - Sequência;1;3;;;;;1
14/12/2012;20:28:00;605;com vítima;524,5;BR-381/MG;Sul;Colisão Traseira;2;0;2;;;;1
14/12/2012;15:05:00;408;sem vítima;563,9;BR-381/MG;Sul;Tombamento;1;1;;;;;1
14/12/2012;22:43:00;687;sem vítima;649,2;BR-381/MG;Sul;Outros - Sequência;1;2;;;;;1
14/12/2012;15:46:00;436;sem vítima;761,5;BR-381/MG;Sul;Colisão Lateral;1;5;;;;;1
14/12/2012;14:21:00;384;sem vítima;795,2;BR-381/MG;Sul;Tombamento;1;1;;;;;1
14/12/2012;06:10:00;96;sem vítima;817,8;BR-381/MG;Norte;Outros - Sequência;1;1;;;;;1
14/12/2012;07:01:00;118;sem vítima;903,9;BR-381/MG;Sul;Outros - Sequência;1;2;;;;;1
14/12/2012;10:51:00;279;com vítima;921,4;BR-381/MG;Sul;Tombamento;1;0;1;;;;1
14/12/2012;05:17:00;77;sem vítima;922,3;BR-381/MG;Norte;Colisão Traseira;2;3;;;;;1
14/12/2012;16:55:00;480;sem vítima;924;BR-381/MG;Sul;Outros;1;1;;;;;1
14/12/2012;15:17:00;415;sem vítima;932,3;BR-381/MG;Norte;Outros;1;2;;;;;1
14/12/2012;15:15:00;413;sem vítima;932,7;BR-381/MG;Sul;Outros;1;2;;;;;1
15/12/2012;17:29:00;514;sem vítima;58;BR-381/SP;Sul;Colisão Traseira;1;2;;;;;1
15/12/2012;07:02:00;132;sem vítima;86;BR-381/SP;Sul;Colisão Lateral;1;2;;;;;1
15/12/2012;08:18:00;183;sem vítima;496,3;BR-381/MG;Norte;Colisão Lateral;1;2;;;;;1
15/12/2012;15:54:00;451;sem vítima;638;BR-381/MG;Norte;Tombamento;1;1;;;;;1
15/12/2012;12:39:00;344;sem vítima;688;BR-381/MG;Norte;Outros - Sequência;1;1;;;;;1
15/12/2012;02:29:00;53;sem vítima;705,5;BR-381/MG;Norte;Outros - Sequência;1;3;;;;;1
15/12/2012;09:26:00;225;sem vítima;722;BR-381/MG;Norte;Colisão Lateral;1;2;;;;;1
15/12/2012;02:55:00;58;sem vítima;836;BR-381/MG;Sul;Colisão Traseira;2;3;;;;;1
15/12/2012;06:39:00;114;sem vítima;854,5;BR-381/MG;Norte;Outros - Sequência;2;2;;;;;1
16/12/2012;23:17:00;583;sem vítima;479,85;BR-381/MG;Sul;Colisão Traseira;1;2;;;;;1
16/12/2012;17:49:00;428;sem vítima;484;BR-381/MG;Norte;Colisão Traseira;1;2;;;;;1
16/12/2012;09:43:00;183;com vítima;495;BR-381/MG;Sul;Queda de Moto;1;1;1;;;;1
16/12/2012;04:33:00;62;com vítima;524,5;BR-381/MG;Sul;Colisão Traseira;1;9;3;1;;;2
16/12/2012;14:28:00;297;com vítima;678;BR-381/MG;Sul;Colisão Traseira;2;1;;;;1;3
16/12/2012;11:12:00;217;sem vítima;921;BR-381/MG;Sul;Outros - Sequência;1;2;;;;;1
17/12/2012;08:01:00;147;sem vítima;0;BR-381/SP;Sul;Choque - Defensa, barreira ou "submarino";1;1;;;;;1
17/12/2012;09:20:00;197;sem vítima;0,7;BR-381/SP;Norte;Choque - Elemento de Drenagem;1;1;;;;;1
17/12/2012;23:54:00;642;sem vítima;3,5;BR-381/SP;Norte;Colisão Traseira;2;2;;;;;1
17/12/2012;22:53:00;611;sem vítima;90;BR-381/SP;Norte;Colisão Traseira;2;2;;;;;1
17/12/2012;14:42:00;347;sem vítima;492;BR-381/MG;Sul;Colisão Lateral;1;2;;;;;1
17/12/2012;11:12:00;258;sem vítima;501;BR-381/MG;Norte;Colisão Lateral;2;2;;;;;1
17/12/2012;08:06:00;143;sem vítima;638,5;BR-381/MG;Sul;Saida de Pista;1;1;;;;;1
17/12/2012;20:28:00;553;com vítima;678;BR-381/MG;Sul;Colisão Traseira;2;1;;;;1;3
17/12/2012;14:34:00;345;sem vítima;721,5;BR-381/MG;Sul;Choque - Talude;1;1;;;;;1
17/12/2012;03:22:00;57;sem vítima;741,7;BR-381/MG;Norte;Outros - Sequência;2;2;;;;;1
17/12/2012;13:02:00;302;sem vítima;802;BR-381/MG;Norte;Colisão Traseira;1;2;;;;;1
17/12/2012;14:25:00;341;sem vítima;825;BR-381/MG;Norte;Tombamento;1;1;;;;;1
17/12/2012;07:12:00;105;sem vítima;845;BR-381/MG;Sul;Saida de Pista;1;1;;;;;1
17/12/2012;07:44:00;126;sem vítima;854,3;BR-381/MG;Sul;Colisão Traseira;1;2;;;;;1
17/12/2012;07:43:00;125;sem vítima;949,5;BR-381/MG;Sul;Colisão Traseira;1;2;;;;;1
18/12/2012;07:38:00;139;sem vítima;34;BR-381/SP;Sul;Colisão Lateral;1;2;;;;;1
18/12/2012;23:49:00;732;sem vítima;35,7;BR-381/SP;Norte;Colisão Traseira;2;2;;;;;1
18/12/2012;16:30:00;494;sem vítima;77,5;BR-381/SP;Norte;Colisão Lateral;2;2;;;;;1
18/12/2012;07:46:00;146;sem vítima;89;BR-381/SP;Norte;Colisão Lateral;1;2;;;;;1
18/12/2012;20:01:00;632;sem vítima;478,8;BR-381/MG;Norte;Colisão Traseira;1;2;;;;;1
18/12/2012;08:15:00;163;com vítima;516;BR-381/MG;Sul;Colisão Lateral;1;0;2;;;;1
18/12/2012;19:45:00;622;com vítima;524,5;BR-381/MG;Sul;Choque - Talude;1;0;1;;;;1
18/12/2012;06:18:00;80;com vítima;623,3;BR-381/MG;Sul;Tombamento;1;0;2;;;;1
18/12/2012;16:08:00;472;sem vítima;809;BR-381/MG;Sul;Choque - Elemento de Drenagem;1;1;;;;;1
18/12/2012;16:21:00;487;com vítima;899;BR-381/MG;Norte;Outros;2;1;;;1;;2
18/12/2012;17:26:00;531;sem vítima;921;BR-381/MG;Norte;Colisão Lateral;2;2;;;;;1
19/12/2012;02:53:00;57;sem vítima;40,8;BR-381/SP;Sul;Colisão Traseira;1;2;;;;;1
19/12/2012;03:19:00;65;sem vítima;40,8;BR-381/SP;Sul;Colisão Traseira;1;4;;;;;1
19/12/2012;07:30:00;143;com vítima;55;BR-381/SP;Norte;Choque - Defensa, barreira ou "submarino";1;0;1;;;;1
19/12/2012;17:46:00;501;sem vítima;69,9;BR-381/SP;Norte;Choque - Defensa, barreira ou "submarino";1;1;;;;;1
19/12/2012;16:48:00;466;sem vítima;71;BR-381/SP;Norte;Outros - Sequência;1;1;;;;;1
19/12/2012;15:45:00;426;com vítima;89,1;BR-381/SP;Sul;Colisão Traseira;1;2;1;;;;1
19/12/2012;09:19:00;214;com vítima;480;BR-381/MG;Norte;Engavetamento;1;3;2;;;;1
19/12/2012;08:49:00;195;sem vítima;482;BR-381/MG;Norte;Colisão Traseira;1;2;;;;;1
19/12/2012;18:12:00;516;com vítima;484,5;BR-381/MG;Sul;Colisão Traseira;1;1;1;;;;1
19/12/2012;13:19:00;354;sem vítima;490;BR-381/MG;Sul;Colisão Traseira;2;2;;;;;1
19/12/2012;11:13:00;288;sem vítima;493,8;BR-381/MG;Sul;Colisão Traseira;2;3;;;;;1
19/12/2012;20:44:00;592;sem vítima;496,7;BR-381/MG;Sul;Engavetamento;2;3;;;;;1
19/12/2012;17:06:00;474;sem vítima;502,5;BR-381/MG;Sul;Colisão Traseira;2;2;;;;;1
19/12/2012;16:15:00;442;sem vítima;518,5;BR-381/MG;Sul;Engavetamento;1;3;;;;;1
19/12/2012;08:18:00;175;com vítima;721,9;BR-381/MG;Norte;Tombamento;1;0;1;;;;1
20/12/2012;01:09:00;28;sem vítima;36,6;BR-381/SP;Norte;Colisão Traseira;1;2;;;;;1
20/12/2012;23:55:00;851;sem vítima;53,5;BR-381/SP;Sul;Colisão Traseira;2;2;;;;;1
20/12/2012;17:00:00;589;sem vítima;66,8;BR-381/SP;Norte;Colisão Traseira;3;3;;;;;1
20/12/2012;07:17:00;152;sem vítima;478;BR-381/MG;Norte;Colisão Lateral;1;2;;;;;1
20/12/2012;11:56:00;368;sem vítima;479;BR-381/MG;Sul;Colisão Traseira;1;2;;;;;1
20/12/2012;18:22:00;646;sem vítima;480,8;BR-381/MG;Norte;Colisão Lateral;1;2;;;;;1
20/12/2012;19:22:00;692;sem vítima;487;BR-381/MG;Sul;Colisão Lateral;1;2;;;;;1
20/12/2012;13:57:00;444;sem vítima;500;BR-381/MG;Sul;Colisão Traseira;2;2;;;;;1
20/12/2012;09:48:00;276;sem vítima;506;BR-381/MG;Sul;Engavetamento;1;4;;;;;1
20/12/2012;18:58:00;673;sem vítima;557,8;BR-381/MG;Sul;Colisão Traseira;2;2;;;;;1
20/12/2012;16:18:00;559;com vítima;654;BR-381/MG;Norte;Tombamento;1;0;1;;;;1
20/12/2012;08:09:00;198;sem vítima;721;BR-381/MG;Sul;Colisão Transversal;1;3;;;;;1
20/12/2012;08:15:00;204;sem vítima;721;BR-381/MG;Sul;Colisão Transversal;1;2;;;;;1
20/12/2012;14:10:00;450;sem vítima;724,1;BR-381/MG;Sul;Choque - Elemento de Drenagem;1;1;;;;;1
20/12/2012;23:54:00;848;sem vítima;734,8;BR-381/MG;Sul;Choque - Defensa, barreira ou "submarino";1;1;;;;;1
20/12/2012;03:34:00;79;sem vítima;779,5;BR-381/MG;Sul;Saida de Pista;1;2;;;;;1
20/12/2012;05:38:00;100;com vítima;793;BR-381/MG;Sul;Outros - Sequência;1;0;;;;1;3
20/12/2012;06:58:00;141;com vítima;844;BR-381/MG;Sul;Colisão Lateral;1;1;2;;1;1;3
20/12/2012;05:24:00;97;sem vítima;871,8;BR-381/MG;Norte;Choque - Suporte de Sinalização;1;3;;;;;1
20/12/2012;17:02:00;594;sem vítima;886;BR-381/MG;Norte;Colisão Lateral;1;2;;;;;1
21/12/2012;07:11:00;138;sem vítima;9;BR-381/SP;Norte;Colisão Traseira;1;2;;;;;1
21/12/2012;23:53:00;851;com vítima;38;BR-381/SP;Norte;Outros - Sequência;1;2;1;;;;1
21/12/2012;10:25:00;270;sem vítima;63;BR-381/SP;Sul;Saida de Pista;1;1;;;;;1
21/12/2012;18:09:00;602;sem vítima;484;BR-381/MG;Norte;Colisão Lateral;1;2;;;;;1
21/12/2012;09:17:00;216;sem vítima;486;BR-381/MG;Sul;Colisão Lateral;1;2;;;;;1
21/12/2012;19:41:00;678;sem vítima;488,8;BR-381/MG;Norte;Engavetamento;1;3;;;;;1
21/12/2012;09:44:00;232;sem vítima;494;BR-381/MG;Sul;Choque - Defensa, barreira ou "submarino";1;1;;;;;1
21/12/2012;08:54:00;202;com vítima;495;BR-381/MG;Sul;Colisão Lateral;1;1;1;;;;1
21/12/2012;13:03:00;377;sem vítima;495,3;BR-381/MG;Sul;Colisão Traseira;1;2;;;;;1
21/12/2012;16:21:00;512;sem vítima;495,6;BR-381/MG;Sul;Colisão Lateral;1;2;;;;;1
21/12/2012;05:38:00;97;com vítima;519;BR-381/MG;Norte;Tombamento;1;0;2;;1;;2
21/12/2012;07:32:00;154;com vítima;529,35;BR-381/MG;Norte;Tombamento;1;0;1;;;;1
21/12/2012;04:14:00;77;com vítima;540,1;BR-381/MG;Sul;Colisão Traseira;1;7;1;1;;;2
21/12/2012;16:34:00;518;sem vítima;602,5;BR-381/MG;Norte;Choque - Elemento de Drenagem;1;1;;;;;1
21/12/2012;16:01:00;493;sem vítima;688,7;BR-381/MG;Sul;Engavetamento;3;3;;;;;1
21/12/2012;12:10:00;336;sem vítima;758;BR-381/MG;Norte;Tombamento;1;1;;;;;1
21/12/2012;15:21:00;460;sem vítima;768;BR-381/MG;Norte;Choque - Elemento de Drenagem;1;1;;;;;1
21/12/2012;00:46:00;20;sem vítima;907,5;BR-381/MG;Sul;Colisão Traseira;2;2;;;;;1
21/12/2012;03:13:00;62;sem vítima;937,3;BR-381/MG;Norte;Choque - Talude;1;1;;;;;1
22/12/2012;14:17:00;611;sem vítima;7,5;BR-381/SP;Sul;Outros;1;2;;;;;1
22/12/2012;14:20:00;614;sem vítima;53;BR-381/SP;Norte;Outros;1;1;;;;;1
22/12/2012;05:47:00;132;com vítima;494;BR-381/MG;Norte;Colisão Traseira;1;5;1;;;;1
22/12/2012;18:56:00;856;sem vítima;504;BR-381/MG;Norte;Colisão Traseira;1;2;;;;;1
22/12/2012;16:00:00;704;sem vítima;508;BR-381/MG;Norte;Colisão Traseira;2;2;;;;;1
22/12/2012;10:29:00;395;com vítima;525;BR-381/MG;Sul;Tombamento;1;0;;1;;2;3
22/12/2012;05:52:00;136;sem vítima;543,5;BR-381/MG;Norte;Colisão Traseira;1;2;;;;;1
22/12/2012;00:55:00;26;sem vítima;580;BR-381/MG;Sul;Outros - Sequência;2;2;;;;;1
22/12/2012;11:51:00;477;sem vítima;664;BR-381/MG;Norte;Engavetamento;1;13;;;;;1
22/12/2012;16:12:00;718;sem vítima;741,5;BR-381/MG;Norte;Colisão Traseira;2;2;;;;;1
22/12/2012;12:14:00;492;sem vítima;745,1;BR-381/MG;Norte;Engavetamento;1;4;;;;;1
22/12/2012;08:07:00;253;sem vítima;906;BR-381/MG;Norte;Choque - Elemento de Drenagem;1;1;;;;;1
22/12/2012;19:30:00;884;sem vítima;920;BR-381/MG;Sul;Tombamento;1;1;;;;;1
23/12/2012;09:07:00;227;com vítima;53;BR-381/SP;Sul;Atropelamento - Sem Informação;1;1;;;1;;2
23/12/2012;15:35:00;489;sem vítima;79;BR-381/SP;Norte;Outros;1;1;;;;;1
23/12/2012;18:56:00;594;sem vítima;512;BR-381/MG;Norte;Colisão Lateral;1;2;;;;;1
23/12/2012;15:14:00;478;com vítima;633,5;BR-381/MG;Sul;Capotamento;1;0;2;;;;1
23/12/2012;14:20:00;439;com vítima;670;BR-381/MG;Norte;Colisão Traseira;1;0;3;;;;1
23/12/2012;02:42:00;61;com vítima;865;BR-381/MG;Sul;Colisão Traseira;2;1;1;;;;1
23/12/2012;22:00:00;681;sem vítima;896;BR-381/MG;Sul;Outros - Sequência;1;3;;;;;1
24/12/2012;15:34:00;315;com vítima;557,7;BR-381/MG;Sul;Colisão Traseira;2;3;1;;;;1
25/12/2012;13:08:00;189;sem vítima;487,5;BR-381/MG;Sul;Colisão Lateral;1;2;;;;;1
25/12/2012;03:56:00;26;sem vítima;702,9;BR-381/MG;Sul;Tombamento;1;1;;;;;1
25/12/2012;16:23:00;298;com vítima;925;BR-381/MG;Sul;Tombamento;1;0;1;;;;1
26/12/2012;02:11:00;37;com vítima;49;BR-381/SP;Sul;Outros - Sequência;1;1;1;;;;1
26/12/2012;11:21:00;251;sem vítima;69;BR-381/SP;Norte;Choque - Defensa, barreira ou "submarino";1;1;;;;;1
26/12/2012;08:32:00;131;sem vítima;482,7;BR-381/MG;Norte;Colisão Traseira;1;2;;;;;1
26/12/2012;17:15:00;464;sem vítima;483;BR-381/MG;Sul;Engavetamento;1;4;;;;;1
26/12/2012;10:20:00;204;sem vítima;517;BR-381/MG;Norte;Colisão Traseira;2;2;;;;;1
26/12/2012;14:39:00;339;sem vítima;732,2;BR-381/MG;Sul;Choque - Defensa, barreira ou "submarino";1;1;;;;;1
26/12/2012;03:46:00;47;sem vítima;925,5;BR-381/MG;Sul;Choque - Defensa, barreira ou "submarino";1;1;;;;;1
27/12/2012;05:04:00;89;com vítima;82;BR-381/SP;Sul;Colisão Traseira;1;3;1;;;;1
27/12/2012;00:46:00;26;com vítima;514;BR-381/MG;Sul;Colisão Traseira;2;1;1;;;;1
27/12/2012;13:53:00;383;sem vítima;534;BR-381/MG;Sul;Colisão Lateral;1;2;;;;;1
27/12/2012;09:53:00;240;sem vítima;576,5;BR-381/MG;Norte;Colisão Lateral;2;2;;;;;1
27/12/2012;03:50:00;67;sem vítima;589;BR-381/MG;Norte;Atropelamento de Animal;1;1;;;;;1
27/12/2012;06:27:00;109;sem vítima;597;BR-381/MG;Sul;Colisão Traseira;1;6;;;;;1
27/12/2012;09:10:00;210;sem vítima;597,67;BR-381/MG;Norte;Colisão Traseira;1;2;;;;;1
27/12/2012;16:59:00;488;sem vítima;631,6;BR-381/MG;Sul;Choque - Talude;1;1;;;;;1
27/12/2012;15:13:00;438;com vítima;650,5;BR-381/MG;Sul;Atropelamento - Morador;1;1;;;;1;3
27/12/2012;10:58:00;286;sem vítima;692,6;BR-381/MG;Norte;Tombamento;1;1;;;;;1
28/12/2012;10:24:00;238;sem vítima;481;BR-381/MG;Sul;Colisão Traseira;1;2;;;;;1
28/12/2012;12:10:00;294;sem vítima;488,7;BR-381/MG;Norte;Tombamento;1;1;;;;;1
28/12/2012;10:36:00;241;sem vítima;492;BR-381/MG;Sul;Colisão Traseira;1;2;;;;;1
28/12/2012;17:11:00;473;sem vítima;524;BR-381/MG;Sul;Colisão Traseira;1;2;;;;;1
28/12/2012;19:33:00;558;sem vítima;524;BR-381/MG;Sul;Outros;1;1;;;;;1
28/12/2012;18:51:00;541;sem vítima;541,9;BR-381/MG;Norte;Colisão Traseira;1;2;;;;;1
28/12/2012;19:57:00;568;sem vítima;541,95;BR-381/MG;Norte;Colisão Traseira;2;2;;;;;1
28/12/2012;13:59:00;353;com vítima;705,5;BR-381/MG;Sul;Choque - Defensa, barreira ou "submarino";1;0;1;;;;1
28/12/2012;15:23:00;399;sem vítima;810;BR-381/MG;Norte;Tombamento;1;1;;;;;1
29/12/2012;14:04:00;348;sem vítima;0,7;BR-381/SP;Sul;Choque - Talude;1;1;;;;;1
29/12/2012;10:06:00;205;sem vítima;484,9;BR-381/MG;Sul;Colisão Lateral;1;2;;;;;1
29/12/2012;16:55:00;445;sem vítima;517,3;BR-381/MG;Sul;Colisão Traseira;2;2;;;;;1
29/12/2012;13:32:00;332;com vítima;528;BR-381/MG;Norte;Outros - Sequência;1;1;1;;;;1
29/12/2012;15:02:00;375;sem vítima;805;BR-381/MG;Norte;Outros - Sequência;1;1;;;;;1
29/12/2012;17:27:00;479;sem vítima;888;BR-381/MG;Norte;Engavetamento;1;4;;;;;1
30/12/2012;18:27:00;440;com vítima;26;BR-381/SP;Sul;Colisão Traseira;1;3;1;;;;1
30/12/2012;14:29:00;308;sem vítima;533,6;BR-381/MG;Norte;Choque - Defensa, barreira ou "submarino";1;1;;;;;1
01/01/2013;17:24:00;363;sem vítima;580;BR-381/MG;Sul;Colisão Traseira;1;2;;;;;1
01/01/2013;20:07:00;492;com vítima;774;BR-381/MG;Sul;Outros - Sequência;1;1;2;;;;1
02/01/2013;15:14:00;358;sem vítima;53,5;BR-381/SP;Sul;Colisão Traseira;1;2;;;;;1
02/01/2013;07:13:00;85;com vítima;483;BR-381/MG;Sul;Choque - Defensa, barreira ou "submarino";1;1;;;1;;2
02/01/2013;17:35:00;451;sem vítima;566,5;BR-381/MG;Norte;Choque - Defensa, barreira ou "submarino";1;1;;;;;1
02/01/2013;17:04:00;426;sem vítima;615;BR-381/MG;Sul;Colisão Traseira;1;2;;;;;1
02/01/2013;16:59:00;422;sem vítima;697,3;BR-381/MG;Sul;Outros - Sequência;1;2;;;;;1
02/01/2013;12:32:00;266;sem vítima;920,5;BR-381/MG;Sul;Choque - Talude;1;1;;;;;1
02/01/2013;07:42:00;99;com vítima;925;BR-381/MG;Sul;Tombamento;1;0;1;;;;1
02/01/2013;12:53:00;278;sem vítima;936;BR-381/MG;Sul;Colisão Lateral;1;2;;;;;1