data;horario;n_da_ocorrencia;tipo_de_ocorrencia;km;trecho;sentido;tipo_de_acidente;caminhao;ilesos;levemente_feridos;moderadamente_feridos;gravemente_feridos;mortos;3
03/01/2013;22:26:00;567;sem vítima;66,6;BR-381/SP;Sul;Colisão Traseira;1;2;;;;;1
03/01/2013;15:09:00;351;sem vítima;482,2;BR-381/MG;Sul;Colisão Lateral;1;2;;;;;1
03/01/2013;12:19:00;259;sem vítima;505,6;BR-381/MG;Norte;Colisão Lateral;1;2;;;;;1
03/01/2013;15:48:00;370;com vítima;522,5;BR-381/MG;Norte;Colisão Lateral;1;1;2;;;;1
03/01/2013;18:13:00;456;sem vítima;896,4;BR-381/MG;Sul;Colisão Lateral;1;2;;;;;1
04/01/2013;11:45:00;290;sem vítima;65,3;BR-381/SP;Sul;Colisão Lateral;1;2;;;;;1
04/01/2013;18:23:00;485;sem vítima;525,9;BR-381/MG;Sul;Outros - Sequência;2;2;;;;;1
04/01/2013;04:07:00;70;sem vítima;557,5;BR-381/MG;Norte;Colisão Lateral;2;2;;;;;1
04/01/2013;00:59:00;27;com vítima;597,7;BR-381/MG;Norte;Colisão Traseira;1;0;2;2;1;1;3
04/01/2013;06:42:00;107;sem vítima;837;BR-381/MG;Sul;Saida de Pista;1;1;;;;;1
05/01/2013;10:14:00;268;sem vítima;487,2;BR-381/MG;Sul;Colisão Lateral;1;2;;;;;1
05/01/2013;10:18:00;234;sem vítima;525;BR-381/MG;Norte;Colisão Lateral;1;2;;;;;1
05/01/2013;11:14:00;277;sem vítima;723;BR-381/MG;Norte;Saida de Pista;1;1;;;;;1
05/01/2013;09:27:00;198;sem vítima;934,3;BR-381/MG;Norte;Tombamento;1;1;;;;;1
06/01/2013;15:53:00;335;sem vítima;60,4;BR-381/SP;Sul;Tombamento;1;1;;;;;1
06/01/2013;18:28:00;444;sem vítima;61;BR-381/SP;Norte;Tombamento;1;1;;;;;1
06/01/2013;17:25:00;398;sem vítima;484,6;BR-381/MG;Sul;Outros - Sequência;1;4;;;;;1
06/01/2013;14:06:00;260;sem vítima;490,4;BR-381/MG;Sul;Outros - Sequência;1;2;;;;;1
06/01/2013;05:44:00;61;com vítima;616,8;BR-381/MG;Sul;Outros - Sequência;2;1;2;;;;1
06/01/2013;08:30:00;123;com vítima;719;BR-381/MG;Norte;Colisão Lateral;1;1;1;;;;1
06/01/2013;08:17:00;118;sem vítima;735;BR-381/MG;Sul;Choque - Defensa, barreira ou "submarino";1;1;;;;;1
06/01/2013;18:01:00;426;sem vítima;768;BR-381/MG;Sul;Colisão Lateral;1;2;;;;;1
06/01/2013;14:47:00;283;com vítima;876;BR-381/MG;Norte;Choque - Elemento de Drenagem;1;1;1;;;;1
06/01/2013;18:17:00;437;sem vítima;946,4;BR-381/MG;Norte;Choque - Defensa, barreira ou "submarino";1;1;;;;;1
07/01/2013;10:28:00;250;com vítima;22,5;BR-381/SP;Norte;Colisão Traseira;1;1;1;;;;1
07/01/2013;03:25:00;64;sem vítima;62,2;BR-381/SP;Sul;Colisão Traseira;2;2;;;;;1
07/01/2013;16:12:00;418;sem vítima;489;BR-381/MG;Sul;Choque - Defensa, barreira ou "submarino";1;1;;;;;1
07/01/2013;08:11:00;149;sem vítima;490,5;BR-381/MG;Norte;Colisão Lateral;1;2;;;;;1
07/01/2013;07:48:00;137;sem vítima;658,2;BR-381/MG;Sul;Outros - Sequência;2;3;;;;;1
08/01/2013;00:27:00;11;sem vítima;6,9;BR-381/SP;Sul;Tombamento;1;1;;;;;1
08/01/2013;18:54:00;489;com vítima;10,8;BR-381/SP;Sul;Outros - Sequência;1;8;;;;1;3
08/01/2013;09:31:00;177;sem vítima;505,6;BR-381/MG;Sul;Tombamento;1;2;;;;;1
08/01/2013;15:41:00;387;sem vítima;516,8;BR-381/MG;Norte;Choque - Elemento de Drenagem;1;1;;;;;1
08/01/2013;11:32:00;256;sem vítima;597;BR-381/MG;Norte;Choque - Outros;1;1;;;;;1
08/01/2013;20:25:00;532;sem vítima;707;BR-381/MG;Sul;Outros;1;1;;;;;1
08/01/2013;19:50:00;518;com vítima;726,8;BR-381/MG;Norte;Colisão Traseira;1;2;1;;;;1
08/01/2013;01:45:00;26;sem vítima;767;BR-381/MG;Norte;Saida de Pista;1;1;;;;;1
09/01/2013;15:32:00;378;sem vítima;484;BR-381/MG;Norte;Colisão Lateral;1;2;;;;;1
09/01/2013;14:23:00;333;sem vítima;502,8;BR-381/MG;Norte;Tombamento;1;1;;;;;1
09/01/2013;06:19:00;79;sem vítima;693;BR-381/MG;Sul;Saida de Pista;1;6;;;;;1
09/01/2013;00:41:00;17;sem vítima;926;BR-381/MG;Sul;Colisão Traseira;2;2;;;;;1
10/01/2013;05:37:00;86;sem vítima;58,5;BR-381/SP;Sul;Colisão Traseira;1;2;;;;;1
10/01/2013;08:42:00;176;sem vítima;69,9;BR-381/SP;Norte;Outros;1;1;;;;;1
10/01/2013;13:36:00;332;sem vítima;89,5;BR-381/SP;Norte;Colisão Lateral;2;2;;;;;1
10/01/2013;15:03:00;384;com vítima;486,4;BR-381/MG;Sul;Colisão Traseira;1;1;1;;;;1
10/01/2013;16:25:00;450;sem vítima;486,8;BR-381/MG;Sul;Colisão Lateral;1;2;;;;;1
10/01/2013;17:05:00;463;sem vítima;490;BR-381/MG;Sul;Colisão Lateral;1;2;;;;;1
10/01/2013;12:57:00;310;sem vítima;516;BR-381/MG;Norte;Outros - Sequência;1;1;;;;;1
10/01/2013;22:33:00;631;sem vítima;525,1;BR-381/MG;Sul;Choque - Defensa, barreira ou "submarino";1;1;;;;;1
10/01/2013;14:21:00;357;com vítima;739,1;BR-381/MG;Norte;Outros - Sequência;1;3;1;;;;1
10/01/2013;16:50:00;459;sem vítima;746;BR-381/MG;Sul;Saida de Pista;1;2;;;;;1
10/01/2013;00:58:00;19;sem vítima;794;BR-381/MG;Sul;Outros - Sequência;1;1;;;;;1
10/01/2013;17:12:00;470;sem vítima;838;BR-381/MG;Sul;Colisão Traseira;2;2;;;;;1
10/01/2013;05:51:00;92;sem vítima;934,4;BR-381/MG;Norte;Outros;1;1;;;;;1
11/01/2013;15:13:00;439;sem vítima;65,5;BR-381/SP;Norte;Choque - Outros;1;1;;;;;1
11/01/2013;06:47:00;113;com vítima;486,2;BR-381/MG;Sul;Engavetamento;1;2;3;;;;1
11/01/2013;14:06:00;388;sem vítima;488,9;BR-381/MG;Sul;Colisão Traseira;1;2;;;;;1
11/01/2013;05:00:00;86;com vítima;593,8;BR-381/MG;Norte;Outros - Sequência;1;0;1;;;;1
11/01/2013;12:59:00;359;sem vítima;604,5;BR-381/MG;Norte;Choque - Elemento de Drenagem;1;1;;;;;1
11/01/2013;13:48:00;381;com vítima;607,5;BR-381/MG;Norte;Colisão Traseira;1;1;1;2;;;2
11/01/2013;17:11:00;523;com vítima;737,2;BR-381/MG;Sul;Tombamento;1;0;2;;;;1
11/01/2013;03:22:00;65;sem vítima;825,5;BR-381/MG;Sul;Tombamento;1;2;;;;;1
11/01/2013;05:42:00;93;sem vítima;942,6;BR-381/MG;Norte;Colisão Lateral;1;2;;;;;1
12/01/2013;11:34:00;301;com vítima;29,9;BR-381/SP;Norte;Colisão Traseira;1;0;2;;;;1
12/01/2013;18:21:00;511;sem vítima;489,5;BR-381/MG;Sul;Colisão Traseira;1;2;;;;;1
12/01/2013;16:19:00;432;sem vítima;496,7;BR-381/MG;Sul;Outros;1;1;;;;;1
12/01/2013;15:54:00;420;sem vítima;496,95;BR-381/MG;Sul;Outros - Sequência;1;1;;;;;1
12/01/2013;23:18:00;620;sem vítima;509,5;BR-381/MG;Sul;Colisão Traseira;1;2;;;;;1
12/01/2013;17:47:00;488;sem vítima;524;BR-381/MG;Sul;Outros;1;1;;;;;1
12/01/2013;19:08:00;535;com vítima;557;BR-381/MG;Sul;Outros - Sequência;1;0;1;;;;1
12/01/2013;19:15:00;538;sem vítima;557;BR-381/MG;Sul;Choque - Defensa, barreira ou "submarino";1;1;;;;;1
12/01/2013;08:03:00;175;sem vítima;585;BR-381/MG;Norte;Saida de Pista;1;1;;;;;1
12/01/2013;06:01:00;108;com vítima;671,8;BR-381/MG;Norte;Colisão Traseira;1;1;1;;;;1
12/01/2013;23:08:00;616;sem vítima;801;BR-381/MG;Norte;Saida de Pista;1;1;;;;;1
12/01/2013;07:04:00;140;sem vítima;849;BR-381/MG;Norte;Outros;2;2;;;;;1
12/01/2013;17:46:00;487;com vítima;907,3;BR-381/MG;Norte;Tombamento;1;0;1;;;;1
12/01/2013;16:52:00;454;sem vítima;908,4;BR-381/MG;Sul;Colisão Lateral;1;2;;;;;1
12/01/2013;16:30:00;438;sem vítima;923,5;BR-381/MG;Sul;Choque - Defensa, barreira ou "submarino";1;1;;;;;1
13/01/2013;22:55:00;623;sem vítima;2;BR-381/SP;Sul;Tombamento;1;1;;;;;1
13/01/2013;10:28:00;209;com vítima;55;BR-381/SP;Norte;Outros - Sequência;1;1;2;;1;;2
13/01/2013;00:06:00;6;sem vítima;760;BR-381/MG;Norte;Colisão Traseira;1;2;;;;;1
14/01/2013;11:39:00;316;sem vítima;66;BR-381/SP;Norte;;1;2;;;;;1
14/01/2013;15:34:00;464;sem vítima;82,5;BR-381/SP;Norte;Colisão Traseira;2;3;;;;;1
14/01/2013;11:12:00;299;sem vítima;89,5;BR-381/SP;Sul;Colisão Lateral;2;2;;;;;1
14/01/2013;09:26:00;227;sem vítima;90;BR-381/SP;Sul;Colisão Lateral;1;2;;;;;1
14/01/2013;11:30:00;312;sem vítima;478,2;BR-381/MG;Norte;;1;2;;;;;1
14/01/2013;05:34:00;97;com vítima;505,6;BR-381/MG;Norte;Colisão Traseira;1;1;1;;;;1
14/01/2013;16:05:00;487;sem vítima;724,5;BR-381/MG;Sul;Saida de Pista;1;1;;;;;1
14/01/2013;14:13:00;406;sem vítima;724,9;BR-381/MG;Sul;Colisão Lateral;1;2;;;;;1
14/01/2013;09:57:00;248;sem vítima;847,9;BR-381/MG;Sul;Colisão Lateral;1;2;;;;;1
15/01/2013;08:10:00;162;sem vítima;55,1;BR-381/SP;Sul;Colisão Lateral;1;2;;;;;1
15/01/2013;15:57:00;447;sem vítima;68,2;BR-381/SP;Sul;Colisão Lateral;1;2;;;;;1
15/01/2013;21:28:00;662;sem vítima;79;BR-381/SP;Norte;Tombamento;1;1;;;;;1
15/01/2013;14:41:00;395;com vítima;84;BR-381/SP;Norte;Colisão Lateral;1;1;1;;;;1
15/01/2013;09:11:00;194;sem vítima;85;BR-381/SP;Sul;Outros - Sequência;2;3;;;;;1
15/01/2013;08:39:00;179;sem vítima;479;BR-381/MG;Norte;Choque - Defensa, barreira ou "submarino";1;1;;;;;1
15/01/2013;10:41:00;262;sem vítima;524;BR-381/MG;Sul;Outros - Sequência;1;2;;;;;1
15/01/2013;14:18:00;384;sem vítima;546;BR-381/MG;Norte;Choque - Elemento de Drenagem;1;1;;;;;1
15/01/2013;02:05:00;37;sem vítima;554,5;BR-381/MG;Norte;Colisão Traseira;2;3;;;;;1
15/01/2013;12:40:00;328;sem vítima;578,8;BR-381/MG;Sul;Outros - Sequência;1;1;;;;;1
15/01/2013;19:10:00;581;sem vítima;597,7;BR-381/MG;Norte;Colisão Traseira;1;2;;;;;1
15/01/2013;23:58:00;734;sem vítima;680,8;BR-381/MG;Norte;Colisão Lateral;2;2;;;;;1
15/01/2013;17:23:00;513;sem vítima;726,8;BR-381/MG;Norte;Colisão Traseira;1;2;;;;;1
15/01/2013;21:15:00;649;com vítima;787;BR-381/MG;Sul;Outros;1;1;1;;;;1
15/01/2013;07:50:00;143;sem vítima;932,5;BR-381/MG;Norte;Choque - Talude;1;1;;;;;1
16/01/2013;12:20:00;371;com vítima;26,2;BR-381/SP;Norte;Engavetamento;1;6;2;;;;1
16/01/2013;23:26:00;779;com vítima;34,6;BR-381/SP;Sul;Engavetamento;3;2;;;;1;3
16/01/2013;04:35:00;72;com vítima;57;BR-381/SP;Sul;Tombamento;1;1;1;;;;1
16/01/2013;06:11:00;101;sem vítima;682;BR-381/MG;Sul;Outros - Sequência;2;2;;;;;1
17/01/2013;10:42:00;257;sem vítima;71;BR-381/SP;Sul;Colisão Traseira;1;2;;;;;1
17/01/2013;17:00:00;477;com vítima;533,2;BR-381/MG;Sul;Choque - Defensa, barreira ou "submarino";1;0;1;;;;1
17/01/2013;11:16:00;278;sem vítima;557;BR-381/MG;Sul;Colisão Traseira;1;2;;;;;1
17/01/2013;22:31:00;656;sem vítima;563;BR-381/MG;Sul;Colisão Traseira;2;2;;;;;1
17/01/2013;07:13:00;113;com vítima;615,5;BR-381/MG;Norte;Outros - Sequência;1;0;2;;;;1
17/01/2013;11:48:00;296;sem vítima;628;BR-381/MG;Sul;Colisão Traseira;1;5;;;;;1
17/01/2013;02:29:00;39;com vítima;643,5;BR-381/MG;Norte;Outros - Sequência;1;9;1;;;;1
17/01/2013;01:54:00;35;sem vítima;747;BR-381/MG;Norte;Outros - Sequência;1;1;;;;;1
17/01/2013;18:49:00;549;sem vítima;747;BR-381/MG;Sul;Colisão Lateral;1;2;;;;;1
17/01/2013;06:45:00;100;com vítima;915,8;BR-381/MG;Sul;Choque - Arvore;1;0;1;;;;1
17/01/2013;07:11:00;111;com vítima;922;BR-381/MG;Norte;Colisão Traseira;1;3;5;;1;;2
17/01/2013;20:08:00;595;com vítima;940,5;BR-381/MG;Norte;Outros - Sequência;1;0;3;;;;1
18/01/2013;22:58:00;700;sem vítima;37;BR-381/SP;Norte;Colisão Lateral;1;3;;;;;1
18/01/2013;07:20:00;110;sem vítima;58,3;BR-381/SP;Sul;Colisão Lateral;1;2;;;;;1
18/01/2013;07:49:00;128;com vítima;71,4;BR-381/SP;Sul;Colisão Lateral;1;1;1;1;;;2
18/01/2013;22:23:00;681;com vítima;479;BR-381/MG;Sul;Engavetamento;2;0;3;;;;1
18/01/2013;23:16:00;709;sem vítima;479,6;BR-381/MG;Sul;Engavetamento;1;3;;;;;1
18/01/2013;16:13:00;438;com vítima;481;BR-381/MG;Norte;Colisão Traseira;1;1;1;;;;1
18/01/2013;16:20:00;446;sem vítima;495;BR-381/MG;Norte;Colisão Traseira;1;2;;;;;1
18/01/2013;14:28:00;366;sem vítima;527,5;BR-381/MG;Norte;Colisão Traseira;2;2;;;;;1
18/01/2013;00:36:00;20;com vítima;724,3;BR-381/MG;Norte;Tombamento;1;0;2;;;;1
18/01/2013;13:43:00;345;sem vítima;821,3;BR-381/MG;Norte;Outros - Sequência;1;2;;;;;1
18/01/2013;07:16:00;108;com vítima;908,2;BR-381/MG;Norte;Tombamento;1;0;2;;;;1
18/01/2013;08:17:00;149;sem vítima;922;BR-381/MG;Norte;Outros - Sequência;1;2;;;;;1
18/01/2013;03:33:00;56;sem vítima;932;BR-381/MG;Sul;Colisão Traseira;1;2;;;;;1
19/01/2013;17:09:00;483;sem vítima;73;BR-381/SP;Norte;Outros - Sequência;1;1;;;;;1
19/01/2013;07:06:00;119;sem vítima;809,5;BR-381/MG;Norte;Colisão Traseira;1;2;;;;;1
19/01/2013;13:51:00;362;sem vítima;811;BR-381/MG;Norte;Tombamento;1;1;;;;;1
19/01/2013;15:18:00;415;sem vítima;831;BR-381/MG;Norte;Colisão Traseira;1;2;;;;;1
19/01/2013;04:35:00;69;sem vítima;942;BR-381/MG;Sul;Colisão Lateral;2;2;;;;;1
20/01/2013;10:21:00;155;sem vítima;89,7;BR-381/SP;Sul;Colisão Lateral;1;2;;;;;1
20/01/2013;18:19:00;404;sem vítima;504,8;BR-381/MG;Sul;Outros - Sequência;1;4;;;;;1
20/01/2013;17:49:00;381;sem vítima;697,3;BR-381/MG;Sul;Colisão Traseira;2;2;;;;;1
21/01/2013;13:44:00;304;sem vítima;66,2;BR-381/SP;Sul;Tombamento;1;1;;;;;1
21/01/2013;06:25:00;84;sem vítima;483;BR-381/MG;Norte;;2;3;;;;;1
21/01/2013;10:51:00;229;sem vítima;502;BR-381/MG;Sul;Engavetamento;3;3;;;;;1
21/01/2013;18:45:00;486;sem vítima;507;BR-381/MG;Norte;Colisão Lateral;1;2;;;;;1
21/01/2013;06:55:00;96;com vítima;519;BR-381/MG;Sul;Colisão Lateral;1;2;1;;;;1
21/01/2013;03:18:00;52;com vítima;540,1;BR-381/MG;Norte;Tombamento;1;0;;1;;;2
21/01/2013;06:22:00;81;com vítima;557;BR-381/MG;Sul;Atropelamento - Andarilho;1;1;1;;;;1
21/01/2013;06:23:00;82;sem vítima;930,1;BR-381/MG;Sul;Tombamento;1;1;;;;;1
22/01/2013;18:06:00;453;sem vítima;69,2;BR-381/SP;Sul;Colisão Traseira;1;2;;;;;1
22/01/2013;16:47:00;411;com vítima;892;BR-381/MG;Sul;Colisão Traseira;1;2;3;;;;1
22/01/2013;01:34:00;29;com vítima;921;BR-381/MG;Sul;Tombamento;1;0;1;;;;1
23/01/2013;15:19:00;450;sem vítima;15;BR-381/SP;Norte;Choque - Elemento de Drenagem;1;1;;;;;1
23/01/2013;10:04:00;276;sem vítima;38;BR-381/SP;Sul;Outros;1;1;;;;;1
23/01/2013;16:14:00;487;sem vítima;66;BR-381/SP;Sul;Colisão Traseira;1;2;;;;;1
23/01/2013;10:08:00;280;sem vítima;66,6;BR-381/SP;Sul;Colisão Traseira;2;2;;;;;1
23/01/2013;13:43:00;392;sem vítima;482,1;BR-381/MG;Norte;Colisão Traseira;2;2;;;;;1
23/01/2013;17:36:00;536;sem vítima;483,8;BR-381/MG;Sul;Choque - Defensa, barreira ou "submarino";1;1;;;;;1
23/01/2013;15:30:00;457;sem vítima;492;BR-381/MG;Norte;Outros - Sequência;1;3;;;;;1
23/01/2013;02:54:00;58;com vítima;600,5;BR-381/MG;Sul;Colisão Traseira;2;1;1;;;;1
23/01/2013;03:17:00;62;sem vítima;800;BR-381/MG;Sul;Colisão Traseira;1;4;;;;;1
23/01/2013;06:35:00;107;sem vítima;825,3;BR-381/MG;Sul;Outros - Sequência;1;2;;;;;1
23/01/2013;14:07:00;405;sem vítima;873;BR-381/MG;Norte;Choque - Defensa, barreira ou "submarino";1;3;;;;;1
23/01/2013;18:12:00;565;sem vítima;882;BR-381/MG;Sul;Tombamento;1;1;;;;;1
24/01/2013;03:48:00;72;sem vítima;30,5;BR-381/SP;Sul;Atropelamento de Animal;1;1;;;;;1
24/01/2013;14:33:00;423;sem vítima;86,2;BR-381/SP;Sul;Engavetamento;2;3;;;;;1
24/01/2013;15:40:00;465;sem vítima;483;BR-381/MG;Sul;Choque - Talude;1;1;;;;;1
24/01/2013;19:12:00;580;com vítima;488,5;BR-381/MG;Sul;Colisão Traseira;1;1;1;;;;1
24/01/2013;14:43:00;432;sem vítima;496,7;BR-381/MG;Sul;Colisão Traseira;2;2;;;;;1
24/01/2013;14:43:00;457;sem vítima;497,6;BR-381/MG;Sul;Choque - Defensa, barreira ou "submarino";1;1;;;;;1
24/01/2013;10:57:00;325;sem vítima;527;BR-381/MG;Sul;Outros - Sequência;1;1;;;;;1
24/01/2013;14:36:00;425;sem vítima;566,5;BR-381/MG;Sul;Choque - Defensa, barreira ou "submarino";1;1;;;;;1
24/01/2013;23:07:00;684;com vítima;587;BR-381/MG;Sul;Colisão Traseira;2;2;1;;;;1
24/01/2013;05:20:00;104;sem vítima;596,5;BR-381/MG;Sul;Atropelamento de Animal;1;1;;;;;1
24/01/2013;02:10:00;47;sem vítima;720,9;BR-381/MG;Norte;Choque - Defensa, barreira ou "submarino";1;1;;;;;1
24/01/2013;12:15:00;362;sem vítima;915;BR-381/MG;Sul;Colisão Lateral;1;2;;;;;1
25/01/2013;13:11:00;367;sem vítima;54,3;BR-381/SP;Norte;Colisão Traseira;1;4;;;;;1
25/01/2013;07:30:00;125;com vítima;66;BR-381/SP;Sul;Colisão Traseira;1;1;1;;;;1
25/01/2013;16:05:00;474;sem vítima;90;BR-381/SP;Sul;Colisão Lateral;1;2;;;;;1
25/01/2013;09:46:00;223;sem vítima;482,1;BR-381/MG;Sul;Engavetamento;3;5;;;;;1
25/01/2013;08:43:00;184;com vítima;486;BR-381/MG;Sul;Colisão Traseira;1;2;1;;;;1
25/01/2013;11:17:00;292;sem vítima;495;BR-381/MG;Norte;Engavetamento;1;5;;;;;1
25/01/2013;15:28:00;469;sem vítima;512;BR-381/MG;Sul;Outros - Sequência;1;1;;;;;1
25/01/2013;05:29:00;71;sem vítima;534,5;BR-381/MG;Sul;Colisão Traseira;1;2;;;;;1
25/01/2013;15:53:00;472;sem vítima;541;BR-381/MG;Norte;Colisão Traseira;1;2;;;;;1
25/01/2013;12:03:00;319;com vítima;713,5;BR-381/MG;Norte;Outros - Sequência;1;2;1;;;;1
25/01/2013;08:41:00;182;sem vítima;763,9;BR-381/MG;Sul;Tombamento;1;1;;;;;1
25/01/2013;03:39:00;53;sem vítima;767,3;BR-381/MG;Sul;Outros - Sequência;1;1;;;;;1
25/01/2013;00:44:00;17;sem vítima;823;BR-381/MG;Norte;Tombamento;1;1;;;;;1
25/01/2013;16:34:00;490;com vítima;876,5;BR-381/MG;Norte;Tombamento;1;0;1;;;;1
25/01/2013;23:16:00;707;sem vítima;886;BR-381/MG;Norte;Colisão Traseira;1;2;;;;;1
25/01/2013;20:48:00;641;sem vítima;931,3;BR-381/MG;Sul;Saida de Pista;1;1;;;;;1
25/01/2013;12:36:00;339;sem vítima;942;BR-381/MG;Sul;Colisão Traseira;2;2;;;;;1
26/01/2013;14:32:00;341;sem vítima;73,3;BR-381/SP;Sul;Colisão Lateral;1;2;;;;;1
26/01/2013;07:52:00;155;com vítima;78;BR-381/SP;Sul;Colisão Traseira;1;1;;;;1;3
26/01/2013;05:30:00;97;sem vítima;484,2;BR-381/MG;Sul;Engavetamento;1;3;;;;;1
26/01/2013;10:24:00;233;sem vítima;523,5;BR-381/MG;Sul;Colisão Lateral;2;2;;;;;1
26/01/2013;11:06:00;251;com vítima;556,8;BR-381/MG;Sul;Colisão Lateral;1;0;3;1;1;;2
26/01/2013;14:15:00;315;sem vítima;651;BR-381/MG;Sul;Outros - Sequência;1;1;;;;;1
26/01/2013;09:34:00;212;com vítima;654;BR-381/MG;Sul;Colisão Lateral;1;2;3;;;;1
26/01/2013;14:36:00;345;sem vítima;691;BR-381/MG;Norte;Outros - Sequência;2;2;;;;;1
26/01/2013;16:42:00;416;sem vítima;893,8;BR-381/MG;Sul;Outros - Sequência;1;3;;;;;1
26/01/2013;01:41:00;37;sem vítima;908;BR-381/MG;Norte;Choque - Defensa, barreira ou "submarino";1;1;;;;;1
26/01/2013;12:21:00;289;sem vítima;948;BR-381/MG;Norte;Colisão Traseira;2;2;;;;;1
27/01/2013;23:52:00;580;sem vítima;581,5;BR-381/MG;Sul;Tombamento;1;1;;;;;1
27/01/2013;16:39:00;376;sem vítima;713;BR-381/MG;Sul;Outros - Sequência;1;3;;;;;1
28/01/2013;12:10:00;303;sem vítima;496;BR-381/MG;Sul;Colisão Traseira;2;2;;;;;1
28/01/2013;02:29:00;41;sem vítima;752;BR-381/MG;Sul;Atropelamento de Animal;1;1;;;;;1
29/01/2013;11:40:00;278;sem vítima;58;BR-381/SP;Sul;Colisão Traseira;1;2;;;;;1
29/01/2013;10:03:00;227;sem vítima;89;BR-381/SP;Norte;Colisão Traseira;1;2;;;;;1
29/01/2013;10:24:00;236;com vítima;519,6;BR-381/MG;Norte;Tombamento;1;0;;;;1;3
29/01/2013;08:10:00;147;sem vítima;647,1;BR-381/MG;Sul;Colisão Lateral;2;2;;;;;1
29/01/2013;03:55:00;55;sem vítima;802,2;BR-381/MG;Norte;Outros - Sequência;1;1;;;;;1
29/01/2013;21:22:00;599;sem vítima;832;BR-381/MG;Norte;Outros - Sequência;1;1;;;;;1
29/01/2013;21:31:00;601;sem vítima;867,7;BR-381/MG;Sul;Outros - Sequência;1;1;;;;;1
29/01/2013;06:22:00;91;com vítima;868;BR-381/MG;Sul;Colisão Transversal;1;2;1;;;;1
29/01/2013;04:00:00;60;com vítima;881;BR-381/MG;Norte;Colisão Traseira;2;0;1;1;;;2
29/01/2013;13:45:00;334;sem vítima;948;BR-381/MG;Norte;Colisão Lateral;1;2;;;;;1
30/01/2013;20:32:00;598;sem vítima;65,5;BR-381/SP;Norte;Choque - Cancela de Pedagio;1;1;;;;;1
30/01/2013;22:53:00;645;sem vítima;66,7;BR-381/SP;Sul;Colisão Traseira;1;2;;;;;1
30/01/2013;12:12:00;296;sem vítima;510;BR-381/MG;Sul;Colisão Traseira;2;2;;;;;1
30/01/2013;07:47:00;139;sem vítima;516,5;BR-381/MG;Norte;Outros - Sequência;1;1;;;;;1
30/01/2013;19:36:00;576;sem vítima;546;BR-381/MG;Sul;Colisão Lateral;1;2;;;;;1
30/01/2013;20:21:00;594;sem vítima;587;BR-381/MG;Sul;Colisão Lateral;1;2;;;;;1
30/01/2013;04:01:00;65;com vítima;617,6;BR-381/MG;Norte;Outros - Sequência;1;0;1;;;;1
30/01/2013;12:31:00;309;sem vítima;671,5;BR-381/MG;Norte;Tombamento;1;1;;;;;1
30/01/2013;06:44:00;99;com vítima;740,5;BR-381/MG;Sul;Colisão Frontal;2;0;1;;;2;3
30/01/2013;17:17:00;477;sem vítima;804;BR-381/MG;Sul;Capotamento;1;2;;;;;1
30/01/2013;13:34:00;339;sem vítima;909;BR-381/MG;Norte;Colisão Traseira;2;2;;;;;1
30/01/2013;05:40:00;84;sem vítima;934,5;BR-381/MG;Sul;Colisão Traseira;1;2;;;;;1
31/01/2013;07:31:00;143;sem vítima;7,5;BR-381/SP;Sul;Colisão Traseira;2;2;;;;;1
31/01/2013;15:47:00;436;sem vítima;36;BR-381/SP;Sul;Colisão Lateral;1;2;;;;;1
31/01/2013;09:23:00;214;sem vítima;85,5;BR-381/SP;Sul;Colisão Traseira;2;2;;;;;1
31/01/2013;15:22:00;429;sem vítima;483,3;BR-381/MG;Sul;Outros - Sequência;3;3;;;;;1
31/01/2013;16:33:00;467;sem vítima;483,3;BR-381/MG;Sul;Colisão Lateral;1;2;;;;;1
31/01/2013;13:36:00;359;sem vítima;492;BR-381/MG;Sul;Engavetamento;2;4;;;;;1
31/01/2013;13:53:00;369;sem vítima;494;BR-381/MG;Sul;Colisão Traseira;1;2;;;;;1
31/01/2013;14:06:00;372;sem vítima;495,8;BR-381/MG;Norte;Engavetamento;2;3;;;;;1
31/01/2013;17:02:00;486;sem vítima;497;BR-381/MG;Norte;Colisão Traseira;2;2;;;;;1
31/01/2013;09:45:00;226;com vítima;516;BR-381/MG;Norte;Colisão Traseira;2;1;1;;;;1
31/01/2013;09:55:00;340;sem vítima;516,5;BR-381/MG;Norte;Colisão Traseira;2;2;;;;;1
31/01/2013;06:30:00;103;sem vítima;524,8;BR-381/MG;Sul;Choque - Elemento de Drenagem;1;1;;;;;1
31/01/2013;21:23:00;628;sem vítima;537,65;BR-381/MG;Sul;Colisão Lateral;1;2;;;;;1
31/01/2013;10:38:00;258;sem vítima;618,5;BR-381/MG;Norte;Colisão Traseira;1;2;;;;;1
31/01/2013;00:23:00;9;com vítima;620;BR-381/MG;Norte;Outros - Sequência;3;0;3;;;;1
31/01/2013;12:38:00;329;sem vítima;853,5;BR-381/MG;Sul;Outros - Sequência;1;1;;;;;1
31/01/2013;03:33:00;65;com vítima;875,8;BR-381/MG;Sul;Tombamento;1;0;1;;;;1
31/01/2013;12:14:00;316;sem vítima;922,7;BR-381/MG;Sul;Colisão Lateral;1;2;;;;;1
01/02/2013;23:51:00;742;com vítima;53,9;BR-381/SP;Norte;Colisão Traseira;2;1;;;;1;3
01/02/2013;16:14:00;496;sem vítima;61;BR-381/SP;Sul;Tombamento;1;1;;;;;1
01/02/2013;13:01:00;382;com vítima;79;BR-381/SP;Norte;Tombamento;1;0;2;2;;;2
01/02/2013;15:46:00;474;sem vítima;79;BR-381/SP;Norte;Colisão Traseira;1;2;;;;;1
01/02/2013;18:01:00;573;sem vítima;491,8;BR-381/MG;Norte;Colisão Lateral;1;2;;;;;1
01/02/2013;13:50:00;404;com vítima;564,5;BR-381/MG;Norte;Tombamento;1;0;1;;;;1
01/02/2013;12:08:00;359;com vítima;622,9;BR-381/MG;Sul;Outros - Sequência;1;0;;;;1;3