data;horario;n_da_ocorrencia;tipo_de_ocorrencia;km;trecho;sentido;tipo_de_acidente;caminhao;ilesos;levemente_feridos;moderadamente_feridos;gravemente_feridos;mortos;3
01/02/2013;08:39:00;213;sem vítima;700,5;BR-381/MG;Sul;Tombamento;1;1;;;;;1
01/02/2013;06:50:00;141;sem vítima;782;BR-381/MG;Norte;Saida de Pista;1;2;;;;;1
01/02/2013;16:21:00;502;sem vítima;908,6;BR-381/MG;Norte;Tombamento;1;1;;;;;1
02/02/2013;08:57:00;176;sem vítima;89,8;BR-381/SP;Sul;Colisão Lateral;1;2;;;;;1
02/02/2013;18:04:00;497;sem vítima;487,2;BR-381/MG;Norte;Colisão Traseira;1;2;;;;;1
02/02/2013;17:03:00;440;sem vítima;504,3;BR-381/MG;Sul;Choque - Elemento de Drenagem;1;1;;;;;1
02/02/2013;16:54:00;435;sem vítima;505,6;BR-381/MG;Norte;Colisão Traseira;2;2;;;;;1
02/02/2013;07:26:00;113;com vítima;506,3;BR-381/MG;Sul;Colisão Frontal;1;1;;1;;;2
02/02/2013;13:59:00;332;sem vítima;735;BR-381/MG;Sul;Outros - Sequência;1;1;;;;;1
02/02/2013;10:47:00;239;sem vítima;883;BR-381/MG;Sul;Colisão Transversal;2;2;;;;;1
02/02/2013;15:42:00;390;sem vítima;923,5;BR-381/MG;Sul;Colisão Lateral;2;2;;;;;1
03/02/2013;16:57:00;401;sem vítima;57;BR-381/SP;Sul;Colisão Traseira;1;2;;;;;1
03/02/2013;06:04:00;87;com vítima;492;BR-381/MG;Sul;Colisão Traseira;1;1;3;;;;1
03/02/2013;00:12:00;7;sem vítima;529;BR-381/MG;Norte;Outros - Sequência;1;2;;;;;1
03/02/2013;08:20:00;137;sem vítima;563;BR-381/MG;Norte;Colisão Lateral;1;2;;;;;1
03/02/2013;16:05:00;365;sem vítima;816,4;BR-381/MG;Sul;Saida de Pista;1;1;;;;;1
04/02/2013;11:03:00;233;sem vítima;31,5;BR-381/SP;Norte;Colisão Lateral;2;2;;;;;1
04/02/2013;17:35:00;429;sem vítima;43,8;BR-381/SP;Norte;Outros - Sequência;1;2;;;;;1
04/02/2013;12:08:00;262;sem vítima;478;BR-381/MG;Norte;Colisão Lateral;1;2;;;;;1
04/02/2013;07:31:00;98;com vítima;478,3;BR-381/MG;Norte;Colisão Traseira;1;3;;1;;;2
04/02/2013;13:09:00;290;sem vítima;478,8;BR-381/MG;Norte;Colisão Traseira;1;2;;;;;1
04/02/2013;10:12:00;209;sem vítima;482;BR-381/MG;Sul;Engavetamento;2;3;;;;;1
04/02/2013;14:57:00;345;com vítima;488,5;BR-381/MG;Sul;Engavetamento;1;8;1;;;;1
04/02/2013;22:03:00;551;sem vítima;491,8;BR-381/MG;Sul;Colisão Lateral;1;2;;;;;1
04/02/2013;13:57:00;319;sem vítima;523,5;BR-381/MG;Sul;Choque - Defensa, barreira ou "submarino";1;1;;;;;1
04/02/2013;23:27:00;580;sem vítima;524;BR-381/MG;Norte;Colisão Traseira;2;2;;;;;1
04/02/2013;14:44:00;338;sem vítima;546;BR-381/MG;Norte;Choque - Cancela de Pedagio;1;1;;;;;1
04/02/2013;17:06:00;414;sem vítima;831;BR-381/MG;Norte;Colisão Traseira;1;2;;;;;1
04/02/2013;09:16:00;175;com vítima;921;BR-381/MG;Sul;Engavetamento;3;2;1;;;;1
04/02/2013;09:00:00;163;com vítima;921,3;BR-381/MG;Sul;Outros - Sequência;1;0;1;;;;1
04/02/2013;23:17:00;577;sem vítima;932,7;BR-381/MG;Sul;Atropelamento de Animal;1;1;;;;;1
04/02/2013;12:52:00;286;sem vítima;946,5;BR-381/MG;Norte;Tombamento;1;1;;;;;1
05/02/2013;01:34:00;33;sem vítima;33,5;BR-381/SP;Norte;Colisão Traseira;2;2;;;;;1
05/02/2013;08:25:00;175;com vítima;65;BR-381/SP;Norte;Choque - Outros;1;8;1;;;;1
05/02/2013;05:09:00;76;sem vítima;79;BR-381/SP;Norte;Colisão Traseira;1;2;;;;;1
05/02/2013;17:02:00;483;sem vítima;493,3;BR-381/MG;Norte;Outros - Sequência;1;3;;;;;1
05/02/2013;10:18:00;254;sem vítima;501,3;BR-381/MG;Sul;Colisão Traseira;1;2;;;;;1
05/02/2013;15:05:00;412;sem vítima;560;BR-381/MG;Sul;Colisão Traseira;1;2;;;;;1
05/02/2013;13:28:00;371;sem vítima;569,9;BR-381/MG;Norte;Capotamento;1;1;;;;;1
05/02/2013;08:12:00;160;sem vítima;735;BR-381/MG;Norte;Colisão Traseira;1;2;;;;;1
05/02/2013;19:48:00;581;sem vítima;836;BR-381/MG;Sul;Choque - Elemento de Drenagem;1;1;;;;;1
05/02/2013;10:37:00;267;com vítima;848,8;BR-381/MG;Norte;Capotamento;1;3;1;;;;1
05/02/2013;19:16:00;562;sem vítima;871;BR-381/MG;Sul;Choque - Elemento de Drenagem;1;1;;;;;1
05/02/2013;17:11:00;486;com vítima;877;BR-381/MG;Norte;Outros - Sequência;1;1;3;1;;;2
06/02/2013;23:40:00;659;com vítima;44,9;BR-381/SP;Norte;Outros - Sequência;3;4;;1;;;2
06/02/2013;02:10:00;38;sem vítima;681,5;BR-381/MG;Norte;Outros - Sequência;1;2;;;;;1
06/02/2013;08:39:00;155;com vítima;722,1;BR-381/MG;Norte;Tombamento;1;0;1;;;;1
06/02/2013;22:03:00;616;sem vítima;851,8;BR-381/MG;Sul;Choque - Elemento de Drenagem;1;1;;;;;1
06/02/2013;22:16:00;623;com vítima;905,8;BR-381/MG;Sul;Colisão Traseira;2;1;1;;;;1
07/02/2013;12:43:00;302;sem vítima;19,5;BR-381/SP;Sul;Saida de Pista;1;1;;;;;1
07/02/2013;11:53:00;277;sem vítima;20,5;BR-381/SP;Sul;Outros;1;1;;;;;1
07/02/2013;14:09:00;338;sem vítima;37;BR-381/SP;Sul;Colisão Traseira;2;2;;;;;1
07/02/2013;13:06:00;310;sem vítima;73;BR-381/SP;Sul;Engavetamento;2;4;;;;;1
07/02/2013;11:33:00;269;sem vítima;481;BR-381/MG;Norte;Colisão Traseira;1;2;;;;;1
07/02/2013;04:41:00;71;com vítima;593,3;BR-381/MG;Norte;Outros - Sequência;2;0;2;;;;1
07/02/2013;06:20:00;93;com vítima;623,5;BR-381/MG;Norte;Capotamento;1;1;;1;;;2
07/02/2013;05:39:00;84;com vítima;660,1;BR-381/MG;Norte;Colisão Traseira;1;1;1;;;;1
07/02/2013;01:29:00;26;sem vítima;682,6;BR-381/MG;Sul;Outros - Sequência;1;1;;;;;1
07/02/2013;18:43:00;514;sem vítima;686,7;BR-381/MG;Sul;Outros - Sequência;3;3;;;;;1
07/02/2013;04:49:00;76;sem vítima;883,2;BR-381/MG;Sul;Atropelamento de Animal;1;1;;;;;1
07/02/2013;02:54:00;49;com vítima;921;BR-381/MG;Sul;Tombamento;1;0;1;;;;1
08/02/2013;15:58:00;501;sem vítima;18,7;BR-381/SP;Sul;Outros;1;1;;;;;1
08/02/2013;19:35:00;659;sem vítima;53;BR-381/SP;Norte;Colisão Lateral;1;2;;;;;1
08/02/2013;19:04:00;641;sem vítima;71,5;BR-381/SP;Norte;Choque - Defensa, barreira ou "submarino";1;1;;;;;1
08/02/2013;10:20:00;276;sem vítima;84;BR-381/SP;Sul;Colisão Traseira;1;2;;;;;1
08/02/2013;17:01:00;544;sem vítima;491;BR-381/MG;Sul;Colisão Traseira;1;2;;;;;1
08/02/2013;18:57:00;636;sem vítima;737,5;BR-381/MG;Sul;Choque - Defensa, barreira ou "submarino";1;1;;;;;1
08/02/2013;11:49:00;346;sem vítima;832;BR-381/MG;Sul;Outros - Sequência;1;2;;;;;1
08/02/2013;08:53:00;202;sem vítima;880;BR-381/MG;Sul;Colisão Lateral;2;2;;;;;1
08/02/2013;05:29:00;78;sem vítima;901,6;BR-381/MG;Sul;Choque - Defensa, barreira ou "submarino";1;1;;;;;1
09/02/2013;13:52:00;421;com vítima;69,8;BR-381/SP;Norte;Tombamento;1;0;3;;;;1
09/02/2013;18:52:00;663;sem vítima;90;BR-381/SP;Sul;Colisão Traseira;1;2;;;;;1
09/02/2013;10:35:00;297;sem vítima;482,3;BR-381/MG;Sul;Colisão Lateral;1;2;;;;;1
09/02/2013;19:20:00;682;com vítima;525,5;BR-381/MG;Sul;Tombamento;1;0;1;;;;1
09/02/2013;18:13:00;619;sem vítima;766;BR-381/MG;Sul;Choque - Elemento de Drenagem;1;1;;;;;1
09/02/2013;17:42:00;590;sem vítima;805,2;BR-381/MG;Sul;Colisão Traseira;1;2;;;;;1
10/02/2013;20:33:00;516;com vítima;488,5;BR-381/MG;Norte;Outros - Sequência;1;4;2;;;;1
10/02/2013;21:42:00;545;sem vítima;885;BR-381/MG;Sul;Outros;1;2;;;;;1
10/02/2013;10:25:00;211;com vítima;889,1;BR-381/MG;Sul;Tombamento;1;0;;1;;;2
10/02/2013;13:37:00;312;sem vítima;937;BR-381/MG;Norte;Outros - Sequência;1;1;;;;;1
11/02/2013;17:32:00;363;sem vítima;70,8;BR-381/SP;Norte;Colisão Lateral;1;2;;;;;1
11/02/2013;07:03:00;88;sem vítima;504;BR-381/MG;Norte;Colisão Traseira;1;2;;;;;1
11/02/2013;10:38:00;181;com vítima;601;BR-381/MG;Sul;Outros;1;2;1;;;;1
11/02/2013;08:00:00;110;sem vítima;629,1;BR-381/MG;Sul;Colisão Lateral;1;5;;;;;1
11/02/2013;20:34:00;465;sem vítima;758,5;BR-381/MG;Sul;Colisão Traseira;2;2;;;;;1
11/02/2013;07:48:00;104;sem vítima;805;BR-381/MG;Sul;Colisão Traseira;2;2;;;;;1
12/02/2013;14:53:00;283;sem vítima;509;BR-381/MG;Norte;Colisão Transversal;1;2;;;;;1
12/02/2013;21:34:00;571;sem vítima;726,5;BR-381/MG;Norte;Colisão Traseira;2;2;;;;;1
12/02/2013;18:07:00;420;sem vítima;756;BR-381/MG;Norte;Colisão Traseira;1;2;;;;;1
12/02/2013;11:32:00;183;sem vítima;837;BR-381/MG;Sul;Colisão Traseira;1;6;;;;;1
12/02/2013;18:57:00;479;sem vítima;940,3;BR-381/MG;Norte;Colisão Frontal;1;1;;;;;1
13/02/2013;01:07:00;25;sem vítima;83;BR-381/SP;Sul;Colisão Traseira;2;2;;;;;1
13/02/2013;14:41:00;371;com vítima;494,4;BR-381/MG;Sul;Capotamento;1;1;1;;;;1
13/02/2013;17:18:00;508;com vítima;676;BR-381/MG;Norte;Tombamento;1;0;1;;;;1
13/02/2013;09:25:00;200;sem vítima;688;BR-381/MG;Sul;Colisão Lateral;2;2;;;;;1
13/02/2013;16:33:00;465;com vítima;696,5;BR-381/MG;Sul;Outros - Sequência;2;4;1;;;;1
13/02/2013;17:06:00;501;sem vítima;735,5;BR-381/MG;Norte;Colisão Traseira;1;2;;;;;1
13/02/2013;23:35:00;703;sem vítima;768,7;BR-381/MG;Sul;Saida de Pista;1;1;;;;;1
14/02/2013;14:28:00;370;sem vítima;487;BR-381/MG;Norte;Colisão Traseira;1;2;;;;;1
14/02/2013;14:53:00;389;com vítima;499,9;BR-381/MG;Sul;Tombamento;1;1;1;;;;1
14/02/2013;04:46:00;57;com vítima;539;BR-381/MG;Norte;Tombamento;1;0;1;;;;1
14/02/2013;16:19:00;445;sem vítima;817,5;BR-381/MG;Sul;Colisão Traseira;2;2;;;;;1
14/02/2013;13:47:00;353;com vítima;861;BR-381/MG;Norte;Colisão Traseira;1;2;1;;;;1
14/02/2013;18:26:00;522;com vítima;876;BR-381/MG;Norte;Colisão Traseira;1;1;1;;;;1
15/02/2013;18:04:00;470;sem vítima;3;BR-381/SP;Norte;Tombamento;1;1;;;;;1
15/02/2013;05:51:00;85;sem vítima;24,1;BR-381/SP;Sul;Tombamento;1;1;;;;;1
15/02/2013;17:41:00;456;com vítima;70,5;BR-381/SP;Sul;Capotamento;1;0;3;;;;1
15/02/2013;16:45:00;409;sem vítima;72;BR-381/SP;Sul;Outros - Sequência;1;1;;;;;1
15/02/2013;05:39:00;83;sem vítima;83;BR-381/SP;Sul;Colisão Traseira;1;2;;;;;1
15/02/2013;18:52:00;493;sem vítima;85;BR-381/SP;Sul;Colisão Traseira;1;2;;;;;1
15/02/2013;13:03:00;294;sem vítima;90;BR-381/SP;Sul;Outros - Sequência;1;2;;;;;1
15/02/2013;14:50:00;351;com vítima;498,5;BR-381/MG;Sul;Colisão Lateral;1;1;1;;;;1
15/02/2013;04:57:00;75;sem vítima;645,4;BR-381/MG;Sul;Saida de Pista;1;2;;;;;1
15/02/2013;11:24:00;253;sem vítima;658;BR-381/MG;Norte;Colisão Traseira;1;2;;;;;1
15/02/2013;21:05:00;564;sem vítima;752,4;BR-381/MG;Norte;Colisão Lateral;1;2;;;;;1
15/02/2013;15:14:00;362;sem vítima;857;BR-381/MG;Norte;Colisão Transversal;1;2;;;;;1
16/02/2013;05:52:00;69;com vítima;15,5;BR-381/SP;Sul;Colisão Traseira;2;1;1;;;;1
16/02/2013;12:24:00;257;com vítima;495,5;BR-381/MG;Sul;Outros;1;1;2;;;;1
16/02/2013;15:14:00;326;sem vítima;495,7;BR-381/MG;Sul;Colisão Lateral;1;2;;;;;1
16/02/2013;06:55:00;87;sem vítima;597,6;BR-381/MG;Sul;Colisão Lateral;1;2;;;;;1
16/02/2013;16:45:00;409;sem vítima;615,5;BR-381/MG;Norte;Choque - Elemento de Drenagem;1;1;;;;;1
16/02/2013;11:46:00;239;sem vítima;653,5;BR-381/MG;Norte;Choque - Defensa, barreira ou "submarino";1;1;;;;;1
16/02/2013;17:58:00;465;sem vítima;805,2;BR-381/MG;Sul;Colisão Traseira;2;2;;;;;1
16/02/2013;16:02:00;353;sem vítima;925,1;BR-381/MG;Norte;Tombamento;1;1;;;;;1
16/02/2013;12:59:00;267;sem vítima;926,3;BR-381/MG;Sul;Colisão Lateral;1;2;;;;;1
17/02/2013;19:30:00;507;sem vítima;521,5;BR-381/MG;Norte;Colisão Traseira;1;2;;;;;1
17/02/2013;20:00:00;519;sem vítima;546;BR-381/MG;Norte;Colisão Traseira;1;2;;;;;1
17/02/2013;14:18:00;320;sem vítima;588,5;BR-381/MG;Norte;Colisão Lateral;1;2;;;;;1
17/02/2013;16:39:00;408;com vítima;875;BR-381/MG;Norte;Colisão Lateral;1;2;1;;;;1
18/02/2013;09:59:00;203;sem vítima;500;BR-381/MG;Norte;Engavetamento;1;3;;;;;1
18/02/2013;08:17:00;133;com vítima;588,6;BR-381/MG;Norte;Atropelamento - Outros;1;1;;1;;;2
18/02/2013;03:54:00;42;com vítima;644,1;BR-381/MG;Sul;Outros - Sequência;1;0;3;;;;1
18/02/2013;22:12:00;584;sem vítima;730;BR-381/MG;Sul;Tombamento;1;1;;;;;1
19/02/2013;14:18:00;397;sem vítima;44;BR-381/SP;Sul;Colisão Traseira;1;2;;;;;1
19/02/2013;13:22:00;364;sem vítima;70,5;BR-381/SP;Norte;Colisão Traseira;1;2;;;;;1
19/02/2013;14:05:00;394;sem vítima;589;BR-381/MG;Norte;Tombamento;1;1;;;;;1
19/02/2013;23:05:00;649;sem vítima;745,5;BR-381/MG;Sul;Colisão Traseira;2;2;;;;;1
19/02/2013;20:49:00;610;sem vítima;789,7;BR-381/MG;Norte;Outros - Sequência;1;1;;;;;1
19/02/2013;20:40:00;607;com vítima;818,3;BR-381/MG;Norte;Outros - Sequência;2;0;;2;;;2
19/02/2013;14:25:00;399;com vítima;921,4;BR-381/MG;Norte;Outros - Sequência;1;1;1;;;;1
20/02/2013;12:18:00;302;sem vítima;26,4;BR-381/SP;Sul;Tombamento;1;1;;;;;1
20/02/2013;07:41:00;126;com vítima;39;BR-381/SP;Norte;Colisão Lateral;1;1;1;;;;1
20/02/2013;00:49:00;13;sem vítima;85;BR-381/SP;Sul;Colisão Traseira;2;2;;;;;1
20/02/2013;17:02:00;473;sem vítima;491,9;BR-381/MG;Sul;Tombamento;1;1;;;;;1
20/02/2013;12:07:00;293;sem vítima;539;BR-381/MG;Norte;Colisão Traseira;2;2;;;;;1
20/02/2013;22:31:00;625;com vítima;614,2;BR-381/MG;Sul;Colisão Traseira;2;1;2;;;;1
20/02/2013;07:59:00;140;sem vítima;682;BR-381/MG;Norte;Colisão Traseira;1;5;;;;;1
20/02/2013;21:18:00;607;sem vítima;789;BR-381/MG;Sul;Choque - Elemento de Drenagem;1;1;;;;;1
20/02/2013;06:30:00;91;sem vítima;874;BR-381/MG;Sul;Choque - Defensa, barreira ou "submarino";1;1;;;;;1
20/02/2013;17:31:00;484;sem vítima;939,5;BR-381/MG;Norte;Choque - Elemento de Drenagem;1;1;;;;;1
21/02/2013;12:13:00;316;sem vítima;26;BR-381/SP;Sul;Engavetamento;3;3;;;;;1
21/02/2013;06:14:00;79;sem vítima;34,5;BR-381/SP;Sul;Colisão Lateral;1;2;;;;;1
21/02/2013;09:49:00;237;sem vítima;53,9;BR-381/SP;Sul;Colisão Lateral;1;2;;;;;1
21/02/2013;13:17:00;338;com vítima;61,498;BR-381/SP;Sul;Tombamento;1;0;1;;;;1
21/02/2013;19:42:00;543;sem vítima;546,7;BR-381/MG;Norte;Colisão Traseira;1;2;;;;;1
21/02/2013;10:30:00;252;sem vítima;687,2;BR-381/MG;Norte;Colisão Lateral;2;2;;;;;1
21/02/2013;22:34:00;614;com vítima;700,8;BR-381/MG;Sul;Outros - Sequência;4;4;;2;;;2
21/02/2013;04:58:00;65;sem vítima;774;BR-381/MG;Norte;Atropelamento de Animal;1;1;;;;;1
21/02/2013;05:40:00;71;sem vítima;823;BR-381/MG;Sul;Tombamento;1;1;;;;;1
21/02/2013;13:43:00;352;sem vítima;910;BR-381/MG;Sul;Colisão Traseira;1;2;;;;;1
22/02/2013;05:16:00;74;com vítima;17;BR-381/SP;Sul;Outros - Sequência;1;0;1;;;;1
22/02/2013;08:27:00;163;sem vítima;23,5;BR-381/SP;Sul;Tombamento;1;1;;;;;1
22/02/2013;18:12:00;474;sem vítima;39,2;BR-381/SP;Norte;Colisão Traseira;1;2;;;;;1
22/02/2013;18:35:00;486;sem vítima;70,5;BR-381/SP;Sul;Choque - Talude;1;1;;;;;1
22/02/2013;12:02:00;279;sem vítima;478,1;BR-381/MG;Norte;Colisão Lateral;1;2;;;;;1
22/02/2013;22:13:00;588;sem vítima;479,5;BR-381/MG;Sul;Colisão Lateral;1;2;;;;;1
22/02/2013;07:25:00;131;sem vítima;480;BR-381/MG;Norte;Colisão Traseira;1;2;;;;;1
22/02/2013;16:50:00;432;com vítima;484;BR-381/MG;Sul;Outros - Sequência;3;7;3;;;1;3
22/02/2013;03:00:00;49;sem vítima;674;BR-381/MG;Sul;Outros - Sequência;1;2;;;;;1
22/02/2013;06:16:00;89;sem vítima;686;BR-381/MG;Norte;Colisão Traseira;2;2;;;;;1
22/02/2013;14:17:00;346;sem vítima;687,8;BR-381/MG;Norte;Tombamento;1;1;;;;;1
22/02/2013;07:45:00;138;sem vítima;735,5;BR-381/MG;Norte;Colisão Traseira;1;2;;;;;1
22/02/2013;06:51:00;108;com vítima;816;BR-381/MG;Sul;Engavetamento;2;1;5;;;;1
22/02/2013;07:48:00;139;sem vítima;816;BR-381/MG;Norte;Colisão Lateral;2;2;;;;;1
22/02/2013;09:41:00;206;com vítima;872,4;BR-381/MG;Sul;Engavetamento;4;4;;1;;;2
22/02/2013;07:28:00;132;sem vítima;873,7;BR-381/MG;Sul;Tombamento;1;1;;;;;1
22/02/2013;12:58:00;306;com vítima;884,5;BR-381/MG;Norte;Colisão Traseira;1;1;;1;;;2
23/02/2013;13:21:00;329;sem vítima;7;BR-381/SP;Sul;Choque - Suporte de Sinalização;1;1;;;;;1
23/02/2013;03:55:00;62;sem vítima;627,7;BR-381/MG;Sul;Atropelamento de Animal;1;1;;;;;1
23/02/2013;22:56:00;568;sem vítima;654;BR-381/MG;Norte;Outros - Sequência;1;1;;;;;1
23/02/2013;06:47:00;101;sem vítima;735,5;BR-381/MG;Sul;Colisão Traseira;1;2;;;;;1
23/02/2013;11:05:00;260;sem vítima;745,6;BR-381/MG;Sul;Colisão Traseira;2;2;;;;;1
23/02/2013;18:37:00;481;com vítima;766;BR-381/MG;Sul;Queda de Moto;1;1;;1;;;2
23/02/2013;20:54:00;540;com vítima;810;BR-381/MG;Norte;Outros - Sequência;2;1;1;;;;1
24/02/2013;16:55:00;354;sem vítima;89,9;BR-381/SP;Sul;Colisão Lateral;1;2;;;;;1
24/02/2013;09:25:00;132;com vítima;546;BR-381/MG;Sul;Colisão Traseira;1;1;1;;;;1
24/02/2013;07:31:00;88;com vítima;559,8;BR-381/MG;Sul;Tombamento;1;0;2;;;;1
24/02/2013;18:07:00;411;com vítima;710;BR-381/MG;Norte;Outros - Sequência;1;2;;1;;;2
24/02/2013;05:17:00;51;sem vítima;764,7;BR-381/MG;Sul;Outros - Sequência;1;1;;;;;1
24/02/2013;16:02:00;318;com vítima;940,3;BR-381/MG;Norte;Colisão Lateral;1;2;1;;;;1
25/02/2013;08:49:00;183;com vítima;478,1;BR-381/MG;Norte;Engavetamento;1;2;1;;;;1
25/02/2013;17:01:00;476;sem vítima;493;BR-381/MG;Sul;Colisão Traseira;2;3;;;;;1
25/02/2013;14:53:00;382;com vítima;494;BR-381/MG;Norte;Colisão Traseira;1;1;1;;;;1
25/02/2013;17:51:00;505;com vítima;511;BR-381/MG;Norte;Outros - Sequência;1;0;;1;;;2
25/02/2013;10:21:00;246;sem vítima;524;BR-381/MG;Sul;Colisão Traseira;1;2;;;;;1
25/02/2013;04:46:00;65;com vítima;636,95;BR-381/MG;Norte;Outros - Sequência;1;6;1;1;;;2
25/02/2013;12:15:00;308;com vítima;652;BR-381/MG;Norte;Colisão Traseira;2;1;;;1;;2
25/02/2013;19:48:00;560;sem vítima;703;BR-381/MG;Norte;Engavetamento;2;3;;;;;1
25/02/2013;20:56:00;591;com vítima;880;BR-381/MG;Norte;Colisão Traseira;2;1;;1;;;2
25/02/2013;22:34:00;623;com vítima;914,5;BR-381/MG;Norte;Colisão Traseira;2;1;;;;1;3
26/02/2013;19:15:00;528;sem vítima;478,4;BR-381/MG;Norte;Colisão Lateral;1;2;;;;;1
26/02/2013;16:17:00;409;sem vítima;495,8;BR-381/MG;Sul;Colisão Lateral;1;2;;;;;1
26/02/2013;19:50:00;553;sem vítima;517,3;BR-381/MG;Norte;Choque - Suporte de Sinalização;1;1;;;;;1
26/02/2013;23:10:00;622;sem vítima;571;BR-381/MG;Sul;Colisão Lateral;2;2;;;;;1
26/02/2013;12:38:00;293;sem vítima;589;BR-381/MG;Norte;Outros;1;1;;;;;1
26/02/2013;11:42:00;269;com vítima;649,9;BR-381/MG;Norte;Colisão Traseira;1;1;1;;;;1
26/02/2013;06:09:00;93;sem vítima;721;BR-381/MG;Norte;Tombamento;1;1;;;;;1
26/02/2013;23:13:00;623;com vítima;773,7;BR-381/MG;Sul;Tombamento;1;2;1;;;;1
26/02/2013;12:14:00;286;sem vítima;873;BR-381/MG;Norte;Saida de Pista;1;1;;;;;1
27/02/2013;18:21:00;513;sem vítima;41;BR-381/SP;Norte;Engavetamento;1;3;;;;;1
27/02/2013;17:47:00;492;sem vítima;491;BR-381/MG;Sul;Colisão Traseira;1;2;;;;;1
27/02/2013;07:03:00;130;com vítima;574;BR-381/MG;Sul;Tombamento;1;0;1;;;;1
27/02/2013;09:21:00;214;sem vítima;949,8;BR-381/MG;Sul;Colisão Traseira;2;2;;;;;1
28/02/2013;05:31:00;84;com vítima;1;BR-381/SP;Norte;Colisão Traseira;1;2;;;;1;3
28/02/2013;18:36:00;538;sem vítima;55;BR-381/SP;Norte;Colisão Lateral;1;2;;;;;1
28/02/2013;00:03:00;10;com vítima;58;BR-381/SP;Sul;Choque - Veiculo parado na pista;1;1;1;;;;1
28/02/2013;02:29:00;46;com vítima;68;BR-381/SP;Norte;Tombamento;1;0;;1;;;2
28/02/2013;11:44:00;284;sem vítima;478,7;BR-381/MG;Sul;Colisão Lateral;1;2;;;;;1
28/02/2013;18:26:00;532;sem vítima;516;BR-381/MG;Norte;Outros - Sequência;2;2;;;;;1
28/02/2013;20:12:00;603;sem vítima;541;BR-381/MG;Norte;Colisão Traseira;1;2;;;;;1
28/02/2013;00:42:00;21;com vítima;766;BR-381/MG;Norte;Outros - Sequência;2;1;1;;;;1
28/02/2013;10:11:00;229;sem vítima;768;BR-381/MG;Norte;Colisão Traseira;2;2;;;;;1
28/02/2013;22:47:00;665;com vítima;819;BR-381/MG;Norte;Outros - Sequência;1;0;1;;;;1
01/03/2013;08:26:00;171;sem vítima;58;BR-381/SP;Sul;Engavetamento;2;3;;;;;1
01/03/2013;09:52:00;223;com vítima;65;BR-381/SP;Sul;Colisão Lateral;1;1;2;;;;1
01/03/2013;02:13:00;48;sem vítima;66,6;BR-381/SP;Sul;Colisão Transversal;2;2;;;;;1
01/03/2013;12:07:00;290;com vítima;68,5;BR-381/SP;Norte;Tombamento;1;0;1;;;;1
01/03/2013;17:11:00;439;sem vítima;478;BR-381/MG;Norte;Colisão Lateral;1;2;;;;;1
01/03/2013;06:39:00;115;sem vítima;486;BR-381/MG;Norte;Engavetamento;1;3;;;;;1
01/03/2013;21:13:00;585;sem vítima;492;BR-381/MG;Sul;Colisão Traseira;1;2;;;;;1
01/03/2013;13:53:00;324;sem vítima;494,5;BR-381/MG;Norte;Engavetamento;1;5;;;;;1
01/03/2013;07:13:00;133;sem vítima;524,8;BR-381/MG;Sul;Colisão Traseira;2;2;;;;;1
01/03/2013;14:39:00;351;sem vítima;562;BR-381/MG;Sul;Outros - Sequência;1;1;;;;;1
01/03/2013;08:03:00;156;com vítima;597,7;BR-381/MG;Norte;Colisão Traseira;2;1;;;1;;2
01/03/2013;13:50:00;323;com vítima;649,1;BR-381/MG;Sul;Colisão Lateral;1;1;2;;;;1
01/03/2013;00:34:00;10;com vítima;763;BR-381/MG;Sul;Tombamento;1;0;1;;;;1
01/03/2013;21:44:00;599;com vítima;885,9;BR-381/MG;Norte;Saida de Pista;1;0;1;;;;1
01/03/2013;11:09:00;261;com vítima;921;BR-381/MG;Sul;Tombamento;1;0;;2;;;2
01/03/2013;11:48:00;280;com vítima;921;BR-381/MG;Sul;Colisão Lateral;2;1;1;;;;1
01/03/2013;05:30:00;98;com vítima;946,5;BR-381/MG;Norte;Tombamento;1;0;1;;;;1
02/03/2013;03:50:00;88;sem vítima;727,9;BR-381/MG;Sul;Saida de Pista;1;1;;;;;1
02/03/2013;14:10:00;375;sem vítima;818,5;BR-381/MG;Sul;Outros;1;1;;;;;1
02/03/2013;07:45:00;168;sem vítima;847,5;BR-381/MG;Sul;Colisão Traseira;1;2;;;;;1
02/03/2013;07:42:00;167;com vítima;940,7;BR-381/MG;Norte;Tombamento;1;0;1;;;;1
03/03/2013;22:39:00;569;sem vítima;485;BR-381/MG;Sul;Outros - Sequência;1;3;;;;;1
03/03/2013;16:17:00;374;sem vítima;646;BR-381/MG;Sul;Colisão Lateral;1;2;;;;;1
03/03/2013;19:59:00;500;sem vítima;898,9;BR-381/MG;Norte;Colisão Lateral;1;2;;;;;1
04/03/2013;18:52:00;517;sem vítima;71;BR-381/SP;Sul;Colisão Lateral;1;2;;;;;1
04/03/2013;17:14:00;450;com vítima;478,7;BR-381/MG;Norte;Choque - Defensa, barreira ou "submarino";1;0;1;;;;1
04/03/2013;10:00:00;191;sem vítima;494;BR-381/MG;Sul;Engavetamento;2;3;;;;;1
04/03/2013;11:17:00;237;com vítima;494,8;BR-381/MG;Sul;Engavetamento;2;4;1;;;;1
04/03/2013;17:50:00;477;sem vítima;705;BR-381/MG;Sul;Tombamento;1;1;;;;;1
05/03/2013;19:07:00;596;sem vítima;486;BR-381/MG;Norte;Outros - Sequência;1;2;;;;;1
05/03/2013;23:56:00;701;sem vítima;669,8;BR-381/MG;Norte;Saida de Pista;1;1;;;;;1
05/03/2013;20:55:00;635;sem vítima;739,1;BR-381/MG;Norte;Outros;1;2;;;;;1
05/03/2013;16:14:00;491;sem vítima;924,3;BR-381/MG;Norte;Outros;1;1;;;;;1
05/03/2013;07:24:00;136;com vítima;929,8;BR-381/MG;Sul;Tombamento;1;0;1;;;;1
06/03/2013;01:28:00;37;sem vítima;58;BR-381/SP;Sul;Colisão Traseira;1;2;;;;;1