data;horario;n_da_ocorrencia;tipo_de_ocorrencia;km;trecho;sentido;tipo_de_acidente;caminhao;ilesos;levemente_feridos;moderadamente_feridos;gravemente_feridos;mortos;3
06/03/2013;17:36:00;497;com vítima;74,5;BR-381/SP;Norte;Tombamento;1;0;;;1;;2
06/03/2013;10:04:00;249;sem vítima;80;BR-381/SP;Sul;Colisão Traseira;1;2;;;;;1
06/03/2013;11:26:00;302;sem vítima;484,5;BR-381/MG;Norte;Colisão Traseira;1;2;;;;;1
06/03/2013;10:50:00;281;sem vítima;489;BR-381/MG;Norte;Colisão Lateral;2;2;;;;;1
06/03/2013;14:32:00;398;sem vítima;521;BR-381/MG;Sul;Engavetamento;3;5;;;;;1
06/03/2013;08:36:00;177;sem vítima;690;BR-381/MG;Sul;Colisão Traseira;2;2;;;;;1
06/03/2013;23:52:00;639;sem vítima;901;BR-381/MG;Norte;Atropelamento de Animal;1;1;;;;;1
07/03/2013;23:04:00;731;sem vítima;20;BR-381/SP;Sul;Outros;1;1;;;;;1
07/03/2013;19:54:00;663;com vítima;30,1;BR-381/SP;Sul;Colisão Lateral;1;2;2;;;;1
07/03/2013;00:13:00;9;sem vítima;60;BR-381/SP;Sul;Tombamento;1;1;;;;;1
07/03/2013;12:22:00;343;sem vítima;88,9;BR-381/SP;Norte;Outros - Sequência;1;2;;;;;1
07/03/2013;14:56:00;448;sem vítima;491;BR-381/MG;Norte;Colisão Lateral;1;2;;;;;1
07/03/2013;18:25:00;588;sem vítima;524,6;BR-381/MG;Norte;Outros - Sequência;1;2;;;;;1
07/03/2013;19:30:00;633;sem vítima;558;BR-381/MG;Sul;Colisão Lateral;1;2;;;;;1
07/03/2013;02:01:00;42;sem vítima;603,5;BR-381/MG;Sul;Outros - Sequência;1;1;;;;;1
07/03/2013;23:33:00;741;com vítima;632,6;BR-381/MG;Norte;Outros - Sequência;1;0;3;;;;1
07/03/2013;12:25:00;345;com vítima;748;BR-381/MG;Sul;Colisão Traseira;1;2;;1;;;2
07/03/2013;08:32:00;206;sem vítima;840,8;BR-381/MG;Sul;Colisão Traseira;1;2;;;;;1
07/03/2013;08:21:00;191;sem vítima;841,4;BR-381/MG;Sul;Colisão Traseira;2;2;;;;;1
07/03/2013;06:22:00;106;sem vítima;849;BR-381/MG;Norte;Tombamento;1;1;;;;;1
07/03/2013;02:17:00;45;sem vítima;874,3;BR-381/MG;Sul;Saida de Pista;1;1;;;;;1
07/03/2013;20:41:00;686;sem vítima;923,6;BR-381/MG;Sul;Outros - Sequência;1;6;;;;;1
07/03/2013;15:44:00;471;sem vítima;925,5;BR-381/MG;Norte;Outros;1;1;;;;;1
08/03/2013;16:03:00;492;sem vítima;61,4;BR-381/SP;Sul;Tombamento;1;1;;;;;1
08/03/2013;13:14:00;388;sem vítima;75;BR-381/SP;Sul;Colisão Traseira;1;2;;;;;1
08/03/2013;11:31:00;328;sem vítima;495;BR-381/MG;Sul;Colisão Lateral;1;2;;;;;1
08/03/2013;07:27:00;144;com vítima;546;BR-381/MG;Norte;Colisão Traseira;1;1;1;;;;1
08/03/2013;16:30:00;516;sem vítima;557,1;BR-381/MG;Norte;Colisão Transversal;1;2;;;;;1
08/03/2013;21:15:00;672;sem vítima;595,5;BR-381/MG;Sul;Outros - Sequência;1;2;;;;;1
08/03/2013;18:45:00;596;com vítima;603,5;BR-381/MG;Norte;Atropelamento - Usuário;1;2;;1;;;2
08/03/2013;05:20:00;88;com vítima;641,8;BR-381/MG;Sul;Outros;1;1;1;;;;1
08/03/2013;11:42:00;336;sem vítima;850;BR-381/MG;Norte;Colisão Traseira;2;3;;;;;1
08/03/2013;03:28:00;59;sem vítima;891,2;BR-381/MG;Norte;Choque - Elemento de Drenagem;1;1;;;;;1
08/03/2013;14:03:00;413;sem vítima;925,9;BR-381/MG;Norte;Tombamento;1;1;;;;;1
08/03/2013;14:14:00;421;sem vítima;932,6;BR-381/MG;Norte;Outros;1;1;;;;;1
08/03/2013;14:33:00;434;sem vítima;935,3;BR-381/MG;Norte;Outros - Sequência;1;1;;;;;1
08/03/2013;21:09:00;668;sem vítima;948;BR-381/MG;Norte;Colisão Traseira;2;2;;;;;1
08/03/2013;13:11:00;385;com vítima;949;BR-381/MG;Norte;Colisão Traseira;1;1;1;;;;1
09/03/2013;07:44:00;178;sem vítima;491;BR-381/MG;Sul;Colisão Traseira;1;2;;;;;1
09/03/2013;10:11:00;265;com vítima;525,6;BR-381/MG;Sul;Tombamento;2;1;1;;;;1
09/03/2013;15:47:00;423;sem vítima;525,8;BR-381/MG;Sul;Outros;1;1;;;;;1
09/03/2013;03:26:00;92;sem vítima;532;BR-381/MG;Norte;Tombamento;1;1;;;;;1
09/03/2013;06:30:00;139;sem vítima;597;BR-381/MG;Norte;Colisão Traseira;2;2;;;;;1
09/03/2013;19:58:00;553;sem vítima;774,7;BR-381/MG;Norte;Tombamento;1;1;;;;;1
09/03/2013;15:09:00;401;sem vítima;876;BR-381/MG;Norte;Choque - Defensa, barreira ou "submarino";1;1;;;;;1
09/03/2013;13:28:00;346;sem vítima;907;BR-381/MG;Norte;Outros - Sequência;1;1;;;;;1
09/03/2013;07:38:00;174;sem vítima;910;BR-381/MG;Norte;Colisão Traseira;2;2;;;;;1
09/03/2013;15:06:00;399;com vítima;930;BR-381/MG;Sul;Outros - Sequência;1;2;1;;;;1
10/03/2013;20:28:00;489;sem vítima;491,8;BR-381/MG;Norte;Colisão Lateral;1;2;;;;;1
10/03/2013;20:16:00;481;com vítima;496,8;BR-381/MG;Norte;Atropelamento - Sem Informação;1;1;;;;1;3
10/03/2013;18:01:00;401;sem vítima;516,8;BR-381/MG;Norte;Choque - Defensa, barreira ou "submarino";1;1;;;;;1
10/03/2013;07:41:00;122;sem vítima;517;BR-381/MG;Norte;Outros - Sequência;1;4;;;;;1
10/03/2013;02:40:00;50;sem vítima;648,9;BR-381/MG;Sul;Outros - Sequência;1;1;;;;;1
10/03/2013;16:44:00;368;sem vítima;722,1;BR-381/MG;Norte;Outros - Sequência;1;3;;;;;1
10/03/2013;23:13:00;564;sem vítima;737,5;BR-381/MG;Sul;Colisão Traseira;1;3;;;;;1
11/03/2013;20:22:00;556;sem vítima;65,5;BR-381/SP;Norte;Choque - Cancela de Pedagio;1;1;;;;;1
11/03/2013;05:23:00;72;com vítima;482,5;BR-381/MG;Norte;Engavetamento;1;2;1;1;;;2
11/03/2013;17:17:00;458;com vítima;507,1;BR-381/MG;Norte;Choque - Outros;1;0;1;;;;1
11/03/2013;19:02:00;509;sem vítima;601;BR-381/MG;Sul;Colisão Traseira;2;2;;;;;1
11/03/2013;09:48:00;205;sem vítima;601,5;BR-381/MG;Norte;Colisão Lateral;1;2;;;;;1
11/03/2013;05:30:00;76;sem vítima;826;BR-381/MG;Norte;Capotamento;1;2;;;;;1
11/03/2013;19:01:00;508;com vítima;863;BR-381/MG;Norte;Outros - Sequência;1;1;1;;;;1
11/03/2013;07:56:00;133;com vítima;940,8;BR-381/MG;Norte;Tombamento;1;0;2;1;;;2
12/03/2013;10:40:00;259;sem vítima;65,5;BR-381/SP;Norte;Colisão Traseira;1;2;;;;;1
12/03/2013;11:16:00;286;sem vítima;483,7;BR-381/MG;Norte;Colisão Lateral;1;2;;;;;1
12/03/2013;04:23:00;65;sem vítima;494;BR-381/MG;Sul;Outros - Sequência;1;2;;;;;1
12/03/2013;18:15:00;549;com vítima;495;BR-381/MG;Sul;Engavetamento;1;3;1;;;;1
12/03/2013;13:33:00;363;com vítima;561;BR-381/MG;Sul;Colisão Traseira;2;1;1;;;;1
12/03/2013;16:26:00;482;com vítima;739,8;BR-381/MG;Sul;Outros - Sequência;1;2;2;;;;1
12/03/2013;15:55:00;457;sem vítima;748,5;BR-381/MG;Norte;Saida de Pista;1;1;;;;;1
12/03/2013;15:42:00;444;sem vítima;802;BR-381/MG;Sul;Saida de Pista;1;1;;;;;1
12/03/2013;16:03:00;464;sem vítima;856;BR-381/MG;Norte;Outros;1;1;;;;;1
12/03/2013;07:08:00;115;com vítima;867,7;BR-381/MG;Norte;Colisão Traseira;2;1;;1;;;2
13/03/2013;08:24:00;165;sem vítima;89;BR-381/SP;Sul;Colisão Traseira;2;2;;;;;1
13/03/2013;08:50:00;181;sem vítima;89;BR-381/SP;Sul;Colisão Lateral;1;2;;;;;1
13/03/2013;10:08:00;250;sem vítima;89,5;BR-381/SP;Sul;Colisão Lateral;1;2;;;;;1
13/03/2013;18:12:00;549;sem vítima;483,2;BR-381/MG;Norte;Colisão Traseira;1;2;;;;;1
13/03/2013;10:59:00;291;com vítima;488,3;BR-381/MG;Sul;Tombamento;1;0;1;;;;1
13/03/2013;15:17:00;444;sem vítima;514;BR-381/MG;Sul;Colisão Traseira;2;2;;;;;1
13/03/2013;21:23:00;624;sem vítima;516;BR-381/MG;Norte;Choque - Talude;1;1;;;;;1
13/03/2013;09:30:00;209;sem vítima;519,1;BR-381/MG;Norte;Choque - Talude;1;1;;;;;1
13/03/2013;06:42:00;107;sem vítima;533,4;BR-381/MG;Norte;Choque - Defensa, barreira ou "submarino";1;1;;;;;1
13/03/2013;01:46:00;34;com vítima;803;BR-381/MG;Sul;Tombamento;1;0;1;;;;1
13/03/2013;11:32:00;315;sem vítima;805;BR-381/MG;Norte;Colisão Lateral;1;2;;;;;1
13/03/2013;06:51:00;115;sem vítima;849;BR-381/MG;Norte;Tombamento;1;1;;;;;1
13/03/2013;01:05:00;24;sem vítima;907;BR-381/MG;Norte;Outros - Sequência;1;1;;;;;1
14/03/2013;05:19:00;80;com vítima;62;BR-381/SP;Sul;Colisão Traseira;1;2;1;;;;1
14/03/2013;06:51:00;111;sem vítima;478,4;BR-381/MG;Norte;Colisão Traseira;1;2;;;;;1
14/03/2013;13:13:00;351;sem vítima;487,8;BR-381/MG;Sul;Colisão Lateral;1;2;;;;;1
14/03/2013;20:16:00;599;sem vítima;593;BR-381/MG;Norte;Colisão Lateral;1;3;;;;;1
14/03/2013;00:39:00;22;sem vítima;805;BR-381/MG;Norte;Colisão Lateral;2;2;;;;;1
14/03/2013;23:24:00;661;com vítima;907;BR-381/MG;Norte;Outros - Sequência;1;0;1;;;;1
15/03/2013;18:48:00;629;sem vítima;50;BR-381/SP;Norte;Engavetamento;3;6;;;;;1
15/03/2013;07:48:00;159;sem vítima;66,7;BR-381/SP;Sul;Colisão Traseira;2;2;;;;;1
15/03/2013;17:04:00;470;sem vítima;478,4;BR-381/MG;Norte;Colisão Traseira;1;2;;;;;1
15/03/2013;17:15:00;482;com vítima;543;BR-381/MG;Norte;Outros - Sequência;2;1;1;;;;1
16/03/2013;00:01:00;13;sem vítima;24;BR-381/SP;Norte;Outros - Sequência;2;2;;;;;1
16/03/2013;10:58:00;250;sem vítima;33,6;BR-381/SP;Norte;Colisão Traseira;1;2;;;;;1
16/03/2013;08:32:00;174;sem vítima;695,3;BR-381/MG;Norte;Colisão Traseira;2;3;;;;;1
17/03/2013;20:12:00;457;com vítima;19;BR-381/SP;Norte;Outros - Sequência;1;3;;1;1;;2
17/03/2013;15:20:00;306;com vítima;36;BR-381/SP;Norte;Choque - Talude;1;0;1;;;;1
17/03/2013;15:00:00;299;sem vítima;75;BR-381/SP;Norte;Outros - Sequência;1;3;;;;;1
17/03/2013;12:20:00;210;sem vítima;481;BR-381/MG;Sul;Colisão Lateral;1;2;;;;;1
17/03/2013;09:39:00;141;sem vítima;499;BR-381/MG;Sul;Colisão Traseira;1;2;;;;;1
17/03/2013;21:57:00;499;sem vítima;532;BR-381/MG;Norte;Choque - Defensa, barreira ou "submarino";2;2;;;;;1
18/03/2013;22:47:00;515;sem vítima;15,7;BR-381/SP;Sul;Saida de Pista;1;1;;;;;1
18/03/2013;08:10:00;124;sem vítima;47;BR-381/SP;Norte;Colisão Lateral;1;2;;;;;1
18/03/2013;06:34:00;78;sem vítima;66,7;BR-381/SP;Sul;Colisão Traseira;2;2;;;;;1
18/03/2013;06:31:00;73;sem vítima;85,5;BR-381/SP;Sul;Colisão Traseira;1;2;;;;;1
18/03/2013;15:45:00;338;sem vítima;484,7;BR-381/MG;Norte;Colisão Traseira;2;2;;;;;1
18/03/2013;06:16:00;69;com vítima;533,4;BR-381/MG;Norte;Outros - Sequência;1;4;2;;;;1
18/03/2013;16:53:00;365;sem vítima;545,5;BR-381/MG;Sul;Tombamento;1;1;;;;;1
18/03/2013;10:42:00;206;sem vítima;562;BR-381/MG;Norte;Colisão Lateral;1;2;;;;;1
18/03/2013;07:37:00;109;sem vítima;609;BR-381/MG;Norte;Colisão Lateral;1;2;;;;;1
18/03/2013;23:32:00;528;com vítima;771;BR-381/MG;Sul;Outros - Sequência;1;0;2;;;;1
18/03/2013;06:45:00;83;com vítima;929,9;BR-381/MG;Sul;Tombamento;1;0;1;;;;1
19/03/2013;04:53:00;63;com vítima;485,6;BR-381/MG;Sul;Outros - Sequência;1;1;1;;;;1
19/03/2013;09:24:00;185;com vítima;587,05;BR-381/MG;Sul;Colisão Traseira;1;1;2;;;;1
19/03/2013;09:14:00;176;sem vítima;850;BR-381/MG;Norte;Colisão Traseira;2;2;;;;;1
19/03/2013;03:08:00;48;sem vítima;874;BR-381/MG;Sul;Outros - Sequência;1;1;;;;;1
19/03/2013;13:37:00;335;sem vítima;921,1;BR-381/MG;Norte;Choque - Defensa, barreira ou "submarino";1;1;;;;;1
19/03/2013;15:21:00;382;sem vítima;936,2;BR-381/MG;Norte;Colisão Traseira;1;2;;;;;1
20/03/2013;22:12:00;566;com vítima;36,6;BR-381/SP;Sul;Colisão Traseira;1;1;1;;;;1
20/03/2013;14:23:00;339;sem vítima;50;BR-381/SP;Sul;Colisão Traseira;1;2;;;;;1
20/03/2013;13:47:00;326;sem vítima;73,3;BR-381/SP;Norte;Tombamento;1;1;;;;;1
20/03/2013;13:22:00;315;sem vítima;484,7;BR-381/MG;Sul;Outros - Sequência;2;2;;;;;1
20/03/2013;11:38:00;271;sem vítima;559,3;BR-381/MG;Sul;Colisão Lateral;2;2;;;;;1
20/03/2013;10:39:00;247;sem vítima;560;BR-381/MG;Norte;Colisão Traseira;2;2;;;;;1
20/03/2013;13:47:00;327;com vítima;728,4;BR-381/MG;Norte;Tombamento;1;0;;;1;;2
20/03/2013;01:53:00;36;sem vítima;802,3;BR-381/MG;Norte;Colisão Traseira;2;2;;;;;1
20/03/2013;17:32:00;443;sem vítima;812,5;BR-381/MG;Norte;Colisão Traseira;1;2;;;;;1
20/03/2013;10:12:00;233;sem vítima;836,3;BR-381/MG;Sul;Tombamento;1;1;;;;;1
21/03/2013;09:15:00;196;sem vítima;32,6;BR-381/SP;Sul;Colisão Traseira;1;2;;;;;1
21/03/2013;07:38:00;130;sem vítima;37,9;BR-381/SP;Sul;Colisão Traseira;2;2;;;;;1
21/03/2013;22:18:00;617;sem vítima;58,2;BR-381/SP;Sul;Colisão Traseira;2;2;;;;;1
21/03/2013;16:14:00;424;com vítima;478,9;BR-381/MG;Sul;Outros - Sequência;1;1;1;;;;1
21/03/2013;16:48:00;443;sem vítima;479,2;BR-381/MG;Sul;Colisão Traseira;1;2;;;;;1
21/03/2013;02:20:00;47;com vítima;486,2;BR-381/MG;Sul;Outros - Sequência;1;1;1;;;;1
21/03/2013;13:23:00;332;com vítima;496;BR-381/MG;Sul;Outros - Sequência;2;2;2;;;;1
21/03/2013;07:08:00;111;sem vítima;523,5;BR-381/MG;Norte;Colisão Traseira;1;2;;;;;1
21/03/2013;19:51:00;553;sem vítima;628,5;BR-381/MG;Norte;Outros - Sequência;1;2;;;;;1
21/03/2013;02:41:00;49;com vítima;704,3;BR-381/MG;Norte;Outros - Sequência;1;1;1;;;;1
21/03/2013;11:32:00;279;sem vítima;712,5;BR-381/MG;Norte;Outros - Sequência;1;2;;;;;1
21/03/2013;19:04:00;528;com vítima;728,1;BR-381/MG;Sul;Outros;1;3;1;;;;1
21/03/2013;01:28:00;39;sem vítima;777,1;BR-381/MG;Sul;Colisão Traseira;2;2;;;;;1
21/03/2013;20:53:00;587;sem vítima;822;BR-381/MG;Norte;Outros;1;1;;;;;1
21/03/2013;07:07:00;108;com vítima;899,7;BR-381/MG;Sul;Outros - Sequência;1;1;1;;;;1
21/03/2013;09:08:00;193;sem vítima;926;BR-381/MG;Norte;Colisão Frontal;1;2;;;;;1
22/03/2013;08:40:00;212;sem vítima;9;BR-381/SP;Norte;Tombamento;1;3;;;;;1
22/03/2013;22:21:00;673;sem vítima;524,65;BR-381/MG;Sul;Choque - Defensa, barreira ou "submarino";1;1;;;;;1
22/03/2013;19:41:00;609;sem vítima;540;BR-381/MG;Norte;Outros - Sequência;1;1;;;;;1
22/03/2013;06:30:00;106;sem vítima;570;BR-381/MG;Norte;Outros - Sequência;1;1;;;;;1
22/03/2013;14:29:00;417;sem vítima;589,3;BR-381/MG;Norte;Colisão Traseira;1;2;;;;;1
22/03/2013;20:40:00;640;sem vítima;601,5;BR-381/MG;Sul;Colisão Traseira;2;2;;;;;1
22/03/2013;22:14:00;668;sem vítima;640,5;BR-381/MG;Sul;Outros - Sequência;1;1;;;;;1
22/03/2013;04:51:00;82;com vítima;673,2;BR-381/MG;Sul;Outros - Sequência;1;0;1;;;;1
22/03/2013;06:54:00;125;com vítima;774;BR-381/MG;Sul;Tombamento;1;0;1;;;;1
22/03/2013;02:48:00;54;com vítima;853,5;BR-381/MG;Norte;Colisão Traseira;1;1;1;;;;1
23/03/2013;07:40:00;142;sem vítima;22;BR-381/SP;Norte;Colisão Traseira;1;2;;;;;1
23/03/2013;12:12:00;287;com vítima;491,9;BR-381/MG;Sul;Outros - Sequência;1;2;1;;;;1
23/03/2013;08:23:00;167;sem vítima;529,6;BR-381/MG;Norte;Tombamento;1;1;;;;;1
23/03/2013;08:38:00;176;sem vítima;735;BR-381/MG;Sul;Choque - Outros;1;1;;;;;1
24/03/2013;15:23:00;322;sem vítima;486;BR-381/MG;Sul;Colisão Traseira;1;2;;;;;1
24/03/2013;20:21:00;491;com vítima;536,8;BR-381/MG;Sul;Outros - Sequência;1;1;1;;1;;2
24/03/2013;14:48:00;306;sem vítima;540;BR-381/MG;Norte;Outros - Sequência;1;1;;;;;1
24/03/2013;23:57:00;571;sem vítima;545,7;BR-381/MG;Norte;Colisão Traseira;2;2;;;;;1
24/03/2013;11:03:00;206;com vítima;601,4;BR-381/MG;Norte;Outros - Sequência;1;0;1;;;;1
24/03/2013;17:47:00;409;sem vítima;697,5;BR-381/MG;Norte;Colisão Traseira;1;2;;;;;1
24/03/2013;23:48:00;570;sem vítima;842,5;BR-381/MG;Sul;Colisão Lateral;1;2;;;;;1
25/03/2013;07:41:00;113;sem vítima;23,5;BR-381/SP;Sul;Colisão Traseira;1;2;;;;;1
25/03/2013;21:20:00;539;sem vítima;61;BR-381/SP;Norte;Outros;2;2;;;;;1
25/03/2013;11:09:00;248;com vítima;85,5;BR-381/SP;Norte;Colisão Lateral;1;1;1;;;;1
25/03/2013;10:54:00;240;sem vítima;89,5;BR-381/SP;Sul;Colisão Traseira;1;2;;;;;1
25/03/2013;10:11:00;208;sem vítima;488,3;BR-381/MG;Norte;Engavetamento;2;3;;;;;1
25/03/2013;16:01:00;384;com vítima;497,8;BR-381/MG;Sul;Colisão Lateral;1;1;1;;;;1
25/03/2013;12:15:00;273;sem vítima;500;BR-381/MG;Norte;Engavetamento;1;3;;;;;1
25/03/2013;23:20:00;581;com vítima;560,8;BR-381/MG;Norte;Colisão Traseira;2;1;1;;;;1
25/03/2013;05:56:00;67;sem vítima;835,7;BR-381/MG;Sul;Outros - Sequência;2;2;;;;;1
25/03/2013;07:52:00;123;sem vítima;929,9;BR-381/MG;Sul;Tombamento;1;1;;;;;1
26/03/2013;16:20:00;397;sem vítima;69,9;BR-381/SP;Sul;Choque - Defensa, barreira ou "submarino";1;1;;;;;1
26/03/2013;17:01:00;425;sem vítima;486,7;BR-381/MG;Norte;Colisão Traseira;1;2;;;;;1
26/03/2013;09:00:00;162;sem vítima;496,5;BR-381/MG;Norte;Colisão Lateral;1;2;;;;;1
26/03/2013;19:45:00;515;sem vítima;521,9;BR-381/MG;Sul;Colisão Traseira;1;2;;;;;1
26/03/2013;15:09:00;344;sem vítima;540;BR-381/MG;Norte;Colisão Traseira;2;2;;;;;1
26/03/2013;15:45:00;384;sem vítima;540;BR-381/MG;Norte;Colisão Lateral;1;2;;;;;1
26/03/2013;19:55:00;519;sem vítima;579;BR-381/MG;Sul;Choque - Elemento de Drenagem;1;2;;;;;1
26/03/2013;19:39:00;512;sem vítima;580;BR-381/MG;Sul;Colisão Traseira;2;2;;;;;1
26/03/2013;19:58:00;521;com vítima;593,7;BR-381/MG;Norte;Tombamento;1;0;1;;;;1
26/03/2013;06:28:00;90;sem vítima;677,9;BR-381/MG;Sul;Colisão Lateral;1;2;;;;;1
26/03/2013;09:03:00;164;sem vítima;720;BR-381/MG;Norte;Tombamento;1;1;;;;;1
26/03/2013;08:54:00;159;sem vítima;929,4;BR-381/MG;Sul;Colisão Traseira;1;2;;;;;1
26/03/2013;07:53:00;130;sem vítima;935,2;BR-381/MG;Sul;Colisão Traseira;3;6;;;;;1
26/03/2013;13:27:00;287;sem vítima;949,9;BR-381/MG;Sul;Colisão Lateral;1;2;;;;;1
27/03/2013;05:38:00;96;sem vítima;16,5;BR-381/SP;Sul;Choque - Defensa, barreira ou "submarino";1;1;;;;;1
27/03/2013;17:41:00;538;sem vítima;65,7;BR-381/SP;Norte;Choque - Cancela de Pedagio;1;1;;;;;1
27/03/2013;14:09:00;381;com vítima;726,8;BR-381/MG;Norte;Outros - Sequência;1;2;3;;;;1
27/03/2013;20:29:00;637;com vítima;755;BR-381/MG;Norte;Outros - Sequência;2;1;2;;;;1
27/03/2013;06:13:00;106;sem vítima;805,95;BR-381/MG;Norte;Outros - Sequência;1;2;;;;;1
27/03/2013;05:45:00;99;sem vítima;830;BR-381/MG;Norte;Saida de Pista;1;1;;;;;1
28/03/2013;22:02:00;691;sem vítima;27;BR-381/SP;Sul;Colisão Traseira;2;2;;;;;1
28/03/2013;07:57:00;182;com vítima;74,8;BR-381/SP;Norte;Tombamento;1;0;1;1;;;2
28/03/2013;13:59:00;404;sem vítima;90;BR-381/SP;Sul;Colisão Traseira;2;2;;;;;1
28/03/2013;07:32:00;163;sem vítima;490,7;BR-381/MG;Norte;Choque - Elemento de Drenagem;1;1;;;;;1
28/03/2013;10:20:00;273;sem vítima;496;BR-381/MG;Norte;Engavetamento;3;5;;;;;1
28/03/2013;18:16:00;563;sem vítima;521,3;BR-381/MG;Sul;Choque - Talude;1;1;;;;;1
28/03/2013;01:49:00;55;sem vítima;587;BR-381/MG;Sul;Outros - Sequência;1;1;;;;;1
28/03/2013;04:06:00;99;sem vítima;698,5;BR-381/MG;Sul;Tombamento;1;2;;;;;1
28/03/2013;13:12:00;371;sem vítima;742,1;BR-381/MG;Norte;Outros - Sequência;1;3;;;;;1
28/03/2013;05:08:00;106;sem vítima;767,3;BR-381/MG;Sul;Colisão Traseira;2;2;;;;;1
28/03/2013;03:09:00;83;sem vítima;844;BR-381/MG;Norte;Choque - Outros;1;1;;;;;1
28/03/2013;21:12:00;676;sem vítima;881;BR-381/MG;Sul;Choque - Outros;1;1;;;;;1
30/03/2013;19:47:00;330;sem vítima;42,6;BR-381/SP;Norte;Outros - Sequência;1;7;;;;;1
30/03/2013;12:40:00;168;com vítima;521,5;BR-381/MG;Norte;Outros - Sequência;2;2;1;;;;1
30/03/2013;23:14:00;394;sem vítima;564;BR-381/MG;Sul;Outros - Sequência;1;2;;;;;1
31/03/2013;23:26:00;573;com vítima;18;BR-381/SP;Sul;Colisão Traseira;1;1;3;2;;;2
31/03/2013;19:30:00;468;com vítima;540,5;BR-381/MG;Norte;Engavetamento;3;7;1;;;;1
31/03/2013;18:55:00;445;sem vítima;702,9;BR-381/MG;Sul;Tombamento;1;1;;;;;1
31/03/2013;22:24:00;548;com vítima;768;BR-381/MG;Sul;Choque - Talude;1;1;1;;;;1
31/03/2013;20:03:00;483;com vítima;936;BR-381/MG;Norte;Colisão Transversal;1;2;3;;;;1
01/04/2013;22:21:00;632;com vítima;40;BR-381/SP;Sul;Atropelamento - Sem Informação;1;1;;;;1;3
01/04/2013;03:22:00;58;sem vítima;51;BR-381/SP;Sul;Colisão Traseira;2;2;;;;;1
01/04/2013;16:39:00;439;sem vítima;61;BR-381/SP;Norte;Colisão Traseira;1;2;;;;;1
01/04/2013;10:05:00;213;sem vítima;66;BR-381/SP;Sul;Colisão Lateral;1;2;;;;;1
01/04/2013;19:23:00;556;sem vítima;478;BR-381/MG;Norte;Engavetamento;1;4;;;;;1
01/04/2013;10:27:00;228;sem vítima;481;BR-381/MG;Sul;Engavetamento;2;3;;;;;1
01/04/2013;05:21:00;78;sem vítima;497,8;BR-381/MG;Norte;Engavetamento;3;3;;;;;1
01/04/2013;18:32:00;528;sem vítima;626;BR-381/MG;Sul;Colisão Traseira;1;2;;;;;1
01/04/2013;04:24:00;70;sem vítima;748,8;BR-381/MG;Norte;Tombamento;1;1;;;;;1
02/04/2013;13:13:00;359;sem vítima;22,6;BR-381/SP;Norte;Outros - Sequência;1;2;;;;;1
02/04/2013;15:56:00;458;sem vítima;490,9;BR-381/MG;Norte;Colisão Lateral;1;2;;;;;1
02/04/2013;19:00:00;568;sem vítima;524;BR-381/MG;Sul;Colisão Traseira;2;2;;;;;1
02/04/2013;05:32:00;89;com vítima;556,8;BR-381/MG;Norte;Colisão Traseira;1;2;;2;;;2
02/04/2013;13:09:00;357;sem vítima;775;BR-381/MG;Sul;Outros;1;1;;;;;1
02/04/2013;15:21:00;438;sem vítima;809;BR-381/MG;Sul;Colisão Traseira;1;2;;;;;1
02/04/2013;15:26:00;441;com vítima;885;BR-381/MG;Sul;Choque - Defensa, barreira ou "submarino";1;1;1;;;;1
02/04/2013;15:16:00;435;sem vítima;908;BR-381/MG;Norte;Choque - Defensa, barreira ou "submarino";1;1;;;;;1
02/04/2013;00:23:00;13;sem vítima;914;BR-381/MG;Norte;Outros - Sequência;1;2;;;;;1
03/04/2013;22:30:00;559;com vítima;0,8;BR-381/SP;Norte;Outros - Sequência;2;1;;1;;;2
03/04/2013;07:55:00;152;sem vítima;7;BR-381/SP;Norte;Colisão Traseira;1;2;;;;;1
03/04/2013;20:12:00;501;sem vítima;488,7;BR-381/MG;Sul;Engavetamento;1;3;;;;;1
03/04/2013;16:42:00;411;com vítima;494,8;BR-381/MG;Sul;Engavetamento;2;3;;1;1;;2
03/04/2013;09:56:00;220;sem vítima;586,9;BR-381/MG;Norte;Colisão Traseira;2;2;;;;;1
03/04/2013;23:57:00;591;sem vítima;746;BR-381/MG;Sul;Colisão Traseira;2;2;;;;;1
03/04/2013;07:56:00;153;sem vítima;748,8;BR-381/MG;Norte;Outros - Sequência;1;1;;;;;1
03/04/2013;23:01:00;570;sem vítima;756;BR-381/MG;Norte;Tombamento;1;1;;;;;1
03/04/2013;04:34:00;83;sem vítima;826;BR-381/MG;Sul;Outros - Sequência;1;1;;;;;1
03/04/2013;13:41:00;321;com vítima;878;BR-381/MG;Norte;Colisão Traseira;1;0;3;;;;1
03/04/2013;16:12:00;404;sem vítima;881;BR-381/MG;Norte;Colisão Traseira;1;2;;;;;1
03/04/2013;14:57:00;363;sem vítima;908;BR-381/MG;Norte;Tombamento;1;1;;;;;1
03/04/2013;16:08:00;398;com vítima;934,3;BR-381/MG;Norte;Tombamento;1;0;;;1;;2
04/04/2013;14:03:00;362;sem vítima;11,7;BR-381/SP;Sul;Colisão Traseira;2;2;;;;;1
04/04/2013;08:46:00;195;sem vítima;494;BR-381/MG;Sul;Outros - Sequência;2;4;;;;;1
04/04/2013;22:36:00;616;sem vítima;494;BR-381/MG;Norte;Colisão Lateral;1;2;;;;;1
04/04/2013;13:56:00;360;sem vítima;541,3;BR-381/MG;Sul;Tombamento;1;1;;;;;1
04/04/2013;15:50:00;412;sem vítima;558,1;BR-381/MG;Sul;Choque - Talude;1;1;;;;;1