data;horario;n_da_ocorrencia;tipo_de_ocorrencia;km;trecho;sentido;tipo_de_acidente;caminhao;ilesos;levemente_feridos;moderadamente_feridos;gravemente_feridos;mortos;3
04/04/2013;07:58:00;168;sem vítima;597,6;BR-381/MG;Norte;Colisão Traseira;2;3;;;;;1
04/04/2013;08:23:00;188;com vítima;888,7;BR-381/MG;Norte;Tombamento;1;0;2;1;;;2
05/04/2013;01:44:00;48;com vítima;24,5;BR-381/SP;Norte;Colisão Traseira;2;1;;1;;;2
05/04/2013;17:26:00;470;sem vítima;53;BR-381/SP;Sul;Outros;1;2;;;;;1
05/04/2013;09:22:00;214;sem vítima;73,5;BR-381/SP;Sul;Colisão Traseira;1;2;;;;;1
05/04/2013;20:50:00;602;com vítima;77,8;BR-381/SP;Norte;Outros - Sequência;2;2;;1;;;2
05/04/2013;22:30:00;641;com vítima;490,1;BR-381/MG;Norte;Outros - Sequência;1;2;;1;;;2
05/04/2013;07:54:00;165;sem vítima;491,8;BR-381/MG;Norte;Colisão Lateral;1;2;;;;;1
05/04/2013;17:17:00;466;sem vítima;494,6;BR-381/MG;Norte;Choque - Defensa, barreira ou "submarino";1;1;;;;;1
05/04/2013;12:49:00;321;sem vítima;494,8;BR-381/MG;Sul;Engavetamento;1;4;;;;;1
05/04/2013;08:50:00;196;sem vítima;505;BR-381/MG;Sul;Outros - Sequência;1;1;;;;;1
05/04/2013;04:48:00;83;sem vítima;517,4;BR-381/MG;Norte;Outros - Sequência;1;2;;;;;1
05/04/2013;00:06:00;20;sem vítima;540,2;BR-381/MG;Sul;Colisão Traseira;2;2;;;;;1
05/04/2013;14:30:00;358;sem vítima;541,9;BR-381/MG;Sul;Outros - Sequência;1;1;;;;;1
05/04/2013;22:57:00;650;com vítima;646,4;BR-381/MG;Sul;Tombamento;1;0;;1;;;2
05/04/2013;05:52:00;104;sem vítima;658,1;BR-381/MG;Norte;Saida de Pista;1;1;;;;;1
05/04/2013;12:43:00;320;com vítima;721;BR-381/MG;Sul;Outros - Sequência;2;1;1;;;;1
05/04/2013;12:40:00;319;com vítima;729,5;BR-381/MG;Sul;Outros - Sequência;2;4;1;;;;1
05/04/2013;14:01:00;348;sem vítima;735,5;BR-381/MG;Sul;Colisão Traseira;1;2;;;;;1
05/04/2013;16:18:00;430;sem vítima;867;BR-381/MG;Sul;Colisão Traseira;1;2;;;;;1
06/04/2013;19:42:00;448;com vítima;86;BR-381/SP;Norte;Atropelamento - Outros;1;1;;1;;;2
06/04/2013;18:20:00;431;sem vítima;494,6;BR-381/MG;Norte;Colisão Lateral;1;2;;;;;1
06/04/2013;14:53:00;333;com vítima;497,8;BR-381/MG;Norte;Outros - Sequência;1;1;1;;;;1
06/04/2013;13:22:00;291;com vítima;512,1;BR-381/MG;Norte;Colisão Traseira;1;2;2;;;;1
06/04/2013;13:39:00;300;sem vítima;660,1;BR-381/MG;Norte;Colisão Traseira;1;2;;;;;1
06/04/2013;06:44:00;116;sem vítima;716;BR-381/MG;Sul;Colisão Traseira;1;2;;;;;1
06/04/2013;07:14:00;131;sem vítima;734,5;BR-381/MG;Norte;Choque - Defensa, barreira ou "submarino";1;1;;;;;1
06/04/2013;11:10:00;235;com vítima;925;BR-381/MG;Sul;Tombamento;1;0;1;;;;1
06/04/2013;10:03:00;207;com vítima;929,8;BR-381/MG;Sul;Outros;1;0;1;;;;1
06/04/2013;11:32:00;248;com vítima;940,5;BR-381/MG;Norte;Outros - Sequência;2;2;1;;;;1
07/04/2013;15:35:00;281;sem vítima;503,9;BR-381/MG;Norte;Engavetamento;1;3;;;;;1
07/04/2013;17:07:00;334;sem vítima;805,1;BR-381/MG;Sul;Colisão Traseira;2;2;;;;;1
08/04/2013;08:42:00;147;com vítima;484,7;BR-381/MG;Sul;Engavetamento;1;4;2;;;;1
08/04/2013;13:02:00;241;sem vítima;486;BR-381/MG;Norte;Colisão Traseira;1;2;;;;;1
08/04/2013;06:39:00;74;sem vítima;491;BR-381/MG;Norte;Colisão Traseira;1;2;;;;;1
08/04/2013;14:39:00;280;sem vítima;499;BR-381/MG;Sul;Engavetamento;3;4;;;;;1
08/04/2013;23:37:00;576;sem vítima;534;BR-381/MG;Sul;Outros - Sequência;1;1;;;;;1
08/04/2013;08:38:00;144;com vítima;667,7;BR-381/MG;Sul;Tombamento;1;0;1;;;;1
08/04/2013;08:30:00;138;com vítima;737;BR-381/MG;Sul;Colisão Traseira;1;1;;;1;;2
08/04/2013;19:10:00;466;sem vítima;765,5;BR-381/MG;Norte;Outros - Sequência;1;2;;;;;1
08/04/2013;11:08:00;200;sem vítima;791,7;BR-381/MG;Norte;Outros - Sequência;1;1;;;;;1
08/04/2013;02:01:00;27;sem vítima;888;BR-381/MG;Norte;Atropelamento de Animal;1;1;;;;;1
08/04/2013;08:49:00;148;com vítima;935;BR-381/MG;Norte;Tombamento;1;0;1;;;;1
09/04/2013;07:26:00;120;sem vítima;84,5;BR-381/SP;Sul;Colisão Lateral;1;2;;;;;1
09/04/2013;19:55:00;538;sem vítima;86,5;BR-381/SP;Norte;Colisão Traseira;1;2;;;;;1
09/04/2013;10:42:00;249;sem vítima;612,2;BR-381/MG;Norte;Colisão Lateral;1;2;;;;;1
09/04/2013;20:57:00;571;sem vítima;760;BR-381/MG;Sul;Outros - Sequência;1;2;;;;;1
09/04/2013;20:49:00;565;sem vítima;843;BR-381/MG;Sul;Colisão Traseira;2;2;;;;;1
10/04/2013;07:18:00;130;com vítima;84,3;BR-381/SP;Sul;Colisão Lateral;1;1;1;;;;1
10/04/2013;08:48:00;179;sem vítima;478,5;BR-381/MG;Norte;Colisão Lateral;1;2;;;;;1
10/04/2013;19:00:00;530;sem vítima;484;BR-381/MG;Norte;Colisão Traseira;1;2;;;;;1
11/04/2013;16:47:00;422;sem vítima;52,5;BR-381/SP;Sul;Engavetamento;1;4;;;;;1
11/04/2013;08:06:00;139;com vítima;480,5;BR-381/MG;Norte;Colisão Lateral;1;1;1;;;;1
11/04/2013;04:08:00;58;sem vítima;587;BR-381/MG;Norte;Outros - Sequência;1;1;;;;;1
11/04/2013;20:10:00;528;sem vítima;770,3;BR-381/MG;Sul;Choque - Elemento de Drenagem;1;1;;;;;1
11/04/2013;23:54:00;620;sem vítima;864;BR-381/MG;Sul;Tombamento;1;1;;;;;1
11/04/2013;18:35:00;481;com vítima;912,6;BR-381/MG;Norte;;1;1;;1;;;2
12/04/2013;07:17:00;136;sem vítima;24,3;BR-381/SP;Sul;Tombamento;1;1;;;;;1
12/04/2013;10:29:00;235;sem vítima;33;BR-381/SP;Norte;Engavetamento;1;3;;;;;1
12/04/2013;14:55:00;371;sem vítima;86;BR-381/SP;Norte;Colisão Lateral;2;2;;;;;1
12/04/2013;06:00:00;95;sem vítima;478,4;BR-381/MG;Norte;Outros - Sequência;1;2;;;;;1
12/04/2013;15:07:00;380;sem vítima;480,1;BR-381/MG;Norte;Engavetamento;1;3;;;;;1
12/04/2013;10:03:00;219;sem vítima;524;BR-381/MG;Sul;Choque - Defensa, barreira ou "submarino";1;1;;;;;1
12/04/2013;15:21:00;390;sem vítima;526,9;BR-381/MG;Sul;Outros - Sequência;2;4;;;;;1
12/04/2013;09:17:00;202;com vítima;528,2;BR-381/MG;Sul;Tombamento;1;0;;1;;;2
12/04/2013;03:22:00;54;sem vítima;568,9;BR-381/MG;Norte;Colisão Traseira;2;2;;;;;1
12/04/2013;04:05:00;60;sem vítima;609;BR-381/MG;Norte;Colisão Traseira;1;2;;;;;1
12/04/2013;10:44:00;243;sem vítima;678;BR-381/MG;Norte;Colisão Lateral;1;2;;;;;1
12/04/2013;10:16:00;224;sem vítima;718;BR-381/MG;Norte;Outros - Sequência;1;1;;;;;1
12/04/2013;19:53:00;544;com vítima;734;BR-381/MG;Norte;Outros - Sequência;2;3;1;1;;;2
12/04/2013;21:34:00;594;sem vítima;734;BR-381/MG;Norte;Colisão Lateral;1;2;;;;;1
12/04/2013;05:03:00;79;com vítima;766;BR-381/MG;Sul;Colisão Traseira;1;2;1;;;;1
12/04/2013;04:42:00;71;sem vítima;796;BR-381/MG;Norte;Outros - Sequência;1;1;;;;;1
12/04/2013;22:23:00;613;sem vítima;805;BR-381/MG;Norte;Colisão Lateral;1;2;;;;;1
12/04/2013;17:57:00;491;com vítima;874;BR-381/MG;Sul;Colisão Traseira;1;1;;1;;;2
12/04/2013;10:41:00;242;com vítima;888;BR-381/MG;Norte;Tombamento;1;0;1;;;;1
12/04/2013;02:04:00;38;sem vítima;949,9;BR-381/MG;Sul;Colisão Traseira;2;2;;;;;1
13/04/2013;19:12:00;518;sem vítima;18;BR-381/SP;Sul;Tombamento;1;1;;;;;1
13/04/2013;20:31:00;545;sem vítima;27,5;BR-381/SP;Norte;Outros - Sequência;1;2;;;;;1
13/04/2013;15:13:00;402;sem vítima;76,5;BR-381/SP;Sul;Colisão Traseira;1;2;;;;;1
13/04/2013;10:11:00;239;sem vítima;481;BR-381/MG;Sul;Colisão Traseira;2;2;;;;;1
13/04/2013;14:53:00;389;sem vítima;511,9;BR-381/MG;Norte;Colisão Frontal;2;2;;;;;1
13/04/2013;11:34:00;282;com vítima;618;BR-381/MG;Norte;Choque - Defensa, barreira ou "submarino";1;0;;1;;;2
14/04/2013;20:07:00;383;com vítima;89,8;BR-381/SP;Sul;Outros - Sequência;1;2;4;;;;1
14/04/2013;05:17:00;58;com vítima;558;BR-381/MG;Norte;Colisão Traseira;1;2;2;;;;1
14/04/2013;23:25:00;445;com vítima;664,2;BR-381/MG;Sul;Engavetamento;2;6;4;;;;1
14/04/2013;22:20:00;424;sem vítima;719,3;BR-381/MG;Sul;Outros - Sequência;1;1;;;;;1
14/04/2013;20:00:00;381;sem vítima;825,5;BR-381/MG;Norte;Colisão Traseira;1;2;;;;;1
15/04/2013;23:02:00;509;sem vítima;0,2;BR-381/SP;Sul;Colisão Lateral;2;2;;;;;1
15/04/2013;22:46:00;503;sem vítima;10,4;BR-381/SP;Sul;Colisão Traseira;2;2;;;;;1
15/04/2013;10:53:00;216;com vítima;477,2;BR-381/MG;Norte;Engavetamento;3;3;2;;;;1
15/04/2013;15:48:00;352;com vítima;507;BR-381/MG;Sul;Colisão Lateral;1;1;1;;;;1
15/04/2013;21:26:00;485;sem vítima;531,8;BR-381/MG;Norte;Tombamento;1;1;;;;;1
15/04/2013;11:14:00;225;sem vítima;760,9;BR-381/MG;Sul;Choque - Elemento de Drenagem;1;1;;;;;1
15/04/2013;06:53:00;92;sem vítima;805;BR-381/MG;Sul;Colisão Traseira;1;2;;;;;1
15/04/2013;10:13:00;198;com vítima;854;BR-381/MG;Norte;Outros - Sequência;1;3;1;;;;1
16/04/2013;17:06:00;462;com vítima;479;BR-381/MG;Norte;Colisão Traseira;1;1;1;;;;1
16/04/2013;17:10:00;464;sem vítima;488,9;BR-381/MG;Norte;Colisão Lateral;1;2;;;;;1
16/04/2013;12:42:00;308;sem vítima;490;BR-381/MG;Sul;Colisão Traseira;2;3;;;;;1
16/04/2013;09:02:00;187;sem vítima;493,9;BR-381/MG;Sul;Outros - Sequência;1;2;;;;;1
16/04/2013;14:52:00;369;sem vítima;566,3;BR-381/MG;Sul;Colisão Traseira;1;2;;;;;1
16/04/2013;20:59:00;589;sem vítima;706;BR-381/MG;Norte;Colisão Traseira;1;2;;;;;1
16/04/2013;10:43:00;254;sem vítima;890;BR-381/MG;Sul;Colisão Traseira;1;2;;;;;1
17/04/2013;08:28:00;159;sem vítima;12;BR-381/SP;Sul;Engavetamento;1;3;;;;;1
17/04/2013;06:54:00;102;sem vítima;494,9;BR-381/MG;Sul;Engavetamento;1;3;;;;;1
17/04/2013;11:37:00;273;com vítima;495;BR-381/MG;Norte;Outros - Sequência;1;1;2;;;;1
17/04/2013;04:07:00;68;com vítima;495,3;BR-381/MG;Norte;Colisão Traseira;2;1;2;;;;1
17/04/2013;17:33:00;493;com vítima;524,2;BR-381/MG;Sul;Tombamento;1;0;1;;;;1
17/04/2013;20:22:00;568;com vítima;546,5;BR-381/MG;Norte;Outros - Sequência;2;0;2;;;;1
17/04/2013;22:51:00;630;sem vítima;601;BR-381/MG;Sul;Colisão Traseira;1;2;;;;;1
17/04/2013;00:59:00;27;com vítima;632;BR-381/MG;Sul;Outros - Sequência;1;1;1;;;;1
17/04/2013;21:40:00;602;com vítima;641,2;BR-381/MG;Sul;Colisão Traseira;2;0;2;;;;1
17/04/2013;22:16:00;619;sem vítima;709;BR-381/MG;Sul;Outros - Sequência;1;1;;;;;1
17/04/2013;04:22:00;71;com vítima;772;BR-381/MG;Norte;Tombamento;1;0;1;;;;1
17/04/2013;21:06:00;589;sem vítima;870;BR-381/MG;Norte;Colisão Traseira;2;2;;;;;1
18/04/2013;15:25:00;372;sem vítima;567,7;BR-381/MG;Norte;Colisão Traseira;2;2;;;;;1
18/04/2013;07:35:00;139;sem vítima;658;BR-381/MG;Norte;Choque - Cancela de Pedagio;1;1;;;;;1
19/04/2013;14:43:00;400;com vítima;59;BR-381/SP;Norte;Tombamento;1;0;1;1;;;2
19/04/2013;17:58:00;531;sem vítima;65,7;BR-381/SP;Norte;Colisão Traseira;1;2;;;;;1
19/04/2013;05:59:00;125;com vítima;482,9;BR-381/MG;Sul;Outros - Sequência;4;3;2;1;1;;2
19/04/2013;05:23:00;113;com vítima;483,8;BR-381/MG;Norte;Engavetamento;2;4;1;;;;1
19/04/2013;13:49:00;378;com vítima;487,4;BR-381/MG;Norte;Outros - Sequência;3;3;2;;;;1
19/04/2013;18:44:00;561;sem vítima;492;BR-381/MG;Sul;Colisão Lateral;1;2;;;;;1
19/04/2013;18:02:00;535;sem vítima;496,5;BR-381/MG;Sul;Choque - Elemento de Drenagem;1;1;;;;;1
19/04/2013;20:23:00;618;sem vítima;502;BR-381/MG;Sul;Outros - Sequência;2;3;;;;;1
19/04/2013;07:52:00;185;com vítima;622,3;BR-381/MG;Norte;Colisão Lateral;2;1;1;;;;1
20/04/2013;17:36:00;403;sem vítima;65,7;BR-381/SP;Norte;Engavetamento;1;3;;;;;1
20/04/2013;15:05:00;327;sem vítima;481;BR-381/MG;Sul;Engavetamento;1;3;;;;;1
20/04/2013;18:45:00;439;com vítima;499,3;BR-381/MG;Norte;Colisão Traseira;1;2;1;;;;1
20/04/2013;07:40:00;128;sem vítima;586,8;BR-381/MG;Sul;Colisão Lateral;1;2;;;;;1
20/04/2013;01:08:00;33;sem vítima;734;BR-381/MG;Norte;Colisão Lateral;1;6;;;;;1
20/04/2013;03:36:00;58;sem vítima;736,7;BR-381/MG;Norte;Colisão Traseira;1;2;;;;;1
20/04/2013;08:15:00;142;sem vítima;934,6;BR-381/MG;Sul;Tombamento;1;1;;;;;1
21/04/2013;22:55:00;574;sem vítima;0,3;BR-381/SP;Sul;Colisão Traseira;2;2;;;;;1
21/04/2013;23:02:00;582;sem vítima;21;BR-381/SP;Sul;Outros - Sequência;1;2;;;;;1
21/04/2013;16:34:00;358;com vítima;42;BR-381/SP;Norte;Outros;1;3;3;;;;1
21/04/2013;14:51:00;296;sem vítima;493,5;BR-381/MG;Norte;Colisão Traseira;1;2;;;;;1
21/04/2013;17:29:00;392;com vítima;529,8;BR-381/MG;Norte;Colisão Traseira;1;2;1;;;;1
21/04/2013;23:08:00;585;sem vítima;579;BR-381/MG;Norte;Colisão Traseira;1;3;;;;;1
21/04/2013;13:53:00;275;com vítima;593,4;BR-381/MG;Norte;Colisão Traseira;1;0;3;;;;1
21/04/2013;20:05:00;499;com vítima;692;BR-381/MG;Sul;Outros - Sequência;2;4;1;;;;1
21/04/2013;15:32:00;318;sem vítima;735;BR-381/MG;Sul;Colisão Traseira;1;2;;;;;1
21/04/2013;23:34:00;594;sem vítima;824;BR-381/MG;Norte;Saida de Pista;1;2;;;;;1
21/04/2013;20:07:00;500;sem vítima;899;BR-381/MG;Norte;Outros;1;2;;;;;1
21/04/2013;17:01:00;369;sem vítima;900,8;BR-381/MG;Norte;Colisão Traseira;1;2;;;;;1
22/04/2013;16:38:00;461;sem vítima;34,8;BR-381/SP;Sul;Colisão Lateral;1;1;;;;;1
22/04/2013;08:45:00;190;sem vítima;482,2;BR-381/MG;Norte;Colisão Traseira;1;2;;;;;1
22/04/2013;10:10:00;231;sem vítima;658;BR-381/MG;Sul;Colisão Traseira;1;2;;;;;1
22/04/2013;08:44:00;189;sem vítima;846,6;BR-381/MG;Sul;Colisão Traseira;2;4;;;;;1
22/04/2013;11:40:00;283;sem vítima;874,4;BR-381/MG;Sul;Colisão Transversal;1;2;;;;;1
22/04/2013;11:36:00;281;com vítima;913;BR-381/MG;Sul;Tombamento;1;0;2;;;;1
23/04/2013;18:43:00;504;sem vítima;478,8;BR-381/MG;Norte;Colisão Lateral;1;2;;;;;1
23/04/2013;13:43:00;315;sem vítima;489;BR-381/MG;Norte;Colisão Traseira;1;2;;;;;1
23/04/2013;15:08:00;371;com vítima;525;BR-381/MG;Sul;Choque - Defensa, barreira ou "submarino";1;0;1;;;;1
23/04/2013;12:11:00;274;sem vítima;561;BR-381/MG;Sul;Choque - Defensa, barreira ou "submarino";1;1;;;;;1
23/04/2013;09:12:00;181;sem vítima;597,5;BR-381/MG;Norte;Colisão Traseira;2;2;;;;;1
23/04/2013;06:30:00;101;com vítima;637,8;BR-381/MG;Sul;Atropelamento - Ciclista;1;1;1;;;;1
23/04/2013;23:48:00;607;sem vítima;674;BR-381/MG;Norte;Outros - Sequência;1;10;;;;;1
23/04/2013;14:49:00;357;com vítima;722,9;BR-381/MG;Sul;Tombamento;1;0;1;;;;1
23/04/2013;06:55:00;117;com vítima;723;BR-381/MG;Sul;Outros - Sequência;1;1;1;;;;1
23/04/2013;17:57:00;481;sem vítima;731,7;BR-381/MG;Sul;Colisão Lateral;2;3;;;;;1
23/04/2013;11:38:00;262;sem vítima;735;BR-381/MG;Norte;Colisão Lateral;1;2;;;;;1
23/04/2013;08:52:00;174;sem vítima;809,6;BR-381/MG;Sul;Outros;1;1;;;;;1
24/04/2013;16:09:00;396;sem vítima;492;BR-381/MG;Norte;Colisão Traseira;1;2;;;;;1
24/04/2013;17:53:00;456;sem vítima;726;BR-381/MG;Norte;Colisão Traseira;1;2;;;;;1
24/04/2013;20:15:00;529;sem vítima;760,3;BR-381/MG;Sul;Colisão Lateral;1;2;;;;;1
24/04/2013;18:52:00;490;sem vítima;840;BR-381/MG;Norte;Colisão Traseira;1;2;;;;;1
25/04/2013;22:24:00;611;sem vítima;8,8;BR-381/SP;Norte;Colisão Traseira;1;2;;;;;1
25/04/2013;06:27:00;93;com vítima;48;BR-381/SP;Sul;Tombamento;1;0;1;;;;1
25/04/2013;17:42:00;481;sem vítima;65,7;BR-381/SP;Norte;Colisão Traseira;1;2;;;;;1
25/04/2013;13:26:00;310;sem vítima;88;BR-381/SP;Norte;Engavetamento;1;2;;;;;1
25/04/2013;00:30:00;8;sem vítima;483,7;BR-381/MG;Sul;Outros - Sequência;1;3;;;;;1
25/04/2013;08:40:00;160;com vítima;489,6;BR-381/MG;Sul;Atropelamento - Outros;1;1;1;;;;1
25/04/2013;17:24:00;469;sem vítima;496,3;BR-381/MG;Sul;Colisão Traseira;1;2;;;;;1
25/04/2013;08:34:00;155;sem vítima;597;BR-381/MG;Norte;Colisão Traseira;2;2;;;;;1
25/04/2013;19:00:00;518;sem vítima;658;BR-381/MG;Norte;Colisão Traseira;2;2;;;;;1
25/04/2013;22:42:00;622;com vítima;674,3;BR-381/MG;Sul;Outros - Sequência;1;0;1;;;;1
25/04/2013;08:26:00;149;com vítima;721;BR-381/MG;Norte;Tombamento;1;0;;1;;;2
25/04/2013;05:39:00;75;sem vítima;725,2;BR-381/MG;Sul;Colisão Traseira;1;2;;;;;1
25/04/2013;22:34:00;617;sem vítima;738,9;BR-381/MG;Sul;Tombamento;1;1;;;;;1
26/04/2013;11:07:00;271;com vítima;32,8;BR-381/SP;Norte;Choque - Defensa, barreira ou "submarino";1;0;;;1;;2
26/04/2013;06:41:00;115;sem vítima;83;BR-381/SP;Norte;Colisão Lateral;1;2;;;;;1
26/04/2013;14:43:00;365;sem vítima;482,8;BR-381/MG;Sul;Saida de Pista;1;1;;;;;1
26/04/2013;16:42:00;449;sem vítima;484,2;BR-381/MG;Sul;Colisão Traseira;1;2;;;;;1
26/04/2013;13:16:00;325;sem vítima;494,5;BR-381/MG;Norte;Colisão Traseira;1;2;;;;;1
26/04/2013;20:44:00;592;sem vítima;495,3;BR-381/MG;Norte;Colisão Lateral;1;2;;;;;1
26/04/2013;14:00:00;343;sem vítima;516,8;BR-381/MG;Norte;Choque - Talude;1;1;;;;;1
27/04/2013;06:40:00;106;sem vítima;6;BR-381/SP;Norte;Colisão Traseira;1;2;;;;;1
27/04/2013;09:19:00;183;sem vítima;487;BR-381/MG;Norte;Outros - Sequência;1;2;;;;;1
27/04/2013;09:09:00;174;com vítima;510,5;BR-381/MG;Norte;Outros - Sequência;2;3;1;;;;1
27/04/2013;09:17:00;181;com vítima;511;BR-381/MG;Norte;Outros;2;2;1;;;;1
27/04/2013;05:00:00;85;sem vítima;627,7;BR-381/MG;Sul;Colisão Traseira;2;2;;;;;1
27/04/2013;01:10:00;28;sem vítima;766;BR-381/MG;Sul;Colisão Traseira;1;2;;;;;1
27/04/2013;11:08:00;234;com vítima;892,8;BR-381/MG;Norte;Colisão Traseira;2;0;3;;;;1
27/04/2013;06:28:00;103;com vítima;907,2;BR-381/MG;Norte;Tombamento;1;0;;1;;;2
28/04/2013;16:26:00;312;sem vítima;22;BR-381/SP;Norte;Colisão Lateral;1;2;;;;;1
28/04/2013;01:17:00;27;com vítima;24,5;BR-381/SP;Sul;Outros - Sequência;1;0;1;;;;1
28/04/2013;18:59:00;417;sem vítima;584;BR-381/MG;Sul;Outros - Sequência;1;3;;;;;1
29/04/2013;14:26:00;345;sem vítima;12,8;BR-381/SP;Sul;Colisão Lateral;1;2;;;;;1
29/04/2013;09:28:00;197;sem vítima;81;BR-381/SP;Norte;;1;1;;;;;1
29/04/2013;17:40:00;475;com vítima;496,3;BR-381/MG;Sul;Colisão Lateral;1;2;2;;;;1
29/04/2013;15:48:00;400;sem vítima;506;BR-381/MG;Norte;Choque - Talude;1;1;;;;;1
29/04/2013;18:50:00;518;sem vítima;527;BR-381/MG;Norte;Colisão Lateral;1;2;;;;;1
29/04/2013;08:34:00;163;sem vítima;550;BR-381/MG;Norte;Choque - Talude;1;1;;;;;1
29/04/2013;06:56:00;107;com vítima;644,2;BR-381/MG;Sul;Tombamento;1;0;1;;;;1
29/04/2013;23:05:00;620;com vítima;889,7;BR-381/MG;Sul;Capotamento;1;0;;;;1;3
30/04/2013;07:59:00;146;sem vítima;33,5;BR-381/SP;Sul;Choque - Talude;1;1;;;;;1
30/04/2013;19:33:00;562;sem vítima;39;BR-381/SP;Sul;Colisão Lateral;1;2;;;;;1
30/04/2013;12:00:00;286;sem vítima;61;BR-381/SP;Sul;Outros - Sequência;1;3;;;;;1
30/04/2013;18:23:00;519;sem vítima;63;BR-381/SP;Sul;Tombamento;1;1;;;;;1
30/04/2013;11:02:00;258;sem vítima;66,5;BR-381/SP;Norte;Colisão Lateral;1;2;;;;;1
30/04/2013;13:50:00;354;com vítima;86;BR-381/SP;Norte;Atropelamento - Sem Informação;1;1;;;1;;2
30/04/2013;08:35:00;167;sem vítima;478,5;BR-381/MG;Norte;Colisão Lateral;1;2;;;;;1
30/04/2013;04:06:00;59;sem vítima;733,5;BR-381/MG;Norte;Colisão Traseira;2;2;;;;;1
30/04/2013;22:08:00;620;sem vítima;907,3;BR-381/MG;Norte;Tombamento;1;1;;;;;1
30/04/2013;08:10:00;151;sem vítima;924,5;BR-381/MG;Sul;Tombamento;1;6;;;;;1
01/05/2013;04:36:00;68;sem vítima;86,1;BR-381/SP;Sul;Colisão Traseira;1;2;;;;;1
01/05/2013;12:02:00;247;com vítima;488,1;BR-381/MG;Sul;Colisão Traseira;1;1;;1;;;2
01/05/2013;20:16:00;476;com vítima;830,2;BR-381/MG;Norte;Atropelamento - Sem Informação;1;1;;;1;;2
01/05/2013;23:54:00;533;sem vítima;856;BR-381/MG;Sul;Atropelamento de Animal;1;1;;;;;1
01/05/2013;13:41:00;283;com vítima;873,7;BR-381/MG;Norte;Tombamento;1;0;1;;;;1
01/05/2013;02:03:00;38;sem vítima;921,8;BR-381/MG;Norte;Outros - Sequência;1;1;;;;;1
02/05/2013;08:58:00;172;sem vítima;66;BR-381/SP;Sul;Colisão Traseira;1;2;;;;;1
02/05/2013;06:19:00;73;sem vítima;481,8;BR-381/MG;Sul;Engavetamento;1;3;;;;;1
02/05/2013;18:23:00;440;com vítima;491,3;BR-381/MG;Norte;Engavetamento;1;4;2;;;;1
02/05/2013;16:28:00;382;com vítima;521,6;BR-381/MG;Sul;Tombamento;1;0;1;;;;1
02/05/2013;03:24:00;41;sem vítima;595,4;BR-381/MG;Norte;Outros - Sequência;1;2;;;;;1
02/05/2013;19:57:00;484;sem vítima;847,8;BR-381/MG;Sul;Tombamento;1;1;;;;;1
02/05/2013;16:49:00;393;sem vítima;900,9;BR-381/MG;Sul;Colisão Traseira;1;2;;;;;1
03/05/2013;13:52:00;331;sem vítima;36;BR-381/SP;Norte;Engavetamento;1;3;;;;;1
03/05/2013;16:20:00;435;sem vítima;41;BR-381/SP;Norte;Colisão Traseira;1;2;;;;;1
03/05/2013;15:19:00;384;sem vítima;45;BR-381/SP;Norte;Engavetamento;1;3;;;;;1
03/05/2013;13:01:00;310;sem vítima;494;BR-381/MG;Sul;Colisão Lateral;1;2;;;;;1
03/05/2013;03:55:00;61;sem vítima;502;BR-381/MG;Norte;Colisão Traseira;1;2;;;;;1
03/05/2013;05:25:00;90;sem vítima;602;BR-381/MG;Norte;Colisão Traseira;2;2;;;;;1
03/05/2013;23:39:00;650;com vítima;678,1;BR-381/MG;Sul;Colisão Traseira;2;1;1;1;;;2
03/05/2013;10:27:00;223;com vítima;690;BR-381/MG;Norte;Colisão Traseira;1;4;1;;;;1
03/05/2013;14:32:00;350;sem vítima;692;BR-381/MG;Norte;Colisão Lateral;2;2;;;;;1
03/05/2013;06:00:00;94;com vítima;923,1;BR-381/MG;Sul;Choque - Defensa, barreira ou "submarino";1;0;1;;;;1
03/05/2013;01:06:00;31;sem vítima;925;BR-381/MG;Sul;Choque - Defensa, barreira ou "submarino";1;1;;;;;1
03/05/2013;12:19:00;296;com vítima;925,4;BR-381/MG;Norte;Tombamento;1;0;1;;;;1
03/05/2013;22:57:00;637;sem vítima;940,2;BR-381/MG;Norte;Colisão Lateral;1;2;;;;;1
03/05/2013;21:13:00;596;sem vítima;941;BR-381/MG;Norte;Choque - Defensa, barreira ou "submarino";1;1;;;;;1
04/05/2013;10:30:00;244;sem vítima;66,7;BR-381/SP;Sul;Colisão Traseira;1;2;;;;;1
04/05/2013;01:50:00;40;com vítima;523,9;BR-381/MG;Sul;Colisão Traseira;2;1;;1;;;2
04/05/2013;05:36:00;90;com vítima;594,3;BR-381/MG;Norte;Tombamento;1;0;1;;;;1
04/05/2013;08:18:00;170;sem vítima;599,5;BR-381/MG;Norte;Outros - Sequência;2;4;;;;;1
04/05/2013;04:31:00;65;sem vítima;644;BR-381/MG;Sul;Choque - Elemento de Drenagem;1;1;;;;;1
05/05/2013;18:51:00;422;sem vítima;24;BR-381/SP;Sul;Colisão Traseira;2;3;;;;;1
05/05/2013;12:57:00;226;com vítima;559;BR-381/MG;Norte;Tombamento;1;0;1;;;;1
06/05/2013;09:10:00;153;sem vítima;36,5;BR-381/SP;Sul;Outros - Sequência;3;3;;;;;1
06/05/2013;18:33:00;480;sem vítima;43,1;BR-381/SP;Norte;Engavetamento;1;3;;;;;1
06/05/2013;06:07:00;72;sem vítima;69;BR-381/SP;Sul;Colisão Lateral;1;2;;;;;1
06/05/2013;04:08:00;45;com vítima;513,2;BR-381/MG;Norte;Colisão Lateral;2;1;1;;;;1
06/05/2013;11:34:00;232;com vítima;616,8;BR-381/MG;Sul;Outros - Sequência;1;3;1;;;;1
06/05/2013;07:43:00;111;sem vítima;846;BR-381/MG;Sul;Colisão Lateral;1;2;;;;;1