data;horario;n_da_ocorrencia;tipo_de_ocorrencia;km;trecho;sentido;tipo_de_acidente;caminhao;ilesos;levemente_feridos;moderadamente_feridos;gravemente_feridos;mortos;3
06/05/2013;03:17:00;41;sem vítima;851,1;BR-381/MG;Sul;Choque - Defensa, barreira ou "submarino";1;1;;;;;1
06/05/2013;04:19:00;46;com vítima;905;BR-381/MG;Sul;Outros - Sequência;1;0;1;;;;1
07/05/2013;09:45:00;221;sem vítima;15,8;BR-381/SP;Sul;Engavetamento;3;3;;;;;1
07/05/2013;08:20:00;151;sem vítima;514;BR-381/MG;Sul;Colisão Lateral;1;2;;;;;1
07/05/2013;21:28:00;615;sem vítima;525,5;BR-381/MG;Sul;Colisão Traseira;2;2;;;;;1
07/05/2013;07:20:00;120;com vítima;526,8;BR-381/MG;Norte;Tombamento;1;0;1;;;1;3
07/05/2013;16:13:00;436;sem vítima;796;BR-381/MG;Norte;Colisão Traseira;1;2;;;;;1
07/05/2013;03:52:00;58;sem vítima;925,6;BR-381/MG;Sul;Colisão Traseira;1;2;;;;;1
08/05/2013;13:54:00;387;sem vítima;85;BR-381/SP;Norte;Engavetamento;1;3;;;;;1
08/05/2013;07:51:00;133;sem vítima;480;BR-381/MG;Norte;Colisão Traseira;1;2;;;;;1
08/05/2013;09:54:00;223;sem vítima;526;BR-381/MG;Sul;Colisão Traseira;1;2;;;;;1
08/05/2013;15:24:00;441;sem vítima;603;BR-381/MG;Sul;Outros - Sequência;1;2;;;;;1
08/05/2013;07:05:00;102;com vítima;645,1;BR-381/MG;Sul;Outros - Sequência;1;0;;;;1;3
08/05/2013;17:10:00;509;sem vítima;731;BR-381/MG;Norte;Saida de Pista;1;1;;;;;1
08/05/2013;05:22:00;76;sem vítima;847,3;BR-381/MG;Sul;Outros - Sequência;1;1;;;;;1
08/05/2013;06:00:00;79;sem vítima;847,3;BR-381/MG;Norte;Choque - Outros;1;1;;;;;1
09/05/2013;17:02:00;475;sem vítima;481;BR-381/MG;Norte;Colisão Traseira;1;2;;;;;1
09/05/2013;14:38:00;385;sem vítima;493,8;BR-381/MG;Sul;Colisão Lateral;1;2;;;;;1
09/05/2013;07:15:00;140;sem vítima;495;BR-381/MG;Norte;Outros - Sequência;1;2;;;;;1
09/05/2013;11:33:00;289;sem vítima;508,8;BR-381/MG;Norte;Outros - Sequência;2;3;;;;;1
09/05/2013;11:33:00;560;sem vítima;508,8;BR-381/MG;Norte;Colisão Traseira;2;2;;;;;1
09/05/2013;03:31:00;72;sem vítima;539,5;BR-381/MG;Sul;Outros - Sequência;1;1;;;;;1
09/05/2013;06:44:00;125;sem vítima;558;BR-381/MG;Norte;Colisão Traseira;2;2;;;;;1
09/05/2013;07:52:00;161;sem vítima;789;BR-381/MG;Norte;Outros - Sequência;2;3;;;;;1
09/05/2013;15:21:00;411;sem vítima;850,2;BR-381/MG;Norte;Outros - Sequência;2;3;;;;;1
09/05/2013;11:39:00;294;com vítima;880,3;BR-381/MG;Sul;Outros;1;0;;1;;;2
09/05/2013;12:35:00;323;sem vítima;933;BR-381/MG;Sul;Outros - Sequência;1;1;;;;;1
10/05/2013;23:42:00;675;sem vítima;30;BR-381/SP;Norte;Engavetamento;2;3;;;;;1
10/05/2013;08:00:00;148;sem vítima;30,5;BR-381/SP;Sul;Colisão Lateral;1;2;;;;;1
10/05/2013;12:57:00;312;sem vítima;480,3;BR-381/MG;Sul;Choque - Defensa, barreira ou "submarino";1;1;;;;;1
10/05/2013;22:26:00;648;sem vítima;490,3;BR-381/MG;Norte;Outros - Sequência;1;5;;;;;1
10/05/2013;14:47:00;363;sem vítima;497,8;BR-381/MG;Sul;Colisão Traseira;1;2;;;;;1
10/05/2013;08:51:00;177;com vítima;517;BR-381/MG;Norte;Colisão Traseira;1;1;1;;;;1
10/05/2013;05:03:00;78;sem vítima;651;BR-381/MG;Norte;Colisão Traseira;1;2;;;;;1
10/05/2013;02:47:00;52;com vítima;660,3;BR-381/MG;Norte;Colisão Traseira;2;1;;1;;;2
10/05/2013;01:11:00;31;com vítima;669,7;BR-381/MG;Sul;Colisão Traseira;1;1;;;;1;3
11/05/2013;01:15:00;40;com vítima;528,5;BR-381/MG;Sul;Outros - Sequência;1;3;1;;;;1
11/05/2013;13:23:00;275;com vítima;600,8;BR-381/MG;Sul;Colisão Traseira;2;2;1;;;;1
11/05/2013;21:01:00;499;sem vítima;605,5;BR-381/MG;Sul;Outros;3;4;;;;;1
11/05/2013;04:49:00;74;sem vítima;751;BR-381/MG;Sul;Saida de Pista;1;1;;;;;1
11/05/2013;00:56:00;30;sem vítima;850,2;BR-381/MG;Norte;Outros - Sequência;2;3;;;;;1
12/05/2013;23:41:00;562;sem vítima;478;BR-381/MG;Norte;Choque - Defensa, barreira ou "submarino";1;1;;;;;1
12/05/2013;15:51:00;301;sem vítima;497,9;BR-381/MG;Norte;Colisão Traseira;1;2;;;;;1
12/05/2013;10:05:00;166;sem vítima;560,01;BR-381/MG;Norte;Tombamento;1;1;;;;;1
12/05/2013;08:05:00;118;com vítima;721;BR-381/MG;Norte;Tombamento;1;0;1;;;;1
12/05/2013;19:43:00;443;sem vítima;803;BR-381/MG;Norte;Saida de Pista;1;2;;;;;1
12/05/2013;18:33:00;404;sem vítima;805;BR-381/MG;Sul;Colisão Lateral;1;2;;;;;1
13/05/2013;17:57:00;452;com vítima;480;BR-381/MG;Sul;Colisão Traseira;1;1;;1;;;2
13/05/2013;16:36:00;400;sem vítima;491,8;BR-381/MG;Norte;Colisão Traseira;1;2;;;;;1
13/05/2013;17:01:00;413;sem vítima;492;BR-381/MG;Sul;Outros - Sequência;1;2;;;;;1
13/05/2013;15:56:00;372;sem vítima;545,9;BR-381/MG;Sul;Colisão Traseira;2;2;;;;;1
13/05/2013;10:09:00;192;sem vítima;557;BR-381/MG;Sul;Tombamento;1;1;;;;;1
13/05/2013;06:02:00;80;com vítima;638,3;BR-381/MG;Norte;Tombamento;1;0;1;1;;;2
13/05/2013;12:33:00;251;sem vítima;822;BR-381/MG;Sul;Tombamento;1;1;;;;;1
13/05/2013;02:30:00;42;sem vítima;886;BR-381/MG;Norte;Choque - Talude;1;1;;;;;1
13/05/2013;16:06:00;378;sem vítima;938,4;BR-381/MG;Norte;Colisão Lateral;1;2;;;;;1
14/05/2013;14:08:00;336;sem vítima;13,2;BR-381/SP;Sul;Colisão Traseira;2;2;;;;;1
14/05/2013;15:43:00;398;sem vítima;74;BR-381/SP;Norte;Colisão Traseira;2;2;;;;;1
14/05/2013;08:20:00;147;com vítima;86;BR-381/SP;Sul;Engavetamento;1;2;1;;;;1
14/05/2013;19:43:00;542;sem vítima;478,8;BR-381/MG;Sul;Colisão Traseira;1;2;;;;;1
14/05/2013;19:54:00;544;sem vítima;478,8;BR-381/MG;Sul;Colisão Traseira;1;2;;;;;1
14/05/2013;23:16:00;612;sem vítima;552;BR-381/MG;Norte;Colisão Traseira;2;2;;;;;1
14/05/2013;16:19:00;422;sem vítima;562,6;BR-381/MG;Sul;Outros;1;1;;;;;1
14/05/2013;18:03:00;486;sem vítima;677,5;BR-381/MG;Sul;Colisão Traseira;1;2;;;;;1
14/05/2013;10:10:00;225;sem vítima;859,4;BR-381/MG;Sul;Tombamento;1;1;;;;;1
14/05/2013;15:16:00;375;com vítima;921,4;BR-381/MG;Sul;Tombamento;1;0;1;;;;1
14/05/2013;15:16:00;413;sem vítima;921,4;BR-381/MG;Norte;Choque - Defensa, barreira ou "submarino";1;1;;;;;1
14/05/2013;14:48:00;356;sem vítima;939;BR-381/MG;Norte;Colisão Traseira;1;2;;;;;1
14/05/2013;02:49:00;56;sem vítima;945;BR-381/MG;Norte;Atropelamento de Animal;1;1;;;;;1
14/05/2013;17:40:00;475;sem vítima;949,5;BR-381/MG;Sul;Colisão Traseira;2;3;;;;;1
15/05/2013;20:08:00;621;sem vítima;7,8;BR-381/SP;Sul;Colisão Lateral;1;2;;;;;1
15/05/2013;17:04:00;498;sem vítima;11;BR-381/SP;Norte;Colisão Traseira;1;2;;;;;1
15/05/2013;06:28:00;72;sem vítima;78,8;BR-381/SP;Norte;Outros - Sequência;1;2;;;;;1
15/05/2013;23:38:00;697;sem vítima;484;BR-381/MG;Norte;Outros - Sequência;1;3;;;;;1
15/05/2013;07:09:00;96;sem vítima;487;BR-381/MG;Norte;Colisão Lateral;1;3;;;;;1
15/05/2013;08:18:00;137;sem vítima;622;BR-381/MG;Norte;Colisão Lateral;1;2;;;;;1
15/05/2013;20:07:00;618;com vítima;701;BR-381/MG;Sul;Saida de Pista;1;0;1;;;;1
15/05/2013;23:50:00;701;sem vítima;814,7;BR-381/MG;Norte;Outros;1;1;;;;;1
15/05/2013;07:01:00;91;com vítima;923,6;BR-381/MG;Sul;Outros - Sequência;1;0;;1;;;2
16/05/2013;05:18:00;81;com vítima;29;BR-381/SP;Norte;Colisão Traseira;2;1;1;;;;1
16/05/2013;14:36:00;471;sem vítima;64,4;BR-381/SP;Sul;Colisão Traseira;2;2;;;;;1
16/05/2013;07:02:00;122;sem vítima;66,6;BR-381/SP;Sul;Colisão Traseira;1;2;;;;;1
16/05/2013;00:09:00;12;com vítima;714,4;BR-381/MG;Sul;Atropelamento - Usuário;1;0;;;1;;2
16/05/2013;23:30:00;733;sem vítima;759,6;BR-381/MG;Sul;Outros - Sequência;1;1;;;;;1
16/05/2013;01:26:00;26;sem vítima;761,8;BR-381/MG;Norte;Atropelamento de Animal;1;2;;;;;1
17/05/2013;11:32:00;309;sem vítima;30,8;BR-381/SP;Norte;Colisão Traseira;2;2;;;;;1
17/05/2013;08:30:00;181;sem vítima;44;BR-381/SP;Sul;Colisão Lateral;1;2;;;;;1
17/05/2013;18:08:00;571;sem vítima;50;BR-381/SP;Norte;Engavetamento;3;5;;;;;1
17/05/2013;23:45:00;738;sem vítima;52,6;BR-381/SP;Norte;Colisão Lateral;1;2;;;;;1
17/05/2013;19:40:00;618;sem vítima;482;BR-381/MG;Norte;Colisão Lateral;1;2;;;;;1
17/05/2013;14:47:00;418;sem vítima;647;BR-381/MG;Sul;Tombamento;1;1;;;;;1
17/05/2013;03:07:00;62;sem vítima;737;BR-381/MG;Norte;Colisão Traseira;2;2;;;;;1
17/05/2013;21:36:00;680;sem vítima;819,7;BR-381/MG;Norte;Choque - Defensa, barreira ou "submarino";1;2;;;;;1
18/05/2013;21:14:00;540;com vítima;478;BR-381/MG;Sul;Colisão Traseira;2;1;1;;;;1
18/05/2013;12:38:00;264;sem vítima;495;BR-381/MG;Norte;Colisão Lateral;1;2;;;;;1
18/05/2013;15:36:00;376;sem vítima;523,5;BR-381/MG;Norte;Colisão Traseira;1;2;;;;;1
18/05/2013;06:19:00;84;sem vítima;634;BR-381/MG;Norte;Tombamento;1;1;;;;;1
18/05/2013;07:51:00;123;sem vítima;723;BR-381/MG;Norte;Tombamento;1;1;;;;;1
18/05/2013;17:56:00;457;com vítima;890,1;BR-381/MG;Sul;Colisão Transversal;1;1;;;1;;2
18/05/2013;08:31:00;152;com vítima;903,7;BR-381/MG;Norte;Outros - Sequência;1;2;2;;;;1
19/05/2013;12:25:00;200;sem vítima;7;BR-381/SP;Norte;Colisão Traseira;1;2;;;;;1
19/05/2013;09:49:00;149;com vítima;89;BR-381/SP;Sul;Colisão Lateral;1;5;1;;;;1
19/05/2013;13:44:00;232;sem vítima;506;BR-381/MG;Norte;Colisão Lateral;1;2;;;;;1
19/05/2013;05:36:00;71;com vítima;518;BR-381/MG;Sul;Colisão Traseira;2;1;;1;;;2
19/05/2013;16:07:00;312;com vítima;850;BR-381/MG;Norte;Colisão Lateral;1;1;1;;;;1
20/05/2013;14:33:00;307;com vítima;484,1;BR-381/MG;Norte;Outros - Sequência;1;1;;1;;;2
20/05/2013;18:10:00;468;sem vítima;922;BR-381/MG;Norte;Colisão Lateral;2;2;;;;;1
20/05/2013;19:12:00;499;sem vítima;945,1;BR-381/MG;Sul;Colisão Lateral;1;2;;;;;1
21/05/2013;00:30:00;29;com vítima;15,3;BR-381/SP;Sul;Colisão Traseira;2;1;1;;;;1
21/05/2013;22:15:00;569;sem vítima;68;BR-381/SP;Norte;Colisão Lateral;2;2;;;;;1
21/05/2013;13:09:00;298;sem vítima;76,8;BR-381/SP;Norte;Colisão Traseira;1;2;;;;;1
21/05/2013;10:46:00;235;sem vítima;563;BR-381/MG;Sul;Choque - Defensa, barreira ou "submarino";1;1;;;;;1
21/05/2013;08:29:00;167;sem vítima;735;BR-381/MG;Norte;Engavetamento;3;3;;;;;1
21/05/2013;19:09:00;513;sem vítima;802;BR-381/MG;Norte;Saida de Pista;1;1;;;;;1
21/05/2013;15:59:00;401;sem vítima;865;BR-381/MG;Norte;Colisão Traseira;1;2;;;;;1
21/05/2013;18:49:00;501;sem vítima;900,8;BR-381/MG;Sul;Choque - Outros;1;1;;;;;1
21/05/2013;08:30:00;169;com vítima;907,2;BR-381/MG;Norte;Tombamento;1;0;1;;;;1
22/05/2013;06:08:00;77;sem vítima;0,1;BR-381/SP;Sul;Colisão Lateral;2;2;;;;;1
22/05/2013;18:26:00;491;sem vítima;62;BR-381/SP;Sul;Outros - Sequência;1;3;;;;;1
22/05/2013;16:06:00;410;sem vítima;484,6;BR-381/MG;Sul;Colisão Lateral;2;2;;;;;1
22/05/2013;22:20:00;580;sem vítima;494;BR-381/MG;Norte;Engavetamento;1;5;;;;;1
22/05/2013;18:49:00;505;com vítima;497;BR-381/MG;Norte;Outros - Sequência;1;1;1;;;;1
22/05/2013;04:49:00;66;com vítima;552,6;BR-381/MG;Sul;Choque - Arvore;1;0;1;;;;1
22/05/2013;16:36:00;426;com vítima;686,2;BR-381/MG;Norte;Outros - Sequência;1;0;2;;;;1
22/05/2013;05:25:00;71;sem vítima;749;BR-381/MG;Norte;Colisão Traseira;2;2;;;;;1
22/05/2013;04:51:00;67;sem vítima;891;BR-381/MG;Norte;Outros - Sequência;1;1;;;;;1
22/05/2013;17:29:00;464;sem vítima;926;BR-381/MG;Norte;Colisão Traseira;1;1;;;;;1
23/05/2013;15:09:00;386;sem vítima;59,2;BR-381/SP;Sul;Colisão Lateral;1;2;;;;;1
23/05/2013;19:47:00;531;sem vítima;65,5;BR-381/SP;Norte;Colisão Traseira;1;2;;;;;1
23/05/2013;01:34:00;36;sem vítima;69,7;BR-381/SP;Norte;Outros - Sequência;1;1;;;;;1
23/05/2013;14:15:00;342;com vítima;487,6;BR-381/MG;Sul;Colisão Lateral;1;2;1;;;;1
23/05/2013;06:00:00;89;com vítima;496,6;BR-381/MG;Sul;Outros - Sequência;1;1;;;1;;2
23/05/2013;22:26:00;584;sem vítima;649;BR-381/MG;Norte;Outros;1;1;;;;;1
23/05/2013;03:45:00;61;sem vítima;686,2;BR-381/MG;Norte;Choque - Veiculo parado na pista;1;1;;;;;1
23/05/2013;23:59:00;615;sem vítima;921;BR-381/MG;Sul;Tombamento;1;1;;;;;1
23/05/2013;06:57:00;108;sem vítima;941;BR-381/MG;Norte;Tombamento;1;5;;;;;1
24/05/2013;05:29:00;81;sem vítima;58,7;BR-381/SP;Sul;Colisão Traseira;2;2;;;;;1
24/05/2013;11:32:00;286;sem vítima;78;BR-381/SP;Sul;Tombamento;1;1;;;;;1
24/05/2013;17:07:00;496;sem vítima;477,3;BR-381/MG;Norte;Colisão Traseira;1;2;;;;;1
24/05/2013;19:43:00;620;sem vítima;478,8;BR-381/MG;Norte;Colisão Traseira;1;2;;;;;1
24/05/2013;20:40:00;650;sem vítima;479,8;BR-381/MG;Norte;Colisão Traseira;2;3;;;;;1
24/05/2013;15:54:00;440;sem vítima;636,8;BR-381/MG;Norte;Outros - Sequência;3;5;;;;;1
24/05/2013;19:39:00;616;com vítima;672;BR-381/MG;Sul;Outros - Sequência;2;2;1;;;;1
24/05/2013;11:07:00;272;sem vítima;677;BR-381/MG;Norte;Colisão Traseira;2;2;;;;;1
24/05/2013;12:21:00;313;sem vítima;885,9;BR-381/MG;Norte;Outros - Sequência;1;2;;;;;1
24/05/2013;00:28:00;15;sem vítima;894,1;BR-381/MG;Sul;Atropelamento de Animal;1;1;;;;;1
24/05/2013;21:20:00;669;sem vítima;942,1;BR-381/MG;Norte;Choque - Objeto sobre a pista;1;2;;;;;1
24/05/2013;21:34:00;671;sem vítima;942,1;BR-381/MG;Norte;Colisão Lateral;1;2;;;;;1
25/05/2013;00:34:00;20;com vítima;13;BR-381/SP;Sul;Outros - Sequência;2;1;1;;;;1
25/05/2013;04:20:00;73;com vítima;13;BR-381/SP;Sul;Colisão Traseira;2;1;1;;;;1
25/05/2013;09:54:00;219;sem vítima;80,5;BR-381/SP;Norte;Colisão Lateral;1;2;;;;;1
25/05/2013;06:39:00;117;sem vítima;85;BR-381/SP;Norte;Colisão Lateral;1;6;;;;;1
25/05/2013;19:49:00;513;com vítima;487,5;BR-381/MG;Sul;Colisão Traseira;1;1;1;;;;1
25/05/2013;12:43:00;292;sem vítima;496;BR-381/MG;Norte;Colisão Lateral;1;2;;;;;1
25/05/2013;21:30:00;550;sem vítima;499,5;BR-381/MG;Norte;Outros - Sequência;1;2;;;;;1
25/05/2013;11:32:00;263;sem vítima;546;BR-381/MG;Sul;Colisão Lateral;2;2;;;;;1
25/05/2013;12:16:00;285;sem vítima;560;BR-381/MG;Norte;Colisão Traseira;1;2;;;;;1
25/05/2013;12:49:00;296;sem vítima;849,2;BR-381/MG;Sul;Colisão Lateral;1;2;;;;;1
25/05/2013;07:19:00;145;sem vítima;909,2;BR-381/MG;Sul;Colisão Lateral;1;2;;;;;1
26/05/2013;19:08:00;403;sem vítima;820,8;BR-381/MG;Norte;Outros - Sequência;1;1;;;;;1
27/05/2013;13:21:00;284;sem vítima;36,4;BR-381/SP;Sul;Colisão Lateral;1;2;;;;;1
27/05/2013;16:35:00;393;sem vítima;75,7;BR-381/SP;Sul;Choque - Talude;1;1;;;;;1
27/05/2013;22:04:00;586;sem vítima;484,5;BR-381/MG;Norte;Colisão Traseira;1;2;;;;;1
27/05/2013;21:17:00;564;sem vítima;484,7;BR-381/MG;Norte;Outros - Sequência;2;3;;;;;1
27/05/2013;20:48:00;552;sem vítima;487,5;BR-381/MG;Norte;Colisão Lateral;2;2;;;;;1
27/05/2013;02:02:00;41;com vítima;660,3;BR-381/MG;Norte;Colisão Traseira;1;2;1;;;;1
27/05/2013;18:42:00;476;com vítima;820,8;BR-381/MG;Norte;Outros - Sequência;1;1;1;;;;1
27/05/2013;12:31:00;259;com vítima;921;BR-381/MG;Sul;;2;2;2;;;;1
27/05/2013;22:38:00;595;sem vítima;922,4;BR-381/MG;Sul;Saida de Pista;1;1;;;;;1
27/05/2013;20:08:00;531;com vítima;925,8;BR-381/MG;Norte;Tombamento;1;0;1;;;;1
27/05/2013;16:32:00;391;sem vítima;935,5;BR-381/MG;Sul;Choque - Talude;1;1;;;;;1
27/05/2013;01:24:00;32;sem vítima;942,2;BR-381/MG;Sul;Colisão Traseira;1;2;;;;;1
28/05/2013;11:51:00;248;sem vítima;68;BR-381/SP;Sul;Saida de Pista;1;1;;;;;1
28/05/2013;17:17:00;436;sem vítima;75;BR-381/SP;Norte;Colisão Traseira;1;3;;;;;1
28/05/2013;11:35:00;239;com vítima;76;BR-381/SP;Sul;Colisão Traseira;1;1;2;;;;1
28/05/2013;05:38:00;71;com vítima;89;BR-381/SP;Sul;Colisão Traseira;1;1;;;1;;2
28/05/2013;06:48:00;98;com vítima;485,2;BR-381/MG;Norte;Colisão Lateral;1;1;;1;;;2
28/05/2013;22:22:00;588;sem vítima;524;BR-381/MG;Norte;Colisão Traseira;2;2;;;;;1
28/05/2013;18:48:00;496;sem vítima;541,2;BR-381/MG;Norte;Outros - Sequência;1;3;;;;;1
28/05/2013;07:00:00;101;sem vítima;579,8;BR-381/MG;Sul;Choque - Elemento de Drenagem;1;1;;;;;1
28/05/2013;09:05:00;177;com vítima;640,9;BR-381/MG;Sul;Saida de Pista;1;0;1;;;;1
28/05/2013;09:48:00;195;sem vítima;783,5;BR-381/MG;Sul;Colisão Lateral;1;2;;;;;1
28/05/2013;08:11:00;144;sem vítima;783,8;BR-381/MG;Norte;Outros - Sequência;2;8;;;;;1
29/05/2013;18:15:00;510;sem vítima;44,2;BR-381/SP;Norte;Saida de Pista;1;1;;;;;1
29/05/2013;16:15:00;443;sem vítima;478,1;BR-381/MG;Norte;Colisão Traseira;1;2;;;;;1
29/05/2013;06:51:00;140;com vítima;484,5;BR-381/MG;Norte;Outros - Sequência;1;8;3;;;;1
29/05/2013;03:45:00;71;sem vítima;487,5;BR-381/MG;Norte;Colisão Lateral;2;2;;;;;1
29/05/2013;00:24:00;18;sem vítima;529,2;BR-381/MG;Norte;Choque - Defensa, barreira ou "submarino";1;1;;;;;1
29/05/2013;09:38:00;239;sem vítima;538,5;BR-381/MG;Norte;Outros;2;2;;;;;1
29/05/2013;11:54:00;312;sem vítima;597,5;BR-381/MG;Norte;Colisão Traseira;2;2;;;;;1
29/05/2013;19:02:00;538;sem vítima;719;BR-381/MG;Sul;Saida de Pista;1;1;;;;;1
29/05/2013;12:13:00;320;com vítima;819;BR-381/MG;Norte;Outros - Sequência;3;2;;;1;;2
30/05/2013;09:54:00;251;sem vítima;65,7;BR-381/SP;Norte;Colisão Lateral;1;2;;;;;1
30/05/2013;20:36:00;652;sem vítima;479;BR-381/MG;Norte;Colisão Traseira;1;2;;;;;1
30/05/2013;12:09:00;339;sem vítima;527;BR-381/MG;Norte;Colisão Traseira;2;2;;;;;1
30/05/2013;21:13:00;664;sem vítima;595,6;BR-381/MG;Sul;Choque - Elemento de Drenagem;1;1;;;;;1
30/05/2013;06:59:00;129;sem vítima;649,7;BR-381/MG;Norte;Colisão Lateral;2;2;;;;;1
30/05/2013;02:13:00;43;sem vítima;831,2;BR-381/MG;Norte;Colisão Traseira;1;2;;;;;1
30/05/2013;12:41:00;363;sem vítima;839,5;BR-381/MG;Sul;Saida de Pista;1;1;;;;;1
31/05/2013;16:30:00;407;sem vítima;7,5;BR-381/SP;Norte;Colisão Traseira;1;2;;;;;1
31/05/2013;17:27:00;430;sem vítima;87,5;BR-381/SP;Norte;;1;4;;;;;1
31/05/2013;14:51:00;345;sem vítima;490,7;BR-381/MG;Sul;Colisão Traseira;2;2;;;;;1
31/05/2013;17:40:00;438;sem vítima;491,9;BR-381/MG;Norte;Colisão Lateral;2;2;;;;;1
31/05/2013;18:09:00;448;sem vítima;504,8;BR-381/MG;Sul;Outros - Sequência;1;5;;;;;1
31/05/2013;05:01:00;64;sem vítima;513,1;BR-381/MG;Norte;Atropelamento de Animal;1;2;;;;;1
31/05/2013;10:11:00;217;com vítima;636;BR-381/MG;Sul;Outros - Sequência;1;0;1;;;;1
31/05/2013;09:51:00;201;sem vítima;658,25;BR-381/MG;Norte;Colisão Traseira;1;2;;;;;1
01/06/2013;16:45:00;413;sem vítima;43,5;BR-381/SP;Norte;;1;2;;;;;1
01/06/2013;04:51:00;77;sem vítima;55,7;BR-381/SP;Sul;Outros - Sequência;1;2;;;;;1
01/06/2013;10:36:00;224;sem vítima;481,5;BR-381/MG;Sul;Colisão Lateral;1;3;;;;;1
01/06/2013;12:01:00;262;com vítima;648;BR-381/MG;Sul;Tombamento;1;1;1;;;;1
01/06/2013;01:57:00;33;sem vítima;848,3;BR-381/MG;Sul;Choque - Elemento de Drenagem;1;1;;;;;1
01/06/2013;15:56:00;385;sem vítima;896;BR-381/MG;Norte;Tombamento;1;1;;;;;1
01/06/2013;20:25:00;511;com vítima;949;BR-381/MG;Norte;Colisão Lateral;1;1;1;;;;1
02/06/2013;18:13:00;408;com vítima;1;BR-381/SP;Sul;Engavetamento;1;5;1;;;;1
02/06/2013;22:37:00;559;sem vítima;25,8;BR-381/SP;Sul;Choque - Elemento de Drenagem;1;1;;;;;1
02/06/2013;13:13:00;229;sem vítima;481,8;BR-381/MG;Norte;Outros - Sequência;1;1;;;;;1
02/06/2013;03:42:00;43;sem vítima;565;BR-381/MG;Sul;Atropelamento de Animal;1;1;;;;;1
02/06/2013;13:09:00;226;sem vítima;580;BR-381/MG;Sul;Tombamento;1;1;;;;;1
02/06/2013;19:39:00;473;com vítima;685;BR-381/MG;Norte;Outros - Sequência;1;6;4;;;;1
02/06/2013;09:31:00;133;com vítima;907,3;BR-381/MG;Norte;Tombamento;1;0;1;;;;1
03/06/2013;10:13:00;200;sem vítima;483,5;BR-381/MG;Sul;Outros - Sequência;2;2;;;;;1
03/06/2013;15:08:00;347;sem vítima;488;BR-381/MG;Sul;Engavetamento;1;4;;;;;1
03/06/2013;13:51:00;309;sem vítima;489;BR-381/MG;Sul;Colisão Traseira;1;2;;;;;1
03/06/2013;09:27:00;176;sem vítima;491;BR-381/MG;Sul;Colisão Traseira;2;2;;;;;1
03/06/2013;15:36:00;370;sem vítima;494;BR-381/MG;Sul;Choque - Elemento de Drenagem;1;1;;;;;1
03/06/2013;13:29:00;296;sem vítima;504,6;BR-381/MG;Sul;Saida de Pista;1;1;;;;;1
03/06/2013;13:55:00;314;sem vítima;521;BR-381/MG;Sul;Choque - Defensa, barreira ou "submarino";1;1;;;;;1
03/06/2013;11:16:00;233;com vítima;613,5;BR-381/MG;Sul;Outros - Sequência;1;4;2;;;;1
03/06/2013;12:03:00;256;sem vítima;613,5;BR-381/MG;Sul;Outros - Sequência;1;2;;;;;1
03/06/2013;06:37:00;87;com vítima;640;BR-381/MG;Sul;Choque - Elemento de Drenagem;1;0;2;;;;1
03/06/2013;18:57:00;496;sem vítima;925,8;BR-381/MG;Norte;Tombamento;1;1;;;;;1
03/06/2013;09:38:00;182;sem vítima;945,05;BR-381/MG;Norte;Choque - Defensa, barreira ou "submarino";1;1;;;;;1
04/06/2013;14:15:00;288;sem vítima;6,5;BR-381/SP;Sul;Atropelamento de Animal;1;1;;;;;1
04/06/2013;05:23:00;64;sem vítima;7,5;BR-381/SP;Sul;Colisão Traseira;1;2;;;;;1
04/06/2013;12:54:00;250;sem vítima;485;BR-381/MG;Sul;;1;1;;;;;1
04/06/2013;01:51:00;31;sem vítima;727,2;BR-381/MG;Sul;Outros - Sequência;2;2;;;;;1
04/06/2013;20:43:00;496;com vítima;750;BR-381/MG;Sul;Choque - Defensa, barreira ou "submarino";1;0;1;;;;1
04/06/2013;22:54:00;546;sem vítima;897,4;BR-381/MG;Norte;Colisão Lateral;1;2;;;;;1
04/06/2013;03:35:00;54;com vítima;934,6;BR-381/MG;Norte;Outros - Sequência;1;0;;;;1;3
04/06/2013;03:11:00;49;sem vítima;935,6;BR-381/MG;Norte;Colisão Lateral;1;2;;;;;1
05/06/2013;21:20:00;589;com vítima;36,9;BR-381/SP;Sul;Outros - Sequência;1;4;2;;;;1
05/06/2013;17:58:00;514;sem vítima;45;BR-381/SP;Sul;Engavetamento;2;3;;;;;1
05/06/2013;11:28:00;281;sem vítima;65;BR-381/SP;Norte;Colisão Traseira;1;2;;;;;1
05/06/2013;19:09:00;546;sem vítima;66,7;BR-381/SP;Sul;Choque - Outros;1;1;;;;;1
05/06/2013;22:09:00;605;sem vítima;85;BR-381/SP;Sul;Colisão Lateral;1;2;;;;;1
05/06/2013;08:35:00;182;com vítima;477,9;BR-381/MG;Sul;Colisão Traseira;2;2;1;;;;1
05/06/2013;06:31:00;109;sem vítima;499;BR-381/MG;Sul;Choque - Elemento de Drenagem;1;1;;;;;1
05/06/2013;20:30:00;572;sem vítima;514,3;BR-381/MG;Sul;Colisão Lateral;1;2;;;;;1
05/06/2013;22:09:00;604;sem vítima;612;BR-381/MG;Norte;Colisão Lateral;2;2;;;;;1
05/06/2013;19:38:00;555;sem vítima;640,8;BR-381/MG;Sul;Colisão Traseira;2;2;;;;;1
05/06/2013;20:55:00;575;sem vítima;661,2;BR-381/MG;Norte;Colisão Lateral;2;2;;;;;1
05/06/2013;08:13:00;167;sem vítima;806;BR-381/MG;Sul;Colisão Lateral;2;2;;;;;1
05/06/2013;07:14:00;128;com vítima;919;BR-381/MG;Norte;Colisão Traseira;1;1;1;;1;;2
05/06/2013;08:20:00;176;com vítima;923,6;BR-381/MG;Sul;Tombamento;1;0;1;;;;1
06/06/2013;20:09:00;534;sem vítima;10;BR-381/SP;Norte;Colisão Traseira;2;2;;;;;1