data;horario;n_da_ocorrencia;tipo_de_ocorrencia;km;trecho;sentido;tipo_de_acidente;caminhao;ilesos;levemente_feridos;moderadamente_feridos;gravemente_feridos;mortos;3
06/06/2013;11:54:00;273;sem vítima;66,7;BR-381/SP;Sul;Colisão Traseira;2;2;;;;;1
06/06/2013;13:45:00;332;com vítima;525,5;BR-381/MG;Sul;Tombamento;1;0;;;1;;2
06/06/2013;04:45:00;72;sem vítima;545;BR-381/MG;Norte;Colisão Lateral;1;2;;;;;1
07/06/2013;18:19:00;477;sem vítima;67;BR-381/SP;Norte;Colisão Traseira;1;2;;;;;1
07/06/2013;19:52:00;519;sem vítima;478,9;BR-381/MG;Sul;Colisão Traseira;1;2;;;;;1
07/06/2013;08:53:00;186;sem vítima;506,9;BR-381/MG;Norte;Colisão Traseira;2;2;;;;;1
07/06/2013;10:17:00;233;sem vítima;506,9;BR-381/MG;Norte;Colisão Lateral;1;2;;;;;1
07/06/2013;12:37:00;295;com vítima;508,1;BR-381/MG;Norte;Engavetamento;4;7;4;;2;1;3
07/06/2013;23:27:00;622;sem vítima;539,2;BR-381/MG;Sul;Tombamento;1;1;;;;;1
07/06/2013;10:30:00;241;sem vítima;552,1;BR-381/MG;Norte;Tombamento;1;1;;;;;1
07/06/2013;10:51:00;252;com vítima;598;BR-381/MG;Norte;Outros - Sequência;2;2;1;;;;1
07/06/2013;05:59:00;83;com vítima;642,8;BR-381/MG;Sul;Colisão Traseira;1;4;1;;;;1
07/06/2013;12:02:00;285;com vítima;720,5;BR-381/MG;Norte;Tombamento;1;0;1;;;;1
07/06/2013;03:53:00;61;sem vítima;805;BR-381/MG;Norte;Choque - Outros;1;1;;;;;1
07/06/2013;18:07:00;465;sem vítima;805;BR-381/MG;Norte;Colisão Lateral;2;2;;;;;1
07/06/2013;11:39:00;270;sem vítima;898,2;BR-381/MG;Norte;Choque - Poste;1;2;;;;;1
07/06/2013;07:04:00;107;sem vítima;939,4;BR-381/MG;Sul;Colisão Traseira;1;2;;;;;1
08/06/2013;07:45:00;160;sem vítima;65;BR-381/SP;Norte;Colisão Lateral;1;2;;;;;1
08/06/2013;10:54:00;278;sem vítima;480;BR-381/MG;Sul;Engavetamento;1;4;;;;;1
08/06/2013;08:59:00;202;com vítima;481;BR-381/MG;Norte;Colisão Traseira;1;1;1;;;;1
08/06/2013;10:31:00;266;sem vítima;491;BR-381/MG;Sul;Colisão Traseira;1;2;;;;;1
08/06/2013;08:45:00;194;sem vítima;495,8;BR-381/MG;Norte;Colisão Lateral;1;2;;;;;1
08/06/2013;14:38:00;396;sem vítima;497,9;BR-381/MG;Norte;Colisão Lateral;2;2;;;;;1
08/06/2013;16:41:00;466;sem vítima;523;BR-381/MG;Sul;Choque - Defensa, barreira ou "submarino";1;1;;;;;1
08/06/2013;02:28:00;60;sem vítima;819,2;BR-381/MG;Sul;Tombamento;1;1;;;;;1
08/06/2013;12:30:00;332;sem vítima;891,8;BR-381/MG;Norte;Colisão Lateral;1;2;;;;;1
09/06/2013;20:05:00;464;sem vítima;7,5;BR-381/SP;Sul;Colisão Traseira;1;2;;;;;1
09/06/2013;13:40:00;261;com vítima;56;BR-381/SP;Sul;Colisão Lateral;1;1;1;;;;1
09/06/2013;01:50:00;35;sem vítima;728,2;BR-381/MG;Norte;Tombamento;1;1;;;;;1
09/06/2013;15:31:00;306;sem vítima;805;BR-381/MG;Sul;Colisão Lateral;1;2;;;;;1
09/06/2013;20:04:00;463;com vítima;825;BR-381/MG;Norte;Colisão Lateral;1;1;1;;;;1
09/06/2013;23:23:00;527;sem vítima;835,7;BR-381/MG;Sul;Colisão Traseira;2;2;;;;;1
09/06/2013;00:51:00;26;sem vítima;865,8;BR-381/MG;Norte;Atropelamento de Animal;1;1;;;;;1
10/06/2013;17:19:00;405;com vítima;39;BR-381/SP;Sul;Colisão Traseira;1;1;2;;;;1
10/06/2013;22:14:00;560;sem vítima;81;BR-381/SP;Sul;Colisão Lateral;1;2;;;;;1
10/06/2013;16:10:00;360;sem vítima;481,9;BR-381/MG;Sul;Colisão Traseira;1;2;;;;;1
10/06/2013;06:13:00;70;com vítima;598,1;BR-381/MG;Norte;Outros - Sequência;2;1;1;;;;1
10/06/2013;09:01:00;165;sem vítima;690,5;BR-381/MG;Sul;Colisão Traseira;2;2;;;;;1
10/06/2013;08:22:00;134;sem vítima;834,2;BR-381/MG;Norte;Tombamento;1;1;;;;;1
10/06/2013;02:18:00;35;com vítima;835,7;BR-381/MG;Sul;Choque - Veiculo parado na pista;2;1;1;;;;1
10/06/2013;01:42:00;28;com vítima;878,2;BR-381/MG;Norte;Outros - Sequência;1;0;1;;;;1
11/06/2013;16:47:00;417;sem vítima;72;BR-381/SP;Norte;Colisão Traseira;1;2;;;;;1
11/06/2013;09:55:00;201;sem vítima;87;BR-381/SP;Norte;Colisão Traseira;1;2;;;;;1
11/06/2013;19:03:00;499;sem vítima;481,3;BR-381/MG;Sul;Colisão Traseira;1;2;;;;;1
11/06/2013;06:45:00;100;sem vítima;483,6;BR-381/MG;Norte;Colisão Lateral;1;2;;;;;1
11/06/2013;18:05:00;465;sem vítima;485,9;BR-381/MG;Norte;Colisão Traseira;1;2;;;;;1
11/06/2013;17:49:00;456;sem vítima;495;BR-381/MG;Norte;Engavetamento;1;3;;;;;1
11/06/2013;23:18:00;584;sem vítima;647;BR-381/MG;Sul;Outros - Sequência;4;4;;;;;1
11/06/2013;17:40:00;452;sem vítima;671;BR-381/MG;Norte;Outros - Sequência;1;1;;;;;1
11/06/2013;04:16:00;65;sem vítima;776;BR-381/MG;Norte;Tombamento;1;2;;;;;1
11/06/2013;13:51:00;314;sem vítima;811,5;BR-381/MG;Norte;Colisão Lateral;1;2;;;;;1
11/06/2013;04:59:00;77;sem vítima;842,6;BR-381/MG;Sul;Choque - Elemento de Drenagem;1;1;;;;;1
11/06/2013;21:30:00;550;sem vítima;925,9;BR-381/MG;Norte;Choque - Defensa, barreira ou "submarino";1;1;;;;;1
11/06/2013;07:49:00;139;sem vítima;932;BR-381/MG;Norte;Outros - Sequência;1;1;;;;;1
12/06/2013;13:37:00;333;com vítima;530,1;BR-381/MG;Norte;Outros - Sequência;1;1;1;;;;1
12/06/2013;04:09:00;61;com vítima;598;BR-381/MG;Norte;Colisão Traseira;1;1;1;;;;1
12/06/2013;04:58:00;66;com vítima;639;BR-381/MG;Sul;Outros - Sequência;1;0;1;;;;1
12/06/2013;01:07:00;26;com vítima;720,8;BR-381/MG;Norte;Tombamento;1;0;1;;;;1
12/06/2013;09:07:00;183;sem vítima;783,5;BR-381/MG;Norte;Colisão Lateral;1;2;;;;;1
12/06/2013;03:03:00;48;com vítima;805;BR-381/MG;Sul;Colisão Traseira;1;2;1;;;;1
12/06/2013;07:36:00;125;com vítima;805,1;BR-381/MG;Norte;Colisão Traseira;2;1;1;;;;1
12/06/2013;01:17:00;29;sem vítima;815;BR-381/MG;Norte;Saida de Pista;1;1;;;;;1
12/06/2013;07:47:00;130;sem vítima;900,88;BR-381/MG;Norte;Colisão Traseira;1;2;;;;;1
12/06/2013;18:56:00;490;sem vítima;930;BR-381/MG;Norte;Colisão Traseira;2;2;;;;;1
13/06/2013;03:45:00;65;sem vítima;67,1;BR-381/SP;Norte;Atropelamento de Animal;1;1;;;;;1
13/06/2013;14:51:00;376;sem vítima;90;BR-381/SP;Norte;Colisão Lateral;1;2;;;;;1
13/06/2013;10:22:00;250;sem vítima;479;BR-381/MG;Norte;Outros - Sequência;3;8;;;;;1
13/06/2013;11:05:00;271;com vítima;489,8;BR-381/MG;Norte;Outros - Sequência;3;2;2;;;;1
13/06/2013;11:28:00;282;sem vítima;489,8;BR-381/MG;Norte;Colisão Lateral;1;2;;;;;1
13/06/2013;19:08:00;552;sem vítima;493,5;BR-381/MG;Sul;Engavetamento;1;4;;;;;1
13/06/2013;13:28:00;339;sem vítima;576,3;BR-381/MG;Sul;Colisão Lateral;1;2;;;;;1
13/06/2013;01:28:00;29;sem vítima;609;BR-381/MG;Sul;Choque - Veiculo parado no acostamento;2;2;;;;;1
13/06/2013;12:14:00;300;sem vítima;913;BR-381/MG;Norte;Colisão Traseira;1;2;;;;;1
14/06/2013;12:21:00;268;sem vítima;32;BR-381/SP;Sul;Colisão Lateral;1;2;;;;;1
14/06/2013;19:29:00;484;sem vítima;50;BR-381/SP;Norte;Engavetamento;2;4;;;;;1
14/06/2013;11:08:00;238;sem vítima;86,088;BR-381/SP;Sul;Engavetamento;1;8;;;;;1
14/06/2013;12:35:00;274;sem vítima;88;BR-381/SP;Norte;Choque - Defensa, barreira ou "submarino";1;1;;;;;1
14/06/2013;21:10:00;529;sem vítima;89;BR-381/SP;Norte;Outros - Sequência;2;3;;;;;1
14/06/2013;18:53:00;458;sem vítima;479,8;BR-381/MG;Norte;Colisão Traseira;1;2;;;;;1
14/06/2013;22:30:00;563;com vítima;480,5;BR-381/MG;Sul;Engavetamento;1;1;1;1;;;2
14/06/2013;23:17:00;575;sem vítima;484,6;BR-381/MG;Sul;Outros - Sequência;1;2;;;;;1
14/06/2013;13:01:00;282;com vítima;494;BR-381/MG;Sul;Colisão Lateral;1;1;1;;;;1
14/06/2013;16:19:00;373;sem vítima;525,5;BR-381/MG;Sul;Choque - Elemento de Drenagem;1;1;;;;;1
14/06/2013;10:50:00;229;com vítima;561;BR-381/MG;Sul;Tombamento;2;1;;;;1;3
14/06/2013;23:07:00;573;com vítima;589;BR-381/MG;Sul;Outros - Sequência;2;1;;;1;;2
14/06/2013;17:15:00;403;sem vítima;856;BR-381/MG;Norte;Colisão Traseira;1;2;;;;;1
14/06/2013;05:13:00;68;sem vítima;948,5;BR-381/MG;Sul;Colisão Traseira;2;2;;;;;1
15/06/2013;08:29:00;163;sem vítima;525;BR-381/MG;Norte;Colisão Traseira;1;2;;;;;1
15/06/2013;12:07:00;283;sem vítima;697,5;BR-381/MG;Norte;Colisão Lateral;1;2;;;;;1
15/06/2013;06:06:00;95;sem vítima;758;BR-381/MG;Norte;Colisão Traseira;2;2;;;;;1
15/06/2013;16:22:00;396;sem vítima;805;BR-381/MG;Sul;Choque - Outros;1;1;;;;;1
15/06/2013;17:40:00;432;sem vítima;900;BR-381/MG;Norte;Choque - Outros;1;1;;;;;1
15/06/2013;00:48:00;30;sem vítima;935,9;BR-381/MG;Norte;Outros - Sequência;1;1;;;;;1
16/06/2013;21:12:00;469;sem vítima;71;BR-381/SP;Sul;Colisão Lateral;1;2;;;;;1
16/06/2013;05:50:00;58;sem vítima;77;BR-381/SP;Sul;Choque - Defensa, barreira ou "submarino";1;1;;;;;1
16/06/2013;18:29:00;388;com vítima;588,5;BR-381/MG;Sul;Colisão Traseira;1;1;;1;1;;2
16/06/2013;18:13:00;380;sem vítima;897;BR-381/MG;Norte;Colisão Lateral;1;2;;;;;1
17/06/2013;18:19:00;432;sem vítima;37;BR-381/SP;Norte;Engavetamento;1;3;;;;;1
17/06/2013;14:12:00;290;com vítima;495;BR-381/MG;Sul;Colisão Traseira;1;1;1;;;;1
17/06/2013;17:27:00;412;sem vítima;495;BR-381/MG;Norte;Colisão Traseira;1;2;;;;;1
17/06/2013;23:06:00;550;sem vítima;498;BR-381/MG;Sul;Atropelamento de Animal;1;1;;;;;1
17/06/2013;08:19:00;132;com vítima;705;BR-381/MG;Sul;Outros - Sequência;1;2;1;;;;1
18/06/2013;06:25:00;100;sem vítima;15;BR-381/SP;Sul;Colisão Traseira;2;2;;;;;1
18/06/2013;10:36:00;271;sem vítima;479,4;BR-381/MG;Norte;Colisão Traseira;1;2;;;;;1
18/06/2013;21:30:00;609;com vítima;877,9;BR-381/MG;Norte;Capotamento;1;0;1;;;;1
19/06/2013;15:27:00;381;sem vítima;9,3;BR-381/SP;Norte;Colisão Traseira;2;2;;;;;1
19/06/2013;17:11:00;455;sem vítima;479;BR-381/MG;Norte;Colisão Lateral;2;2;;;;;1
19/06/2013;22:00:00;574;com vítima;525,8;BR-381/MG;Sul;Outros - Sequência;2;1;1;;;;1
19/06/2013;06:27:00;99;sem vítima;561;BR-381/MG;Norte;Colisão Lateral;2;2;;;;;1
19/06/2013;00:25:00;16;com vítima;612;BR-381/MG;Norte;Atropelamento de Animal;1;0;1;;;;1
19/06/2013;07:00:00;107;com vítima;729,4;BR-381/MG;Norte;Colisão Traseira;1;2;;2;;;2
20/06/2013;18:42:00;493;com vítima;14;BR-381/SP;Sul;Choque - Talude;2;0;1;;1;;2
20/06/2013;14:34:00;366;sem vítima;522;BR-381/MG;Norte;Engavetamento;3;3;;;;;1
20/06/2013;07:52:00;143;com vítima;760,9;BR-381/MG;Norte;Engavetamento;1;3;1;;;;1
20/06/2013;16:19:00;426;sem vítima;805;BR-381/MG;Sul;Colisão Traseira;1;2;;;;;1
20/06/2013;22:00:00;563;com vítima;906;BR-381/MG;Norte;Colisão Traseira;2;1;1;;;;1
20/06/2013;19:27:00;515;com vítima;938;BR-381/MG;Sul;Outros - Sequência;1;2;;;1;;2
21/06/2013;13:15:00;335;com vítima;480;BR-381/MG;Sul;Colisão Lateral;1;0;3;;;;1
21/06/2013;05:13:00;94;com vítima;489,6;BR-381/MG;Norte;Outros - Sequência;1;1;1;;;;1
21/06/2013;11:17:00;281;sem vítima;775,5;BR-381/MG;Norte;Colisão Traseira;2;2;;;;;1
21/06/2013;00:10:00;11;sem vítima;790,5;BR-381/MG;Norte;Tombamento;1;1;;;;;1
22/06/2013;11:16:00;297;com vítima;488,5;BR-381/MG;Norte;Colisão Traseira;1;2;1;;;;1
22/06/2013;15:37:00;395;sem vítima;497;BR-381/MG;Sul;Engavetamento;1;3;;;;;1
22/06/2013;07:28:00;166;sem vítima;756;BR-381/MG;Norte;Colisão Lateral;1;2;;;;;1
22/06/2013;07:28:00;165;sem vítima;834;BR-381/MG;Sul;Choque - Defensa, barreira ou "submarino";1;1;;;;;1
22/06/2013;14:43:00;376;com vítima;924;BR-381/MG;Sul;Tombamento;1;0;;1;;;2
23/06/2013;12:17:00;198;com vítima;486;BR-381/MG;Norte;Outros - Sequência;1;2;1;;;;1
23/06/2013;14:30:00;244;sem vítima;817;BR-381/MG;Norte;Colisão Lateral;2;2;;;;;1
24/06/2013;22:22:00;518;com vítima;0,2;BR-381/SP;Sul;Colisão Traseira;2;0;2;;;;1
24/06/2013;07:23:00;109;sem vítima;7,5;BR-381/SP;Sul;Choque - Defensa, barreira ou "submarino";1;1;;;;;1
24/06/2013;10:17:00;223;sem vítima;19;BR-381/SP;Sul;Colisão Traseira;2;2;;;;;1
24/06/2013;09:17:00;180;sem vítima;487,6;BR-381/MG;Sul;Outros - Sequência;1;3;;;;;1
24/06/2013;12:27:00;281;sem vítima;490,8;BR-381/MG;Sul;Colisão Traseira;1;2;;;;;1
24/06/2013;18:57:00;434;sem vítima;493,5;BR-381/MG;Sul;Colisão Traseira;1;2;;;;;1
24/06/2013;23:01:00;529;com vítima;496,5;BR-381/MG;Sul;Colisão Traseira;1;1;1;;;;1
24/06/2013;09:07:00;175;sem vítima;504;BR-381/MG;Sul;Colisão Traseira;1;2;;;;;1
24/06/2013;15:09:00;341;sem vítima;704,3;BR-381/MG;Norte;Saida de Pista;1;1;;;;;1
24/06/2013;07:17:00;106;sem vítima;945,6;BR-381/MG;Sul;Colisão Traseira;2;2;;;;;1
25/06/2013;17:05:00;416;sem vítima;7,8;BR-381/SP;Sul;Colisão Traseira;2;2;;;;;1
25/06/2013;13:05:00;318;sem vítima;69,8;BR-381/SP;Norte;Outros;1;1;;;;;1
25/06/2013;23:01:00;511;sem vítima;494,2;BR-381/MG;Sul;Colisão Lateral;1;2;;;;;1
25/06/2013;11:26:00;264;com vítima;508,8;BR-381/MG;Sul;Outros - Sequência;1;1;1;;;;1
25/06/2013;05:12:00;80;sem vítima;840,8;BR-381/MG;Sul;Colisão Traseira;2;2;;;;;1
25/06/2013;14:47:00;356;com vítima;924,6;BR-381/MG;Sul;Colisão Traseira;1;1;1;;;;1
25/06/2013;06:12:00;90;sem vítima;945,2;BR-381/MG;Sul;Saida de Pista;1;1;;;;;1
26/06/2013;18:43:00;407;sem vítima;21,5;BR-381/SP;Norte;Colisão Lateral;1;2;;;;;1
26/06/2013;00:54:00;29;sem vítima;495,3;BR-381/MG;Sul;Colisão Traseira;1;2;;;;;1
26/06/2013;19:48:00;453;sem vítima;525,5;BR-381/MG;Norte;Colisão Traseira;2;2;;;;;1
26/06/2013;05:58:00;97;com vítima;562,6;BR-381/MG;Norte;Atropelamento - Outros;1;1;;1;;;2
26/06/2013;06:19:00;102;sem vítima;566;BR-381/MG;Norte;Tombamento;1;1;;;;;1
26/06/2013;19:33:00;443;sem vítima;597;BR-381/MG;Sul;Colisão Traseira;1;2;;;;;1
26/06/2013;17:47:00;381;sem vítima;599,5;BR-381/MG;Norte;Choque - Talude;1;1;;;;;1
26/06/2013;13:23:00;269;com vítima;683,5;BR-381/MG;Norte;Tombamento;1;0;1;;;;1
26/06/2013;21:56:00;504;com vítima;747,85;BR-381/MG;Sul;Outros - Sequência;2;6;;;;1;3
26/06/2013;16:12:00;346;sem vítima;776;BR-381/MG;Norte;Engavetamento;3;5;;;;;1
27/06/2013;22:51:00;542;sem vítima;79;BR-381/SP;Sul;Outros - Sequência;1;1;;;;;1
27/06/2013;08:36:00;153;sem vítima;82,2;BR-381/SP;Norte;Colisão Lateral;1;3;;;;;1
27/06/2013;06:24:00;81;sem vítima;492;BR-381/MG;Norte;Colisão Traseira;1;2;;;;;1
27/06/2013;07:28:00;115;com vítima;533,4;BR-381/MG;Norte;Tombamento;1;0;3;;;;1
27/06/2013;07:56:00;134;sem vítima;680,9;BR-381/MG;Sul;Colisão Traseira;2;2;;;;;1
27/06/2013;22:03:00;525;sem vítima;775;BR-381/MG;Norte;Outros - Sequência;1;1;;;;;1
27/06/2013;07:44:00;125;sem vítima;815,2;BR-381/MG;Norte;Colisão Traseira;2;2;;;;;1
27/06/2013;02:57:00;40;sem vítima;887,5;BR-381/MG;Norte;Outros - Sequência;1;1;;;;;1
27/06/2013;23:20:00;555;com vítima;897;BR-381/MG;Norte;Tombamento;1;0;1;;;;1
27/06/2013;10:52:00;218;sem vítima;900;BR-381/MG;Norte;Colisão Traseira;2;2;;;;;1
27/06/2013;06:21:00;80;com vítima;925,6;BR-381/MG;Norte;Tombamento;1;0;2;;;;1
28/06/2013;14:56:00;333;sem vítima;15,5;BR-381/SP;Sul;Colisão Traseira;1;2;;;;;1
28/06/2013;21:53:00;509;sem vítima;37,3;BR-381/SP;Norte;Colisão Lateral;1;2;;;;;1
28/06/2013;10:49:00;221;sem vítima;529,5;BR-381/MG;Norte;Colisão Lateral;1;2;;;;;1
28/06/2013;14:58:00;334;sem vítima;568,5;BR-381/MG;Sul;Outros - Sequência;1;2;;;;;1
28/06/2013;06:43:00;99;sem vítima;608;BR-381/MG;Norte;Colisão Lateral;1;2;;;;;1
28/06/2013;20:57:00;489;com vítima;943,4;BR-381/MG;Sul;Atropelamento de Animal;1;0;1;;;5;3
28/06/2013;15:11:00;343;sem vítima;946,5;BR-381/MG;Norte;Choque - Defensa, barreira ou "submarino";1;1;;;;;1
29/06/2013;13:10:00;307;com vítima;66,7;BR-381/SP;Sul;Colisão Traseira;1;2;;1;;;2
29/06/2013;12:47:00;301;sem vítima;494,7;BR-381/MG;Sul;Colisão Lateral;1;2;;;;;1
29/06/2013;10:48:00;246;sem vítima;529;BR-381/MG;Norte;Colisão Lateral;1;2;;;;;1
29/06/2013;13:59:00;331;sem vítima;879;BR-381/MG;Sul;Saida de Pista;1;1;;;;;1
30/06/2013;00:18:00;13;sem vítima;3;BR-381/SP;Norte;Colisão Traseira;1;2;;;;;1
30/06/2013;16:34:00;347;sem vítima;704,3;BR-381/MG;Norte;Tombamento;1;1;;;;;1
30/06/2013;06:52:00;100;sem vítima;789,5;BR-381/MG;Norte;Tombamento;1;1;;;;;1
30/06/2013;11:43:00;205;sem vítima;886;BR-381/MG;Norte;Outros - Sequência;1;2;;;;;1
30/06/2013;13:41:00;252;sem vítima;908;BR-381/MG;Norte;Choque - Defensa, barreira ou "submarino";1;1;;;;;1
01/07/2013;20:13:00;438;sem vítima;85;BR-381/SP;Norte;Colisão Traseira;1;2;;;;;1
01/07/2013;02:24:00;38;sem vítima;601,8;BR-381/MG;Sul;Tombamento;1;1;;;;;1
01/07/2013;21:09:00;456;sem vítima;871;BR-381/MG;Sul;Choque - Outros;1;2;;;;;1
02/07/2013;07:56:00;120;sem vítima;14,5;BR-381/SP;Norte;Choque - Elemento de Drenagem;1;1;;;;;1
02/07/2013;09:48:00;189;sem vítima;702;BR-381/MG;Norte;Colisão Lateral;2;2;;;;;1
03/07/2013;12:04:00;277;sem vítima;49,5;BR-381/SP;Sul;Colisão Lateral;1;6;;;;;1
03/07/2013;16:28:00;481;com vítima;82;BR-381/SP;Sul;Colisão Traseira;1;1;4;;;;1
03/07/2013;20:30:00;604;com vítima;86;BR-381/SP;Sul;Outros - Sequência;1;1;1;;;;1
03/07/2013;13:34:00;339;sem vítima;493,3;BR-381/MG;Norte;Colisão Lateral;1;2;;;;;1
03/07/2013;07:58:00;130;sem vítima;495,3;BR-381/MG;Sul;Colisão Traseira;1;2;;;;;1
03/07/2013;13:37:00;342;com vítima;517,3;BR-381/MG;Norte;Colisão Traseira;1;1;1;;;;1
03/07/2013;18:00:00;535;com vítima;563,5;BR-381/MG;Sul;Outros - Sequência;4;4;5;1;;5;3
03/07/2013;19:32:00;585;sem vítima;692,1;BR-381/MG;Sul;Colisão Traseira;2;2;;;;;1
03/07/2013;15:10:00;405;sem vítima;948;BR-381/MG;Norte;Colisão Traseira;1;2;;;;;1
04/07/2013;04:40:00;53;sem vítima;493,7;BR-381/MG;Norte;Colisão Lateral;1;2;;;;;1
04/07/2013;08:58:00;186;sem vítima;495,1;BR-381/MG;Norte;Engavetamento;1;3;;;;;1
04/07/2013;09:10:00;192;sem vítima;495,2;BR-381/MG;Norte;Engavetamento;2;3;;;;;1
04/07/2013;15:50:00;460;sem vítima;546;BR-381/MG;Sul;Colisão Frontal;1;2;;;;;1
04/07/2013;04:45:00;55;sem vítima;666,4;BR-381/MG;Norte;Saida de Pista;1;1;;;;;1
04/07/2013;05:09:00;58;sem vítima;735,5;BR-381/MG;Sul;Colisão Traseira;1;2;;;;;1
04/07/2013;20:11:00;585;sem vítima;747,2;BR-381/MG;Sul;Colisão Traseira;2;2;;;;;1
04/07/2013;20:16:00;587;com vítima;910,3;BR-381/MG;Sul;Atropelamento - Outros;1;1;;;;2;3
05/07/2013;07:17:00;117;sem vítima;29;BR-381/SP;Sul;Colisão Lateral;1;2;;;;;1
05/07/2013;07:36:00;129;com vítima;44;BR-381/SP;Sul;;1;1;1;;;;1
05/07/2013;20:43:00;584;sem vítima;50;BR-381/SP;Norte;Colisão Traseira;2;2;;;;;1
05/07/2013;22:37:00;633;sem vítima;53,5;BR-381/SP;Sul;Colisão Traseira;2;2;;;;;1
05/07/2013;16:49:00;464;sem vítima;62;BR-381/SP;Norte;Colisão Traseira;1;2;;;;;1
05/07/2013;05:12:00;75;sem vítima;85;BR-381/SP;Norte;Outros - Sequência;1;2;;;;;1
05/07/2013;10:33:00;241;sem vítima;486;BR-381/MG;Sul;Colisão Lateral;2;2;;;;;1
05/07/2013;11:29:00;271;sem vítima;494;BR-381/MG;Norte;Colisão Lateral;1;2;;;;;1
05/07/2013;15:49:00;425;sem vítima;496,4;BR-381/MG;Norte;Engavetamento;1;3;;;;;1
05/07/2013;10:51:00;251;sem vítima;502,6;BR-381/MG;Sul;Colisão Traseira;1;2;;;;;1
05/07/2013;13:10:00;315;sem vítima;546;BR-381/MG;Norte;Colisão Traseira;1;2;;;;;1
05/07/2013;13:13:00;318;sem vítima;862,5;BR-381/MG;Sul;Engavetamento;1;10;;;;;1
05/07/2013;16:28:00;448;com vítima;907,5;BR-381/MG;Norte;Tombamento;1;0;2;;;;1
05/07/2013;06:03:00;89;sem vítima;920;BR-381/MG;Sul;Colisão Lateral;2;2;;;;;1
05/07/2013;16:40:00;457;com vítima;927,5;BR-381/MG;Norte;Tombamento;1;0;1;;;;1
05/07/2013;08:21:00;161;com vítima;942,7;BR-381/MG;Sul;Colisão Traseira;1;4;3;;;;1
06/07/2013;05:58:00;98;sem vítima;2;BR-381/SP;Norte;Outros - Sequência;1;10;;;;;1
06/07/2013;15:25:00;399;sem vítima;79,8;BR-381/SP;Norte;Colisão Traseira;1;2;;;;;1
06/07/2013;05:07:00;78;com vítima;83;BR-381/SP;Sul;Outros - Sequência;1;4;1;;;;1
06/07/2013;17:25:00;486;sem vítima;90;BR-381/SP;Norte;Colisão Transversal;1;1;;;;;1
06/07/2013;12:18:00;279;sem vítima;500;BR-381/MG;Sul;Colisão Traseira;1;2;;;;;1
06/07/2013;09:13:00;178;com vítima;600;BR-381/MG;Sul;Colisão Traseira;1;2;2;;;;1
06/07/2013;10:49:00;230;sem vítima;818,2;BR-381/MG;Norte;Colisão Traseira;1;2;;;;;1
06/07/2013;09:10:00;177;sem vítima;828,2;BR-381/MG;Norte;Colisão Traseira;1;2;;;;;1
06/07/2013;14:05:00;342;sem vítima;858;BR-381/MG;Norte;Engavetamento;1;3;;;;;1
06/07/2013;09:29:00;187;sem vítima;873,8;BR-381/MG;Norte;Choque - Defensa, barreira ou "submarino";1;1;;;;;1
06/07/2013;02:19:00;38;sem vítima;920;BR-381/MG;Norte;Colisão Traseira;2;2;;;;;1
06/07/2013;17:37:00;501;sem vítima;927,5;BR-381/MG;Norte;Saida de Pista;1;2;;;;;1
06/07/2013;00:14:00;6;com vítima;949,6;BR-381/MG;Sul;Colisão Traseira;1;1;1;;;;1
07/07/2013;00:22:00;11;com vítima;34;BR-381/SP;Norte;Colisão Traseira;1;2;;1;;;2
07/07/2013;16:08:00;436;com vítima;484;BR-381/MG;Norte;Colisão Traseira;1;1;;1;;;2
07/07/2013;20:12:00;592;sem vítima;492,7;BR-381/MG;Sul;Outros - Sequência;1;2;;;;;1
07/07/2013;16:43:00;460;sem vítima;497,8;BR-381/MG;Norte;Colisão Traseira;1;2;;;;;1
07/07/2013;15:22:00;394;sem vítima;637;BR-381/MG;Sul;Colisão Traseira;2;2;;;;;1
07/07/2013;09:41:00;213;sem vítima;671,2;BR-381/MG;Norte;Engavetamento;1;3;;;;;1
07/07/2013;06:38:00;125;com vítima;923,8;BR-381/MG;Sul;Tombamento;1;0;2;;;;1
08/07/2013;06:56:00;137;sem vítima;480,5;BR-381/MG;Sul;Colisão Lateral;1;2;;;;;1
08/07/2013;14:52:00;420;sem vítima;491,8;BR-381/MG;Sul;Colisão Lateral;1;2;;;;;1
08/07/2013;03:53:00;86;sem vítima;547;BR-381/MG;Norte;Colisão Traseira;1;2;;;;;1
08/07/2013;17:13:00;520;sem vítima;650;BR-381/MG;Norte;Colisão Lateral;1;2;;;;;1
08/07/2013;05:39:00;117;com vítima;657,3;BR-381/MG;Norte;Colisão Traseira;1;1;;1;;;2
09/07/2013;11:36:00;301;sem vítima;77;BR-381/SP;Norte;Objeto lançado contra veículo;1;2;;;;;1
09/07/2013;13:53:00;387;sem vítima;486,6;BR-381/MG;Sul;Outros - Sequência;1;2;;;;;1
09/07/2013;06:52:00;129;sem vítima;620;BR-381/MG;Sul;Colisão Traseira;2;2;;;;;1
09/07/2013;17:13:00;508;sem vítima;700;BR-381/MG;Norte;Colisão Traseira;1;2;;;;;1
09/07/2013;13:43:00;379;com vítima;841,2;BR-381/MG;Norte;Colisão Traseira;1;1;1;;;;1
09/07/2013;19:33:00;576;sem vítima;931,4;BR-381/MG;Sul;Choque - Defensa, barreira ou "submarino";1;1;;;;;1
10/07/2013;16:07:00;439;sem vítima;46,5;BR-381/SP;Norte;Objeto lançado contra veículo;2;3;;;;;1
10/07/2013;16:51:00;457;com vítima;65,1;BR-381/SP;Sul;Colisão Lateral;2;3;;;1;;2
10/07/2013;11:43:00;325;sem vítima;65,5;BR-381/SP;Norte;Colisão Lateral;1;2;;;;;1