data;horario;n_da_ocorrencia;tipo_de_ocorrencia;km;trecho;sentido;tipo_de_acidente;caminhao;ilesos;levemente_feridos;moderadamente_feridos;gravemente_feridos;mortos;3
10/07/2013;10:56:00;302;sem vítima;66,6;BR-381/SP;Sul;Colisão Traseira;2;2;;;;;1
10/07/2013;21:37:00;601;sem vítima;484,1;BR-381/MG;Sul;Engavetamento;1;3;;;;;1
10/07/2013;18:29:00;518;sem vítima;486,5;BR-381/MG;Sul;Colisão Lateral;1;2;;;;;1
10/07/2013;07:37:00;165;com vítima;489;BR-381/MG;Sul;Capotamento;1;1;;1;;;2
10/07/2013;11:16:00;312;sem vítima;501,95;BR-381/MG;Sul;Saida de Pista;1;1;;;;;1
10/07/2013;09:16:00;239;com vítima;559,2;BR-381/MG;Norte;Outros - Sequência;1;3;1;;;;1
10/07/2013;12:04:00;333;sem vítima;573;BR-381/MG;Sul;Colisão Lateral;1;2;;;;;1
10/07/2013;18:16:00;514;com vítima;712,5;BR-381/MG;Norte;Outros - Sequência;1;0;1;;;1;3
10/07/2013;10:46:00;294;sem vítima;805,1;BR-381/MG;Sul;Colisão Traseira;1;2;;;;;1
10/07/2013;08:42:00;210;sem vítima;850,3;BR-381/MG;Sul;Colisão Traseira;1;2;;;;;1
10/07/2013;21:22:00;591;sem vítima;925,5;BR-381/MG;Sul;Choque - Objeto sobre a pista;1;1;;;;;1
11/07/2013;14:44:00;387;sem vítima;7;BR-381/SP;Norte;Colisão Traseira;1;2;;;;;1
11/07/2013;15:54:00;439;sem vítima;36,5;BR-381/SP;Norte;Tombamento;1;1;;;;;1
11/07/2013;04:37:00;59;com vítima;58,7;BR-381/SP;Sul;Colisão Traseira;1;1;;1;;;2
11/07/2013;16:28:00;456;sem vítima;486;BR-381/MG;Norte;Colisão Lateral;1;2;;;;;1
11/07/2013;20:30:00;555;sem vítima;597,85;BR-381/MG;Sul;Colisão Lateral;1;2;;;;;1
11/07/2013;02:57:00;45;sem vítima;908,7;BR-381/MG;Sul;Colisão Traseira;2;2;;;;;1
11/07/2013;02:38:00;38;sem vítima;941;BR-381/MG;Sul;Outros - Sequência;1;1;;;;;1
12/07/2013;17:53:00;542;sem vítima;61;BR-381/SP;Sul;Colisão Lateral;1;2;;;;;1
12/07/2013;18:56:00;586;sem vítima;66,3;BR-381/SP;Sul;Colisão Lateral;1;2;;;;;1
12/07/2013;11:33:00;282;sem vítima;89,5;BR-381/SP;Sul;Colisão Lateral;1;2;;;;;1
12/07/2013;20:31:00;637;sem vítima;482,5;BR-381/MG;Sul;Colisão Lateral;1;2;;;;;1
12/07/2013;16:40:00;491;sem vítima;483,8;BR-381/MG;Norte;Colisão Traseira;1;2;;;;;1
12/07/2013;16:02:00;463;sem vítima;491;BR-381/MG;Sul;Colisão Lateral;1;2;;;;;1
12/07/2013;15:41:00;440;sem vítima;492;BR-381/MG;Sul;Engavetamento;2;3;;;;;1
12/07/2013;19:41:00;617;sem vítima;493,2;BR-381/MG;Sul;Engavetamento;1;3;;;;;1
12/07/2013;18:16:00;562;sem vítima;496,3;BR-381/MG;Sul;Colisão Traseira;1;2;;;;;1
12/07/2013;06:52:00;117;sem vítima;597,5;BR-381/MG;Norte;Colisão Traseira;1;2;;;;;1
12/07/2013;05:18:00;93;sem vítima;758;BR-381/MG;Norte;Colisão Traseira;2;2;;;;;1
12/07/2013;04:35:00;76;com vítima;801,6;BR-381/MG;Sul;Colisão Traseira;2;1;;1;;;2
12/07/2013;11:17:00;271;com vítima;929,7;BR-381/MG;Norte;Capotamento;1;1;1;;;;1
13/07/2013;16:27:00;439;sem vítima;484,6;BR-381/MG;Sul;Outros - Sequência;1;1;;;;;1
13/07/2013;18:16:00;504;sem vítima;495;BR-381/MG;Norte;Colisão Lateral;1;3;;;;;1
13/07/2013;20:31:00;578;sem vítima;495;BR-381/MG;Norte;Colisão Lateral;1;2;;;;;1
13/07/2013;07:36:00;135;sem vítima;521;BR-381/MG;Sul;Outros - Sequência;1;8;;;;;1
13/07/2013;11:22:00;255;sem vítima;596,8;BR-381/MG;Norte;Outros - Sequência;1;2;;;;;1
13/07/2013;03:25:00;63;com vítima;907,5;BR-381/MG;Norte;Tombamento;1;0;;1;;;2
14/07/2013;19:06:00;498;com vítima;633;BR-381/MG;Sul;Outros - Sequência;1;1;5;;;;1
14/07/2013;15:19:00;354;com vítima;707;BR-381/MG;Norte;Outros - Sequência;1;0;;1;;;2
14/07/2013;17:39:00;442;sem vítima;726;BR-381/MG;Sul;Colisão Lateral;1;2;;;;;1
14/07/2013;03:06:00;58;sem vítima;927,7;BR-381/MG;Norte;Saida de Pista;1;1;;;;;1
15/07/2013;08:10:00;163;com vítima;88;BR-381/SP;Sul;Engavetamento;2;5;2;;;;1
15/07/2013;05:53:00;113;sem vítima;935,1;BR-381/MG;Sul;Colisão Traseira;2;2;;;;;1
16/07/2013;10:35:00;272;sem vítima;1;BR-381/SP;Sul;Colisão Traseira;1;3;;;;;1
16/07/2013;03:19:00;61;sem vítima;25,5;BR-381/SP;Norte;Choque - Defensa, barreira ou "submarino";1;1;;;;;1
16/07/2013;18:01:00;547;sem vítima;54,3;BR-381/SP;Norte;Colisão Traseira;1;2;;;;;1
16/07/2013;09:27:00;223;sem vítima;89;BR-381/SP;Sul;Colisão Lateral;1;2;;;;;1
16/07/2013;05:48:00;89;com vítima;483,9;BR-381/MG;Norte;Tombamento;1;0;1;;;;1
16/07/2013;14:45:00;400;com vítima;484,7;BR-381/MG;Sul;Colisão Traseira;1;1;1;;;;1
16/07/2013;17:22:00;524;sem vítima;850,8;BR-381/MG;Norte;Colisão Lateral;1;2;;;;;1
17/07/2013;19:53:00;570;com vítima;0;BR-381/SP;Sul;Engavetamento;3;5;2;;;;1
17/07/2013;19:01:00;553;sem vítima;31,3;BR-381/SP;Sul;Tombamento;1;1;;;;;1
17/07/2013;02:00:00;34;com vítima;35,7;BR-381/SP;Norte;Outros - Sequência;2;1;1;;;;1
17/07/2013;06:43:00;108;com vítima;493;BR-381/MG;Sul;Colisão Lateral;1;1;1;;;;1
17/07/2013;04:35:00;67;sem vítima;502;BR-381/MG;Norte;Choque - Defensa, barreira ou "submarino";1;1;;;;;1
17/07/2013;13:29:00;344;sem vítima;594;BR-381/MG;Norte;Colisão Lateral;1;2;;;;;1
17/07/2013;02:50:00;45;com vítima;628,5;BR-381/MG;Sul;Colisão Traseira;2;0;4;;;;1
17/07/2013;11:31:00;290;sem vítima;802,4;BR-381/MG;Norte;Colisão Lateral;1;2;;;;;1
18/07/2013;13:58:00;413;sem vítima;483,8;BR-381/MG;Norte;Colisão Lateral;1;2;;;;;1
18/07/2013;13:56:00;412;sem vítima;491,8;BR-381/MG;Norte;Colisão Lateral;1;2;;;;;1
18/07/2013;04:36:00;82;com vítima;525,7;BR-381/MG;Sul;Tombamento;1;0;;1;;;2
18/07/2013;02:35:00;52;com vítima;707,1;BR-381/MG;Norte;Tombamento;1;0;1;;;;1
18/07/2013;09:30:00;246;com vítima;707,1;BR-381/MG;Norte;Outros - Sequência;1;0;;;;1;3
18/07/2013;23:07:00;724;sem vítima;763;BR-381/MG;Norte;Colisão Traseira;2;2;;;;;1
18/07/2013;10:41:00;300;sem vítima;843,1;BR-381/MG;Sul;Colisão Traseira;1;2;;;;;1
18/07/2013;07:31:00;148;sem vítima;890,95;BR-381/MG;Norte;Outros - Sequência;1;1;;;;;1
18/07/2013;00:31:00;26;com vítima;907;BR-381/MG;Norte;Tombamento;1;0;1;;;;1
19/07/2013;06:30:00;113;com vítima;52;BR-381/SP;Sul;Colisão Traseira;2;2;;;;1;3
19/07/2013;07:31:00;154;sem vítima;58;BR-381/SP;Sul;Engavetamento;2;4;;;;;1
19/07/2013;15:15:00;463;sem vítima;61;BR-381/SP;Norte;Colisão Traseira;1;2;;;;;1
19/07/2013;16:36:00;511;sem vítima;68;BR-381/SP;Norte;Choque - Defensa, barreira ou "submarino";1;1;;;;;1
19/07/2013;13:13:00;396;sem vítima;487,7;BR-381/MG;Sul;Choque - Defensa, barreira ou "submarino";1;1;;;;;1
19/07/2013;15:09:00;460;sem vítima;500,4;BR-381/MG;Sul;Engavetamento;3;5;;;;;1
19/07/2013;09:09:00;235;sem vítima;508;BR-381/MG;Norte;Engavetamento;1;3;;;;;1
19/07/2013;16:19:00;503;sem vítima;521,4;BR-381/MG;Norte;Outros - Sequência;1;2;;;;;1
19/07/2013;16:56:00;530;sem vítima;522,5;BR-381/MG;Norte;Colisão Traseira;1;2;;;;;1
19/07/2013;19:07:00;616;sem vítima;537,7;BR-381/MG;Norte;Outros - Sequência;1;3;;;;;1
19/07/2013;07:00:00;132;sem vítima;540,9;BR-381/MG;Norte;Outros - Sequência;1;1;;;;;1
19/07/2013;08:41:00;211;sem vítima;560,5;BR-381/MG;Sul;Choque - Defensa, barreira ou "submarino";1;1;;;;;1
19/07/2013;09:43:00;258;sem vítima;745,1;BR-381/MG;Sul;Colisão Traseira;1;2;;;;;1
19/07/2013;08:26:00;199;sem vítima;763,1;BR-381/MG;Norte;Colisão Traseira;2;2;;;;;1
19/07/2013;01:13:00;32;sem vítima;779,3;BR-381/MG;Norte;Tombamento;1;1;;;;;1
19/07/2013;17:15:00;542;sem vítima;900;BR-381/MG;Norte;Colisão Traseira;2;2;;;;;1
19/07/2013;08:16:00;194;sem vítima;907,4;BR-381/MG;Norte;Engavetamento;3;4;;;;;1
19/07/2013;18:07:00;579;com vítima;921;BR-381/MG;Sul;Tombamento;1;0;;1;;;2
19/07/2013;01:04:00;29;sem vítima;923,4;BR-381/MG;Sul;Colisão Traseira;2;2;;;;;1
20/07/2013;10:41:00;242;sem vítima;485;BR-381/MG;Norte;Colisão Traseira;1;2;;;;;1
20/07/2013;19:40:00;546;com vítima;525,5;BR-381/MG;Sul;Outros - Sequência;2;1;;1;;;2
20/07/2013;01:06:00;25;com vítima;627,5;BR-381/MG;Norte;Outros - Sequência;2;0;2;;;2;3
21/07/2013;19:52:00;519;sem vítima;7,5;BR-381/SP;Norte;Colisão Traseira;1;2;;;;;1
21/07/2013;21:50:00;597;sem vítima;8,8;BR-381/SP;Sul;Engavetamento;1;3;;;;;1
21/07/2013;01:14:00;26;sem vítima;74;BR-381/SP;Norte;Colisão Traseira;1;2;;;;;1
21/07/2013;08:46:00;154;sem vítima;503,5;BR-381/MG;Sul;Outros - Sequência;1;3;;;;;1
21/07/2013;23:56:00;647;sem vítima;576,6;BR-381/MG;Sul;Tombamento;1;1;;;;;1
21/07/2013;20:46:00;559;sem vítima;944,5;BR-381/MG;Sul;Engavetamento;1;3;;;;;1
22/07/2013;05:44:00;59;sem vítima;494,5;BR-381/MG;Norte;Colisão Lateral;1;2;;;;;1
22/07/2013;17:49:00;454;com vítima;533,1;BR-381/MG;Sul;Outros - Sequência;1;1;1;;;;1
22/07/2013;09:48:00;174;sem vítima;606,8;BR-381/MG;Sul;Outros - Sequência;1;2;;;;;1
22/07/2013;15:51:00;368;sem vítima;946;BR-381/MG;Sul;Colisão Traseira;1;2;;;;;1
23/07/2013;18:29:00;500;com vítima;37,5;BR-381/SP;Sul;Colisão Traseira;2;1;1;;;;1
23/07/2013;00:04:00;11;sem vítima;76;BR-381/SP;Norte;Tombamento;1;1;;;;;1
23/07/2013;14:42:00;351;sem vítima;495;BR-381/MG;Norte;Colisão Traseira;2;3;;;;;1
23/07/2013;22:46:00;593;sem vítima;525;BR-381/MG;Norte;Colisão Traseira;2;2;;;;;1
23/07/2013;01:58:00;47;sem vítima;771,5;BR-381/MG;Sul;Outros - Sequência;1;1;;;;;1
23/07/2013;12:04:00;287;sem vítima;805;BR-381/MG;Sul;Colisão Traseira;1;2;;;;;1
23/07/2013;07:16:00;131;sem vítima;858,5;BR-381/MG;Sul;Outros - Sequência;1;1;;;;;1
23/07/2013;08:24:00;177;com vítima;934,3;BR-381/MG;Norte;Colisão Traseira;1;1;1;;;;1
24/07/2013;10:16:00;225;sem vítima;483;BR-381/MG;Sul;Choque - Defensa, barreira ou "submarino";1;1;;;;;1
24/07/2013;11:19:00;252;sem vítima;506;BR-381/MG;Sul;Colisão Lateral;2;2;;;;;1
24/07/2013;08:42:00;180;com vítima;705,9;BR-381/MG;Sul;Outros - Sequência;1;0;2;;;;1
24/07/2013;05:59:00;106;sem vítima;717,5;BR-381/MG;Norte;Outros - Sequência;1;2;;;;;1
24/07/2013;22:21:00;600;com vítima;806,5;BR-381/MG;Sul;Outros - Sequência;2;1;;1;;1;3
24/07/2013;21:39:00;588;sem vítima;811,8;BR-381/MG;Norte;Colisão Lateral;2;2;;;;;1
24/07/2013;09:02:00;191;sem vítima;819,9;BR-381/MG;Sul;Colisão Traseira;2;3;;;;;1
24/07/2013;18:24:00;463;sem vítima;839;BR-381/MG;Sul;Colisão Lateral;1;2;;;;;1
24/07/2013;20:41:00;553;com vítima;934;BR-381/MG;Sul;Colisão Traseira;1;2;;1;;;2
24/07/2013;19:04:00;492;sem vítima;948,4;BR-381/MG;Norte;Colisão Traseira;2;2;;;;;1
25/07/2013;11:05:00;257;sem vítima;13,2;BR-381/SP;Sul;Colisão Traseira;2;2;;;;;1
25/07/2013;20:35:00;595;sem vítima;26;BR-381/SP;Norte;Colisão Traseira;2;2;;;;;1
25/07/2013;17:25:00;482;sem vítima;51,5;BR-381/SP;Sul;Colisão Lateral;1;2;;;;;1
25/07/2013;06:46:00;121;sem vítima;482,1;BR-381/MG;Sul;Colisão Lateral;2;2;;;;;1
25/07/2013;04:20:00;59;com vítima;500,1;BR-381/MG;Norte;Outros - Sequência;1;1;2;;;;1
25/07/2013;13:19:00;341;com vítima;525,5;BR-381/MG;Sul;Tombamento;1;0;2;;;;1
25/07/2013;07:49:00;153;sem vítima;546;BR-381/MG;Norte;Colisão Traseira;1;3;;;;;1
25/07/2013;14:23:00;367;sem vítima;616,9;BR-381/MG;Sul;Choque - Defensa, barreira ou "submarino";1;1;;;;;1
25/07/2013;08:05:00;160;com vítima;654;BR-381/MG;Norte;Tombamento;1;0;1;;;;1
25/07/2013;16:00:00;424;com vítima;659,5;BR-381/MG;Norte;Tombamento;1;0;;1;;;2
25/07/2013;11:06:00;259;sem vítima;764;BR-381/MG;Norte;Colisão Traseira;1;2;;;;;1
26/07/2013;00:41:00;22;sem vítima;58,8;BR-381/SP;Norte;Colisão Traseira;2;2;;;;;1
26/07/2013;22:07:00;698;sem vítima;68;BR-381/SP;Sul;Colisão Traseira;2;2;;;;;1
26/07/2013;17:29:00;525;sem vítima;88,8;BR-381/SP;Sul;Colisão Lateral;1;2;;;;;1
26/07/2013;01:30:00;43;sem vítima;478;BR-381/MG;Sul;Outros - Sequência;2;2;;;;;1
26/07/2013;20:12:00;640;sem vítima;482;BR-381/MG;Sul;Colisão Traseira;1;2;;;;;1
26/07/2013;16:02:00;465;com vítima;484,1;BR-381/MG;Norte;Outros - Sequência;1;2;;;;2;3
26/07/2013;19:28:00;609;sem vítima;489;BR-381/MG;Norte;Colisão Traseira;2;2;;;;;1
26/07/2013;08:13:00;181;sem vítima;489,8;BR-381/MG;Sul;Colisão Traseira;1;2;;;;;1
26/07/2013;12:45:00;343;com vítima;492;BR-381/MG;Sul;Colisão Lateral;1;1;1;;;;1
26/07/2013;14:35:00;409;sem vítima;602,2;BR-381/MG;Sul;Colisão Lateral;1;2;;;;;1
26/07/2013;22:52:00;721;sem vítima;735;BR-381/MG;Sul;Engavetamento;4;4;;;;;1
26/07/2013;12:18:00;334;sem vítima;857,3;BR-381/MG;Sul;Colisão Traseira;1;8;;;;;1
26/07/2013;07:24:00;152;sem vítima;927;BR-381/MG;Norte;Colisão Traseira;2;2;;;;;1
26/07/2013;05:32:00;103;sem vítima;942;BR-381/MG;Sul;Choque - Elemento de Drenagem;1;1;;;;;1
27/07/2013;08:33:00;186;sem vítima;7,5;BR-381/SP;Norte;Colisão Lateral;1;2;;;;;1
27/07/2013;14:30:00;391;sem vítima;479;BR-381/MG;Norte;Outros - Sequência;1;5;;;;;1
27/07/2013;12:02:00;310;sem vítima;489;BR-381/MG;Sul;Colisão Traseira;1;2;;;;;1
27/07/2013;05:07:00;84;sem vítima;490,5;BR-381/MG;Norte;Colisão Lateral;2;2;;;;;1
27/07/2013;12:59:00;343;sem vítima;546;BR-381/MG;Sul;Outros - Sequência;1;1;;;;;1
27/07/2013;03:33:00;67;sem vítima;556,5;BR-381/MG;Norte;Outros - Sequência;2;2;;;;;1
27/07/2013;10:21:00;261;sem vítima;597;BR-381/MG;Norte;Colisão Traseira;1;2;;;;;1
27/07/2013;07:42:00;148;sem vítima;666;BR-381/MG;Norte;Outros - Sequência;2;3;;;;;1
27/07/2013;12:03:00;311;com vítima;720,8;BR-381/MG;Norte;Tombamento;1;0;1;;;;1
27/07/2013;03:20:00;65;com vítima;738;BR-381/MG;Sul;Outros - Sequência;1;1;;1;;;2
27/07/2013;20:44:00;575;com vítima;779,9;BR-381/MG;Norte;Outros - Sequência;1;1;1;;;;1
27/07/2013;12:37:00;328;sem vítima;805;BR-381/MG;Norte;Outros - Sequência;1;1;;;;;1
27/07/2013;01:21:00;36;sem vítima;866,6;BR-381/MG;Sul;Outros - Sequência;1;1;;;;;1
28/07/2013;20:14:00;500;com vítima;512,8;BR-381/MG;Sul;Colisão Traseira;1;1;2;;;;1
28/07/2013;19:01:00;456;com vítima;514;BR-381/MG;Sul;Colisão Traseira;2;1;;;1;;2
28/07/2013;13:07:00;235;sem vítima;733;BR-381/MG;Sul;Colisão Traseira;1;2;;;;;1
28/07/2013;07:15:00;85;sem vítima;744,3;BR-381/MG;Sul;Tombamento;1;1;;;;;1
28/07/2013;21:59:00;550;sem vítima;857,3;BR-381/MG;Sul;Atropelamento de Animal;1;1;;;;;1
29/07/2013;22:34:00;546;sem vítima;512,9;BR-381/MG;Norte;Tombamento;1;1;;;;;1
29/07/2013;13:07:00;259;com vítima;549,5;BR-381/MG;Sul;Tombamento;1;0;1;;;;1
29/07/2013;13:53:00;276;sem vítima;560;BR-381/MG;Norte;Colisão Traseira;2;2;;;;;1
29/07/2013;06:30:00;84;com vítima;701;BR-381/MG;Sul;Tombamento;1;0;;1;;;2
29/07/2013;06:52:00;92;sem vítima;840;BR-381/MG;Sul;Colisão Lateral;1;2;;;;;1
29/07/2013;21:24:00;531;sem vítima;881;BR-381/MG;Norte;Colisão Traseira;1;2;;;;;1
29/07/2013;09:30:00;169;sem vítima;900,88;BR-381/MG;Norte;Colisão Traseira;1;2;;;;;1
29/07/2013;18:59:00;464;sem vítima;912,5;BR-381/MG;Norte;Outros - Sequência;1;2;;;;;1
30/07/2013;13:20:00;282;sem vítima;805;BR-381/MG;Sul;Colisão Traseira;1;2;;;;;1
30/07/2013;07:16:00;105;sem vítima;889,5;BR-381/MG;Norte;Colisão Lateral;1;2;;;;;1
31/07/2013;08:02:00;182;sem vítima;484;BR-381/MG;Norte;Colisão Lateral;1;2;;;;;1
31/07/2013;16:27:00;485;sem vítima;487;BR-381/MG;Norte;Colisão Traseira;1;2;;;;;1
31/07/2013;12:34:00;356;sem vítima;603,2;BR-381/MG;Norte;Saida de Pista;1;1;;;;;1
31/07/2013;07:07:00;139;sem vítima;680;BR-381/MG;Norte;Outros - Sequência;1;1;;;;;1
31/07/2013;03:28:00;78;sem vítima;853,6;BR-381/MG;Norte;Colisão Traseira;2;2;;;;;1
31/07/2013;16:52:00;494;com vítima;900,8;BR-381/MG;Norte;Colisão Traseira;2;2;1;;;;1
01/08/2013;18:38:00;488;sem vítima;74,8;BR-381/SP;Norte;Engavetamento;1;3;;;;;1
01/08/2013;08:31:00;162;sem vítima;87,5;BR-381/SP;Norte;Colisão Lateral;1;2;;;;;1
01/08/2013;14:21:00;336;com vítima;88;BR-381/SP;Norte;Colisão Traseira;1;1;1;;;;1
01/08/2013;18:44:00;492;com vítima;520,8;BR-381/MG;Sul;Outros - Sequência;2;2;1;;;;1
01/08/2013;08:33:00;164;com vítima;693;BR-381/MG;Norte;Colisão Lateral;1;1;1;;;;1
01/08/2013;17:52:00;466;com vítima;745,5;BR-381/MG;Sul;Colisão Traseira;2;1;;1;;;2
01/08/2013;22:50:00;598;sem vítima;804,5;BR-381/MG;Sul;Choque - Defensa, barreira ou "submarino";1;1;;;;;1
02/08/2013;06:14:00;82;sem vítima;62;BR-381/SP;Norte;Colisão Traseira;1;2;;;;;1
02/08/2013;11:01:00;242;com vítima;83,1;BR-381/SP;Sul;Outros - Sequência;1;1;1;;;;1
02/08/2013;18:18:00;479;sem vítima;486,2;BR-381/MG;Norte;Colisão Traseira;1;2;;;;;1
02/08/2013;15:03:00;349;sem vítima;486,8;BR-381/MG;Sul;Outros - Sequência;1;2;;;;;1
02/08/2013;13:05:00;291;sem vítima;493;BR-381/MG;Sul;Colisão Lateral;1;2;;;;;1
02/08/2013;07:07:00;107;sem vítima;900,88;BR-381/MG;Norte;Colisão Traseira;1;2;;;;;1
03/08/2013;07:14:00;135;sem vítima;37,3;BR-381/SP;Norte;Colisão Traseira;2;2;;;;;1
03/08/2013;10:57:00;314;com vítima;50;BR-381/SP;Norte;Outros - Sequência;1;6;2;;;;1
03/08/2013;05:47:00;91;sem vítima;89;BR-381/SP;Sul;Outros - Sequência;2;3;;;;;1
03/08/2013;12:36:00;374;sem vítima;496,2;BR-381/MG;Norte;Colisão Lateral;1;2;;;;;1
03/08/2013;10:35:00;297;com vítima;502,5;BR-381/MG;Sul;Engavetamento;1;2;1;;;;1
03/08/2013;14:37:00;439;com vítima;721;BR-381/MG;Norte;Tombamento;1;0;1;;;;1
03/08/2013;11:31:00;335;sem vítima;844,5;BR-381/MG;Norte;Colisão Traseira;2;2;;;;;1
03/08/2013;08:10:00;180;com vítima;931,3;BR-381/MG;Sul;Outros - Sequência;1;1;1;;;;1
04/08/2013;07:43:00;112;sem vítima;36,6;BR-381/SP;Norte;Colisão Traseira;1;2;;;;;1
04/08/2013;08:35:00;139;sem vítima;86,4;BR-381/SP;Norte;Colisão Traseira;1;2;;;;;1
04/08/2013;16:39:00;396;com vítima;487,5;BR-381/MG;Sul;Capotamento;1;1;1;1;;;2
04/08/2013;21:34:00;580;sem vítima;738;BR-381/MG;Sul;Colisão Traseira;1;2;;;;;1
04/08/2013;11:28:00;221;sem vítima;775,3;BR-381/MG;Norte;Tombamento;1;1;;;;;1
04/08/2013;08:09:00;126;sem vítima;878,8;BR-381/MG;Norte;Outros - Sequência;1;1;;;;;1
04/08/2013;02:33:00;37;com vítima;923,5;BR-381/MG;Sul;Tombamento;1;0;1;1;;;2
05/08/2013;13:44:00;278;sem vítima;52,5;BR-381/SP;Norte;Colisão Lateral;1;2;;;;;1
05/08/2013;22:47:00;533;sem vítima;481;BR-381/MG;Norte;Tombamento;1;1;;;;;1
05/08/2013;03:11:00;46;com vítima;921;BR-381/MG;Sul;Outros - Sequência;1;0;1;1;;;2
06/08/2013;03:40:00;55;com vítima;44,8;BR-381/SP;Sul;Colisão Traseira;2;1;;1;;;2
06/08/2013;01:15:00;32;sem vítima;66,5;BR-381/SP;Sul;Choque - Outros;1;1;;;;;1
06/08/2013;21:49:00;601;sem vítima;558,5;BR-381/MG;Sul;Outros - Sequência;2;2;;;;;1
06/08/2013;21:02:00;585;com vítima;671;BR-381/MG;Norte;Colisão Traseira;2;1;;1;;;2
06/08/2013;10:40:00;240;sem vítima;745,7;BR-381/MG;Sul;Colisão Traseira;1;2;;;;;1
06/08/2013;23:51:00;632;sem vítima;925;BR-381/MG;Norte;Atropelamento de Animal;1;1;;;;;1
07/08/2013;12:00:00;250;sem vítima;65,7;BR-381/SP;Norte;Colisão Traseira;1;2;;;;;1
07/08/2013;08:40:00;157;sem vítima;494;BR-381/MG;Norte;Colisão Lateral;1;3;;;;;1
07/08/2013;22:37:00;549;sem vítima;847,5;BR-381/MG;Norte;Choque - Defensa, barreira ou "submarino";1;1;;;;;1
07/08/2013;14:49:00;309;sem vítima;896;BR-381/MG;Sul;Colisão Lateral;1;2;;;;;1
08/08/2013;12:29:00;348;sem vítima;65,5;BR-381/SP;Norte;Colisão Traseira;1;2;;;;;1
08/08/2013;08:02:00;161;sem vítima;486,85;BR-381/MG;Norte;Engavetamento;1;5;;;;;1
08/08/2013;15:54:00;457;com vítima;487,5;BR-381/MG;Sul;Outros - Sequência;1;1;1;;;;1
08/08/2013;12:22:00;345;sem vítima;506,5;BR-381/MG;Sul;Outros - Sequência;2;3;;;;;1
08/08/2013;21:43:00;629;sem vítima;726;BR-381/MG;Norte;Outros - Sequência;1;2;;;;;1
08/08/2013;22:05:00;638;sem vítima;872;BR-381/MG;Norte;Choque - Objeto sobre a pista;1;2;;;;;1
09/08/2013;12:44:00;302;sem vítima;63;BR-381/SP;Norte;Colisão Lateral;1;2;;;;;1
09/08/2013;16:10:00;401;sem vítima;76,5;BR-381/SP;Norte;Colisão Traseira;1;2;;;;;1
09/08/2013;11:43:00;276;sem vítima;90;BR-381/SP;Sul;Outros - Sequência;2;3;;;;;1
09/08/2013;21:54:00;590;com vítima;90;BR-381/SP;Sul;Colisão Traseira;2;3;1;;;;1
09/08/2013;14:33:00;351;sem vítima;479,1;BR-381/MG;Norte;Engavetamento;2;3;;;;;1
09/08/2013;17:32:00;440;sem vítima;540,8;BR-381/MG;Norte;Saida de Pista;1;1;;;;;1
09/08/2013;01:41:00;38;sem vítima;549,5;BR-381/MG;Norte;Choque - Defensa, barreira ou "submarino";1;1;;;;;1
09/08/2013;03:36:00;64;sem vítima;653,1;BR-381/MG;Sul;Colisão Traseira;2;2;;;;;1
09/08/2013;08:34:00;180;sem vítima;755;BR-381/MG;Norte;Engavetamento;1;5;;;;;1
10/08/2013;03:38:00;75;com vítima;50,9;BR-381/SP;Sul;Capotamento;1;0;1;;1;2;3
10/08/2013;13:27:00;321;com vítima;558,1;BR-381/MG;Norte;Colisão Traseira;2;1;;1;;;2
10/08/2013;07:47:00;138;com vítima;692,9;BR-381/MG;Norte;Engavetamento;1;3;2;;;;1
10/08/2013;08:39:00;175;sem vítima;807,3;BR-381/MG;Norte;Colisão Lateral;1;2;;;;;1
10/08/2013;08:28:00;164;com vítima;878,4;BR-381/MG;Sul;Outros - Sequência;1;2;;;;1;3
10/08/2013;04:47:00;88;sem vítima;944;BR-381/MG;Norte;Colisão Lateral;1;5;;;;;1
11/08/2013;14:43:00;293;sem vítima;486,3;BR-381/MG;Sul;Choque - Defensa, barreira ou "submarino";1;1;;;;;1
11/08/2013;20:32:00;489;sem vítima;880,2;BR-381/MG;Sul;Colisão Traseira;1;2;;;;;1
11/08/2013;16:45:00;364;sem vítima;900,8;BR-381/MG;Norte;Colisão Traseira;1;2;;;;;1
12/08/2013;18:42:00;511;sem vítima;69;BR-381/SP;Norte;Tombamento;1;1;;;;;1
12/08/2013;14:48:00;365;sem vítima;523,1;BR-381/MG;Norte;Colisão Lateral;2;2;;;;;1
12/08/2013;14:46:00;364;sem vítima;543;BR-381/MG;Sul;Engavetamento;3;3;;;;;1
12/08/2013;07:20:00;111;sem vítima;574;BR-381/MG;Sul;Outros - Sequência;1;5;;;;;1
12/08/2013;19:16:00;525;sem vítima;695,8;BR-381/MG;Norte;Colisão Lateral;2;2;;;;;1
12/08/2013;21:30:00;581;com vítima;736,5;BR-381/MG;Norte;Colisão Traseira;2;1;;2;;;2
12/08/2013;04:46:00;63;sem vítima;793,5;BR-381/MG;Norte;Choque - Defensa, barreira ou "submarino";1;1;;;;;1
12/08/2013;23:41:00;619;sem vítima;848;BR-381/MG;Sul;Colisão Traseira;1;2;;;;;1
12/08/2013;17:10:00;459;sem vítima;903;BR-381/MG;Norte;Outros - Sequência;1;1;;;;;1
13/08/2013;17:59:00;463;sem vítima;482,5;BR-381/MG;Norte;Colisão Traseira;1;2;;;;;1
13/08/2013;22:58:00;575;sem vítima;514;BR-381/MG;Norte;Outros - Sequência;1;1;;;;;1
13/08/2013;16:32:00;407;sem vítima;517;BR-381/MG;Sul;Colisão Lateral;1;2;;;;;1
13/08/2013;22:11:00;558;sem vítima;593,7;BR-381/MG;Norte;Outros - Sequência;2;3;;;;;1
13/08/2013;07:23:00;109;com vítima;841,1;BR-381/MG;Sul;Choque - Defensa, barreira ou "submarino";1;0;1;;;;1