data;horario;n_da_ocorrencia;tipo_de_ocorrencia;km;trecho;sentido;tipo_de_acidente;caminhao;ilesos;levemente_feridos;moderadamente_feridos;gravemente_feridos;mortos;3
17/09/2013;23:44:00;627;sem vítima;573;BR-381/MG;Norte;Saida de Pista;1;1;;;;;1
17/09/2013;05:34:00;99;com vítima;594;BR-381/MG;Norte;Colisão Traseira;1;0;2;;;;1
17/09/2013;23:30:00;624;com vítima;599;BR-381/MG;Sul;Colisão Traseira;1;1;;2;;;2
17/09/2013;16:38:00;423;sem vítima;712,5;BR-381/MG;Sul;Outros - Sequência;2;2;;;;;1
17/09/2013;20:43:00;565;sem vítima;761,9;BR-381/MG;Sul;Saida de Pista;1;1;;;;;1
17/09/2013;08:00:00;157;com vítima;782,8;BR-381/MG;Norte;Tombamento;1;0;1;;;;1
17/09/2013;19:30:00;516;sem vítima;793;BR-381/MG;Sul;Outros - Sequência;2;2;;;;;1
17/09/2013;23:04:00;612;com vítima;872,1;BR-381/MG;Sul;Tombamento;1;0;1;;;;1
17/09/2013;07:06:00;130;com vítima;874;BR-381/MG;Sul;Tombamento;1;2;1;;;;1
17/09/2013;12:49:00;294;sem vítima;907;BR-381/MG;Sul;Colisão Transversal;1;2;;;;;1
17/09/2013;11:55:00;272;sem vítima;932;BR-381/MG;Norte;Outros - Sequência;3;3;;;;;1
17/09/2013;17:02:00;433;sem vítima;933;BR-381/MG;Sul;Colisão Traseira;1;2;;;;;1
18/09/2013;12:21:00;286;sem vítima;66,5;BR-381/SP;Sul;Colisão Traseira;2;2;;;;;1
18/09/2013;12:22:00;290;sem vítima;66,5;BR-381/SP;Sul;Engavetamento;1;3;;;;;1
18/09/2013;15:29:00;383;sem vítima;89;BR-381/SP;Norte;Colisão Traseira;2;2;;;;;1
18/09/2013;13:57:00;332;sem vítima;532,1;BR-381/MG;Norte;Choque - Talude;1;1;;;;;1
18/09/2013;15:01:00;370;com vítima;561;BR-381/MG;Sul;Tombamento;1;0;;1;;;2
18/09/2013;02:34:00;52;com vítima;564;BR-381/MG;Sul;Tombamento;1;0;;1;;;2
18/09/2013;21:07:00;552;sem vítima;589;BR-381/MG;Sul;Engavetamento;3;3;;;;;1
18/09/2013;13:25:00;313;com vítima;769;BR-381/MG;Norte;Atropelamento - Outros;1;1;;;1;;2
18/09/2013;05:22:00;95;sem vítima;772,8;BR-381/MG;Sul;Colisão Lateral;2;2;;;;;1
19/09/2013;21:41:00;613;sem vítima;63;BR-381/SP;Sul;Colisão Traseira;1;2;;;;;1
19/09/2013;09:32:00;233;sem vítima;477,3;BR-381/MG;Norte;Outros - Sequência;1;2;;;;;1
19/09/2013;11:17:00;282;com vítima;514;BR-381/MG;Sul;Colisão Traseira;1;1;1;;1;;2
19/09/2013;14:42:00;381;sem vítima;514;BR-381/MG;Norte;Colisão Traseira;2;3;;;;;1
19/09/2013;11:41:00;293;com vítima;541,1;BR-381/MG;Norte;Tombamento;1;1;1;;;;1
19/09/2013;17:50:00;505;com vítima;598,5;BR-381/MG;Sul;Outros - Sequência;1;0;1;;1;;2
19/09/2013;10:32:00;261;sem vítima;610,5;BR-381/MG;Norte;Colisão Lateral;1;2;;;;;1
19/09/2013;09:08:00;218;sem vítima;632;BR-381/MG;Norte;Saida de Pista;1;2;;;;;1
19/09/2013;14:39:00;379;sem vítima;689;BR-381/MG;Sul;Colisão Traseira;1;3;;;;;1
20/09/2013;05:20:00;80;com vítima;3,8;BR-381/SP;Sul;Outros - Sequência;1;0;;1;;;2
20/09/2013;17:57:00;542;sem vítima;65,5;BR-381/SP;Norte;Colisão Lateral;1;2;;;;;1
20/09/2013;18:56:00;574;sem vítima;482;BR-381/MG;Sul;Outros - Sequência;2;2;;;;;1
20/09/2013;04:34:00;68;sem vítima;523,1;BR-381/MG;Norte;Choque - Elemento de Drenagem;1;1;;;;;1
20/09/2013;15:15:00;436;com vítima;524,7;BR-381/MG;Sul;Choque - Defensa, barreira ou "submarino";1;0;;1;;;2
20/09/2013;20:15:00;617;sem vítima;586,8;BR-381/MG;Sul;Outros - Sequência;1;3;;;;;1
20/09/2013;20:39:00;626;sem vítima;586,8;BR-381/MG;Sul;Outros - Sequência;2;2;;;;;1
20/09/2013;05:26:00;82;sem vítima;632,3;BR-381/MG;Norte;Colisão Traseira;1;2;;;;;1
20/09/2013;04:24:00;66;com vítima;637,5;BR-381/MG;Sul;Tombamento;1;1;1;;;;1
20/09/2013;08:47:00;188;com vítima;810;BR-381/MG;Sul;Colisão Traseira;1;1;1;;;;1
20/09/2013;13:31:00;383;sem vítima;850,1;BR-381/MG;Norte;Colisão Lateral;1;2;;;;;1
20/09/2013;15:11:00;433;sem vítima;937;BR-381/MG;Norte;Colisão Lateral;1;2;;;;;1
20/09/2013;01:30:00;29;com vítima;937,3;BR-381/MG;Norte;Tombamento;1;0;;1;;;2
21/09/2013;00:09:00;22;sem vítima;0,1;BR-381/SP;Norte;Colisão Traseira;1;2;;;;;1
21/09/2013;19:52:00;581;com vítima;13;BR-381/SP;Sul;Colisão Lateral;1;2;2;;;;1
21/09/2013;07:19:00;178;com vítima;34;BR-381/SP;Sul;Outros - Sequência;1;1;;;1;;2
21/09/2013;04:43:00;114;com vítima;60;BR-381/SP;Norte;Colisão Traseira;2;2;1;;;;1
21/09/2013;07:05:00;169;sem vítima;626,5;BR-381/MG;Norte;Colisão Traseira;1;2;;;;;1
21/09/2013;10:54:00;311;sem vítima;720,8;BR-381/MG;Norte;Tombamento;1;1;;;;;1
21/09/2013;09:58:00;272;sem vítima;929,8;BR-381/MG;Sul;Tombamento;1;1;;;;;1
22/09/2013;01:30:00;51;com vítima;641;BR-381/MG;Sul;Tombamento;1;0;1;;;;1
22/09/2013;18:02:00;471;com vítima;849,5;BR-381/MG;Sul;Saida de Pista;1;0;1;;1;;2
22/09/2013;12:26:00;274;com vítima;937,8;BR-381/MG;Norte;Outros - Sequência;1;1;1;;;;1
23/09/2013;18:53:00;512;sem vítima;7,5;BR-381/SP;Norte;Colisão Traseira;1;2;;;;;1
23/09/2013;06:45:00;120;com vítima;61;BR-381/SP;Norte;Colisão Traseira;1;1;1;;;;1
23/09/2013;04:31:00;82;sem vítima;483;BR-381/MG;Norte;Outros - Sequência;1;2;;;;;1
23/09/2013;06:46:00;123;sem vítima;489;BR-381/MG;Sul;Outros - Sequência;1;3;;;;;1
23/09/2013;09:31:00;205;sem vítima;491,9;BR-381/MG;Sul;Choque - Defensa, barreira ou "submarino";1;1;;;;;1
23/09/2013;21:18:00;572;sem vítima;856;BR-381/MG;Norte;Colisão Traseira;2;2;;;;;1
24/09/2013;20:13:00;598;sem vítima;63,9;BR-381/SP;Sul;Choque - Talude;1;1;;;;;1
24/09/2013;05:16:00;105;sem vítima;501,8;BR-381/MG;Norte;Saida de Pista;1;1;;;;;1
24/09/2013;18:51:00;563;sem vítima;548,4;BR-381/MG;Sul;Choque - Defensa, barreira ou "submarino";1;1;;;;;1
24/09/2013;14:27:00;396;com vítima;665,7;BR-381/MG;Norte;Outros;1;0;;2;;;2
24/09/2013;23:08:00;661;sem vítima;815;BR-381/MG;Norte;Tombamento;1;1;;;;;1
24/09/2013;12:58:00;365;com vítima;933;BR-381/MG;Norte;Colisão Traseira;1;1;2;;;;1
24/09/2013;11:46:00;335;sem vítima;936;BR-381/MG;Norte;Choque - Defensa, barreira ou "submarino";1;1;;;;;1
25/09/2013;12:46:00;342;sem vítima;38,3;BR-381/SP;Norte;Colisão Lateral;1;3;;;;;1
25/09/2013;19:56:00;576;sem vítima;65,7;BR-381/SP;Norte;Choque - Outros;1;1;;;;;1
25/09/2013;08:59:00;223;sem vítima;482;BR-381/MG;Sul;Colisão Lateral;1;2;;;;;1
25/09/2013;11:21:00;304;sem vítima;495;BR-381/MG;Norte;Colisão Traseira;2;2;;;;;1
25/09/2013;16:22:00;464;sem vítima;504,8;BR-381/MG;Norte;Choque - Elemento de Drenagem;1;1;;;;;1
25/09/2013;09:43:00;251;sem vítima;700,8;BR-381/MG;Sul;Capotamento;2;2;;;;;1
25/09/2013;20:20:00;585;com vítima;727,1;BR-381/MG;Sul;Outros - Sequência;2;1;1;;;1;3
25/09/2013;21:13:00;603;sem vítima;727,1;BR-381/MG;Sul;Colisão Lateral;1;2;;;;;1
25/09/2013;18:49:00;543;sem vítima;844,5;BR-381/MG;Norte;Choque - Defensa, barreira ou "submarino";1;1;;;;;1
26/09/2013;08:03:00;175;sem vítima;42;BR-381/SP;Norte;Saida de Pista;1;1;;;;;1
26/09/2013;15:00:00;398;sem vítima;75,1;BR-381/SP;Norte;Colisão Traseira;1;2;;;;;1
26/09/2013;14:34:00;379;sem vítima;484,05;BR-381/MG;Norte;Colisão Traseira;1;2;;;;;1
26/09/2013;17:24:00;495;sem vítima;492,9;BR-381/MG;Norte;Colisão Lateral;1;2;;;;;1
26/09/2013;13:15:00;335;sem vítima;495,1;BR-381/MG;Sul;Colisão Traseira;1;2;;;;;1
26/09/2013;08:20:00;186;sem vítima;508,5;BR-381/MG;Sul;Colisão Traseira;1;2;;;;;1
26/09/2013;06:09:00;133;sem vítima;513,5;BR-381/MG;Norte;Outros - Sequência;1;1;;;;;1
26/09/2013;04:40:00;110;sem vítima;628,5;BR-381/MG;Norte;Colisão Lateral;2;2;;;;;1
26/09/2013;16:22:00;453;sem vítima;721,5;BR-381/MG;Norte;Choque - Talude;1;1;;;;;1
26/09/2013;07:24:00;158;com vítima;893;BR-381/MG;Norte;Outros - Sequência;1;1;2;;1;;2
26/09/2013;23:47:00;677;com vítima;921;BR-381/MG;Sul;Tombamento;1;0;1;;;;1
27/09/2013;18:28:00;613;sem vítima;36,5;BR-381/SP;Norte;Colisão Traseira;1;2;;;;;1
27/09/2013;17:38:00;583;sem vítima;41,8;BR-381/SP;Norte;Engavetamento;2;3;;;;;1
27/09/2013;20:18:00;680;sem vítima;50,3;BR-381/SP;Norte;Colisão Traseira;2;2;;;;;1
27/09/2013;20:32:00;695;sem vítima;50,5;BR-381/SP;Norte;Colisão Traseira;1;2;;;;;1
27/09/2013;21:00:00;706;sem vítima;54,5;BR-381/SP;Norte;Outros - Sequência;2;3;;;;;1
27/09/2013;07:21:00;184;sem vítima;63,5;BR-381/SP;Sul;Outros - Sequência;1;2;;;;;1
27/09/2013;09:25:00;278;sem vítima;485;BR-381/MG;Norte;Colisão Traseira;1;2;;;;;1
27/09/2013;14:13:00;434;sem vítima;492,2;BR-381/MG;Norte;Colisão Traseira;1;2;;;;;1
27/09/2013;23:22:00;770;sem vítima;610,7;BR-381/MG;Norte;Colisão Lateral;1;2;;;;;1
27/09/2013;08:49:00;237;sem vítima;658;BR-381/MG;Norte;Colisão Traseira;2;2;;;;;1
27/09/2013;06:38:00;156;sem vítima;751,5;BR-381/MG;Sul;Outros - Sequência;2;4;;;;;1
27/09/2013;16:04:00;512;sem vítima;755,3;BR-381/MG;Sul;Colisão Traseira;2;2;;;;;1
27/09/2013;17:08:00;561;sem vítima;755,3;BR-381/MG;Sul;Colisão Lateral;1;2;;;;;1
27/09/2013;00:21:00;32;com vítima;792,5;BR-381/MG;Sul;Choque - Defensa, barreira ou "submarino";1;0;1;;;;1
27/09/2013;00:06:00;26;sem vítima;880,4;BR-381/MG;Norte;Colisão Traseira;2;2;;;;;1
27/09/2013;00:00:00;5;com vítima;920,6;BR-381/MG;Sul;Engavetamento;2;2;1;1;;;2
28/09/2013;10:03:00;249;com vítima;492,7;BR-381/MG;Sul;Colisão Traseira;1;12;7;;;;1
28/09/2013;11:35:00;313;com vítima;578,8;BR-381/MG;Sul;Queda de Moto;1;1;1;;;;1
28/09/2013;04:02:00;86;sem vítima;760;BR-381/MG;Norte;Colisão Traseira;1;2;;;;;1
28/09/2013;17:32:00;490;com vítima;925;BR-381/MG;Norte;Tombamento;1;0;;1;;;2
29/09/2013;20:45:00;498;com vítima;13,1;BR-381/SP;Sul;Colisão Traseira;2;1;1;1;;;2
29/09/2013;09:43:00;201;sem vítima;90;BR-381/SP;Sul;Colisão Lateral;1;2;;;;;1
29/09/2013;07:52:00;144;sem vítima;505;BR-381/MG;Sul;Choque - Defensa, barreira ou "submarino";1;1;;;;;1
29/09/2013;16:21:00;382;sem vítima;506,5;BR-381/MG;Norte;Colisão Lateral;1;2;;;;;1
29/09/2013;16:04:00;371;sem vítima;539;BR-381/MG;Norte;Colisão Traseira;1;2;;;;;1
29/09/2013;14:31:00;328;sem vítima;561;BR-381/MG;Sul;Tombamento;1;1;;;;;1
29/09/2013;06:21:00;99;com vítima;691;BR-381/MG;Norte;Colisão Traseira;2;1;1;;;;1
29/09/2013;13:00:00;285;com vítima;921,5;BR-381/MG;Sul;Tombamento;1;0;;1;;;2
29/09/2013;01:39:00;47;com vítima;928;BR-381/MG;Sul;Tombamento;1;0;1;;;;1
30/09/2013;09:23:00;227;sem vítima;486,5;BR-381/MG;Sul;Colisão Traseira;2;2;;;;;1
30/09/2013;20:24:00;563;sem vítima;497,3;BR-381/MG;Norte;Colisão Lateral;1;2;;;;;1
30/09/2013;00:54:00;43;sem vítima;583,8;BR-381/MG;Sul;Outros - Sequência;1;1;;;;;1
30/09/2013;10:43:00;272;com vítima;674,6;BR-381/MG;Sul;Outros - Sequência;2;0;1;1;;;2
30/09/2013;00:51:00;42;com vítima;857,8;BR-381/MG;Sul;Colisão Traseira;2;1;1;;;;1
01/10/2013;12:15:00;318;sem vítima;54;BR-381/SP;Sul;Colisão Traseira;1;2;;;;;1
01/10/2013;16:28:00;460;sem vítima;478,2;BR-381/MG;Norte;Outros - Sequência;2;3;;;;;1
01/10/2013;15:50:00;432;sem vítima;479,8;BR-381/MG;Norte;Choque - Defensa, barreira ou "submarino";1;1;;;;;1
01/10/2013;05:08:00;99;sem vítima;497;BR-381/MG;Norte;Outros - Sequência;1;1;;;;;1
01/10/2013;08:18:00;178;com vítima;528;BR-381/MG;Sul;Outros - Sequência;1;0;2;;;;1
01/10/2013;06:53:00;138;sem vítima;531;BR-381/MG;Norte;Colisão Traseira;2;2;;;;;1
01/10/2013;13:31:00;352;sem vítima;562;BR-381/MG;Sul;Colisão Traseira;2;2;;;;;1
01/10/2013;04:26:00;87;sem vítima;675;BR-381/MG;Sul;Outros - Sequência;1;1;;;;;1
01/10/2013;03:19:00;76;sem vítima;704,4;BR-381/MG;Sul;Outros - Sequência;1;1;;;;;1
01/10/2013;16:23:00;456;com vítima;712,5;BR-381/MG;Norte;Tombamento;1;0;1;;;;1
01/10/2013;04:56:00;94;sem vítima;777,3;BR-381/MG;Sul;Tombamento;1;1;;;;;1
01/10/2013;12:51:00;331;com vítima;934,5;BR-381/MG;Norte;Tombamento;1;0;1;;;;1
02/10/2013;18:34:00;515;sem vítima;66;BR-381/SP;Sul;Colisão Traseira;1;2;;;;;1
02/10/2013;13:28:00;347;sem vítima;73,4;BR-381/SP;Norte;Tombamento;1;1;;;;;1
02/10/2013;06:58:00;143;sem vítima;89;BR-381/SP;Sul;Engavetamento;1;3;;;;;1
02/10/2013;08:28:00;189;sem vítima;479;BR-381/MG;Sul;Saida de Pista;1;1;;;;;1
02/10/2013;12:32:00;322;sem vítima;540;BR-381/MG;Norte;Outros - Sequência;1;1;;;;;1
02/10/2013;06:34:00;133;com vítima;541;BR-381/MG;Norte;Tombamento;1;0;;;;1;3
02/10/2013;12:59:00;334;sem vítima;559;BR-381/MG;Sul;Colisão Traseira;1;2;;;;;1
02/10/2013;18:51:00;524;com vítima;607;BR-381/MG;Sul;Tombamento;1;0;1;;;;1
02/10/2013;23:21:00;633;sem vítima;734;BR-381/MG;Norte;Colisão Lateral;2;2;;;;;1
02/10/2013;04:28:00;105;sem vítima;764;BR-381/MG;Sul;Outros - Sequência;1;1;;;;;1
02/10/2013;07:36:00;157;com vítima;835;BR-381/MG;Sul;Outros - Sequência;1;2;1;;;;1
02/10/2013;06:00:00;126;sem vítima;908;BR-381/MG;Norte;Outros - Sequência;1;1;;;;;1
02/10/2013;08:30:00;191;sem vítima;931;BR-381/MG;Sul;Colisão Traseira;1;2;;;;;1
02/10/2013;07:07:00;145;sem vítima;932;BR-381/MG;Sul;Outros - Sequência;1;1;;;;;1
03/10/2013;13:16:00;339;com vítima;54;BR-381/SP;Norte;Tombamento;1;0;1;;;;1
03/10/2013;15:13:00;411;sem vítima;478,7;BR-381/MG;Norte;Colisão Traseira;1;2;;;;;1
03/10/2013;11:26:00;289;com vítima;503,5;BR-381/MG;Norte;Colisão Traseira;2;1;1;;;;1
03/10/2013;21:57:00;647;com vítima;644;BR-381/MG;Sul;Outros - Sequência;3;44;6;;;;1
03/10/2013;20:51:00;625;com vítima;678;BR-381/MG;Sul;Colisão Traseira;2;1;;;1;;2
03/10/2013;07:02:00;142;com vítima;720;BR-381/MG;Norte;Tombamento;1;0;1;;;;1
03/10/2013;16:24:00;460;sem vítima;735;BR-381/MG;Sul;Colisão Traseira;1;2;;;;;1
04/10/2013;07:18:00;204;sem vítima;54,3;BR-381/SP;Norte;Engavetamento;1;3;;;;;1
04/10/2013;17:44:00;591;com vítima;61;BR-381/SP;Sul;Colisão Lateral;1;1;;1;;;2
04/10/2013;20:21:00;682;com vítima;73;BR-381/SP;Norte;Outros;1;1;2;;;;1
04/10/2013;07:20:00;206;sem vítima;88,5;BR-381/SP;Sul;Outros - Sequência;1;1;;;;;1
04/10/2013;07:40:00;214;sem vítima;88,5;BR-381/SP;Sul;Colisão Lateral;1;2;;;;;1
04/10/2013;01:33:00;71;sem vítima;482;BR-381/MG;Norte;Colisão Traseira;1;2;;;;;1
04/10/2013;13:56:00;456;sem vítima;491,6;BR-381/MG;Norte;Colisão Lateral;1;2;;;;;1
04/10/2013;18:30:00;614;sem vítima;494,3;BR-381/MG;Norte;Outros - Sequência;2;6;;;;;1
04/10/2013;14:15:00;462;sem vítima;495,1;BR-381/MG;Sul;Colisão Lateral;1;2;;;;;1
04/10/2013;08:16:00;234;sem vítima;513,8;BR-381/MG;Norte;Colisão Traseira;1;2;;;;;1
04/10/2013;23:36:00;776;sem vítima;518,6;BR-381/MG;Norte;Outros - Sequência;2;3;;;;;1
04/10/2013;17:14:00;572;com vítima;540,3;BR-381/MG;Norte;Tombamento;1;0;2;;;;1
04/10/2013;04:25:00;117;com vítima;619,5;BR-381/MG;Sul;Colisão Traseira;1;1;1;;;;1
04/10/2013;07:45:00;217;sem vítima;636,5;BR-381/MG;Sul;Colisão Lateral;1;3;;;;;1
04/10/2013;22:37:00;750;sem vítima;665,9;BR-381/MG;Norte;Colisão Lateral;1;2;;;;;1
04/10/2013;10:02:00;302;sem vítima;688;BR-381/MG;Norte;Tombamento;1;1;;;;;1
04/10/2013;06:16:00;165;sem vítima;726,7;BR-381/MG;Norte;Colisão Lateral;1;2;;;;;1
04/10/2013;13:32:00;442;sem vítima;801,8;BR-381/MG;Sul;Colisão Lateral;1;2;;;;;1
04/10/2013;06:39:00;182;sem vítima;810,1;BR-381/MG;Norte;Tombamento;1;1;;;;;1
04/10/2013;06:54:00;186;sem vítima;815,5;BR-381/MG;Norte;Colisão Lateral;1;2;;;;;1
04/10/2013;14:10:00;460;com vítima;925;BR-381/MG;Norte;Outros;2;3;;1;;;2
05/10/2013;05:15:00;109;com vítima;481,6;BR-381/MG;Norte;Engavetamento;2;6;1;;;;1
05/10/2013;05:43:00;116;com vítima;739;BR-381/MG;Sul;Outros - Sequência;1;0;1;;;;1
06/10/2013;16:39:00;378;sem vítima;9;BR-381/SP;Sul;Colisão Traseira;1;2;;;;;1
06/10/2013;12:47:00;270;sem vítima;67,9;BR-381/SP;Norte;Colisão Lateral;1;2;;;;;1
06/10/2013;05:27:00;75;sem vítima;557,3;BR-381/MG;Norte;Colisão Traseira;1;2;;;;;1
07/10/2013;15:33:00;504;sem vítima;73;BR-381/SP;Norte;Tombamento;1;1;;;;;1
07/10/2013;14:36:00;463;sem vítima;580,5;BR-381/MG;Sul;Tombamento;1;1;;;;;1
07/10/2013;13:32:00;425;sem vítima;688,2;BR-381/MG;Sul;Outros - Sequência;1;3;;;;;1
07/10/2013;03:08:00;70;com vítima;921;BR-381/MG;Sul;Outros - Sequência;2;1;1;;;;1
08/10/2013;13:40:00;371;sem vítima;37,5;BR-381/SP;Sul;Colisão Lateral;1;2;;;;;1
08/10/2013;01:33:00;46;sem vítima;70;BR-381/SP;Norte;;1;1;;;;;1
08/10/2013;14:36:00;394;com vítima;481,3;BR-381/MG;Sul;Colisão Lateral;1;2;1;;;;1
08/10/2013;19:51:00;551;sem vítima;482,4;BR-381/MG;Sul;Colisão Lateral;1;2;;;;;1
08/10/2013;15:57:00;432;sem vítima;484;BR-381/MG;Sul;Colisão Traseira;1;2;;;;;1
08/10/2013;15:27:00;414;sem vítima;493,8;BR-381/MG;Sul;Outros - Sequência;1;1;;;;;1
08/10/2013;10:39:00;262;sem vítima;502,4;BR-381/MG;Norte;Engavetamento;1;3;;;;;1
08/10/2013;22:50:00;614;sem vítima;552;BR-381/MG;Norte;Outros - Sequência;2;2;;;;;1
08/10/2013;12:56:00;342;com vítima;625;BR-381/MG;Norte;Saida de Pista;1;0;1;1;;;2
08/10/2013;17:51:00;490;sem vítima;705;BR-381/MG;Norte;Tombamento;1;1;;;;;1
08/10/2013;09:15:00;210;com vítima;761;BR-381/MG;Sul;Saida de Pista;1;0;1;;;;1
08/10/2013;21:20:00;584;sem vítima;786;BR-381/MG;Sul;Outros - Sequência;1;1;;;;;1
08/10/2013;04:49:00;83;com vítima;878,1;BR-381/MG;Norte;Tombamento;1;0;;1;;;2
09/10/2013;18:57:00;614;com vítima;483,3;BR-381/MG;Sul;Colisão Lateral;1;1;;;2;;2
09/10/2013;18:38:00;604;sem vítima;485,4;BR-381/MG;Norte;Colisão Traseira;1;2;;;;;1
09/10/2013;21:02:00;677;sem vítima;495,5;BR-381/MG;Norte;Colisão Traseira;1;2;;;;;1
09/10/2013;16:03:00;496;sem vítima;504,6;BR-381/MG;Norte;Outros - Sequência;1;1;;;;;1
09/10/2013;21:40:00;697;sem vítima;508,15;BR-381/MG;Sul;Outros - Sequência;1;1;;;;;1
09/10/2013;07:55:00;182;com vítima;795,6;BR-381/MG;Sul;Tombamento;1;0;;1;;;2
09/10/2013;14:23:00;422;com vítima;828,9;BR-381/MG;Norte;Tombamento;1;0;2;;;;1
09/10/2013;09:55:00;262;sem vítima;850;BR-381/MG;Norte;Choque - Defensa, barreira ou "submarino";1;1;;;;;1
10/10/2013;23:48:00;717;sem vítima;14,4;BR-381/SP;Sul;Colisão Traseira;1;2;;;;;1
10/10/2013;14:34:00;436;sem vítima;56,5;BR-381/SP;Sul;Colisão Traseira;2;2;;;;;1
10/10/2013;16:04:00;490;sem vítima;59,5;BR-381/SP;Norte;Colisão Traseira;1;2;;;;;1
10/10/2013;17:42:00;557;sem vítima;484;BR-381/MG;Norte;Colisão Lateral;1;2;;;;;1
10/10/2013;17:31:00;553;sem vítima;506,5;BR-381/MG;Sul;Colisão Traseira;1;2;;;;;1
10/10/2013;00:43:00;43;sem vítima;541;BR-381/MG;Norte;Colisão Lateral;2;2;;;;;1
10/10/2013;08:55:00;230;com vítima;718,7;BR-381/MG;Sul;Outros - Sequência;1;1;2;;;1;3
10/10/2013;06:19:00;123;sem vítima;722,2;BR-381/MG;Norte;Tombamento;1;1;;;;;1
10/10/2013;14:05:00;421;sem vítima;805;BR-381/MG;Norte;Colisão Traseira;1;2;;;;;1
11/10/2013;19:03:00;637;sem vítima;40;BR-381/SP;Norte;Engavetamento;1;3;;;;;1
11/10/2013;05:16:00;107;sem vítima;65,5;BR-381/SP;Norte;Colisão Traseira;1;2;;;;;1
11/10/2013;12:03:00;356;com vítima;89;BR-381/SP;Norte;Tombamento;1;0;1;;;;1
11/10/2013;20:46:00;710;com vítima;673,7;BR-381/MG;Norte;Outros - Sequência;2;2;2;;;;1
11/10/2013;06:40:00;137;com vítima;876,5;BR-381/MG;Norte;Outros - Sequência;1;2;2;1;;;2
11/10/2013;15:34:00;480;sem vítima;901,5;BR-381/MG;Norte;Colisão Traseira;1;2;;;;;1
11/10/2013;21:32:00;733;com vítima;921;BR-381/MG;Sul;Outros - Sequência;2;2;;2;2;3;3
11/10/2013;11:25:00;341;sem vítima;932,3;BR-381/MG;Norte;Outros;2;2;;;;;1
12/10/2013;07:21:00;184;sem vítima;7;BR-381/SP;Norte;Colisão Traseira;2;2;;;;;1
12/10/2013;15:33:00;421;sem vítima;483;BR-381/MG;Norte;Colisão Lateral;1;2;;;;;1
12/10/2013;06:04:00;148;sem vítima;485;BR-381/MG;Norte;Colisão Lateral;1;2;;;;;1
12/10/2013;22:25:00;585;com vítima;486;BR-381/MG;Norte;Colisão Traseira;1;2;1;;;;1
12/10/2013;11:42:00;307;sem vítima;588,9;BR-381/MG;Norte;Colisão Traseira;1;4;;;;;1
12/10/2013;08:01:00;197;sem vítima;809,5;BR-381/MG;Sul;Outros;1;1;;;;;1
13/10/2013;17:01:00;359;sem vítima;80;BR-381/SP;Norte;Colisão Lateral;1;2;;;;;1
13/10/2013;19:48:00;456;sem vítima;524;BR-381/MG;Norte;Colisão Lateral;2;2;;;;;1
13/10/2013;11:17:00;193;sem vítima;678,1;BR-381/MG;Sul;Colisão Traseira;1;2;;;;;1
13/10/2013;18:54:00;428;sem vítima;949;BR-381/MG;Sul;Objeto lançado contra veículo;1;2;;;;;1
14/10/2013;13:42:00;380;sem vítima;10,6;BR-381/SP;Norte;Tombamento;1;1;;;;;1
14/10/2013;07:22:00;142;sem vítima;21,8;BR-381/SP;Sul;Colisão Traseira;2;2;;;;;1
14/10/2013;19:36:00;619;com vítima;30,8;BR-381/SP;Norte;Colisão Traseira;1;2;7;1;;;2
14/10/2013;16:01:00;480;sem vítima;82;BR-381/SP;Sul;Colisão Lateral;2;2;;;;;1
14/10/2013;09:29:00;236;sem vítima;89,5;BR-381/SP;Sul;Colisão Lateral;1;2;;;;;1
14/10/2013;05:36:00;82;sem vítima;494;BR-381/MG;Norte;Outros - Sequência;1;3;;;;;1
14/10/2013;08:05:00;165;com vítima;505,6;BR-381/MG;Norte;Outros - Sequência;2;1;;;;1;3
14/10/2013;18:43:00;592;sem vítima;814;BR-381/MG;Norte;Choque - Defensa, barreira ou "submarino";1;1;;;;;1
14/10/2013;20:20:00;636;com vítima;853,2;BR-381/MG;Sul;Colisão Traseira;2;1;;1;;;2
14/10/2013;18:43:00;591;sem vítima;913;BR-381/MG;Sul;Choque - Defensa, barreira ou "submarino";1;1;;;;;1
14/10/2013;16:57:00;515;com vítima;934,5;BR-381/MG;Norte;Saida de Pista;1;0;1;;;;1
15/10/2013;12:54:00;377;sem vítima;7,5;BR-381/SP;Sul;Colisão Traseira;1;2;;;;;1
15/10/2013;23:18:00;731;sem vítima;15,5;BR-381/SP;Sul;Outros - Sequência;1;1;;;;;1
15/10/2013;22:24:00;716;sem vítima;17;BR-381/SP;Norte;Outros - Sequência;2;2;;;;;1
15/10/2013;22:29:00;719;sem vítima;60;BR-381/SP;Norte;Outros;1;1;;;;;1
15/10/2013;10:05:00;271;com vítima;504,7;BR-381/MG;Norte;Outros - Sequência;2;1;1;;;;1
15/10/2013;15:01:00;447;sem vítima;510;BR-381/MG;Norte;Colisão Lateral;2;2;;;;;1
15/10/2013;07:51:00;156;sem vítima;534;BR-381/MG;Sul;Colisão Lateral;1;2;;;;;1
15/10/2013;06:06:00;104;sem vítima;658,8;BR-381/MG;Norte;;1;1;;;;;1
15/10/2013;06:17:00;106;sem vítima;685,8;BR-381/MG;Norte;Colisão Lateral;1;2;;;;;1
15/10/2013;16:00:00;489;sem vítima;794,5;BR-381/MG;Sul;Choque - Defensa, barreira ou "submarino";1;1;;;;;1
15/10/2013;06:34:00;116;sem vítima;848;BR-381/MG;Norte;Tombamento;1;1;;;;;1
15/10/2013;15:09:00;456;sem vítima;849;BR-381/MG;Norte;Choque - Defensa, barreira ou "submarino";1;1;;;;;1
15/10/2013;20:38:00;662;com vítima;882,8;BR-381/MG;Sul;Atropelamento - Sem Informação;1;1;;;;1;3