data;horario;n_da_ocorrencia;tipo_de_ocorrencia;km;trecho;sentido;tipo_de_acidente;caminhao;ilesos;levemente_feridos;moderadamente_feridos;gravemente_feridos;mortos;3
16/10/2013;18:51:00;559;sem vítima;66,6;BR-381/SP;Sul;Colisão Traseira;1;2;;;;;1
16/10/2013;03:20:00;71;sem vítima;76;BR-381/SP;Norte;Tombamento;1;1;;;;;1
16/10/2013;16:05:00;445;sem vítima;489,9;BR-381/MG;Sul;Colisão Traseira;1;2;;;;;1
16/10/2013;16:13:00;453;sem vítima;493;BR-381/MG;Norte;Outros - Sequência;1;3;;;;;1
16/10/2013;19:52:00;596;com vítima;502,2;BR-381/MG;Norte;Tombamento;1;0;1;;;;1
16/10/2013;03:24:00;73;sem vítima;518;BR-381/MG;Sul;Outros - Sequência;1;2;;;;;1
16/10/2013;07:33:00;155;sem vítima;546;BR-381/MG;Norte;Colisão Traseira;1;2;;;;;1
16/10/2013;16:29:00;467;com vítima;649;BR-381/MG;Sul;Tombamento;1;0;1;;;;1
16/10/2013;22:14:00;662;com vítima;736,9;BR-381/MG;Sul;Outros;1;0;1;;;;1
16/10/2013;01:34:00;49;com vítima;805;BR-381/MG;Sul;Outros - Sequência;1;5;1;;;;1
16/10/2013;04:07:00;80;sem vítima;815,7;BR-381/MG;Sul;Atropelamento de Animal;2;2;;;;;1
16/10/2013;11:35:00;307;sem vítima;894;BR-381/MG;Norte;Saida de Pista;1;1;;;;;1
16/10/2013;00:28:00;28;sem vítima;908;BR-381/MG;Norte;Choque - Defensa, barreira ou "submarino";1;1;;;;;1
16/10/2013;16:04:00;444;sem vítima;909;BR-381/MG;Sul;Colisão Lateral;1;2;;;;;1
16/10/2013;15:59:00;440;sem vítima;919,5;BR-381/MG;Norte;Colisão Traseira;2;2;;;;;1
16/10/2013;12:24:00;320;sem vítima;932,5;BR-381/MG;Norte;Saida de Pista;1;1;;;;;1
17/10/2013;01:13:00;43;sem vítima;505;BR-381/MG;Norte;Atropelamento de Animal;1;1;;;;;1
17/10/2013;08:46:00;194;sem vítima;522;BR-381/MG;Sul;Colisão Lateral;1;2;;;;;1
17/10/2013;09:16:00;214;sem vítima;524;BR-381/MG;Norte;Colisão Traseira;1;2;;;;;1
17/10/2013;05:54:00;102;sem vítima;540;BR-381/MG;Norte;Choque - Defensa, barreira ou "submarino";1;1;;;;;1
17/10/2013;20:34:00;643;sem vítima;557;BR-381/MG;Sul;Choque - Talude;1;1;;;;;1
17/10/2013;19:05:00;581;sem vítima;562,2;BR-381/MG;Sul;Colisão Traseira;2;2;;;;;1
17/10/2013;05:39:00;99;com vítima;592;BR-381/MG;Norte;Colisão Traseira;1;1;1;;;;1
17/10/2013;08:04:00;163;com vítima;611,7;BR-381/MG;Sul;Colisão Traseira;2;1;1;;;;1
17/10/2013;12:15:00;315;com vítima;627,5;BR-381/MG;Norte;Outros;1;0;1;;;;1
17/10/2013;01:30:00;49;sem vítima;641,1;BR-381/MG;Norte;Outros - Sequência;1;1;;;;;1
17/10/2013;04:46:00;90;sem vítima;805;BR-381/MG;Sul;Choque - Cancela de Pedagio;1;1;;;;;1
17/10/2013;19:21:00;591;sem vítima;934;BR-381/MG;Norte;Outros - Sequência;1;2;;;;;1
18/10/2013;16:56:00;544;sem vítima;37;BR-381/SP;Norte;Colisão Traseira;2;2;;;;;1
18/10/2013;12:43:00;383;sem vítima;479,1;BR-381/MG;Sul;Outros - Sequência;1;1;;;;;1
18/10/2013;13:02:00;391;sem vítima;486,1;BR-381/MG;Norte;Engavetamento;1;3;;;;;1
18/10/2013;13:24:00;398;sem vítima;490;BR-381/MG;Norte;Engavetamento;1;5;;;;;1
18/10/2013;20:22:00;677;sem vítima;503;BR-381/MG;Norte;Colisão Traseira;1;2;;;;;1
18/10/2013;08:09:00;201;sem vítima;546;BR-381/MG;Norte;Colisão Traseira;2;2;;;;;1
18/10/2013;16:43:00;534;sem vítima;900;BR-381/MG;Norte;Colisão Traseira;2;2;;;;;1
18/10/2013;01:45:00;46;sem vítima;910;BR-381/MG;Norte;Colisão Lateral;1;3;;;;;1
18/10/2013;13:59:00;417;com vítima;930;BR-381/MG;Sul;Colisão Lateral;1;2;1;;;;1
19/10/2013;16:25:00;473;sem vítima;10;BR-381/SP;Norte;Colisão Traseira;1;1;;;;;1
19/10/2013;19:37:00;573;sem vítima;491,6;BR-381/MG;Sul;Colisão Traseira;1;2;;;;;1
19/10/2013;05:32:00;116;sem vítima;503,6;BR-381/MG;Norte;Colisão Traseira;1;2;;;;;1
19/10/2013;10:46:00;287;sem vítima;510;BR-381/MG;Norte;Colisão Traseira;2;2;;;;;1
20/10/2013;16:13:00;347;sem vítima;69;BR-381/SP;Norte;Tombamento;1;1;;;;;1
20/10/2013;11:19:00;187;com vítima;850;BR-381/MG;Norte;Outros - Sequência;1;1;3;;;;1
20/10/2013;16:57:00;373;sem vítima;930;BR-381/MG;Sul;Tombamento;1;1;;;;;1
21/10/2013;15:20:00;399;sem vítima;19;BR-381/SP;Norte;Colisão Traseira;1;2;;;;;1
21/10/2013;07:56:00;144;sem vítima;90;BR-381/SP;Sul;Colisão Traseira;1;2;;;;;1
21/10/2013;08:36:00;158;sem vítima;90;BR-381/SP;Sul;Colisão Traseira;1;2;;;;;1
21/10/2013;16:36:00;453;sem vítima;491;BR-381/MG;Sul;Colisão Lateral;1;2;;;;;1
21/10/2013;01:09:00;42;sem vítima;510;BR-381/MG;Sul;Atropelamento de Animal;1;1;;;;;1
21/10/2013;06:13:00;90;com vítima;516;BR-381/MG;Norte;Choque - Defensa, barreira ou "submarino";1;0;1;;;;1
21/10/2013;20:39:00;607;sem vítima;525,6;BR-381/MG;Sul;Choque - Elemento de Drenagem;1;1;;;;;1
21/10/2013;20:25:00;603;com vítima;525,9;BR-381/MG;Sul;Tombamento;1;0;;1;;1;3
21/10/2013;00:12:00;18;sem vítima;597,8;BR-381/MG;Sul;Colisão Lateral;2;2;;;;;1
21/10/2013;06:11:00;89;com vítima;671,1;BR-381/MG;Norte;Colisão Traseira;1;4;1;;;;1
21/10/2013;06:45:00;101;sem vítima;687,7;BR-381/MG;Sul;Colisão Traseira;1;2;;;;;1
21/10/2013;07:00:00;106;com vítima;824,9;BR-381/MG;Norte;Tombamento;1;0;1;;;;1
21/10/2013;18:43:00;548;sem vítima;825;BR-381/MG;Sul;Outros - Sequência;2;2;;;;;1
21/10/2013;14:06:00;352;com vítima;856,9;BR-381/MG;Norte;Colisão Traseira;2;1;1;;;;1
22/10/2013;22:14:00;714;sem vítima;35,8;BR-381/SP;Norte;Colisão Traseira;1;2;;;;;1
22/10/2013;14:01:00;443;sem vítima;478;BR-381/MG;Norte;Colisão Traseira;1;2;;;;;1
22/10/2013;12:19:00;383;sem vítima;490,4;BR-381/MG;Sul;Colisão Lateral;2;2;;;;;1
22/10/2013;11:13:00;337;sem vítima;523,6;BR-381/MG;Sul;Colisão Lateral;1;2;;;;;1
22/10/2013;10:47:00;312;sem vítima;642;BR-381/MG;Norte;Tombamento;1;1;;;;;1
22/10/2013;20:47:00;693;sem vítima;743,5;BR-381/MG;Sul;Outros - Sequência;1;2;;;;;1
22/10/2013;06:36:00;137;sem vítima;754,4;BR-381/MG;Norte;Colisão Traseira;2;2;;;;;1
22/10/2013;07:38:00;178;com vítima;754,9;BR-381/MG;Sul;Colisão Traseira;1;1;1;;;;1
22/10/2013;09:19:00;251;sem vítima;756;BR-381/MG;Sul;Colisão Lateral;1;3;;;;;1
22/10/2013;13:39:00;425;sem vítima;850,2;BR-381/MG;Norte;Colisão Traseira;2;2;;;;;1
22/10/2013;14:17:00;450;sem vítima;928,5;BR-381/MG;Sul;Colisão Traseira;1;2;;;;;1
23/10/2013;17:33:00;518;sem vítima;71;BR-381/SP;Sul;Tombamento;1;1;;;;;1
23/10/2013;17:32:00;517;sem vítima;685;BR-381/MG;Norte;Colisão Lateral;1;2;;;;;1
23/10/2013;22:46:00;689;sem vítima;690;BR-381/MG;Sul;Colisão Traseira;1;2;;;;;1
24/10/2013;15:54:00;428;sem vítima;7,57;BR-381/SP;Norte;Colisão Traseira;1;2;;;;;1
24/10/2013;10:00:00;241;sem vítima;86;BR-381/SP;Sul;Engavetamento;1;3;;;;;1
24/10/2013;12:40:00;340;sem vítima;479,5;BR-381/MG;Sul;Choque - Defensa, barreira ou "submarino";1;2;;;;;1
24/10/2013;14:18:00;374;sem vítima;483;BR-381/MG;Norte;Colisão Lateral;1;2;;;;;1
24/10/2013;07:51:00;153;com vítima;504;BR-381/MG;Norte;Colisão Traseira;1;1;1;;;;1
24/10/2013;11:25:00;286;sem vítima;533,7;BR-381/MG;Sul;Tombamento;1;4;;;;;1
24/10/2013;18:44:00;564;sem vítima;658;BR-381/MG;Norte;Colisão Traseira;1;2;;;;;1
24/10/2013;02:48:00;60;sem vítima;711;BR-381/MG;Norte;Colisão Lateral;2;2;;;;;1
24/10/2013;04:34:00;86;sem vítima;716;BR-381/MG;Sul;Tombamento;1;2;;;;;1
24/10/2013;09:26:00;206;sem vítima;736,1;BR-381/MG;Sul;Saida de Pista;1;1;;;;;1
24/10/2013;14:33:00;383;sem vítima;839,7;BR-381/MG;Sul;Saida de Pista;1;1;;;;;1
24/10/2013;18:34:00;556;sem vítima;846;BR-381/MG;Norte;Choque - Defensa, barreira ou "submarino";1;1;;;;;1
25/10/2013;15:05:00;442;com vítima;30;BR-381/SP;Norte;Colisão Traseira;2;1;1;;;;1
25/10/2013;21:51:00;710;sem vítima;43;BR-381/SP;Norte;Outros - Sequência;1;1;;;;;1
25/10/2013;18:57:00;607;sem vítima;482;BR-381/MG;Sul;Colisão Traseira;1;2;;;;;1
25/10/2013;16:42:00;507;sem vítima;484;BR-381/MG;Sul;;1;1;;;;;1
25/10/2013;16:42:00;509;sem vítima;484;BR-381/MG;Sul;;1;1;;;;;1
25/10/2013;16:42:00;506;sem vítima;484,2;BR-381/MG;Sul;Outros - Sequência;1;1;;;;;1
25/10/2013;17:21:00;535;sem vítima;484,2;BR-381/MG;Sul;Colisão Traseira;1;2;;;;;1
25/10/2013;11:30:00;306;sem vítima;510;BR-381/MG;Sul;Colisão Traseira;2;2;;;;;1
25/10/2013;04:57:00;92;sem vítima;537,2;BR-381/MG;Norte;Outros - Sequência;3;3;;;;;1
25/10/2013;08:31:00;197;sem vítima;541;BR-381/MG;Sul;Colisão Traseira;1;2;;;;;1
25/10/2013;06:12:00;112;com vítima;594,1;BR-381/MG;Sul;Colisão Lateral;1;1;1;;;;1
25/10/2013;13:36:00;372;sem vítima;628,5;BR-381/MG;Norte;Colisão Lateral;2;2;;;;;1
25/10/2013;07:05:00;142;sem vítima;658,3;BR-381/MG;Norte;Colisão Traseira;1;2;;;;;1
25/10/2013;14:53:00;430;sem vítima;671,7;BR-381/MG;Norte;Tombamento;1;1;;;;;1
25/10/2013;11:50:00;316;com vítima;908;BR-381/MG;Norte;Tombamento;1;0;;1;;;2
26/10/2013;08:54:00;209;sem vítima;87,5;BR-381/SP;Norte;Choque - Defensa, barreira ou "submarino";1;1;;;;;1
26/10/2013;06:42:00;126;sem vítima;479;BR-381/MG;Norte;Outros;1;2;;;;;1
26/10/2013;16:09:00;435;com vítima;486,8;BR-381/MG;Norte;Colisão Lateral;1;1;1;;;;1
26/10/2013;09:34:00;231;sem vítima;492;BR-381/MG;Sul;Colisão Traseira;1;2;;;;;1
26/10/2013;21:02:00;584;sem vítima;494,4;BR-381/MG;Sul;Saida de Pista;1;2;;;;;1
26/10/2013;16:21:00;446;com vítima;516,2;BR-381/MG;Norte;Tombamento;1;0;2;;;;1
26/10/2013;03:02:00;77;sem vítima;524,8;BR-381/MG;Sul;Outros - Sequência;1;1;;;;;1
27/10/2013;10:39:00;207;sem vítima;486;BR-381/MG;Norte;Colisão Lateral;1;2;;;;;1
27/10/2013;17:29:00;422;sem vítima;725,2;BR-381/MG;Sul;Engavetamento;2;4;;;;;1
27/10/2013;16:09:00;362;sem vítima;805;BR-381/MG;Sul;Colisão Traseira;1;2;;;;;1
28/10/2013;00:47:00;37;sem vítima;65,5;BR-381/SP;Norte;Colisão Traseira;1;2;;;;;1
28/10/2013;23:14:00;555;sem vítima;65,5;BR-381/SP;Norte;Colisão Lateral;1;2;;;;;1
28/10/2013;16:35:00;393;com vítima;90;BR-381/SP;Norte;Colisão Traseira;1;1;1;;;;1
28/10/2013;14:30:00;326;sem vítima;496;BR-381/MG;Sul;Colisão Lateral;1;2;;;;;1
28/10/2013;16:46:00;398;com vítima;496,8;BR-381/MG;Sul;Outros - Sequência;1;1;;;1;;2
28/10/2013;18:09:00;457;sem vítima;554;BR-381/MG;Norte;Colisão Traseira;2;2;;;;;1
28/10/2013;12:59:00;289;sem vítima;561;BR-381/MG;Sul;Outros - Sequência;3;3;;;;;1
28/10/2013;07:25:00;119;com vítima;692;BR-381/MG;Sul;Choque - Defensa, barreira ou "submarino";1;0;;;1;;2
28/10/2013;23:36:00;565;com vítima;746;BR-381/MG;Norte;Tombamento;1;0;2;;;;1
28/10/2013;16:00:00;374;sem vítima;756,3;BR-381/MG;Sul;Tombamento;1;1;;;;;1
28/10/2013;02:30:00;61;sem vítima;851,1;BR-381/MG;Sul;Colisão Lateral;2;2;;;;;1
29/10/2013;09:12:00;219;sem vítima;479,9;BR-381/MG;Sul;Colisão Traseira;1;2;;;;;1
29/10/2013;09:45:00;241;sem vítima;483;BR-381/MG;Sul;Colisão Lateral;1;2;;;;;1
29/10/2013;03:46:00;94;com vítima;484,5;BR-381/MG;Norte;Colisão Traseira;2;1;;1;;;2
29/10/2013;07:24:00;163;com vítima;488;BR-381/MG;Norte;Colisão Traseira;1;1;2;;;;1
29/10/2013;20:47:00;607;sem vítima;522,5;BR-381/MG;Norte;Colisão Traseira;1;2;;;;;1
29/10/2013;00:35:00;34;com vítima;625;BR-381/MG;Sul;Colisão Traseira;1;0;3;;;;1
29/10/2013;08:15:00;185;sem vítima;925,4;BR-381/MG;Sul;Colisão Traseira;2;2;;;;;1
30/10/2013;17:48:00;545;sem vítima;486,3;BR-381/MG;Norte;Colisão Lateral;1;2;;;;;1
30/10/2013;11:18:00;330;sem vítima;487;BR-381/MG;Sul;Colisão Traseira;1;2;;;;;1
30/10/2013;17:40:00;541;sem vítima;497;BR-381/MG;Norte;Colisão Lateral;2;2;;;;;1
30/10/2013;16:53:00;515;com vítima;932,3;BR-381/MG;Norte;Tombamento;1;2;;;1;;2
31/10/2013;18:09:00;517;sem vítima;29,5;BR-381/SP;Sul;Colisão Traseira;1;2;;;;;1
31/10/2013;22:35:00;660;sem vítima;494,5;BR-381/MG;Norte;Colisão Lateral;1;2;;;;;1
31/10/2013;15:38:00;415;com vítima;498,9;BR-381/MG;Sul;Colisão Traseira;1;1;2;;;;1
31/10/2013;18:00:00;513;sem vítima;513;BR-381/MG;Sul;Colisão Traseira;1;2;;;;;1
31/10/2013;22:21:00;650;sem vítima;572;BR-381/MG;Norte;Outros - Sequência;1;1;;;;;1
31/10/2013;08:40:00;174;sem vítima;707;BR-381/MG;Norte;Tombamento;1;1;;;;;1
31/10/2013;08:43:00;178;com vítima;707,5;BR-381/MG;Norte;Colisão Traseira;2;1;1;;;;1
31/10/2013;16:36:00;457;com vítima;712,3;BR-381/MG;Norte;Tombamento;1;0;;1;;;2
31/10/2013;02:29:00;48;com vítima;863,1;BR-381/MG;Sul;Outros - Sequência;1;1;;;3;2;3
31/10/2013;07:53:00;148;sem vítima;940,4;BR-381/MG;Norte;Tombamento;1;1;;;;;1
31/10/2013;20:30:00;598;sem vítima;941,5;BR-381/MG;Sul;Colisão Lateral;1;2;;;;;1
01/11/2013;15:44:00;414;sem vítima;65;BR-381/SP;Norte;Colisão Traseira;1;2;;;;;1
01/11/2013;12:53:00;315;sem vítima;483,2;BR-381/MG;Norte;Colisão Lateral;1;2;;;;;1
01/11/2013;12:43:00;310;sem vítima;499;BR-381/MG;Sul;Engavetamento;1;3;;;;;1
01/11/2013;01:55:00;47;com vítima;597,7;BR-381/MG;Norte;Outros - Sequência;1;1;1;;;;1
01/11/2013;16:47:00;457;com vítima;889;BR-381/MG;Norte;Tombamento;1;0;2;;;;1
02/11/2013;00:13:00;25;com vítima;61;BR-381/SP;Norte;Outros - Sequência;1;2;1;1;;;2
02/11/2013;00:51:00;41;com vítima;490,8;BR-381/MG;Sul;Colisão Traseira;1;1;1;;;;1
02/11/2013;16:17:00;436;sem vítima;493;BR-381/MG;Sul;Colisão Traseira;1;2;;;;;1
02/11/2013;21:29:00;584;sem vítima;594;BR-381/MG;Norte;Saida de Pista;1;1;;;;;1
02/11/2013;20:40:00;570;com vítima;616,5;BR-381/MG;Sul;Tombamento;1;0;;1;;;2
02/11/2013;06:48:00;137;com vítima;817,5;BR-381/MG;Norte;Colisão Lateral;1;1;1;;;1;3
02/11/2013;15:51:00;426;sem vítima;900,88;BR-381/MG;Norte;Choque - Defensa, barreira ou "submarino";1;1;;;;;1
02/11/2013;03:34:00;83;com vítima;907,5;BR-381/MG;Norte;Tombamento;1;0;;1;;;2
03/11/2013;17:57:00;375;sem vítima;564;BR-381/MG;Sul;Tombamento;1;1;;;;;1
03/11/2013;20:14:00;450;sem vítima;680,2;BR-381/MG;Sul;Tombamento;1;1;;;;;1
03/11/2013;15:44:00;288;sem vítima;812;BR-381/MG;Norte;Colisão Lateral;2;2;;;;;1
03/11/2013;18:41:00;397;sem vítima;879;BR-381/MG;Sul;Colisão Traseira;1;2;;;;;1
03/11/2013;06:13:00;55;sem vítima;946,9;BR-381/MG;Sul;Tombamento;1;1;;;;;1
04/11/2013;15:36:00;378;com vítima;22;BR-381/SP;Sul;Saida de Pista;1;0;1;;;;1
04/11/2013;13:47:00;312;sem vítima;34,5;BR-381/SP;Sul;Outros - Sequência;1;4;;;;;1
04/11/2013;13:49:00;313;com vítima;54,5;BR-381/SP;Norte;Tombamento;1;0;1;;;;1
04/11/2013;20:01:00;505;sem vítima;65;BR-381/SP;Norte;Colisão Traseira;2;2;;;;;1
04/11/2013;14:55:00;349;sem vítima;69;BR-381/SP;Sul;Colisão Traseira;1;2;;;;;1
04/11/2013;17:18:00;424;com vítima;71;BR-381/SP;Sul;Outros;1;0;;1;;;2
04/11/2013;14:06:00;316;sem vítima;71,5;BR-381/SP;Sul;Tombamento;1;1;;;;;1
04/11/2013;13:32:00;304;sem vítima;73,2;BR-381/SP;Sul;Choque - Defensa, barreira ou "submarino";1;1;;;;;1
04/11/2013;16:26:00;405;sem vítima;75;BR-381/SP;Norte;Engavetamento;1;4;;;;;1
04/11/2013;06:41:00;102;com vítima;88,9;BR-381/SP;Sul;Colisão Lateral;1;2;1;1;;;2
04/11/2013;18:46:00;471;sem vítima;480,8;BR-381/MG;Norte;Colisão Traseira;1;2;;;;;1
04/11/2013;03:13:00;65;sem vítima;546,5;BR-381/MG;Norte;Tombamento;1;1;;;;;1
04/11/2013;13:30:00;303;sem vítima;670,4;BR-381/MG;Sul;Outros;1;1;;;;;1
04/11/2013;09:14:00;173;sem vítima;802;BR-381/MG;Norte;Colisão Lateral;1;2;;;;;1
04/11/2013;07:32:00;128;sem vítima;873,8;BR-381/MG;Sul;Outros - Sequência;1;2;;;;;1
04/11/2013;18:06:00;442;sem vítima;876,9;BR-381/MG;Sul;Tombamento;1;2;;;;;1
04/11/2013;14:33:00;336;sem vítima;921;BR-381/MG;Sul;Choque - Defensa, barreira ou "submarino";1;1;;;;;1
04/11/2013;15:13:00;366;sem vítima;938,5;BR-381/MG;Sul;Outros;1;1;;;;;1
05/11/2013;05:46:00;107;sem vítima;7,5;BR-381/SP;Sul;Colisão Traseira;2;2;;;;;1
05/11/2013;08:19:00;185;sem vítima;496;BR-381/MG;Sul;Colisão Traseira;1;2;;;;;1
05/11/2013;14:54:00;375;sem vítima;531,9;BR-381/MG;Norte;Choque - Defensa, barreira ou "submarino";1;1;;;;;1
05/11/2013;15:52:00;417;sem vítima;671,7;BR-381/MG;Sul;Colisão Lateral;1;2;;;;;1
05/11/2013;14:26:00;361;sem vítima;705,5;BR-381/MG;Norte;Colisão Lateral;1;2;;;;;1
05/11/2013;06:15:00;119;com vítima;724,3;BR-381/MG;Sul;Colisão Traseira;2;1;1;;;;1
05/11/2013;05:57:00;112;sem vítima;782,5;BR-381/MG;Norte;Saida de Pista;1;1;;;;;1
05/11/2013;00:36:00;33;sem vítima;921,4;BR-381/MG;Sul;Choque - Defensa, barreira ou "submarino";1;1;;;;;1
06/11/2013;10:27:00;266;sem vítima;486;BR-381/MG;Sul;Colisão Lateral;1;2;;;;;1
06/11/2013;07:19:00;135;sem vítima;486,9;BR-381/MG;Norte;Colisão Traseira;1;2;;;;;1
06/11/2013;07:03:00;125;sem vítima;491,9;BR-381/MG;Sul;Colisão Traseira;1;2;;;;;1
06/11/2013;16:09:00;453;sem vítima;495;BR-381/MG;Sul;Colisão Traseira;1;2;;;;;1
06/11/2013;06:30:00;123;sem vítima;525;BR-381/MG;Sul;Colisão Traseira;1;2;;;;;1
06/11/2013;05:27:00;88;com vítima;615,5;BR-381/MG;Norte;Tombamento;1;0;1;;;;1
06/11/2013;18:48:00;538;sem vítima;615,5;BR-381/MG;Norte;Choque - Elemento de Drenagem;1;1;;;;;1
06/11/2013;13:29:00;358;com vítima;671,5;BR-381/MG;Sul;Tombamento;1;0;1;;;;1
06/11/2013;00:15:00;26;com vítima;721;BR-381/MG;Norte;Tombamento;1;0;1;;;;1
06/11/2013;11:14:00;291;com vítima;721;BR-381/MG;Norte;Colisão Traseira;1;2;1;;;;1
06/11/2013;17:12:00;485;com vítima;726,8;BR-381/MG;Norte;Tombamento;1;0;1;;;;1
06/11/2013;13:02:00;346;sem vítima;752;BR-381/MG;Sul;Choque - Defensa, barreira ou "submarino";1;3;;;;;1
06/11/2013;15:31:00;434;sem vítima;784,5;BR-381/MG;Sul;Colisão Traseira;2;2;;;;;1
06/11/2013;17:50:00;509;com vítima;795;BR-381/MG;Norte;Tombamento;1;0;2;;;;1
06/11/2013;22:15:00;646;com vítima;808,2;BR-381/MG;Sul;Outros - Sequência;1;0;1;;;;1
06/11/2013;16:47:00;489;sem vítima;924,5;BR-381/MG;Sul;Colisão Traseira;2;2;;;;;1
07/11/2013;22:21:00;706;sem vítima;38,5;BR-381/SP;Norte;Outros - Sequência;2;3;;;;;1
07/11/2013;17:46:00;559;com vítima;49;BR-381/SP;Sul;Colisão Lateral;1;2;1;;;;1
07/11/2013;03:53:00;90;sem vítima;55,5;BR-381/SP;Sul;Colisão Traseira;2;2;;;;;1
07/11/2013;08:05:00;201;com vítima;80;BR-381/SP;Norte;Colisão Traseira;1;1;1;;;;1
07/11/2013;10:20:00;302;com vítima;479;BR-381/MG;Norte;Outros - Sequência;1;1;1;;;;1
07/11/2013;13:10:00;394;sem vítima;525,8;BR-381/MG;Sul;Tombamento;2;2;;;;;1
07/11/2013;20:00:00;651;com vítima;625;BR-381/MG;Sul;Colisão Traseira;1;1;2;;;;1
07/11/2013;18:12:00;584;com vítima;705,5;BR-381/MG;Norte;Tombamento;1;0;1;;;;1
07/11/2013;11:51:00;350;sem vítima;721;BR-381/MG;Norte;Colisão Traseira;1;2;;;;;1
08/11/2013;20:27:00;677;sem vítima;29;BR-381/SP;Norte;Outros;1;3;;;;;1
08/11/2013;09:17:00;264;sem vítima;33,4;BR-381/SP;Sul;Outros - Sequência;1;1;;;;;1
08/11/2013;20:07:00;671;sem vítima;481,8;BR-381/MG;Sul;Colisão Traseira;1;2;;;;;1
08/11/2013;08:26:00;217;sem vítima;861,9;BR-381/MG;Sul;Saida de Pista;1;1;;;;;1
08/11/2013;06:21:00;130;sem vítima;886;BR-381/MG;Norte;Saida de Pista;1;1;;;;;1
09/11/2013;05:58:00;107;sem vítima;7,5;BR-381/SP;Sul;Engavetamento;2;3;;;;;1
09/11/2013;10:13:00;227;sem vítima;484;BR-381/MG;Sul;Colisão Traseira;1;2;;;;;1
09/11/2013;08:48:00;180;sem vítima;498;BR-381/MG;Norte;Choque - Suporte de Sinalização;1;2;;;;;1
09/11/2013;05:28:00;101;sem vítima;541;BR-381/MG;Sul;Colisão Traseira;1;2;;;;;1
09/11/2013;13:31:00;336;sem vítima;546;BR-381/MG;Norte;Choque - Defensa, barreira ou "submarino";1;1;;;;;1
09/11/2013;23:19:00;623;com vítima;630;BR-381/MG;Norte;Tombamento;1;0;1;;;;1
09/11/2013;15:22:00;400;sem vítima;746;BR-381/MG;Norte;Colisão Traseira;1;3;;;;;1
10/11/2013;15:27:00;296;com vítima;58,5;BR-381/SP;Sul;Engavetamento;1;4;1;;;;1
10/11/2013;20:48:00;532;com vítima;492,8;BR-381/MG;Norte;Colisão Lateral;1;1;1;;;;1
10/11/2013;19:17:00;464;sem vítima;515,5;BR-381/MG;Norte;Tombamento;1;1;;;;;1
10/11/2013;17:26:00;376;sem vítima;521,5;BR-381/MG;Norte;Colisão Lateral;1;2;;;;;1
10/11/2013;23:05:00;589;sem vítima;716;BR-381/MG;Sul;Choque - Veiculo parado na pista;1;2;;;;;1
10/11/2013;19:22:00;468;sem vítima;726,8;BR-381/MG;Norte;Tombamento;1;1;;;;;1
10/11/2013;21:40:00;552;sem vítima;850;BR-381/MG;Sul;Colisão Lateral;1;2;;;;;1
11/11/2013;18:40:00;523;sem vítima;480;BR-381/MG;Sul;Colisão Traseira;1;2;;;;;1
11/11/2013;11:26:00;263;sem vítima;487,8;BR-381/MG;Sul;Choque - Defensa, barreira ou "submarino";1;1;;;;;1
11/11/2013;04:00:00;61;com vítima;592,8;BR-381/MG;Norte;Outros - Sequência;1;0;1;;;;1
11/11/2013;22:10:00;629;com vítima;883,05;BR-381/MG;Sul;Outros - Sequência;1;1;1;;;;1
12/11/2013;03:33:00;74;com vítima;11,8;BR-381/SP;Sul;Tombamento;1;0;1;;;;1
12/11/2013;03:13:00;71;com vítima;25,5;BR-381/SP;Norte;Colisão Traseira;2;1;;1;;;2
12/11/2013;05:36:00;103;com vítima;41,3;BR-381/SP;Norte;Colisão Traseira;2;1;1;;;;1
12/11/2013;00:17:00;24;sem vítima;565,5;BR-381/MG;Norte;Colisão Traseira;3;3;;;;;1
12/11/2013;09:04:00;212;sem vítima;818;BR-381/MG;Norte;Colisão Traseira;1;6;;;;;1
12/11/2013;07:28:00;155;sem vítima;916;BR-381/MG;Norte;Colisão Lateral;1;3;;;;;1
12/11/2013;15:58:00;454;sem vítima;949,8;BR-381/MG;Sul;Colisão Lateral;1;2;;;;;1
13/11/2013;11:04:00;289;sem vítima;68;BR-381/SP;Norte;Tombamento;1;1;;;;;1
13/11/2013;12:26:00;340;sem vítima;71,4;BR-381/SP;Sul;Colisão Traseira;2;2;;;;;1
13/11/2013;02:39:00;62;com vítima;513,1;BR-381/MG;Norte;Outros - Sequência;2;0;1;1;;;2
13/11/2013;10:31:00;270;com vítima;580,8;BR-381/MG;Norte;Colisão Traseira;2;1;1;;;;1
13/11/2013;10:42:00;275;sem vítima;805;BR-381/MG;Sul;Choque - Defensa, barreira ou "submarino";1;1;;;;;1
13/11/2013;18:27:00;529;sem vítima;900;BR-381/MG;Norte;Colisão Traseira;2;2;;;;;1
13/11/2013;01:09:00;42;com vítima;920,5;BR-381/MG;Norte;Colisão Traseira;2;1;1;;;;1
13/11/2013;02:05:00;53;sem vítima;949,9;BR-381/MG;Sul;Outros - Sequência;2;2;;;;;1
14/11/2013;11:14:00;324;sem vítima;14;BR-381/SP;Norte;Saida de Pista;1;1;;;;;1
14/11/2013;16:05:00;502;sem vítima;45,5;BR-381/SP;Norte;Colisão Traseira;1;2;;;;;1
14/11/2013;06:46:00;137;com vítima;480;BR-381/MG;Norte;Colisão Traseira;1;2;2;;;;1
14/11/2013;18:33:00;614;com vítima;481;BR-381/MG;Sul;Engavetamento;1;6;1;;;;1
14/11/2013;17:12:00;549;sem vítima;482,6;BR-381/MG;Sul;Colisão Lateral;1;2;;;;;1
14/11/2013;07:54:00;172;sem vítima;487;BR-381/MG;Norte;Colisão Traseira;1;2;;;;;1
14/11/2013;23:07:00;779;sem vítima;491,2;BR-381/MG;Sul;Colisão Lateral;1;2;;;;;1