data;horario;n_da_ocorrencia;tipo_de_ocorrencia;km;trecho;sentido;tipo_de_acidente;caminhao;ilesos;levemente_feridos;moderadamente_feridos;gravemente_feridos;mortos;3
14/11/2013;09:05:00;218;sem vítima;492;BR-381/MG;Norte;Choque - Elemento de Drenagem;1;1;;;;;1
14/11/2013;15:49:00;490;sem vítima;517;BR-381/MG;Sul;Colisão Traseira;2;2;;;;;1
14/11/2013;21:21:00;725;com vítima;621,6;BR-381/MG;Sul;Outros - Sequência;2;3;1;;;;1
14/11/2013;23:29:00;790;sem vítima;753;BR-381/MG;Sul;Atropelamento de Animal;1;2;;;;;1
14/11/2013;14:48:00;442;sem vítima;842;BR-381/MG;Norte;Colisão Traseira;1;2;;;;;1
14/11/2013;05:17:00;100;com vítima;921;BR-381/MG;Sul;Tombamento;1;1;1;;;;1
15/11/2013;11:30:00;357;sem vítima;60;BR-381/SP;Norte;Colisão Traseira;1;3;;;;;1
15/11/2013;01:04:00;31;sem vítima;65;BR-381/SP;Norte;Colisão Lateral;1;2;;;;;1
15/11/2013;12:33:00;406;sem vítima;501;BR-381/MG;Norte;Colisão Traseira;2;2;;;;;1
15/11/2013;06:21:00;139;sem vítima;532;BR-381/MG;Norte;Outros - Sequência;1;1;;;;;1
15/11/2013;08:00:00;202;com vítima;907;BR-381/MG;Norte;Tombamento;1;0;1;;;;1
16/11/2013;21:41:00;493;sem vítima;491;BR-381/MG;Sul;Colisão Traseira;1;3;;;;;1
16/11/2013;17:16:00;369;sem vítima;907,5;BR-381/MG;Norte;Outros - Sequência;1;2;;;;;1
17/11/2013;15:43:00;371;sem vítima;7;BR-381/SP;Sul;Colisão Traseira;1;2;;;;;1
17/11/2013;22:27:00;603;com vítima;483,7;BR-381/MG;Norte;Outros - Sequência;1;1;1;;;;1
17/11/2013;17:26:00;434;com vítima;520,1;BR-381/MG;Norte;Colisão Traseira;1;2;1;;;;1
17/11/2013;12:52:00;273;com vítima;521,6;BR-381/MG;Sul;Tombamento;1;0;1;;;;1
17/11/2013;15:38:00;368;sem vítima;624,7;BR-381/MG;Sul;Colisão Traseira;1;2;;;;;1
17/11/2013;09:25:00;165;com vítima;702,8;BR-381/MG;Norte;Colisão Traseira;1;2;1;;;;1
17/11/2013;19:16:00;502;sem vítima;789,5;BR-381/MG;Sul;Colisão Traseira;1;2;;;;;1
17/11/2013;13:32:00;293;sem vítima;804;BR-381/MG;Sul;Colisão Lateral;1;2;;;;;1
18/11/2013;10:23:00;260;sem vítima;53;BR-381/SP;Sul;Engavetamento;3;3;;;;;1
18/11/2013;17:10:00;429;com vítima;478,3;BR-381/MG;Sul;Outros - Sequência;1;1;;1;;;2
18/11/2013;10:37:00;267;com vítima;497,7;BR-381/MG;Sul;Tombamento;1;0;;;;1;3
18/11/2013;19:22:00;482;sem vítima;501,7;BR-381/MG;Sul;Engavetamento;1;4;;;;;1
18/11/2013;15:48:00;386;com vítima;778,8;BR-381/MG;Sul;Saida de Pista;1;0;1;;;;1
18/11/2013;15:33:00;381;sem vítima;929,8;BR-381/MG;Sul;Outros - Sequência;1;5;;;;;1
19/11/2013;22:43:00;630;sem vítima;68;BR-381/SP;Sul;Colisão Lateral;1;2;;;;;1
19/11/2013;14:33:00;401;com vítima;69;BR-381/SP;Norte;Tombamento;1;0;;1;;;2
19/11/2013;11:03:00;281;sem vítima;90;BR-381/SP;Norte;Colisão Traseira;1;2;;;;;1
19/11/2013;10:01:00;246;sem vítima;482,9;BR-381/MG;Sul;Colisão Lateral;1;2;;;;;1
19/11/2013;07:03:00;127;sem vítima;486,6;BR-381/MG;Norte;Colisão Traseira;1;2;;;;;1
19/11/2013;11:50:00;307;sem vítima;521;BR-381/MG;Norte;Colisão Traseira;1;2;;;;;1
19/11/2013;02:17:00;55;com vítima;799,3;BR-381/MG;Sul;Choque - Defensa, barreira ou "submarino";1;0;2;;;;1
19/11/2013;23:59:00;659;com vítima;934;BR-381/MG;Norte;Tombamento;1;0;;1;;;2
20/11/2013;15:44:00;471;com vítima;478;BR-381/MG;Norte;Colisão Traseira;1;1;1;;;;1
20/11/2013;12:04:00;365;sem vítima;508;BR-381/MG;Sul;Colisão Traseira;1;2;;;;;1
20/11/2013;22:26:00;694;com vítima;565;BR-381/MG;Sul;Outros - Sequência;1;3;3;1;;;2
20/11/2013;22:43:00;700;sem vítima;931;BR-381/MG;Norte;Choque - Defensa, barreira ou "submarino";1;1;;;;;1
21/11/2013;08:01:00;171;sem vítima;37,5;BR-381/SP;Norte;Saida de Pista;1;1;;;;;1
21/11/2013;17:36:00;524;sem vítima;59,4;BR-381/SP;Sul;Outros - Sequência;1;4;;;;;1
21/11/2013;16:36:00;482;sem vítima;481;BR-381/MG;Norte;Colisão Traseira;1;2;;;;;1
21/11/2013;19:41:00;608;sem vítima;486;BR-381/MG;Norte;Colisão Traseira;2;2;;;;;1
21/11/2013;15:00:00;408;com vítima;535;BR-381/MG;Norte;Outros;1;1;1;;;;1
21/11/2013;11:29:00;302;sem vítima;597,7;BR-381/MG;Norte;Colisão Traseira;2;2;;;;;1
21/11/2013;05:41:00;115;sem vítima;817,5;BR-381/MG;Sul;Choque - Defensa, barreira ou "submarino";1;1;;;;;1
22/11/2013;13:47:00;379;com vítima;22,5;BR-381/SP;Norte;Colisão Traseira;1;1;1;;;;1
22/11/2013;19:58:00;621;sem vítima;54;BR-381/SP;Norte;Engavetamento;1;5;;;;;1
22/11/2013;10:37:00;297;com vítima;75;BR-381/SP;Norte;Choque - Talude;1;0;1;;;;1
22/11/2013;19:49:00;615;sem vítima;491;BR-381/MG;Norte;;1;2;;;;;1
22/11/2013;19:52:00;619;sem vítima;497,7;BR-381/MG;Norte;Colisão Lateral;1;2;;;;;1
22/11/2013;16:15:00;472;sem vítima;500,3;BR-381/MG;Sul;Saida de Pista;1;1;;;;;1
22/11/2013;09:15:00;247;sem vítima;523,2;BR-381/MG;Norte;Tombamento;1;1;;;;;1
22/11/2013;20:01:00;626;sem vítima;524,4;BR-381/MG;Sul;Colisão Traseira;1;2;;;;;1
22/11/2013;23:51:00;734;com vítima;540;BR-381/MG;Norte;Outros - Sequência;3;2;1;;;;1
22/11/2013;22:58:00;715;sem vítima;563,5;BR-381/MG;Sul;Colisão Traseira;2;2;;;;;1
22/11/2013;00:16:00;32;com vítima;580;BR-381/MG;Sul;Colisão Traseira;2;1;1;;;;1
22/11/2013;02:45:00;76;sem vítima;637;BR-381/MG;Sul;Saida de Pista;1;1;;;;;1
22/11/2013;17:31:00;519;sem vítima;641,9;BR-381/MG;Sul;Colisão Lateral;1;2;;;;;1
22/11/2013;13:57:00;383;sem vítima;690,8;BR-381/MG;Norte;Colisão Traseira;2;2;;;;;1
22/11/2013;22:23:00;696;sem vítima;802;BR-381/MG;Norte;Colisão Lateral;1;2;;;;;1
22/11/2013;23:13:00;723;com vítima;907,5;BR-381/MG;Norte;Tombamento;1;0;;1;;;2
23/11/2013;23:28:00;623;com vítima;13,3;BR-381/SP;Sul;Colisão Lateral;1;1;2;;;;1
23/11/2013;18:48:00;502;sem vítima;65;BR-381/SP;Norte;Colisão Traseira;1;2;;;;;1
23/11/2013;06:05:00;103;sem vítima;75;BR-381/SP;Norte;Outros - Sequência;1;3;;;;;1
23/11/2013;17:36:00;470;com vítima;721;BR-381/MG;Norte;Colisão Traseira;1;1;;1;;;2
23/11/2013;13:20:00;331;sem vítima;907,1;BR-381/MG;Norte;Tombamento;1;1;;;;;1
23/11/2013;13:56:00;353;sem vítima;907,1;BR-381/MG;Norte;Engavetamento;1;3;;;;;1
23/11/2013;13:45:00;340;sem vítima;907,6;BR-381/MG;Norte;Colisão Traseira;1;2;;;;;1
23/11/2013;15:31:00;406;sem vítima;925,4;BR-381/MG;Sul;Saida de Pista;1;2;;;;;1
24/11/2013;23:49:00;573;sem vítima;484,5;BR-381/MG;Sul;Choque - Defensa, barreira ou "submarino";1;1;;;;;1
24/11/2013;08:59:00;163;sem vítima;486,2;BR-381/MG;Norte;Engavetamento;2;5;;;;;1
24/11/2013;02:46:00;61;com vítima;592;BR-381/MG;Sul;Colisão Traseira;1;7;2;1;;1;3
24/11/2013;04:27:00;81;sem vítima;601;BR-381/MG;Norte;Outros - Sequência;1;1;;;;;1
24/11/2013;11:07:00;219;com vítima;720,5;BR-381/MG;Norte;Tombamento;1;0;1;;;;1
24/11/2013;14:00:00;291;sem vítima;720,5;BR-381/MG;Norte;Colisão Traseira;2;2;;;;;1
24/11/2013;23:10:00;563;com vítima;731,7;BR-381/MG;Sul;Tombamento;1;0;1;;;;1
24/11/2013;23:57:00;575;sem vítima;731,7;BR-381/MG;Sul;Colisão Lateral;2;2;;;;;1
24/11/2013;14:19:00;294;sem vítima;858;BR-381/MG;Sul;Colisão Lateral;1;2;;;;;1
24/11/2013;19:37:00;466;sem vítima;888;BR-381/MG;Norte;Colisão Traseira;1;2;;;;;1
24/11/2013;19:17:00;446;com vítima;930;BR-381/MG;Sul;Outros - Sequência;1;1;1;;;1;3
25/11/2013;21:26:00;574;sem vítima;1,2;BR-381/SP;Norte;Colisão Traseira;1;2;;;;;1
25/11/2013;04:41:00;81;com vítima;38;BR-381/SP;Sul;Outros - Sequência;1;2;1;;;1;3
25/11/2013;12:11:00;257;sem vítima;73;BR-381/SP;Sul;Outros - Sequência;1;1;;;;;1
25/11/2013;09:42:00;206;sem vítima;87;BR-381/SP;Sul;Colisão Traseira;2;2;;;;;1
25/11/2013;19:15:00;502;sem vítima;89;BR-381/SP;Sul;Colisão Traseira;1;2;;;;;1
25/11/2013;12:12:00;258;sem vítima;480,5;BR-381/MG;Sul;Outros;1;3;;;;;1
25/11/2013;08:43:00;178;sem vítima;542;BR-381/MG;Sul;Outros;2;3;;;;;1
25/11/2013;12:26:00;263;com vítima;648,9;BR-381/MG;Norte;Colisão Traseira;1;2;1;;;;1
25/11/2013;07:21:00;130;com vítima;686,9;BR-381/MG;Sul;Outros;1;0;3;;;;1
25/11/2013;06:51:00;118;sem vítima;707,3;BR-381/MG;Sul;Outros;1;1;;;;;1
25/11/2013;05:24:00;95;sem vítima;713;BR-381/MG;Sul;Outros;1;1;;;;;1
25/11/2013;23:48:00;619;sem vítima;736,7;BR-381/MG;Norte;Colisão Traseira;2;2;;;;;1
25/11/2013;03:38:00;72;sem vítima;761;BR-381/MG;Sul;Saida de Pista;1;3;;;;;1
25/11/2013;09:22:00;195;sem vítima;907,5;BR-381/MG;Sul;Choque - Defensa, barreira ou "submarino";1;1;;;;;1
25/11/2013;15:54:00;373;sem vítima;934;BR-381/MG;Norte;Outros - Sequência;2;2;;;;;1
26/11/2013;13:26:00;388;sem vítima;69,8;BR-381/SP;Norte;Choque - Defensa, barreira ou "submarino";1;1;;;;;1
26/11/2013;19:36:00;597;com vítima;84;BR-381/SP;Norte;Colisão Traseira;1;1;1;;;;1
26/11/2013;17:27:00;527;sem vítima;484;BR-381/MG;Sul;Choque - Defensa, barreira ou "submarino";1;1;;;;;1
26/11/2013;07:06:00;157;sem vítima;486;BR-381/MG;Norte;Colisão Lateral;1;2;;;;;1
26/11/2013;22:30:00;667;sem vítima;501;BR-381/MG;Sul;Colisão Traseira;1;2;;;;;1
26/11/2013;18:15:00;552;sem vítima;590;BR-381/MG;Sul;Colisão Lateral;2;2;;;;;1
26/11/2013;09:37:00;276;sem vítima;617;BR-381/MG;Sul;Saida de Pista;1;1;;;;;1
26/11/2013;21:02:00;638;sem vítima;636;BR-381/MG;Sul;Colisão Traseira;1;2;;;;;1
26/11/2013;04:51:00;89;sem vítima;723,4;BR-381/MG;Sul;Colisão Traseira;1;3;;;;;1
26/11/2013;02:40:00;54;sem vítima;784;BR-381/MG;Sul;Choque - Defensa, barreira ou "submarino";1;1;;;;;1
26/11/2013;17:11:00;514;sem vítima;900,7;BR-381/MG;Norte;Colisão Traseira;1;2;;;;;1
26/11/2013;15:01:00;435;sem vítima;913;BR-381/MG;Sul;Colisão Lateral;1;3;;;;;1
27/11/2013;17:44:00;529;sem vítima;71;BR-381/SP;Norte;Colisão Traseira;2;2;;;;;1
27/11/2013;17:28:00;516;sem vítima;517;BR-381/MG;Sul;Colisão Traseira;2;2;;;;;1
27/11/2013;17:12:00;505;sem vítima;526;BR-381/MG;Sul;Colisão Traseira;2;2;;;;;1
27/11/2013;08:02:00;197;com vítima;540,2;BR-381/MG;Norte;Tombamento;2;1;1;;;;1
28/11/2013;00:44:00;46;sem vítima;1;BR-381/SP;Sul;Colisão Traseira;1;2;;;;;1
28/11/2013;23:33:00;739;com vítima;60;BR-381/SP;Sul;Tombamento;1;0;;1;;;2
28/11/2013;16:03:00;481;sem vítima;481;BR-381/MG;Sul;Colisão Traseira;2;2;;;;;1
28/11/2013;13:54:00;413;com vítima;485,2;BR-381/MG;Sul;Colisão Traseira;1;1;1;;;;1
28/11/2013;08:00:00;188;sem vítima;491;BR-381/MG;Norte;Colisão Lateral;1;2;;;;;1
28/11/2013;19:38:00;639;sem vítima;544,9;BR-381/MG;Sul;Colisão Traseira;2;2;;;;;1
28/11/2013;18:02:00;578;com vítima;597;BR-381/MG;Sul;Colisão Traseira;2;1;1;;;;1
28/11/2013;04:36:00;95;sem vítima;659;BR-381/MG;Norte;Engavetamento;2;3;;;;;1
28/11/2013;21:37:00;695;sem vítima;782,6;BR-381/MG;Sul;Tombamento;1;1;;;;;1
28/11/2013;20:04:00;653;com vítima;861,8;BR-381/MG;Sul;Colisão Traseira;1;1;1;;;;1
29/11/2013;20:31:00;696;sem vítima;38;BR-381/SP;Norte;Colisão Traseira;1;2;;;;;1
29/11/2013;02:51:00;77;sem vítima;66,7;BR-381/SP;Sul;Colisão Traseira;2;2;;;;;1
29/11/2013;15:56:00;480;sem vítima;66,7;BR-381/SP;Sul;Choque - Outros;1;1;;;;;1
29/11/2013;20:30:00;695;sem vítima;489;BR-381/MG;Sul;Engavetamento;1;5;;;;;1
29/11/2013;18:11:00;585;sem vítima;498;BR-381/MG;Norte;Colisão Traseira;2;2;;;;;1
29/11/2013;13:42:00;399;sem vítima;501;BR-381/MG;Sul;Colisão Lateral;1;2;;;;;1
29/11/2013;07:32:00;174;sem vítima;524,6;BR-381/MG;Sul;Colisão Traseira;1;2;;;;;1
29/11/2013;11:45:00;333;sem vítima;597,5;BR-381/MG;Norte;Colisão Traseira;1;2;;;;;1
29/11/2013;10:27:00;287;com vítima;648,3;BR-381/MG;Norte;Tombamento;1;0;1;;;;1
29/11/2013;17:54:00;576;sem vítima;658;BR-381/MG;Norte;Colisão Traseira;2;2;;;;;1
29/11/2013;08:30:00;213;sem vítima;674;BR-381/MG;Norte;Colisão Traseira;2;2;;;;;1
29/11/2013;09:47:00;255;sem vítima;752;BR-381/MG;Sul;Colisão Lateral;1;2;;;;;1
29/11/2013;02:40:00;76;com vítima;768,2;BR-381/MG;Sul;Tombamento;1;0;1;;;;1
29/11/2013;23:52:00;807;sem vítima;809;BR-381/MG;Sul;Saida de Pista;1;1;;;;;1
29/11/2013;11:01:00;307;sem vítima;923;BR-381/MG;Norte;Engavetamento;2;5;;;;;1
29/11/2013;08:21:00;205;com vítima;925,7;BR-381/MG;Sul;Tombamento;1;0;1;;;;1
29/11/2013;09:01:00;233;com vítima;941,5;BR-381/MG;Sul;Colisão Lateral;1;1;1;;;;1
30/11/2013;10:56:00;284;sem vítima;37;BR-381/SP;Sul;Outros - Sequência;1;3;;;;;1
30/11/2013;13:41:00;385;sem vítima;492;BR-381/MG;Norte;Colisão Traseira;1;2;;;;;1
30/11/2013;10:54:00;283;sem vítima;559,7;BR-381/MG;Sul;Outros - Sequência;2;3;;;;;1
30/11/2013;11:05:00;289;sem vítima;560;BR-381/MG;Sul;Engavetamento;1;3;;;;;1
30/11/2013;12:10:00;329;sem vítima;829;BR-381/MG;Sul;Saida de Pista;1;1;;;;;1
30/11/2013;15:12:00;433;sem vítima;849,999;BR-381/MG;Sul;Choque - Defensa, barreira ou "submarino";1;1;;;;;1
30/11/2013;13:18:00;368;sem vítima;899;BR-381/MG;Norte;Colisão Lateral;2;2;;;;;1
01/12/2013;10:25:00;214;sem vítima;73,5;BR-381/SP;Norte;Outros - Sequência;1;2;;;;;1
01/12/2013;13:29:00;305;sem vítima;487,2;BR-381/MG;Sul;Choque - Defensa, barreira ou "submarino";2;2;;;;;1
01/12/2013;20:30:00;526;com vítima;511,5;BR-381/MG;Sul;Outros - Sequência;1;1;8;;2;1;3
01/12/2013;20:46:00;535;com vítima;597,9;BR-381/MG;Norte;Capotamento;1;3;1;;;;1
01/12/2013;14:45:00;336;sem vítima;700,8;BR-381/MG;Sul;Tombamento;2;2;;;;;1
01/12/2013;17:27:00;426;sem vítima;849;BR-381/MG;Norte;Choque - Defensa, barreira ou "submarino";1;1;;;;;1
02/12/2013;14:59:00;420;sem vítima;35;BR-381/SP;Sul;Outros - Sequência;2;3;;;;;1
02/12/2013;16:42:00;502;sem vítima;69,5;BR-381/SP;Norte;Colisão Traseira;1;2;;;;;1
02/12/2013;10:37:00;263;sem vítima;89;BR-381/SP;Sul;Colisão Traseira;1;2;;;;;1
02/12/2013;02:39:00;46;sem vítima;525,8;BR-381/MG;Sul;Outros - Sequência;1;2;;;;;1
02/12/2013;18:05:00;553;sem vítima;654;BR-381/MG;Norte;Outros - Sequência;1;2;;;;;1
02/12/2013;06:50:00;126;sem vítima;658;BR-381/MG;Norte;Colisão Traseira;2;2;;;;;1
02/12/2013;12:39:00;344;sem vítima;816;BR-381/MG;Norte;Colisão Traseira;1;2;;;;;1
02/12/2013;08:48:00;204;com vítima;889,1;BR-381/MG;Norte;Outros - Sequência;1;1;1;;;;1
02/12/2013;16:11:00;475;com vítima;933;BR-381/MG;Norte;Tombamento;1;0;;1;;;2
03/12/2013;14:39:00;358;com vítima;42,9;BR-381/SP;Sul;Outros - Sequência;1;1;;;;1;3
03/12/2013;21:46:00;609;sem vítima;62;BR-381/SP;Sul;Outros - Sequência;5;5;;;;;1
03/12/2013;02:54:00;67;com vítima;78,6;BR-381/SP;Norte;Tombamento;1;0;3;;;;1
03/12/2013;16:11:00;409;sem vítima;84;BR-381/SP;Norte;Colisão Traseira;1;3;;;;;1
03/12/2013;07:49:00;152;sem vítima;89,5;BR-381/SP;Sul;Colisão Lateral;1;2;;;;;1
03/12/2013;18:18:00;496;sem vítima;484,1;BR-381/MG;Sul;Engavetamento;1;5;;;;;1
03/12/2013;17:12:00;446;com vítima;492,8;BR-381/MG;Sul;Outros - Sequência;1;2;;1;;;2
03/12/2013;12:30:00;303;com vítima;494;BR-381/MG;Norte;Tombamento;1;0;;1;;;2
03/12/2013;23:31:00;652;com vítima;557;BR-381/MG;Norte;Colisão Traseira;1;1;2;;;;1
03/12/2013;21:55:00;613;sem vítima;678,1;BR-381/MG;Sul;Colisão Traseira;2;2;;;;;1
03/12/2013;17:33:00;466;sem vítima;740;BR-381/MG;Sul;Colisão Transversal;1;4;;;;;1
03/12/2013;15:00:00;372;sem vítima;741,8;BR-381/MG;Norte;Colisão Lateral;2;2;;;;;1
03/12/2013;01:19:00;46;sem vítima;778;BR-381/MG;Sul;Tombamento;1;1;;;;;1
03/12/2013;01:37:00;53;com vítima;784,3;BR-381/MG;Norte;Outros - Sequência;1;0;1;;;;1
03/12/2013;22:37:00;628;com vítima;801,8;BR-381/MG;Sul;Colisão Traseira;2;1;2;;;;1
03/12/2013;08:44:00;191;sem vítima;807,3;BR-381/MG;Norte;Choque - Defensa, barreira ou "submarino";1;1;;;;;1
04/12/2013;19:38:00;552;sem vítima;700,95;BR-381/MG;Sul;Choque - Defensa, barreira ou "submarino";1;1;;;;;1
04/12/2013;23:58:00;647;sem vítima;750;BR-381/MG;Norte;Colisão Traseira;2;2;;;;;1
04/12/2013;05:54:00;79;com vítima;838;BR-381/MG;Norte;Colisão Traseira;2;1;1;;;;1
04/12/2013;12:34:00;278;sem vítima;851;BR-381/MG;Sul;Objeto lançado contra veículo;2;2;;;;;1
05/12/2013;12:29:00;346;sem vítima;64;BR-381/SP;Sul;Colisão Traseira;2;2;;;;;1
05/12/2013;05:53:00;103;com vítima;84;BR-381/SP;Norte;Colisão Traseira;1;2;1;;;;1
05/12/2013;13:57:00;388;sem vítima;483,5;BR-381/MG;Sul;Choque - Talude;1;1;;;;;1
05/12/2013;11:50:00;318;sem vítima;517,2;BR-381/MG;Sul;Engavetamento;3;3;;;;;1
05/12/2013;08:00:00;165;sem vítima;546;BR-381/MG;Sul;Colisão Lateral;1;2;;;;;1
05/12/2013;06:15:00;113;sem vítima;758;BR-381/MG;Norte;Saida de Pista;1;1;;;;;1
05/12/2013;15:51:00;456;sem vítima;765,1;BR-381/MG;Sul;Tombamento;1;1;;;;;1
05/12/2013;20:47:00;666;sem vítima;908,3;BR-381/MG;Norte;Outros;1;1;;;;;1
05/12/2013;05:47:00;99;sem vítima;931;BR-381/MG;Sul;Colisão Traseira;2;2;;;;;1
06/12/2013;15:51:00;520;sem vítima;51;BR-381/SP;Sul;Colisão Traseira;1;2;;;;;1
06/12/2013;04:42:00;123;sem vítima;698,7;BR-381/MG;Norte;Choque - Defensa, barreira ou "submarino";1;1;;;;;1
06/12/2013;20:08:00;704;sem vítima;760;BR-381/MG;Norte;Colisão Traseira;1;2;;;;;1
06/12/2013;02:57:00;87;com vítima;949,85;BR-381/MG;Sul;Colisão Traseira;2;2;;1;;;2
07/12/2013;15:34:00;426;sem vítima;55,2;BR-381/SP;Norte;Colisão Traseira;1;2;;;;;1
07/12/2013;07:16:00;163;sem vítima;484;BR-381/MG;Norte;Colisão Traseira;1;2;;;;;1
07/12/2013;07:35:00;171;sem vítima;488;BR-381/MG;Norte;Choque - Poste;1;1;;;;;1
07/12/2013;16:50:00;461;sem vítima;632;BR-381/MG;Sul;Saida de Pista;1;1;;;;;1
08/12/2013;14:07:00;309;com vítima;70;BR-381/SP;Sul;Colisão Traseira;2;1;1;;;;1
08/12/2013;13:17:00;288;sem vítima;86;BR-381/SP;Norte;Colisão Traseira;1;3;;;;;1
08/12/2013;08:19:00;147;sem vítima;488,9;BR-381/MG;Sul;Colisão Lateral;1;2;;;;;1
08/12/2013;10:42:00;216;com vítima;540;BR-381/MG;Norte;Outros - Sequência;1;0;1;;;;1
08/12/2013;20:24:00;554;sem vítima;563,1;BR-381/MG;Norte;Tombamento;1;1;;;;;1
08/12/2013;15:34:00;361;sem vítima;790;BR-381/MG;Sul;Colisão Traseira;1;2;;;;;1
09/12/2013;12:44:00;374;sem vítima;41,2;BR-381/SP;Sul;Colisão Lateral;1;2;;;;;1
09/12/2013;10:23:00;281;sem vítima;89;BR-381/SP;Sul;Colisão Traseira;1;2;;;;;1
09/12/2013;06:32:00;116;sem vítima;486;BR-381/MG;Sul;Engavetamento;1;3;;;;;1
09/12/2013;12:11:00;350;sem vítima;502,3;BR-381/MG;Norte;Colisão Lateral;1;2;;;;;1
09/12/2013;15:19:00;450;com vítima;677,6;BR-381/MG;Norte;Tombamento;1;0;1;;;;1
09/12/2013;19:39:00;600;com vítima;701,8;BR-381/MG;Sul;Tombamento;1;0;1;;1;;2
10/12/2013;17:48:00;456;sem vítima;3;BR-381/SP;Sul;Choque - Defensa, barreira ou "submarino";1;1;;;;;1
10/12/2013;10:15:00;243;sem vítima;55;BR-381/SP;Sul;Engavetamento;1;3;;;;;1
10/12/2013;04:26:00;77;com vítima;62;BR-381/SP;Sul;Tombamento;1;0;;1;;;2
10/12/2013;08:49:00;188;sem vítima;63,1;BR-381/SP;Sul;Colisão Lateral;1;2;;;;;1
10/12/2013;13:51:00;349;com vítima;509;BR-381/MG;Sul;Colisão Traseira;1;2;1;;;;1
10/12/2013;02:48:00;60;com vítima;513,9;BR-381/MG;Norte;Outros - Sequência;1;0;1;;;;1
10/12/2013;12:01:00;310;sem vítima;540;BR-381/MG;Norte;Colisão Traseira;2;2;;;;;1
10/12/2013;18:29:00;482;sem vítima;561;BR-381/MG;Sul;Choque - Defensa, barreira ou "submarino";1;1;;;;;1
10/12/2013;08:26:00;172;sem vítima;597,67;BR-381/MG;Norte;Colisão Traseira;2;2;;;;;1
10/12/2013;08:07:00;166;sem vítima;631;BR-381/MG;Norte;Colisão Traseira;2;2;;;;;1
10/12/2013;02:07:00;48;sem vítima;838;BR-381/MG;Sul;Colisão Lateral;1;3;;;;;1
11/12/2013;04:48:00;75;sem vítima;58,6;BR-381/SP;Sul;Colisão Traseira;2;2;;;;;1
11/12/2013;11:30:00;275;sem vítima;63;BR-381/SP;Sul;Outros - Sequência;1;1;;;;;1
11/12/2013;13:11:00;318;sem vítima;65;BR-381/SP;Norte;Colisão Lateral;2;2;;;;;1
11/12/2013;18:28:00;513;com vítima;79,9;BR-381/SP;Norte;Outros - Sequência;1;1;1;;;;1
11/12/2013;13:40:00;334;sem vítima;490;BR-381/MG;Norte;Outros - Sequência;1;2;;;;;1
11/12/2013;17:59:00;493;sem vítima;497,5;BR-381/MG;Norte;Engavetamento;1;3;;;;;1
11/12/2013;19:12:00;543;sem vítima;523,45;BR-381/MG;Norte;Tombamento;1;1;;;;;1
11/12/2013;16:20:00;431;com vítima;631,6;BR-381/MG;Sul;Outros - Sequência;1;0;;1;;;2
11/12/2013;01:53:00;47;sem vítima;754,1;BR-381/MG;Sul;Colisão Traseira;2;2;;;;;1
11/12/2013;18:52:00;529;sem vítima;778,8;BR-381/MG;Sul;Saida de Pista;1;1;;;;;1
11/12/2013;12:49:00;313;sem vítima;804,9;BR-381/MG;Sul;Outros - Sequência;1;1;;;;;1
11/12/2013;10:47:00;239;sem vítima;815,4;BR-381/MG;Norte;Colisão Lateral;1;2;;;;;1
11/12/2013;07:57:00;134;sem vítima;851,9;BR-381/MG;Sul;Choque - Elemento de Drenagem;1;1;;;;;1
11/12/2013;07:31:00;125;sem vítima;878,3;BR-381/MG;Norte;Choque - Defensa, barreira ou "submarino";1;2;;;;;1
11/12/2013;23:37:00;645;sem vítima;911;BR-381/MG;Sul;Saida de Pista;1;1;;;;;1
12/12/2013;13:15:00;355;sem vítima;61;BR-381/SP;Norte;Colisão Traseira;1;2;;;;;1
12/12/2013;04:59:00;80;sem vítima;75;BR-381/SP;Norte;Outros - Sequência;1;2;;;;;1
12/12/2013;02:15:00;53;sem vítima;505,5;BR-381/MG;Sul;Colisão Traseira;2;2;;;;;1
12/12/2013;15:33:00;446;sem vítima;661;BR-381/MG;Norte;Colisão Traseira;1;2;;;;;1
12/12/2013;03:14:00;63;sem vítima;764,1;BR-381/MG;Norte;Outros - Sequência;1;2;;;;;1
12/12/2013;10:38:00;287;sem vítima;820;BR-381/MG;Sul;Colisão Traseira;1;2;;;;;1
12/12/2013;16:20:00;477;com vítima;920,5;BR-381/MG;Norte;Colisão Traseira;1;1;1;;;;1
12/12/2013;07:27:00;148;sem vítima;928;BR-381/MG;Norte;Engavetamento;1;3;;;;;1
12/12/2013;18:07:00;540;com vítima;938,8;BR-381/MG;Norte;Colisão Traseira;1;1;1;;;;1
13/12/2013;23:56:00;738;sem vítima;18;BR-381/SP;Norte;Colisão Traseira;2;2;;;;;1
13/12/2013;18:54:00;589;sem vítima;49;BR-381/SP;Sul;Choque - Defensa, barreira ou "submarino";1;1;;;;;1
13/12/2013;21:44:00;683;sem vítima;68,5;BR-381/SP;Norte;Colisão Traseira;1;3;;;;;1
13/12/2013;09:19:00;226;sem vítima;480;BR-381/MG;Norte;Colisão Lateral;1;2;;;;;1
13/12/2013;09:52:00;250;sem vítima;481;BR-381/MG;Norte;Saida de Pista;1;1;;;;;1
13/12/2013;14:47:00;413;sem vítima;481;BR-381/MG;Norte;Choque - Poste;1;1;;;;;1
13/12/2013;07:34:00;154;sem vítima;492;BR-381/MG;Sul;Colisão Lateral;1;2;;;;;1
13/12/2013;17:21:00;529;sem vítima;493,6;BR-381/MG;Sul;Colisão Traseira;2;2;;;;;1
13/12/2013;22:28:00;700;sem vítima;527,5;BR-381/MG;Sul;Outros - Sequência;1;3;;;;;1
13/12/2013;19:57:00;628;com vítima;599;BR-381/MG;Sul;Outros;1;0;2;;;;1
13/12/2013;04:01:00;80;com vítima;710,9;BR-381/MG;Norte;Choque - Veiculo parado no acostamento;1;2;;1;;;2