data;horario;n_da_ocorrencia;tipo_de_ocorrencia;km;trecho;sentido;tipo_de_acidente;caminhao;ilesos;levemente_feridos;moderadamente_feridos;gravemente_feridos;mortos;3
20/01/2014;13:33:00;264;sem vítima;901,5;BR-381/MG;Sul;Colisão Lateral;1;2;;;;;1
21/01/2014;18:48:00;420;com vítima;72;BR-381/SP;Sul;Engavetamento;3;4;1;;;;1
21/01/2014;07:23:00;85;com vítima;478;BR-381/MG;Norte;Engavetamento;2;4;1;;;;1
21/01/2014;10:04:00;160;sem vítima;490;BR-381/MG;Sul;Colisão Lateral;1;2;;;;;1
21/01/2014;20:02:00;449;sem vítima;558;BR-381/MG;Sul;Colisão Traseira;2;2;;;;;1
21/01/2014;07:04:00;76;sem vítima;624;BR-381/MG;Sul;Tombamento;1;1;;;;;1
21/01/2014;14:17:00;262;com vítima;891,7;BR-381/MG;Norte;Colisão Traseira;1;2;1;1;;;2
22/01/2014;04:56:00;40;com vítima;0,8;BR-381/SP;Sul;Colisão Traseira;2;1;;1;;;2
22/01/2014;22:32:00;483;sem vítima;89,5;BR-381/SP;Sul;Colisão Traseira;1;2;;;;;1
22/01/2014;13:24:00;249;com vítima;490,8;BR-381/MG;Norte;Outros - Sequência;1;1;1;;;;1
22/01/2014;10:16:00;176;sem vítima;491,5;BR-381/MG;Sul;Colisão Traseira;2;2;;;;;1
22/01/2014;02:50:00;27;com vítima;534,4;BR-381/MG;Sul;Colisão Traseira;2;1;1;;;;1
22/01/2014;23:00:00;496;com vítima;622,5;BR-381/MG;Sul;Outros - Sequência;1;0;1;;;;1
22/01/2014;03:40:00;34;sem vítima;866,5;BR-381/MG;Sul;Choque - Elemento de Drenagem;1;1;;;;;1
22/01/2014;20:27:00;454;sem vítima;946,7;BR-381/MG;Sul;Colisão Lateral;2;2;;;;;1
23/01/2014;07:44:00;105;sem vítima;7;BR-381/SP;Sul;Colisão Traseira;1;2;;;;;1
23/01/2014;21:21:00;464;sem vítima;7,5;BR-381/SP;Sul;Colisão Traseira;1;2;;;;;1
23/01/2014;08:19:00;121;sem vítima;65,7;BR-381/SP;Norte;Colisão Traseira;1;2;;;;;1
23/01/2014;13:10:00;266;com vítima;77,75;BR-381/SP;Norte;Outros - Sequência;1;1;5;;;;1
23/01/2014;01:09:00;28;sem vítima;513,8;BR-381/MG;Sul;Outros - Sequência;1;2;;;;;1
23/01/2014;11:41:00;239;sem vítima;518,2;BR-381/MG;Sul;Colisão Traseira;2;2;;;;;1
23/01/2014;16:45:00;353;sem vítima;538,1;BR-381/MG;Norte;Outros - Sequência;1;1;;;;;1
23/01/2014;21:14:00;461;com vítima;588,8;BR-381/MG;Norte;Colisão Traseira;2;1;1;;;;1
23/01/2014;13:34:00;275;sem vítima;603;BR-381/MG;Sul;Colisão Lateral;1;2;;;;;1
23/01/2014;18:51:00;411;com vítima;632;BR-381/MG;Norte;Tombamento;1;0;1;;;;1
23/01/2014;15:27:00;317;sem vítima;743;BR-381/MG;Sul;Colisão Lateral;1;2;;;;;1
23/01/2014;07:05:00;80;com vítima;743,5;BR-381/MG;Sul;Tombamento;1;0;1;;;;1
23/01/2014;15:20:00;315;sem vítima;881,1;BR-381/MG;Norte;Outros - Sequência;1;1;;;;;1
24/01/2014;16:31:00;364;sem vítima;69,8;BR-381/SP;Norte;Colisão Lateral;1;2;;;;;1
24/01/2014;11:11:00;226;sem vítima;501;BR-381/MG;Sul;Colisão Traseira;1;2;;;;;1
24/01/2014;04:09:00;62;sem vítima;597,7;BR-381/MG;Norte;Outros - Sequência;1;3;;;;;1
24/01/2014;06:45:00;96;sem vítima;705,5;BR-381/MG;Norte;Choque - Defensa, barreira ou "submarino";1;1;;;;;1
24/01/2014;15:08:00;320;sem vítima;707;BR-381/MG;Norte;Colisão Lateral;1;2;;;;;1
24/01/2014;12:47:00;259;com vítima;722,2;BR-381/MG;Norte;Tombamento;1;0;1;;;;1
24/01/2014;19:28:00;450;sem vítima;802;BR-381/MG;Norte;Colisão Traseira;2;2;;;;;1
24/01/2014;07:45:00;127;com vítima;934,3;BR-381/MG;Norte;Tombamento;1;0;;1;;;2
25/01/2014;11:57:00;219;com vítima;66,7;BR-381/SP;Sul;Colisão Traseira;1;2;1;;;;1
25/01/2014;19:19:00;398;sem vítima;495,8;BR-381/MG;Norte;Colisão Traseira;1;2;;;;;1
25/01/2014;07:22:00;92;sem vítima;510;BR-381/MG;Sul;Engavetamento;3;3;;;;;1
25/01/2014;19:06:00;393;com vítima;515;BR-381/MG;Sul;Colisão Lateral;1;1;;;1;;2
25/01/2014;09:26:00;156;sem vítima;519,1;BR-381/MG;Norte;Tombamento;1;1;;;;;1
25/01/2014;14:46:00;286;sem vítima;589,2;BR-381/MG;Norte;Colisão Lateral;2;2;;;;;1
25/01/2014;17:49:00;360;sem vítima;722;BR-381/MG;Norte;Colisão Traseira;1;2;;;;;1
25/01/2014;09:06:00;151;sem vítima;798;BR-381/MG;Norte;Choque - Talude;1;1;;;;;1
26/01/2014;13:36:00;190;sem vítima;13,5;BR-381/SP;Sul;Colisão Traseira;1;2;;;;;1
26/01/2014;17:18:00;303;sem vítima;90;BR-381/SP;Norte;Tombamento;1;1;;;;;1
26/01/2014;11:42:00;157;com vítima;717,4;BR-381/MG;Norte;Tombamento;1;0;1;;;;1
26/01/2014;19:01:00;362;com vítima;878,8;BR-381/MG;Sul;Outros - Sequência;2;0;1;;3;;2
27/01/2014;01:23:00;40;com vítima;76,5;BR-381/SP;Sul;Tombamento;1;0;1;;;;1
27/01/2014;19:49:00;449;sem vítima;483;BR-381/MG;Sul;Colisão Traseira;1;2;;;;;1
27/01/2014;07:33:00;118;com vítima;525,5;BR-381/MG;Sul;Outros - Sequência;1;2;1;;1;;2
27/01/2014;11:41:00;242;sem vítima;537;BR-381/MG;Sul;Colisão Lateral;1;2;;;;;1
27/01/2014;04:24:00;67;com vítima;923,5;BR-381/MG;Sul;Tombamento;1;0;;;1;;2
28/01/2014;10:58:00;199;sem vítima;33,2;BR-381/SP;Sul;Colisão Traseira;1;2;;;;;1
28/01/2014;07:24:00;94;sem vítima;488;BR-381/MG;Norte;Colisão Traseira;1;2;;;;;1
28/01/2014;05:34:00;63;sem vítima;546;BR-381/MG;Sul;Colisão Lateral;1;2;;;;;1
28/01/2014;21:59:00;502;com vítima;600;BR-381/MG;Norte;Outros - Sequência;2;0;2;;;;1
28/01/2014;01:04:00;33;sem vítima;660,4;BR-381/MG;Norte;Colisão Lateral;1;2;;;;;1
28/01/2014;14:30:00;301;sem vítima;796;BR-381/MG;Norte;Colisão Traseira;1;2;;;;;1
28/01/2014;13:54:00;283;sem vítima;865;BR-381/MG;Norte;Colisão Traseira;1;2;;;;;1
28/01/2014;01:15:00;36;com vítima;922;BR-381/MG;Sul;Choque - Defensa, barreira ou "submarino";1;0;1;;;;1
28/01/2014;13:43:00;279;com vítima;937;BR-381/MG;Norte;Tombamento;1;0;1;;;;1
28/01/2014;17:07:00;380;sem vítima;939,9;BR-381/MG;Norte;Colisão Traseira;1;2;;;;;1
28/01/2014;21:22:00;490;sem vítima;942,5;BR-381/MG;Sul;Colisão Traseira;2;2;;;;;1
29/01/2014;10:34:00;204;sem vítima;22;BR-381/SP;Norte;Colisão Lateral;1;2;;;;;1
29/01/2014;10:24:00;195;sem vítima;25,7;BR-381/SP;Sul;Colisão Lateral;1;3;;;;;1
29/01/2014;16:53:00;398;sem vítima;28;BR-381/SP;Norte;Colisão Traseira;2;2;;;;;1
29/01/2014;18:26:00;454;com vítima;525;BR-381/MG;Sul;Tombamento;1;0;;1;;;2
29/01/2014;07:27:00;95;sem vítima;529,8;BR-381/MG;Norte;Colisão Traseira;1;2;;;;;1
29/01/2014;03:07:00;43;sem vítima;745,5;BR-381/MG;Sul;Outros - Sequência;2;2;;;;;1
29/01/2014;09:25:00;163;sem vítima;871,6;BR-381/MG;Sul;Outros - Sequência;2;3;;;;;1
30/01/2014;18:50:00;416;com vítima;22,1;BR-381/SP;Norte;Colisão Traseira;1;1;;;1;;2
30/01/2014;18:32:00;409;sem vítima;517;BR-381/MG;Norte;Colisão Traseira;2;2;;;;;1
30/01/2014;17:38:00;376;com vítima;525,8;BR-381/MG;Sul;Outros;2;1;1;;;;1
30/01/2014;23:36:00;523;sem vítima;533,3;BR-381/MG;Norte;Colisão Traseira;1;2;;;;;1
30/01/2014;04:40:00;44;sem vítima;635;BR-381/MG;Sul;Colisão Traseira;2;2;;;;;1
30/01/2014;13:21:00;252;sem vítima;668;BR-381/MG;Norte;;1;1;;;;;1
30/01/2014;13:44:00;265;sem vítima;688;BR-381/MG;Norte;Tombamento;1;1;;;;;1
30/01/2014;06:52:00;70;com vítima;932,4;BR-381/MG;Norte;Tombamento;1;0;1;;;;1
31/01/2014;20:32:00;470;com vítima;28,05;BR-381/SP;Norte;Atropelamento - Usuário;1;1;;;;1;3
31/01/2014;13:14:00;264;com vítima;42;BR-381/SP;Norte;Outros - Sequência;1;1;1;;;;1
31/01/2014;18:43:00;423;com vítima;480,3;BR-381/MG;Sul;Colisão Traseira;1;1;2;;;;1
31/01/2014;10:01:00;182;com vítima;687;BR-381/MG;Norte;Saida de Pista;1;0;1;;;;1
31/01/2014;10:37:00;195;sem vítima;722,3;BR-381/MG;Sul;Outros - Sequência;1;1;;;;;1
31/01/2014;04:30:00;65;com vítima;726,1;BR-381/MG;Norte;Tombamento;1;0;1;;;;1
31/01/2014;02:46:00;43;sem vítima;748;BR-381/MG;Sul;Colisão Lateral;2;2;;;;;1
31/01/2014;10:21:00;188;sem vítima;805;BR-381/MG;Norte;Colisão Traseira;1;2;;;;;1
31/01/2014;12:35:00;247;com vítima;890;BR-381/MG;Norte;Outros - Sequência;1;2;1;;;;1
31/01/2014;04:11:00;63;sem vítima;890,3;BR-381/MG;Norte;Outros - Sequência;1;1;;;;;1
01/02/2014;16:32:00;343;sem vítima;480;BR-381/MG;Norte;Outros;1;1;;;;;1
01/02/2014;21:17:00;441;com vítima;484;BR-381/MG;Sul;Engavetamento;1;4;1;;;;1
01/02/2014;08:37:00;134;sem vítima;597;BR-381/MG;Sul;Engavetamento;1;3;;;;;1
01/02/2014;10:46:00;196;sem vítima;651;BR-381/MG;Norte;Colisão Lateral;1;2;;;;;1
01/02/2014;04:05:00;66;com vítima;725,2;BR-381/MG;Sul;Colisão Traseira;1;1;6;;1;;2
01/02/2014;02:01:00;43;sem vítima;760;BR-381/MG;Norte;Colisão Traseira;1;6;;;;;1
02/02/2014;18:28:00;388;sem vítima;483,5;BR-381/MG;Norte;Colisão Traseira;1;2;;;;;1
02/02/2014;16:11:00;299;sem vítima;774,1;BR-381/MG;Sul;Colisão Traseira;1;2;;;;;1
03/02/2014;19:22:00;447;com vítima;54;BR-381/SP;Sul;Atropelamento - Ciclista;1;1;1;;;;1
03/02/2014;09:14:00;175;sem vítima;73;BR-381/SP;Sul;Tombamento;1;1;;;;;1
03/02/2014;08:11:00;138;sem vítima;488;BR-381/MG;Norte;Engavetamento;1;3;;;;;1
03/02/2014;15:45:00;330;sem vítima;725,3;BR-381/MG;Norte;Saida de Pista;1;2;;;;;1
03/02/2014;18:30:00;418;sem vítima;733;BR-381/MG;Sul;Colisão Lateral;1;2;;;;;1
03/02/2014;07:30:00;113;com vítima;753,5;BR-381/MG;Norte;Colisão Traseira;1;1;1;;;;1
04/02/2014;00:59:00;27;sem vítima;12;BR-381/SP;Norte;Choque - Defensa, barreira ou "submarino";1;1;;;;;1
04/02/2014;00:21:00;17;sem vítima;67,5;BR-381/SP;Sul;Colisão Traseira;1;2;;;;;1
04/02/2014;06:30:00;75;com vítima;481;BR-381/MG;Norte;Outros - Sequência;1;1;3;;;;1
04/02/2014;12:53:00;263;sem vítima;513,1;BR-381/MG;Sul;Colisão Lateral;1;2;;;;;1
04/02/2014;10:07:00;184;sem vítima;519,7;BR-381/MG;Sul;Outros - Sequência;2;4;;;;;1
04/02/2014;16:47:00;347;com vítima;520,5;BR-381/MG;Norte;Colisão Traseira;1;1;;1;;;2
04/02/2014;01:22:00;32;com vítima;616;BR-381/MG;Sul;Outros - Sequência;1;0;1;;;;1
04/02/2014;07:17:00;92;com vítima;623,3;BR-381/MG;Norte;Tombamento;1;0;2;;;;1
04/02/2014;12:10:00;247;sem vítima;655;BR-381/MG;Norte;Outros - Sequência;2;2;;;;;1
04/02/2014;00:31:00;19;sem vítima;672;BR-381/MG;Norte;Colisão Traseira;2;2;;;;;1
04/02/2014;12:19:00;251;sem vítima;850,5;BR-381/MG;Norte;Tombamento;1;3;;;;;1
05/02/2014;13:28:00;258;sem vítima;506;BR-381/MG;Sul;Colisão Lateral;1;2;;;;;1
05/02/2014;01:26:00;37;com vítima;642;BR-381/MG;Sul;Outros - Sequência;1;0;1;;;;1
05/02/2014;18:05:00;380;sem vítima;655,5;BR-381/MG;Sul;Choque - Defensa, barreira ou "submarino";1;1;;;;;1
05/02/2014;10:41:00;195;sem vítima;682,9;BR-381/MG;Sul;Colisão Traseira;2;2;;;;;1
05/02/2014;10:08:00;179;sem vítima;722;BR-381/MG;Norte;Tombamento;1;1;;;;;1
05/02/2014;18:24:00;394;sem vítima;841;BR-381/MG;Sul;Colisão Traseira;1;2;;;;;1
06/02/2014;09:08:00;153;sem vítima;490;BR-381/MG;Norte;Colisão Lateral;1;2;;;;;1
06/02/2014;09:39:00;169;com vítima;505,5;BR-381/MG;Norte;Colisão Lateral;1;1;1;;;;1
06/02/2014;23:26:00;553;sem vítima;598,5;BR-381/MG;Sul;Colisão Traseira;1;2;;;;;1
06/02/2014;20:06:00;489;sem vítima;746;BR-381/MG;Norte;Colisão Lateral;2;2;;;;;1
06/02/2014;10:34:00;200;com vítima;925,7;BR-381/MG;Sul;Tombamento;1;0;1;;;;1
06/02/2014;10:23:00;193;sem vítima;930,4;BR-381/MG;Norte;Outros - Sequência;1;2;;;;;1
06/02/2014;10:44:00;203;sem vítima;948;BR-381/MG;Norte;Outros - Sequência;1;2;;;;;1
07/02/2014;18:20:00;481;sem vítima;483;BR-381/MG;Norte;Colisão Traseira;1;2;;;;;1
07/02/2014;14:30:00;338;sem vítima;489;BR-381/MG;Norte;Engavetamento;1;3;;;;;1
07/02/2014;02:38:00;58;com vítima;513;BR-381/MG;Norte;Outros - Sequência;2;2;1;;;;1
07/02/2014;06:57:00;115;sem vítima;529,4;BR-381/MG;Norte;Colisão Lateral;2;2;;;;;1
07/02/2014;06:44:00;99;com vítima;529,5;BR-381/MG;Norte;Tombamento;1;0;1;;;;1
07/02/2014;07:05:00;119;sem vítima;529,5;BR-381/MG;Sul;Choque - Defensa, barreira ou "submarino";1;1;;;;;1
07/02/2014;12:37:00;292;sem vítima;589;BR-381/MG;Norte;Tombamento;1;1;;;;;1
08/02/2014;05:23:00;83;com vítima;52,9;BR-381/SP;Sul;Outros - Sequência;1;3;1;;;;1
08/02/2014;07:27:00;113;sem vítima;482;BR-381/MG;Sul;Outros - Sequência;1;3;;;;;1
08/02/2014;13:39:00;244;sem vítima;483;BR-381/MG;Sul;Colisão Traseira;1;2;;;;;1
08/02/2014;05:57:00;91;sem vítima;483,7;BR-381/MG;Sul;Engavetamento;1;3;;;;;1
08/02/2014;07:40:00;117;sem vítima;486;BR-381/MG;Norte;Colisão Traseira;2;2;;;;;1
08/02/2014;14:56:00;279;com vítima;589,5;BR-381/MG;Norte;Tombamento;1;0;1;;;;1
08/02/2014;08:07:00;131;sem vítima;647,8;BR-381/MG;Sul;Saida de Pista;1;1;;;;;1
08/02/2014;11:13:00;195;sem vítima;710,5;BR-381/MG;Sul;Outros - Sequência;1;2;;;;;1
08/02/2014;00:30:00;23;sem vítima;746;BR-381/MG;Sul;Colisão Traseira;2;2;;;;;1
08/02/2014;16:37:00;318;sem vítima;935,2;BR-381/MG;Sul;Choque - Outros;1;1;;;;;1
09/02/2014;17:29:00;342;sem vítima;837;BR-381/MG;Sul;Colisão Lateral;1;3;;;;;1
09/02/2014;18:07:00;369;sem vítima;905,8;BR-381/MG;Norte;Tombamento;1;1;;;;;1
10/02/2014;15:31:00;329;sem vítima;558,5;BR-381/MG;Sul;Colisão Traseira;1;2;;;;;1
10/02/2014;14:30:00;288;com vítima;673;BR-381/MG;Norte;Colisão Traseira;1;0;1;;;1;3
10/02/2014;22:43:00;489;sem vítima;771;BR-381/MG;Sul;Colisão Lateral;2;2;;;;;1
11/02/2014;02:14:00;53;sem vítima;518,2;BR-381/MG;Norte;Choque - Defensa, barreira ou "submarino";1;2;;;;;1
11/02/2014;16:36:00;342;com vítima;561,9;BR-381/MG;Sul;Outros - Sequência;2;0;1;;;1;3
11/02/2014;02:11:00;52;sem vítima;622;BR-381/MG;Sul;Tombamento;1;3;;;;;1
11/02/2014;16:40:00;345;sem vítima;727,4;BR-381/MG;Sul;Saida de Pista;1;1;;;;;1
12/02/2014;07:17:00;95;com vítima;65,7;BR-381/SP;Norte;Colisão Traseira;1;1;1;;;;1
12/02/2014;08:29:00;126;sem vítima;478,6;BR-381/MG;Norte;Colisão Traseira;1;2;;;;;1
12/02/2014;11:39:00;229;com vítima;498,2;BR-381/MG;Norte;Outros - Sequência;1;2;1;;;;1
12/02/2014;07:34:00;101;sem vítima;498,3;BR-381/MG;Sul;Colisão Traseira;1;2;;;;;1
12/02/2014;23:30:00;459;sem vítima;568;BR-381/MG;Norte;Colisão Traseira;2;2;;;;;1
12/02/2014;23:17:00;457;sem vítima;662,3;BR-381/MG;Sul;Outros;2;2;;;;;1
12/02/2014;07:46:00;107;sem vítima;724,5;BR-381/MG;Sul;Outros - Sequência;3;3;;;;;1
13/02/2014;19:52:00;442;sem vítima;484,8;BR-381/MG;Norte;Colisão Lateral;1;2;;;;;1
13/02/2014;23:38:00;535;com vítima;724,5;BR-381/MG;Sul;Colisão Traseira;2;1;1;;;;1
13/02/2014;23:29:00;531;sem vítima;827,1;BR-381/MG;Sul;Colisão Traseira;2;2;;;;;1
13/02/2014;23:28:00;527;sem vítima;846,7;BR-381/MG;Sul;Choque - Defensa, barreira ou "submarino";1;1;;;;;1
14/02/2014;06:32:00;79;com vítima;12,8;BR-381/SP;Sul;Colisão Traseira;1;1;3;1;;;2
14/02/2014;17:39:00;403;com vítima;18;BR-381/SP;Sul;Colisão Lateral;2;2;1;;;;1
14/02/2014;12:02:00;255;sem vítima;36,5;BR-381/SP;Norte;Tombamento;1;1;;;;;1
14/02/2014;16:50:00;379;sem vítima;46;BR-381/SP;Norte;Colisão Traseira;2;2;;;;;1
14/02/2014;19:15:00;449;com vítima;73;BR-381/SP;Norte;Outros - Sequência;1;0;2;;;;1
14/02/2014;14:20:00;308;sem vítima;83;BR-381/SP;Norte;Outros - Sequência;1;2;;;;;1
14/02/2014;11:34:00;242;sem vítima;480;BR-381/MG;Norte;Colisão Lateral;1;2;;;;;1
14/02/2014;16:20:00;364;sem vítima;486;BR-381/MG;Norte;Colisão Traseira;1;2;;;;;1
14/02/2014;08:06:00;122;com vítima;688,6;BR-381/MG;Sul;Colisão Traseira;1;1;1;;;;1
14/02/2014;17:50:00;409;com vítima;795,1;BR-381/MG;Sul;Colisão Frontal;1;1;;;;1;3
14/02/2014;22:51:00;523;sem vítima;795,1;BR-381/MG;Sul;Choque - Veiculo parado no acostamento;2;2;;;;;1
15/02/2014;22:20:00;530;sem vítima;58,8;BR-381/SP;Sul;Colisão Traseira;1;3;;;;;1
15/02/2014;16:27:00;367;sem vítima;65;BR-381/SP;Norte;Colisão Traseira;1;5;;;;;1
15/02/2014;14:23:00;305;sem vítima;484,9;BR-381/MG;Norte;Colisão Lateral;1;2;;;;;1
15/02/2014;08:43:00;153;sem vítima;563,4;BR-381/MG;Norte;Colisão Traseira;1;2;;;;;1
15/02/2014;16:50:00;384;sem vítima;567;BR-381/MG;Sul;Outros - Sequência;1;1;;;;;1
15/02/2014;12:48:00;266;sem vítima;671,9;BR-381/MG;Norte;Tombamento;1;1;;;;;1
15/02/2014;19:53:00;481;sem vítima;688;BR-381/MG;Sul;Choque - Defensa, barreira ou "submarino";1;1;;;;;1
15/02/2014;04:41:00;69;com vítima;724;BR-381/MG;Sul;Colisão Traseira;2;2;;1;;;2
15/02/2014;02:19:00;45;sem vítima;777;BR-381/MG;Norte;Outros - Sequência;2;2;;;;;1
15/02/2014;17:56:00;416;sem vítima;805,95;BR-381/MG;Sul;Tombamento;1;1;;;;;1
15/02/2014;06:12:00;88;sem vítima;859;BR-381/MG;Sul;Atropelamento de Animal;1;1;;;;;1
15/02/2014;19:28:00;470;sem vítima;871;BR-381/MG;Sul;Tombamento;1;1;;;;;1
15/02/2014;07:57:00;124;sem vítima;926,3;BR-381/MG;Norte;Colisão Lateral;1;2;;;;;1
16/02/2014;05:53:00;69;sem vítima;65,5;BR-381/SP;Norte;Colisão Traseira;1;2;;;;;1
16/02/2014;20:02:00;403;com vítima;531,8;BR-381/MG;Sul;Outros - Sequência;2;0;2;;2;4;3
16/02/2014;05:59:00;71;sem vítima;733,5;BR-381/MG;Sul;Tombamento;1;1;;;;;1
16/02/2014;11:53:00;193;sem vítima;888,5;BR-381/MG;Sul;Tombamento;1;1;;;;;1
17/02/2014;19:16:00;407;sem vítima;497;BR-381/MG;Sul;Choque - Defensa, barreira ou "submarino";1;2;;;;;1
17/02/2014;20:47:00;438;com vítima;501;BR-381/MG;Norte;Colisão Frontal;2;0;1;1;;;2
17/02/2014;12:28:00;230;com vítima;529,1;BR-381/MG;Sul;Engavetamento;4;3;2;;;;1
17/02/2014;09:31:00;165;com vítima;531,8;BR-381/MG;Norte;Outros - Sequência;3;3;2;;;;1
17/02/2014;15:42:00;310;sem vítima;680;BR-381/MG;Sul;Choque - Defensa, barreira ou "submarino";1;1;;;;;1
17/02/2014;05:35:00;72;com vítima;903,9;BR-381/MG;Sul;Outros - Sequência;1;0;1;;;;1
18/02/2014;07:59:00;135;com vítima;508;BR-381/MG;Norte;Outros - Sequência;1;1;1;;;;1
18/02/2014;10:11:00;205;sem vítima;512;BR-381/MG;Norte;Engavetamento;3;4;;;;;1
18/02/2014;14:46:00;308;sem vítima;860,5;BR-381/MG;Sul;Colisão Lateral;1;3;;;;;1
18/02/2014;06:47:00;99;sem vítima;929;BR-381/MG;Norte;Saida de Pista;1;1;;;;;1
19/02/2014;08:35:00;132;sem vítima;483;BR-381/MG;Sul;Colisão Lateral;1;2;;;;;1
19/02/2014;18:33:00;388;sem vítima;546;BR-381/MG;Sul;Colisão Traseira;1;2;;;;;1
19/02/2014;13:25:00;270;com vítima;616,7;BR-381/MG;Sul;Tombamento;1;0;1;;;;1
20/02/2014;11:30:00;222;sem vítima;7,5;BR-381/SP;Norte;Colisão Traseira;2;2;;;;;1
20/02/2014;10:03:00;188;sem vítima;504,3;BR-381/MG;Norte;Colisão Lateral;1;2;;;;;1
20/02/2014;13:41:00;272;com vítima;511;BR-381/MG;Norte;Engavetamento;2;5;3;1;;;2
20/02/2014;22:07:00;477;sem vítima;557,7;BR-381/MG;Norte;Outros - Sequência;1;3;;;;;1
20/02/2014;21:05:00;455;sem vítima;642;BR-381/MG;Norte;Saida de Pista;1;1;;;;;1
21/02/2014;06:56:00;106;sem vítima;483,7;BR-381/MG;Sul;Engavetamento;1;4;;;;;1
21/02/2014;20:10:00;475;sem vítima;634,2;BR-381/MG;Norte;Saida de Pista;1;2;;;;;1
21/02/2014;21:10:00;501;sem vítima;902,4;BR-381/MG;Norte;Outros - Sequência;2;2;;;;;1
22/02/2014;10:24:00;175;sem vítima;36;BR-381/SP;Norte;Engavetamento;2;3;;;;;1
22/02/2014;16:05:00;322;com vítima;41,8;BR-381/SP;Norte;Colisão Traseira;1;1;1;;;;1
22/02/2014;13:29:00;244;com vítima;84,3;BR-381/SP;Norte;Colisão Traseira;1;1;;;1;;2
22/02/2014;07:09:00;83;sem vítima;485,2;BR-381/MG;Sul;Colisão Traseira;1;2;;;;;1
22/02/2014;00:03:00;11;com vítima;514,6;BR-381/MG;Sul;Colisão Traseira;2;1;;1;;;2
22/02/2014;09:22:00;145;sem vítima;635;BR-381/MG;Norte;Outros - Sequência;1;2;;;;;1
22/02/2014;14:58:00;280;com vítima;720,8;BR-381/MG;Norte;Tombamento;1;0;;1;;;2
23/02/2014;09:37:00;125;sem vítima;505;BR-381/MG;Sul;Saida de Pista;1;1;;;;;1
24/02/2014;21:53:00;421;sem vítima;73;BR-381/SP;Sul;Outros - Sequência;1;1;;;;;1
24/02/2014;06:19:00;68;sem vítima;487;BR-381/MG;Norte;Colisão Lateral;1;2;;;;;1
24/02/2014;08:19:00;128;sem vítima;622,5;BR-381/MG;Sul;Tombamento;1;1;;;;;1
24/02/2014;19:22:00;375;sem vítima;622,5;BR-381/MG;Sul;Colisão Traseira;1;2;;;;;1
24/02/2014;19:50:00;383;sem vítima;623,8;BR-381/MG;Sul;Colisão Traseira;2;2;;;;;1
24/02/2014;22:53:00;433;com vítima;744,4;BR-381/MG;Sul;Colisão Traseira;2;2;;;;1;3
25/02/2014;18:15:00;365;sem vítima;61;BR-381/SP;Norte;Colisão Lateral;1;2;;;;;1
25/02/2014;05:23:00;72;sem vítima;61,2;BR-381/SP;Sul;Choque - Defensa, barreira ou "submarino";1;1;;;;;1
25/02/2014;19:10:00;392;sem vítima;74;BR-381/SP;Norte;Outros - Sequência;1;1;;;;;1
25/02/2014;13:46:00;270;sem vítima;480,4;BR-381/MG;Sul;Colisão Traseira;1;2;;;;;1
25/02/2014;15:14:00;295;com vítima;508;BR-381/MG;Sul;Colisão Traseira;1;2;1;;;;1
25/02/2014;21:51:00;445;com vítima;555,5;BR-381/MG;Norte;Tombamento;1;0;1;;;;1
25/02/2014;01:00:00;27;sem vítima;610,8;BR-381/MG;Sul;Colisão Traseira;2;2;;;;;1
25/02/2014;21:07:00;433;sem vítima;747,7;BR-381/MG;Norte;Atropelamento de Animal;1;1;;;;;1
25/02/2014;13:37:00;268;sem vítima;774;BR-381/MG;Sul;Tombamento;1;1;;;;;1
25/02/2014;03:12:00;53;sem vítima;853,7;BR-381/MG;Norte;Colisão Lateral;2;2;;;;;1
26/02/2014;06:56:00;87;sem vítima;1,5;BR-381/SP;Sul;Colisão Traseira;2;2;;;;;1
26/02/2014;11:19:00;225;com vítima;62;BR-381/SP;Norte;Colisão Traseira;2;1;;;1;;2
26/02/2014;17:09:00;357;sem vítima;482;BR-381/MG;Norte;Colisão Traseira;1;2;;;;;1
26/02/2014;07:15:00;95;sem vítima;486;BR-381/MG;Norte;Colisão Traseira;1;2;;;;;1
26/02/2014;01:12:00;36;com vítima;490;BR-381/MG;Norte;;1;1;;1;;;2
26/02/2014;19:13:00;423;com vítima;492;BR-381/MG;Sul;Choque - Poste;1;0;1;;;;1
26/02/2014;00:31:00;25;com vítima;594,6;BR-381/MG;Norte;Tombamento;1;0;1;;;;1
26/02/2014;06:48:00;86;sem vítima;847,5;BR-381/MG;Sul;Colisão Traseira;2;2;;;;;1
26/02/2014;10:51:00;213;sem vítima;934;BR-381/MG;Sul;Objeto lançado contra veículo;1;2;;;;;1
27/02/2014;14:02:00;339;sem vítima;484;BR-381/MG;Norte;Outros;1;1;;;;;1
27/02/2014;11:27:00;270;sem vítima;505,1;BR-381/MG;Norte;Colisão Traseira;2;2;;;;;1
27/02/2014;21:22:00;572;com vítima;525,7;BR-381/MG;Sul;Outros - Sequência;1;0;1;;;;1
27/02/2014;02:40:00;54;sem vítima;677,7;BR-381/MG;Norte;Colisão Lateral;1;5;;;;;1
27/02/2014;02:24:00;52;sem vítima;724,8;BR-381/MG;Sul;Outros - Sequência;1;1;;;;;1
27/02/2014;12:39:00;306;sem vítima;760;BR-381/MG;Sul;Colisão Traseira;2;2;;;;;1
27/02/2014;10:20:00;238;sem vítima;946,5;BR-381/MG;Norte;Tombamento;1;1;;;;;1
28/02/2014;01:19:00;27;sem vítima;3;BR-381/SP;Sul;Outros - Sequência;1;1;;;;;1
28/02/2014;20:42:00;524;sem vítima;80;BR-381/SP;Sul;Colisão Lateral;1;2;;;;;1
28/02/2014;06:57:00;96;sem vítima;488;BR-381/MG;Norte;Colisão Traseira;1;2;;;;;1