data;horario;n_da_ocorrencia;tipo_de_ocorrencia;km;trecho;sentido;tipo_de_acidente;caminhao;ilesos;levemente_feridos;moderadamente_feridos;gravemente_feridos;mortos;3
28/02/2014;08:52:00;157;sem vítima;489,5;BR-381/MG;Sul;Engavetamento;2;3;;;;;1
28/02/2014;07:25:00;110;com vítima;491;BR-381/MG;Sul;Outros - Sequência;1;2;4;;;;1
28/02/2014;14:02:00;332;sem vítima;601,8;BR-381/MG;Sul;Colisão Traseira;2;2;;;;;1
28/02/2014;17:36:00;447;sem vítima;607;BR-381/MG;Sul;Choque - Elemento de Drenagem;1;1;;;;;1
28/02/2014;16:03:00;397;sem vítima;622;BR-381/MG;Norte;Saida de Pista;1;1;;;;;1
28/02/2014;08:27:00;145;sem vítima;654;BR-381/MG;Sul;Tombamento;1;1;;;;;1
28/02/2014;11:43:00;270;sem vítima;892,1;BR-381/MG;Norte;Tombamento;1;1;;;;;1
28/02/2014;11:02:00;240;sem vítima;907,5;BR-381/MG;Sul;Colisão Lateral;1;2;;;;;1
28/02/2014;15:45:00;385;com vítima;916;BR-381/MG;Sul;Colisão Traseira;1;2;1;;;;1
01/03/2014;17:50:00;461;sem vítima;65,5;BR-381/SP;Norte;Colisão Lateral;1;2;;;;;1
01/03/2014;08:44:00;156;sem vítima;484,9;BR-381/MG;Sul;Outros - Sequência;1;1;;;;;1
01/03/2014;14:35:00;318;sem vítima;489,3;BR-381/MG;Norte;Colisão Traseira;1;2;;;;;1
01/03/2014;04:16:00;65;sem vítima;658;BR-381/MG;Norte;Colisão Traseira;1;2;;;;;1
01/03/2014;08:01:00;140;sem vítima;760,5;BR-381/MG;Sul;Colisão Traseira;1;3;;;;;1
01/03/2014;06:02:00;89;com vítima;765,1;BR-381/MG;Norte;Tombamento;1;0;1;;;;1
01/03/2014;06:10:00;92;sem vítima;768;BR-381/MG;Norte;Colisão Traseira;1;2;;;;;1
01/03/2014;06:47:00;105;sem vítima;853,8;BR-381/MG;Norte;Colisão Traseira;1;2;;;;;1
01/03/2014;04:34:00;69;sem vítima;868;BR-381/MG;Norte;Outros - Sequência;1;2;;;;;1
01/03/2014;15:45:00;365;sem vítima;876,5;BR-381/MG;Norte;Colisão Lateral;1;2;;;;;1
01/03/2014;11:05:00;215;sem vítima;932,9;BR-381/MG;Norte;Colisão Lateral;1;2;;;;;1
02/03/2014;10:06:00;167;sem vítima;7;BR-381/SP;Sul;Colisão Traseira;1;2;;;;;1
02/03/2014;16:27:00;319;com vítima;19,8;BR-381/SP;Norte;Choque - Veiculo parado no acostamento;1;1;1;;;;1
02/03/2014;19:05:00;379;com vítima;544;BR-381/MG;Sul;Colisão Traseira;2;1;;1;;;2
02/03/2014;07:23:00;103;sem vítima;636;BR-381/MG;Sul;Tombamento;1;1;;;;;1
03/03/2014;00:51:00;13;com vítima;550;BR-381/MG;Norte;Outros - Sequência;1;0;1;;;;1
04/03/2014;20:43:00;427;sem vítima;631;BR-381/MG;Norte;Colisão Traseira;1;2;;;;;1
05/03/2014;18:38:00;450;sem vítima;65,5;BR-381/SP;Norte;Colisão Traseira;2;2;;;;;1
05/03/2014;17:12:00;396;com vítima;483,8;BR-381/MG;Norte;Colisão Traseira;2;1;2;;;;1
05/03/2014;05:20:00;61;sem vítima;545;BR-381/MG;Norte;Colisão Lateral;1;2;;;;;1
05/03/2014;07:00:00;80;sem vítima;568;BR-381/MG;Sul;Outros - Sequência;1;1;;;;;1
05/03/2014;17:02:00;387;sem vítima;907,6;BR-381/MG;Sul;Outros - Sequência;1;4;;;;;1
06/03/2014;09:15:00;131;sem vítima;37,9;BR-381/SP;Norte;Colisão Lateral;1;2;;;;;1
06/03/2014;19:03:00;382;sem vítima;497;BR-381/MG;Norte;Colisão Traseira;1;2;;;;;1
06/03/2014;22:10:00;454;sem vítima;504,2;BR-381/MG;Sul;Outros - Sequência;1;5;;;;;1
06/03/2014;00:00:00;1;sem vítima;520,7;BR-381/MG;Sul;Outros - Sequência;2;2;;;;;1
06/03/2014;05:09:00;45;com vítima;602,5;BR-381/MG;Norte;Outros - Sequência;1;1;2;;;;1
06/03/2014;07:00:00;78;sem vítima;701,7;BR-381/MG;Norte;Colisão Lateral;1;2;;;;;1
06/03/2014;05:14:00;46;com vítima;736,9;BR-381/MG;Norte;Colisão Traseira;2;1;;1;;;2
06/03/2014;21:23:00;437;sem vítima;786;BR-381/MG;Sul;Outros - Sequência;1;1;;;;;1
07/03/2014;16:58:00;388;sem vítima;69,7;BR-381/SP;Norte;Outros - Sequência;1;1;;;;;1
07/03/2014;05:37:00;55;sem vítima;487,4;BR-381/MG;Sul;Outros - Sequência;1;2;;;;;1
07/03/2014;21:58:00;496;com vítima;516,8;BR-381/MG;Norte;Tombamento;1;0;1;1;;;2
07/03/2014;19:57:00;464;sem vítima;615,5;BR-381/MG;Norte;Choque - Defensa, barreira ou "submarino";1;1;;;;;1
07/03/2014;16:45:00;384;sem vítima;658;BR-381/MG;Sul;Colisão Traseira;1;2;;;;;1
07/03/2014;21:21:00;487;sem vítima;727,5;BR-381/MG;Sul;Saida de Pista;1;1;;;;;1
08/03/2014;14:21:00;277;sem vítima;658;BR-381/MG;Sul;Choque - Defensa, barreira ou "submarino";1;1;;;;;1
08/03/2014;17:43:00;366;sem vítima;660;BR-381/MG;Sul;Colisão Lateral;1;2;;;;;1
08/03/2014;13:03:00;256;sem vítima;686,8;BR-381/MG;Sul;Outros - Sequência;1;1;;;;;1
09/03/2014;15:39:00;248;com vítima;70,3;BR-381/SP;Sul;Outros - Sequência;1;1;;1;1;;2
09/03/2014;20:34:00;369;com vítima;486,1;BR-381/MG;Sul;Colisão Lateral;1;2;;1;;;2
09/03/2014;23:40:00;415;sem vítima;494,1;BR-381/MG;Norte;Outros - Sequência;1;2;;;;;1
09/03/2014;11:29:00;153;com vítima;525;BR-381/MG;Sul;Tombamento;1;0;;;1;;2
09/03/2014;09:13:00;106;com vítima;940,7;BR-381/MG;Norte;Tombamento;1;0;1;;;;1
10/03/2014;16:41:00;350;sem vítima;608,2;BR-381/MG;Norte;Colisão Traseira;1;2;;;;;1
10/03/2014;19:07:00;420;com vítima;640,9;BR-381/MG;Sul;Tombamento;1;0;1;;;;1
10/03/2014;10:17:00;172;com vítima;787,4;BR-381/MG;Norte;Colisão Lateral;2;2;1;;;;1
10/03/2014;16:38:00;344;sem vítima;926,4;BR-381/MG;Norte;Colisão Lateral;1;3;;;;;1
11/03/2014;18:08:00;386;sem vítima;481;BR-381/MG;Sul;Colisão Traseira;1;2;;;;;1
11/03/2014;06:46:00;65;sem vítima;872,3;BR-381/MG;Sul;Colisão Traseira;2;2;;;;;1
12/03/2014;06:54:00;79;com vítima;482;BR-381/MG;Norte;Colisão Traseira;1;2;2;1;;;2
12/03/2014;18:29:00;370;sem vítima;707,4;BR-381/MG;Sul;Choque - Defensa, barreira ou "submarino";1;1;;;;;1
12/03/2014;10:42:00;183;com vítima;736,3;BR-381/MG;Norte;Atropelamento - Morador;1;1;;1;;;2
12/03/2014;22:28:00;459;sem vítima;745;BR-381/MG;Sul;Colisão Lateral;2;2;;;;;1
12/03/2014;00:16:00;15;com vítima;865,3;BR-381/MG;Norte;Outros - Sequência;1;1;;;;1;3
13/03/2014;19:39:00;445;sem vítima;30;BR-381/SP;Sul;Colisão Traseira;1;2;;;;;1
13/03/2014;22:47:00;496;com vítima;524,3;BR-381/MG;Sul;Outros - Sequência;5;7;2;1;;1;3
13/03/2014;17:22:00;376;com vítima;525,5;BR-381/MG;Sul;Tombamento;1;0;;;;2;3
13/03/2014;00:09:00;3;com vítima;662;BR-381/MG;Sul;Choque - Defensa, barreira ou "submarino";1;1;1;;;;1
13/03/2014;04:37:00;63;sem vítima;688;BR-381/MG;Sul;Saida de Pista;1;1;;;;;1
13/03/2014;06:34:00;97;sem vítima;726,7;BR-381/MG;Norte;Tombamento;1;1;;;;;1
14/03/2014;11:25:00;186;sem vítima;485,4;BR-381/MG;Sul;Colisão Lateral;1;2;;;;;1
14/03/2014;05:56:00;51;com vítima;490;BR-381/MG;Sul;Choque - Suporte de Sinalização;1;0;1;;;;1
14/03/2014;22:21:00;487;com vítima;493;BR-381/MG;Norte;Colisão Lateral;1;2;1;;;;1
14/03/2014;12:29:00;205;com vítima;494,5;BR-381/MG;Norte;Outros - Sequência;1;1;;1;;;2
14/03/2014;15:31:00;292;sem vítima;541;BR-381/MG;Norte;Colisão Traseira;2;2;;;;;1
14/03/2014;15:35:00;296;sem vítima;567,3;BR-381/MG;Sul;Outros;1;1;;;;;1
14/03/2014;15:26:00;288;sem vítima;604;BR-381/MG;Norte;Colisão Traseira;1;2;;;;;1
14/03/2014;05:33:00;48;sem vítima;758;BR-381/MG;Sul;Colisão Traseira;2;2;;;;;1
14/03/2014;16:53:00;344;sem vítima;763,9;BR-381/MG;Norte;Colisão Traseira;2;2;;;;;1
14/03/2014;16:05:00;317;sem vítima;767,5;BR-381/MG;Sul;Tombamento;1;1;;;;;1
14/03/2014;23:22:00;514;sem vítima;886;BR-381/MG;Sul;Colisão Traseira;1;2;;;;;1
14/03/2014;23:11:00;508;com vítima;904;BR-381/MG;Norte;Outros - Sequência;2;1;;2;;;2
15/03/2014;05:18:00;58;sem vítima;30,5;BR-381/SP;Sul;Outros - Sequência;1;1;;;;;1
15/03/2014;11:37:00;228;sem vítima;480,4;BR-381/MG;Norte;Colisão Lateral;1;2;;;;;1
15/03/2014;16:15:00;353;sem vítima;507;BR-381/MG;Sul;Outros - Sequência;1;1;;;;;1
15/03/2014;20:38:00;470;sem vítima;514;BR-381/MG;Sul;Colisão Traseira;1;2;;;;;1
15/03/2014;15:35:00;335;sem vítima;519,3;BR-381/MG;Norte;Tombamento;1;1;;;;;1
15/03/2014;18:00:00;413;sem vítima;728,5;BR-381/MG;Norte;Tombamento;1;1;;;;;1
15/03/2014;03:27:00;38;sem vítima;825;BR-381/MG;Norte;Outros - Sequência;2;2;;;;;1
15/03/2014;02:38:00;33;com vítima;876,5;BR-381/MG;Norte;Outros - Sequência;1;0;;;;1;3
15/03/2014;03:46:00;40;sem vítima;949,8;BR-381/MG;Sul;Colisão Traseira;1;2;;;;;1
16/03/2014;13:47:00;235;sem vítima;90;BR-381/SP;Norte;Tombamento;1;1;;;;;1
16/03/2014;20:41:00;435;com vítima;482,4;BR-381/MG;Norte;Engavetamento;1;2;1;;;;1
16/03/2014;12:22:00;201;sem vítima;607,5;BR-381/MG;Norte;Tombamento;1;1;;;;;1
16/03/2014;19:45:00;417;sem vítima;837,9;BR-381/MG;Sul;Colisão Lateral;2;2;;;;;1
16/03/2014;20:31:00;433;sem vítima;877,5;BR-381/MG;Norte;Atropelamento de Animal;1;1;;;;;1
17/03/2014;12:47:00;225;com vítima;65,7;BR-381/SP;Norte;Outros;1;1;1;;;;1
17/03/2014;14:41:00;275;sem vítima;73,5;BR-381/SP;Norte;Tombamento;1;1;;;;;1
17/03/2014;08:44:00;123;sem vítima;488,1;BR-381/MG;Norte;Colisão Lateral;1;2;;;;;1
17/03/2014;08:13:00;109;sem vítima;490,1;BR-381/MG;Norte;Colisão Lateral;1;2;;;;;1
17/03/2014;10:27:00;170;sem vítima;497,2;BR-381/MG;Norte;Colisão Lateral;1;2;;;;;1
17/03/2014;23:55:00;479;sem vítima;706,8;BR-381/MG;Norte;Colisão Lateral;2;2;;;;;1
17/03/2014;16:12:00;325;sem vítima;732;BR-381/MG;Norte;Colisão Traseira;1;2;;;;;1
17/03/2014;07:08:00;84;sem vítima;805;BR-381/MG;Sul;Colisão Traseira;1;2;;;;;1
17/03/2014;11:24:00;200;com vítima;916;BR-381/MG;Norte;Outros - Sequência;1;2;1;;;;1
17/03/2014;06:57:00;78;sem vítima;928;BR-381/MG;Sul;Colisão Lateral;2;2;;;;;1
18/03/2014;09:51:00;151;com vítima;86,1;BR-381/SP;Sul;Engavetamento;2;3;;;2;;2
18/03/2014;09:16:00;133;sem vítima;86,3;BR-381/SP;Sul;Choque - Defensa, barreira ou "submarino";1;1;;;;;1
18/03/2014;13:21:00;244;sem vítima;484,7;BR-381/MG;Norte;Colisão Traseira;1;2;;;;;1
18/03/2014;12:22:00;216;sem vítima;534,7;BR-381/MG;Sul;Outros - Sequência;1;1;;;;;1
18/03/2014;21:15:00;453;com vítima;669,3;BR-381/MG;Sul;Engavetamento;3;1;1;1;;;2
18/03/2014;15:16:00;295;com vítima;919,7;BR-381/MG;Norte;Tombamento;1;0;1;;;;1
19/03/2014;07:47:00;115;sem vítima;74,4;BR-381/SP;Norte;Colisão Traseira;2;2;;;;;1
19/03/2014;09:14:00;165;com vítima;488,2;BR-381/MG;Sul;Colisão Lateral;1;1;;1;;;2
19/03/2014;17:10:00;369;sem vítima;499;BR-381/MG;Sul;;1;2;;;;;1
19/03/2014;21:18:00;465;sem vítima;509,4;BR-381/MG;Sul;Saida de Pista;1;1;;;;;1
19/03/2014;02:32:00;43;com vítima;593,6;BR-381/MG;Norte;Outros - Sequência;1;3;4;;;;1
19/03/2014;06:32:00;77;sem vítima;642;BR-381/MG;Sul;Saida de Pista;1;1;;;;;1
19/03/2014;22:40:00;487;sem vítima;648,6;BR-381/MG;Sul;Saida de Pista;1;1;;;;;1
19/03/2014;18:16:00;399;sem vítima;735,5;BR-381/MG;Sul;Colisão Traseira;2;3;;;;;1
19/03/2014;05:40:00;66;com vítima;801;BR-381/MG;Sul;Outros - Sequência;2;0;2;;;;1
19/03/2014;09:19:00;166;com vítima;801;BR-381/MG;Norte;Outros - Sequência;1;0;1;;;;1
19/03/2014;20:03:00;439;com vítima;839;BR-381/MG;Sul;Atropelamento - Sem Informação;1;1;;1;;;2
19/03/2014;09:02:00;157;sem vítima;930;BR-381/MG;Sul;Tombamento;1;1;;;;;1
20/03/2014;20:13:00;464;sem vítima;78;BR-381/SP;Norte;Choque - Defensa, barreira ou "submarino";1;1;;;;;1
20/03/2014;11:04:00;212;sem vítima;483;BR-381/MG;Sul;Colisão Lateral;1;2;;;;;1
20/03/2014;14:17:00;304;sem vítima;489;BR-381/MG;Norte;Choque - Poste;1;1;;;;;1
20/03/2014;07:59:00;126;com vítima;645;BR-381/MG;Sul;Tombamento;1;0;1;;;;1
20/03/2014;16:09:00;357;sem vítima;721;BR-381/MG;Norte;Choque - Defensa, barreira ou "submarino";1;1;;;;;1
20/03/2014;22:34:00;506;com vítima;754;BR-381/MG;Norte;Colisão Traseira;1;1;;1;;;2
20/03/2014;07:49:00;123;sem vítima;844,5;BR-381/MG;Norte;Outros;1;1;;;;;1
20/03/2014;22:37:00;508;sem vítima;900,88;BR-381/MG;Norte;Colisão Traseira;1;2;;;;;1
21/03/2014;18:14:00;411;sem vítima;75;BR-381/SP;Norte;Colisão Traseira;1;2;;;;;1
21/03/2014;07:36:00;109;sem vítima;487,2;BR-381/MG;Norte;Colisão Lateral;1;2;;;;;1
21/03/2014;16:00:00;343;sem vítima;543,9;BR-381/MG;Norte;Tombamento;1;1;;;;;1
21/03/2014;02:45:00;53;com vítima;598,5;BR-381/MG;Sul;Colisão Traseira;2;0;1;;1;;2
21/03/2014;16:04:00;344;sem vítima;637,1;BR-381/MG;Sul;Outros - Sequência;1;1;;;;;1
21/03/2014;22:26:00;509;com vítima;687;BR-381/MG;Norte;Tombamento;1;0;1;;;;1
21/03/2014;02:08:00;46;com vítima;754,3;BR-381/MG;Norte;Tombamento;1;0;;1;;;2
21/03/2014;00:57:00;27;com vítima;786,7;BR-381/MG;Norte;Outros - Sequência;1;0;1;;;;1
21/03/2014;04:05:00;65;sem vítima;832;BR-381/MG;Norte;Tombamento;1;1;;;;;1
21/03/2014;23:31:00;532;sem vítima;839,5;BR-381/MG;Norte;Saida de Pista;1;1;;;;;1
21/03/2014;18:36:00;426;sem vítima;881;BR-381/MG;Norte;Outros;1;1;;;;;1
21/03/2014;16:38:00;364;sem vítima;938,2;BR-381/MG;Norte;Tombamento;1;1;;;;;1
22/03/2014;13:28:00;243;sem vítima;479,2;BR-381/MG;Norte;Colisão Traseira;1;2;;;;;1
22/03/2014;05:11:00;75;sem vítima;481;BR-381/MG;Sul;Colisão Traseira;1;3;;;;;1
22/03/2014;07:36:00;115;sem vítima;498;BR-381/MG;Norte;Colisão Lateral;1;2;;;;;1
22/03/2014;04:24:00;66;sem vítima;498,3;BR-381/MG;Norte;Outros - Sequência;2;2;;;;;1
22/03/2014;21:27:00;446;com vítima;537;BR-381/MG;Norte;Outros - Sequência;2;3;2;;;;1
22/03/2014;21:57:00;455;sem vítima;700,9;BR-381/MG;Sul;Tombamento;1;1;;;;;1
22/03/2014;05:31:00;78;sem vítima;723,8;BR-381/MG;Sul;Saida de Pista;1;3;;;;;1
22/03/2014;06:52:00;96;com vítima;744,5;BR-381/MG;Norte;Outros - Sequência;1;3;1;;;;1
22/03/2014;09:56:00;170;sem vítima;817;BR-381/MG;Sul;Colisão Traseira;2;2;;;;;1
22/03/2014;04:55:00;72;com vítima;864;BR-381/MG;Norte;Outros - Sequência;1;1;1;;;;1
23/03/2014;08:08:00;106;com vítima;479;BR-381/MG;Sul;Colisão Traseira;1;1;1;;;;1
23/03/2014;13:30:00;236;sem vítima;607,8;BR-381/MG;Sul;Tombamento;1;1;;;;;1
23/03/2014;15:57:00;302;sem vítima;838,5;BR-381/MG;Norte;Tombamento;1;1;;;;;1
23/03/2014;06:53:00;76;com vítima;840,9;BR-381/MG;Norte;Tombamento;1;0;1;1;;;2
24/03/2014;12:15:00;225;sem vítima;487,7;BR-381/MG;Sul;Engavetamento;1;3;;;;;1
24/03/2014;15:00:00;284;com vítima;494;BR-381/MG;Sul;Colisão Traseira;1;1;1;;;;1
24/03/2014;15:41:00;295;sem vítima;497;BR-381/MG;Norte;Colisão Traseira;1;2;;;;;1
24/03/2014;00:55:00;22;sem vítima;817;BR-381/MG;Sul;Saida de Pista;1;1;;;;;1
24/03/2014;10:09:00;175;sem vítima;920,5;BR-381/MG;Norte;Colisão Lateral;1;2;;;;;1
25/03/2014;08:54:00;128;sem vítima;77,3;BR-381/SP;Sul;Colisão Lateral;1;2;;;;;1
25/03/2014;16:41:00;324;sem vítima;486;BR-381/MG;Sul;Engavetamento;1;3;;;;;1
25/03/2014;18:27:00;367;com vítima;490,5;BR-381/MG;Sul;Outros - Sequência;1;1;1;;;;1
25/03/2014;12:45:00;216;sem vítima;763;BR-381/MG;Norte;Outros - Sequência;1;1;;;;;1
26/03/2014;13:09:00;245;sem vítima;22;BR-381/SP;Sul;Colisão Lateral;2;2;;;;;1
26/03/2014;21:17:00;440;sem vítima;29,5;BR-381/SP;Norte;Colisão Lateral;2;2;;;;;1
26/03/2014;15:54:00;321;sem vítima;77,5;BR-381/SP;Norte;Colisão Traseira;1;2;;;;;1
26/03/2014;05:19:00;57;sem vítima;88,9;BR-381/SP;Sul;Colisão Traseira;2;2;;;;;1
26/03/2014;19:06:00;403;sem vítima;600,4;BR-381/MG;Norte;Colisão Traseira;1;2;;;;;1
26/03/2014;11:09:00;207;sem vítima;849,95;BR-381/MG;Norte;Colisão Traseira;2;2;;;;;1
27/03/2014;23:47:00;449;com vítima;15,2;BR-381/SP;Sul;Colisão Traseira;2;2;;1;;;2
27/03/2014;14:49:00;280;sem vítima;25,8;BR-381/SP;Norte;Saida de Pista;1;1;;;;;1
27/03/2014;07:17:00;99;sem vítima;484;BR-381/MG;Sul;Colisão Lateral;1;2;;;;;1
27/03/2014;08:57:00;132;com vítima;499,5;BR-381/MG;Norte;Colisão Lateral;1;2;1;;;;1
27/03/2014;18:08:00;361;sem vítima;502,2;BR-381/MG;Norte;Engavetamento;1;2;;;;;1
27/03/2014;21:22:00;420;sem vítima;504;BR-381/MG;Sul;Colisão Lateral;1;2;;;;;1
27/03/2014;03:10:00;52;sem vítima;521,5;BR-381/MG;Norte;Outros - Sequência;1;1;;;;;1
27/03/2014;08:20:00;117;sem vítima;560;BR-381/MG;Norte;Choque - Elemento de Drenagem;1;1;;;;;1
27/03/2014;13:51:00;261;sem vítima;572,9;BR-381/MG;Sul;Colisão Lateral;2;3;;;;;1
27/03/2014;02:15:00;35;com vítima;601,3;BR-381/MG;Sul;Colisão Traseira;2;2;1;;;;1
27/03/2014;01:44:00;31;com vítima;649,9;BR-381/MG;Sul;Outros - Sequência;1;0;1;;;;1
27/03/2014;22:00:00;424;sem vítima;840;BR-381/MG;Sul;Tombamento;1;1;;;;;1
27/03/2014;17:20:00;337;com vítima;894,3;BR-381/MG;Norte;Tombamento;1;0;1;;;;1
28/03/2014;23:34:00;532;sem vítima;69,5;BR-381/SP;Norte;Outros - Sequência;1;1;;;;;1
28/03/2014;10:49:00;211;sem vítima;89;BR-381/SP;Sul;Tombamento;1;1;;;;;1
28/03/2014;20:36:00;450;com vítima;528;BR-381/MG;Sul;Tombamento;1;0;2;;;;1
28/03/2014;21:26:00;474;com vítima;528;BR-381/MG;Norte;Outros - Sequência;1;0;3;;;;1
28/03/2014;13:18:00;274;sem vítima;570;BR-381/MG;Norte;Colisão Traseira;1;2;;;;;1
28/03/2014;04:04:00;61;sem vítima;599;BR-381/MG;Sul;Colisão Traseira;2;3;;;;;1
28/03/2014;06:37:00;87;com vítima;756,5;BR-381/MG;Sul;Atropelamento - Andarilho;1;1;;;;1;3
28/03/2014;19:07:00;410;sem vítima;896;BR-381/MG;Norte;Engavetamento;1;4;;;;;1
28/03/2014;23:34:00;533;com vítima;921,5;BR-381/MG;Sul;Tombamento;1;0;1;;;;1
29/03/2014;15:02:00;290;sem vítima;479;BR-381/MG;Norte;Colisão Traseira;1;2;;;;;1
29/03/2014;15:28:00;304;sem vítima;479;BR-381/MG;Norte;Colisão Traseira;1;2;;;;;1
29/03/2014;14:16:00;274;sem vítima;483;BR-381/MG;Sul;Colisão Traseira;1;2;;;;;1
29/03/2014;06:34:00;90;sem vítima;533,4;BR-381/MG;Norte;Tombamento;1;1;;;;;1
29/03/2014;05:16:00;74;sem vítima;599;BR-381/MG;Sul;Colisão Traseira;2;2;;;;;1
29/03/2014;17:26:00;353;com vítima;633;BR-381/MG;Norte;Outros - Sequência;1;1;1;;;;1
29/03/2014;06:10:00;82;com vítima;931;BR-381/MG;Sul;Outros - Sequência;1;1;;3;1;;2
30/03/2014;16:00:00;254;sem vítima;16;BR-381/SP;Norte;Saida de Pista;1;1;;;;;1
30/03/2014;10:57:00;143;sem vítima;525,5;BR-381/MG;Sul;Tombamento;1;1;;;;;1
30/03/2014;14:52:00;219;com vítima;766,6;BR-381/MG;Sul;Colisão Traseira;1;0;3;;;;1
30/03/2014;20:09:00;366;sem vítima;795;BR-381/MG;Sul;Atropelamento de Animal;1;1;;;;;1
30/03/2014;13:26:00;194;com vítima;940,2;BR-381/MG;Norte;Tombamento;1;0;;;;1;3
31/03/2014;15:01:00;308;sem vítima;486;BR-381/MG;Sul;Engavetamento;1;5;;;;;1
31/03/2014;16:57:00;360;sem vítima;510,9;BR-381/MG;Norte;Engavetamento;2;3;;;;;1
31/03/2014;20:27:00;422;sem vítima;886;BR-381/MG;Norte;Outros - Sequência;3;3;;;;;1
31/03/2014;22:05:00;441;sem vítima;907,5;BR-381/MG;Sul;Colisão Lateral;1;2;;;;;1
01/04/2014;08:45:00;119;sem vítima;36,4;BR-381/SP;Norte;Outros;1;2;;;;;1
01/04/2014;11:03:00;182;sem vítima;485,9;BR-381/MG;Sul;Colisão Traseira;1;2;;;;;1
01/04/2014;22:32:00;425;sem vítima;494,2;BR-381/MG;Sul;Colisão Lateral;1;2;;;;;1
01/04/2014;23:39:00;442;sem vítima;495;BR-381/MG;Norte;Outros - Sequência;1;2;;;;;1
01/04/2014;22:12:00;420;sem vítima;503;BR-381/MG;Sul;Colisão Traseira;1;2;;;;;1
01/04/2014;20:09:00;379;sem vítima;503,5;BR-381/MG;Sul;Outros - Sequência;1;3;;;;;1
01/04/2014;10:41:00;179;sem vítima;526;BR-381/MG;Sul;Colisão Lateral;2;2;;;;;1
01/04/2014;10:38:00;174;sem vítima;526,7;BR-381/MG;Sul;Outros - Sequência;1;1;;;;;1
01/04/2014;18:25:00;340;sem vítima;536;BR-381/MG;Norte;Outros - Sequência;2;3;;;;;1
01/04/2014;19:47:00;373;sem vítima;561,3;BR-381/MG;Sul;Choque - Defensa, barreira ou "submarino";1;1;;;;;1
01/04/2014;05:54:00;49;com vítima;722;BR-381/MG;Norte;Tombamento;1;0;;1;;;2
01/04/2014;06:46:00;64;com vítima;808,8;BR-381/MG;Sul;Outros - Sequência;2;0;3;1;;;2
01/04/2014;09:25:00;135;sem vítima;929,5;BR-381/MG;Norte;Choque - Suporte de Sinalização;1;1;;;;;1
02/04/2014;17:25:00;369;sem vítima;29;BR-381/SP;Norte;Colisão Traseira;1;5;;;;;1
02/04/2014;13:21:00;249;com vítima;75,95;BR-381/SP;Norte;Outros - Sequência;1;1;;1;;;2
02/04/2014;09:15:00;144;sem vítima;480;BR-381/MG;Norte;Colisão Lateral;1;2;;;;;1
02/04/2014;17:35:00;372;sem vítima;497;BR-381/MG;Norte;Outros - Sequência;1;2;;;;;1
02/04/2014;03:33:00;50;sem vítima;627,5;BR-381/MG;Sul;Colisão Traseira;2;2;;;;;1
02/04/2014;07:26:00;93;sem vítima;771;BR-381/MG;Sul;Outros - Sequência;1;1;;;;;1
02/04/2014;13:57:00;264;sem vítima;785;BR-381/MG;Norte;Saida de Pista;1;1;;;;;1
02/04/2014;23:03:00;483;sem vítima;911,8;BR-381/MG;Norte;Outros - Sequência;1;1;;;;;1
03/04/2014;13:18:00;280;sem vítima;483,5;BR-381/MG;Norte;Engavetamento;1;3;;;;;1
03/04/2014;01:16:00;33;com vítima;527;BR-381/MG;Sul;Outros - Sequência;1;0;1;;;;1
03/04/2014;13:09:00;275;com vítima;528,8;BR-381/MG;Norte;Outros - Sequência;1;0;1;;;;1
03/04/2014;02:56:00;50;sem vítima;666,2;BR-381/MG;Norte;Saida de Pista;1;1;;;;;1
03/04/2014;20:42:00;470;com vítima;704;BR-381/MG;Norte;Outros - Sequência;1;2;2;;;;1
03/04/2014;22:20:00;495;com vítima;726;BR-381/MG;Sul;Colisão Traseira;1;4;3;;;;1
03/04/2014;20:20:00;458;com vítima;849;BR-381/MG;Sul;Outros - Sequência;1;1;1;;;;1
04/04/2014;16:43:00;363;sem vítima;67;BR-381/SP;Norte;Saida de Pista;1;1;;;;;1
04/04/2014;15:50:00;338;sem vítima;71,3;BR-381/SP;Sul;Saida de Pista;1;1;;;;;1
04/04/2014;11:01:00;210;sem vítima;480,5;BR-381/MG;Norte;Colisão Lateral;1;2;;;;;1
04/04/2014;02:50:00;34;sem vítima;485,5;BR-381/MG;Sul;Outros - Sequência;2;2;;;;;1
04/04/2014;20:45:00;462;sem vítima;543;BR-381/MG;Sul;Colisão Traseira;2;2;;;;;1
04/04/2014;03:06:00;37;sem vítima;622,15;BR-381/MG;Sul;Choque - Elemento de Drenagem;1;2;;;;;1
04/04/2014;17:05:00;372;com vítima;848,8;BR-381/MG;Norte;Outros - Sequência;1;0;1;;;;1
04/04/2014;15:01:00;318;sem vítima;894;BR-381/MG;Sul;Outros - Sequência;1;2;;;;;1
04/04/2014;00:08:00;9;com vítima;921,1;BR-381/MG;Sul;Tombamento;1;0;2;;;;1
05/04/2014;11:55:00;209;sem vítima;525;BR-381/MG;Sul;Tombamento;1;1;;;;;1
06/04/2014;07:15:00;70;sem vítima;77,5;BR-381/SP;Norte;Colisão Traseira;1;2;;;;;1
06/04/2014;20:15:00;390;com vítima;498;BR-381/MG;Norte;Colisão Traseira;1;1;4;;1;;2
06/04/2014;02:02:00;31;sem vítima;502,2;BR-381/MG;Norte;Colisão Lateral;1;2;;;;;1
06/04/2014;03:12:00;38;com vítima;510;BR-381/MG;Sul;Colisão Traseira;1;1;1;;;;1
06/04/2014;08:27:00;87;sem vítima;924,5;BR-381/MG;Sul;Colisão Lateral;1;2;;;;;1
07/04/2014;16:50:00;340;com vítima;36,5;BR-381/SP;Norte;Colisão Traseira;1;2;2;;;;1
07/04/2014;13:05:00;216;sem vítima;519;BR-381/MG;Norte;Colisão Lateral;2;2;;;;;1
07/04/2014;13:59:00;244;sem vítima;583,3;BR-381/MG;Sul;Colisão Lateral;1;2;;;;;1