data;horario;n_da_ocorrencia;tipo_de_ocorrencia;km;trecho;sentido;tipo_de_acidente;caminhao;ilesos;levemente_feridos;moderadamente_feridos;gravemente_feridos;mortos;3
07/04/2014;00:15:00;11;com vítima;625,6;BR-381/MG;Sul;Outros - Sequência;1;0;1;;;;1
08/04/2014;06:15:00;49;sem vítima;71;BR-381/SP;Norte;Tombamento;1;1;;;;;1
08/04/2014;16:10:00;309;sem vítima;75;BR-381/SP;Sul;Colisão Lateral;1;2;;;;;1
08/04/2014;04:52:00;35;com vítima;535,8;BR-381/MG;Sul;Colisão Traseira;2;1;;1;;;2
08/04/2014;05:23:00;41;sem vítima;857,3;BR-381/MG;Sul;Outros - Sequência;1;2;;;;;1
09/04/2014;22:14:00;427;sem vítima;89;BR-381/SP;Norte;Tombamento;1;1;;;;;1
09/04/2014;14:14:00;260;com vítima;500;BR-381/MG;Norte;Engavetamento;1;3;1;;;;1
09/04/2014;05:34:00;60;sem vítima;580,3;BR-381/MG;Sul;Outros - Sequência;1;2;;;;;1
09/04/2014;01:39:00;35;sem vítima;636;BR-381/MG;Norte;Saida de Pista;1;1;;;;;1
09/04/2014;13:59:00;254;com vítima;769;BR-381/MG;Norte;Colisão Traseira;1;2;3;;;;1
09/04/2014;05:04:00;56;sem vítima;816;BR-381/MG;Norte;Choque - Talude;1;2;;;;;1
09/04/2014;03:03:00;44;sem vítima;905;BR-381/MG;Sul;Outros - Sequência;1;1;;;;;1
10/04/2014;14:34:00;274;sem vítima;89,5;BR-381/SP;Sul;Colisão Lateral;1;2;;;;;1
10/04/2014;08:49:00;121;sem vítima;484,4;BR-381/MG;Norte;Colisão Traseira;1;2;;;;;1
10/04/2014;11:07:00;180;com vítima;488,2;BR-381/MG;Sul;Outros - Sequência;1;2;;2;;;2
10/04/2014;06:17:00;54;sem vítima;493;BR-381/MG;Norte;Tombamento;1;1;;;;;1
10/04/2014;06:46:00;65;sem vítima;560;BR-381/MG;Norte;Engavetamento;3;4;;;;;1
10/04/2014;16:31:00;347;com vítima;856;BR-381/MG;Norte;Capotamento;1;0;1;;;;1
10/04/2014;07:38:00;84;sem vítima;900,88;BR-381/MG;Sul;Colisão Traseira;1;2;;;;;1
10/04/2014;12:57:00;228;sem vítima;905;BR-381/MG;Norte;Choque - Defensa, barreira ou "submarino";1;1;;;;;1
11/04/2014;20:02:00;419;sem vítima;17;BR-381/SP;Norte;Colisão Transversal;2;2;;;;;1
11/04/2014;00:30:00;20;sem vítima;38,5;BR-381/SP;Sul;Colisão Traseira;1;2;;;;;1
11/04/2014;19:15:00;401;sem vítima;541,5;BR-381/MG;Norte;Outros - Sequência;1;1;;;;;1
11/04/2014;16:47:00;342;sem vítima;690,5;BR-381/MG;Sul;Choque - Suporte de Sinalização;1;1;;;;;1
11/04/2014;14:42:00;285;com vítima;726,5;BR-381/MG;Norte;Outros - Sequência;1;0;1;;2;;2
11/04/2014;16:42:00;337;sem vítima;735;BR-381/MG;Norte;Colisão Traseira;1;2;;;;;1
11/04/2014;17:42:00;367;sem vítima;940,7;BR-381/MG;Norte;Tombamento;1;1;;;;;1
12/04/2014;06:14:00;72;com vítima;55;BR-381/SP;Sul;Colisão Traseira;2;2;;1;;;2
12/04/2014;10:30:00;173;com vítima;483;BR-381/MG;Sul;Objeto lançado contra veículo;2;2;1;;;;1
12/04/2014;21:48:00;438;sem vítima;811,8;BR-381/MG;Sul;Outros - Sequência;2;2;;;;;1
13/04/2014;16:39:00;312;sem vítima;494,5;BR-381/MG;Norte;Colisão Frontal;1;2;;;;;1
13/04/2014;11:41:00;190;com vítima;499,7;BR-381/MG;Sul;Colisão Traseira;1;2;1;;;;1
13/04/2014;13:39:00;231;sem vítima;805,5;BR-381/MG;Norte;Colisão Traseira;1;2;;;;;1
13/04/2014;04:36:00;64;sem vítima;825,2;BR-381/MG;Norte;Tombamento;1;1;;;;;1
13/04/2014;13:35:00;230;sem vítima;907,7;BR-381/MG;Norte;Tombamento;1;1;;;;;1
14/04/2014;20:53:00;359;com vítima;478;BR-381/MG;Sul;Colisão Traseira;1;2;1;;;;1
14/04/2014;16:59:00;300;sem vítima;486,6;BR-381/MG;Norte;Colisão Traseira;1;2;;;;;1
14/04/2014;02:45:00;38;com vítima;541;BR-381/MG;Norte;Capotamento;1;0;;1;;;2
14/04/2014;01:26:00;23;com vítima;623,5;BR-381/MG;Sul;Outros - Sequência;1;0;1;;;;1
14/04/2014;13:18:00;225;sem vítima;638;BR-381/MG;Sul;Saida de Pista;1;1;;;;;1
14/04/2014;18:16:00;325;com vítima;668,1;BR-381/MG;Sul;Atropelamento - Ciclista;1;1;;1;;;2
14/04/2014;17:49:00;320;com vítima;684,1;BR-381/MG;Sul;Colisão Lateral;2;1;1;;;;1
14/04/2014;08:09:00;108;sem vítima;900,88;BR-381/MG;Norte;Tombamento;1;1;;;;;1
15/04/2014;01:58:00;42;sem vítima;58;BR-381/SP;Sul;Colisão Lateral;1;2;;;;;1
15/04/2014;21:48:00;409;sem vítima;71,5;BR-381/SP;Sul;Colisão Lateral;1;2;;;;;1
15/04/2014;19:34:00;385;sem vítima;563;BR-381/MG;Sul;Atropelamento - Outros;1;2;;;;;1
15/04/2014;05:06:00;60;com vítima;628,4;BR-381/MG;Norte;Colisão Traseira;2;1;1;;;;1
15/04/2014;22:33:00;418;sem vítima;768;BR-381/MG;Sul;Saida de Pista;1;1;;;;;1
15/04/2014;09:36:00;148;sem vítima;831,4;BR-381/MG;Norte;Outros - Sequência;1;1;;;;;1
15/04/2014;16:23:00;307;sem vítima;833;BR-381/MG;Norte;Colisão Traseira;1;2;;;;;1
15/04/2014;10:31:00;173;sem vítima;916;BR-381/MG;Sul;Colisão Traseira;2;4;;;;;1
15/04/2014;10:53:00;186;sem vítima;942;BR-381/MG;Norte;Saida de Pista;1;1;;;;;1
16/04/2014;16:34:00;378;sem vítima;56,3;BR-381/SP;Norte;Colisão Traseira;2;2;;;;;1
16/04/2014;14:32:00;316;sem vítima;481,9;BR-381/MG;Sul;Colisão Traseira;2;3;;;;;1
16/04/2014;22:33:00;549;sem vítima;523,8;BR-381/MG;Sul;Choque - Defensa, barreira ou "submarino";1;1;;;;;1
16/04/2014;14:25:00;312;com vítima;540,1;BR-381/MG;Norte;Colisão Traseira;1;1;;2;;;2
16/04/2014;14:38:00;320;com vítima;540,3;BR-381/MG;Norte;Colisão Traseira;1;2;1;;;;1
16/04/2014;22:49:00;556;com vítima;688,8;BR-381/MG;Sul;Colisão Traseira;2;1;1;;;;1
16/04/2014;19:05:00;466;sem vítima;706;BR-381/MG;Sul;Outros - Sequência;1;1;;;;;1
16/04/2014;10:18:00;192;com vítima;723;BR-381/MG;Norte;Colisão Traseira;1;3;1;;;;1
16/04/2014;06:51:00;75;com vítima;796;BR-381/MG;Norte;Colisão Traseira;2;1;1;;;;1
17/04/2014;15:26:00;357;com vítima;10;BR-381/SP;Norte;Outros - Sequência;2;9;9;2;2;;2
17/04/2014;23:12:00;579;sem vítima;36;BR-381/SP;Norte;Colisão Lateral;1;2;;;;;1
17/04/2014;18:03:00;446;com vítima;42;BR-381/SP;Norte;Outros - Sequência;1;2;;;;2;3
17/04/2014;12:49:00;282;sem vítima;547;BR-381/MG;Norte;Colisão Traseira;2;2;;;;;1
17/04/2014;01:05:00;26;com vítima;567,3;BR-381/MG;Norte;Outros - Sequência;1;1;1;;;;1
17/04/2014;14:15:00;312;com vítima;642,5;BR-381/MG;Norte;Tombamento;1;0;1;;;;1
17/04/2014;10:02:00;206;com vítima;682;BR-381/MG;Sul;Outros - Sequência;1;1;1;;;;1
17/04/2014;11:45:00;255;sem vítima;691,5;BR-381/MG;Norte;Colisão Transversal;1;2;;;;;1
18/04/2014;15:01:00;403;sem vítima;7,5;BR-381/SP;Norte;Colisão Traseira;1;2;;;;;1
18/04/2014;18:51:00;512;com vítima;621;BR-381/MG;Sul;Colisão Traseira;1;0;2;;;;1
18/04/2014;04:07:00;81;sem vítima;725;BR-381/MG;Sul;Choque - Veiculo parado no acostamento;1;2;;;;;1
18/04/2014;20:22:00;533;sem vítima;805,1;BR-381/MG;Norte;Colisão Traseira;2;2;;;;;1
18/04/2014;07:42:00;148;sem vítima;838,1;BR-381/MG;Norte;Colisão Lateral;1;2;;;;;1
19/04/2014;13:37:00;182;sem vítima;543;BR-381/MG;Sul;Saida de Pista;1;1;;;;;1
20/04/2014;18:47:00;318;sem vítima;804,2;BR-381/MG;Norte;Colisão Traseira;1;2;;;;;1
21/04/2014;14:18:00;259;sem vítima;7;BR-381/SP;Sul;Colisão Traseira;1;2;;;;;1
21/04/2014;15:20:00;322;sem vítima;496;BR-381/MG;Norte;Colisão Traseira;1;2;;;;;1
21/04/2014;20:58:00;528;sem vítima;533,5;BR-381/MG;Norte;Colisão Traseira;1;2;;;;;1
21/04/2014;15:14:00;314;sem vítima;597,6;BR-381/MG;Norte;Colisão Lateral;1;2;;;;;1
21/04/2014;14:42:00;285;sem vítima;598,8;BR-381/MG;Norte;Colisão Traseira;1;3;;;;;1
21/04/2014;17:29:00;431;sem vítima;725;BR-381/MG;Sul;Colisão Traseira;1;2;;;;;1
21/04/2014;19:55:00;492;sem vítima;931;BR-381/MG;Sul;Engavetamento;1;4;;;;;1
21/04/2014;17:24:00;425;com vítima;940,8;BR-381/MG;Norte;Tombamento;1;5;1;;;;1
22/04/2014;17:32:00;383;sem vítima;84;BR-381/SP;Norte;Colisão Lateral;1;2;;;;;1
22/04/2014;20:55:00;457;com vítima;482;BR-381/MG;Norte;Colisão Traseira;1;1;;1;;;2
22/04/2014;16:59:00;369;sem vítima;633,9;BR-381/MG;Norte;Colisão Traseira;1;2;;;;;1
22/04/2014;17:24:00;377;com vítima;671,5;BR-381/MG;Sul;Tombamento;1;0;;1;;;2
22/04/2014;10:53:00;206;sem vítima;698,5;BR-381/MG;Sul;Colisão Lateral;1;2;;;;;1
22/04/2014;09:45:00;183;sem vítima;700,9;BR-381/MG;Sul;Outros - Sequência;1;4;;;;;1
22/04/2014;21:01:00;465;sem vítima;735;BR-381/MG;Sul;Colisão Traseira;2;2;;;;;1
22/04/2014;22:06:00;485;sem vítima;805,6;BR-381/MG;Sul;Colisão Lateral;1;5;;;;;1
22/04/2014;15:46:00;340;com vítima;873,8;BR-381/MG;Sul;Outros - Sequência;3;11;1;2;;;2
22/04/2014;04:04:00;55;sem vítima;942;BR-381/MG;Sul;Colisão Traseira;1;2;;;;;1
23/04/2014;17:30:00;360;sem vítima;488,8;BR-381/MG;Sul;Colisão Traseira;1;2;;;;;1
23/04/2014;20:42:00;432;com vítima;507,5;BR-381/MG;Norte;Colisão Traseira;1;1;;1;;;2
23/04/2014;16:21:00;321;com vítima;508,2;BR-381/MG;Sul;Colisão Transversal;1;1;;1;;;2
23/04/2014;09:29:00;142;sem vítima;615;BR-381/MG;Norte;Colisão Traseira;1;2;;;;;1
23/04/2014;11:30:00;205;sem vítima;666;BR-381/MG;Norte;Outros - Sequência;1;2;;;;;1
23/04/2014;14:04:00;256;com vítima;938,4;BR-381/MG;Sul;Colisão Lateral;2;1;1;1;;;2
24/04/2014;15:24:00;315;sem vítima;22,3;BR-381/SP;Sul;Colisão Traseira;1;2;;;;;1
24/04/2014;22:52:00;472;com vítima;34;BR-381/SP;Norte;Choque - Veiculo parado na pista;1;1;1;;;;1
24/04/2014;08:38:00;134;sem vítima;658;BR-381/MG;Norte;Colisão Traseira;2;2;;;;;1
24/04/2014;14:33:00;284;sem vítima;854;BR-381/MG;Norte;Colisão Traseira;2;2;;;;;1
24/04/2014;07:11:00;90;sem vítima;913;BR-381/MG;Sul;Choque - Defensa, barreira ou "submarino";1;1;;;;;1
24/04/2014;07:03:00;87;com vítima;934;BR-381/MG;Norte;Tombamento;1;0;;1;;;2
25/04/2014;13:16:00;282;sem vítima;523,3;BR-381/MG;Norte;Colisão Lateral;2;2;;;;;1
25/04/2014;07:34:00;110;sem vítima;597,5;BR-381/MG;Norte;Colisão Traseira;2;2;;;;;1
25/04/2014;01:15:00;31;sem vítima;823,2;BR-381/MG;Sul;Tombamento;1;1;;;;;1
26/04/2014;12:12:00;196;sem vítima;569;BR-381/MG;Sul;Outros - Sequência;1;1;;;;;1
26/04/2014;15:21:00;258;com vítima;728,8;BR-381/MG;Sul;Choque - Defensa, barreira ou "submarino";1;0;1;;;;1
26/04/2014;03:43:00;53;sem vítima;904,7;BR-381/MG;Sul;Outros - Sequência;1;1;;;;;1
26/04/2014;06:59:00;82;sem vítima;946;BR-381/MG;Norte;Colisão Lateral;2;2;;;;;1
27/04/2014;11:33:00;146;com vítima;529,1;BR-381/MG;Sul;Tombamento;1;0;;;;1;3
27/04/2014;19:17:00;342;sem vítima;592,5;BR-381/MG;Norte;Atropelamento de Animal;1;5;;;;;1
27/04/2014;21:25:00;377;sem vítima;658,25;BR-381/MG;Sul;Tombamento;1;1;;;;;1
27/04/2014;20:44:00;369;sem vítima;735;BR-381/MG;Sul;Choque - Cancela de Pedagio;1;1;;;;;1
27/04/2014;09:21:00;106;sem vítima;805;BR-381/MG;Sul;Colisão Traseira;1;2;;;;;1
27/04/2014;09:43:00;113;sem vítima;805;BR-381/MG;Sul;Colisão Traseira;1;2;;;;;1
28/04/2014;21:11:00;387;sem vítima;7,57;BR-381/SP;Sul;Colisão Traseira;1;2;;;;;1
28/04/2014;05:29:00;76;com vítima;481;BR-381/MG;Sul;Colisão Traseira;1;1;1;;;;1
28/04/2014;17:36:00;302;sem vítima;546;BR-381/MG;Sul;Colisão Traseira;1;2;;;;;1
28/04/2014;10:32:00;173;com vítima;646,5;BR-381/MG;Sul;Outros - Sequência;1;0;1;;;;1
28/04/2014;22:13:00;398;sem vítima;689,7;BR-381/MG;Sul;Saida de Pista;1;1;;;;;1
28/04/2014;07:58:00;118;com vítima;732;BR-381/MG;Norte;Tombamento;1;0;;1;;;2
28/04/2014;07:52:00;115;sem vítima;805;BR-381/MG;Norte;Engavetamento;1;3;;;;;1
28/04/2014;07:47:00;113;sem vítima;934,5;BR-381/MG;Sul;Outros - Sequência;1;2;;;;;1
29/04/2014;17:02:00;397;sem vítima;0,8;BR-381/SP;Sul;Choque - Talude;1;1;;;;;1
29/04/2014;21:47:00;497;com vítima;14;BR-381/SP;Sul;Colisão Traseira;2;2;;1;;;2
29/04/2014;13:16:00;277;com vítima;479,2;BR-381/MG;Norte;Engavetamento;1;2;5;;;;1
29/04/2014;01:43:00;38;sem vítima;504,4;BR-381/MG;Sul;Colisão Traseira;1;2;;;;;1
29/04/2014;08:41:00;163;sem vítima;513,1;BR-381/MG;Norte;Outros - Sequência;1;2;;;;;1
29/04/2014;16:12:00;370;sem vítima;616,9;BR-381/MG;Sul;Tombamento;1;1;;;;;1
29/04/2014;17:52:00;426;com vítima;789,5;BR-381/MG;Norte;Outros - Sequência;1;0;1;1;;;2
29/04/2014;10:17:00;216;com vítima;841,6;BR-381/MG;Sul;Engavetamento;3;4;1;1;1;;2
29/04/2014;06:03:00;83;com vítima;842,8;BR-381/MG;Sul;Outros - Sequência;1;0;;;;2;3
29/04/2014;13:44:00;289;sem vítima;892;BR-381/MG;Norte;Outros;2;2;;;;;1
29/04/2014;08:39:00;162;sem vítima;900,88;BR-381/MG;Sul;Choque - Defensa, barreira ou "submarino";1;1;;;;;1
30/04/2014;19:19:00;428;com vítima;41;BR-381/SP;Norte;Engavetamento;1;1;3;;;;1
30/04/2014;03:20:00;58;com vítima;63;BR-381/SP;Sul;Outros - Sequência;2;2;;;;1;3
30/04/2014;08:49:00;144;sem vítima;478;BR-381/MG;Norte;Colisão Traseira;2;2;;;;;1
30/04/2014;12:45:00;239;com vítima;478,8;BR-381/MG;Sul;Engavetamento;2;2;1;;;;1
30/04/2014;01:23:00;37;sem vítima;745;BR-381/MG;Sul;Colisão Traseira;1;41;;;;;1
30/04/2014;09:24:00;160;com vítima;839;BR-381/MG;Sul;Colisão Lateral;1;1;;2;;;2
01/05/2014;09:04:00;151;sem vítima;486,5;BR-381/MG;Sul;Choque - Defensa, barreira ou "submarino";1;1;;;;;1
01/05/2014;00:35:00;28;sem vítima;671;BR-381/MG;Norte;Colisão Traseira;1;5;;;;;1
01/05/2014;13:28:00;276;com vítima;720,8;BR-381/MG;Norte;Tombamento;1;0;1;;;;1
01/05/2014;00:41:00;30;sem vítima;774,8;BR-381/MG;Sul;Outros - Sequência;1;3;;;;;1
02/05/2014;11:45:00;240;sem vítima;478,1;BR-381/MG;Norte;Engavetamento;1;5;;;;;1
02/05/2014;10:29:00;201;sem vítima;479;BR-381/MG;Norte;Engavetamento;1;4;;;;;1
02/05/2014;23:45:00;508;com vítima;531,8;BR-381/MG;Norte;Tombamento;1;0;1;;;;1
02/05/2014;02:23:00;43;sem vítima;676,6;BR-381/MG;Sul;Choque - Defensa, barreira ou "submarino";1;2;;;;;1
02/05/2014;19:48:00;433;sem vítima;900;BR-381/MG;Norte;Colisão Traseira;1;2;;;;;1
03/05/2014;18:42:00;334;sem vítima;543,7;BR-381/MG;Sul;Outros - Sequência;2;2;;;;;1
03/05/2014;18:42:00;352;sem vítima;543,7;BR-381/MG;Sul;Outros;1;1;;;;;1
03/05/2014;01:00:00;32;sem vítima;853,4;BR-381/MG;Norte;Outros - Sequência;1;1;;;;;1
04/05/2014;21:33:00;449;sem vítima;71;BR-381/SP;Norte;Choque - Talude;1;2;;;;;1
04/05/2014;17:23:00;319;sem vítima;940,5;BR-381/MG;Norte;Colisão Traseira;1;2;;;;;1
05/05/2014;14:58:00;285;sem vítima;16;BR-381/SP;Norte;Colisão Lateral;2;2;;;;;1
05/05/2014;20:30:00;426;sem vítima;479,5;BR-381/MG;Sul;Colisão Lateral;1;2;;;;;1
05/05/2014;07:29:00;88;sem vítima;487;BR-381/MG;Norte;Engavetamento;1;3;;;;;1
05/05/2014;09:54:00;163;com vítima;740,8;BR-381/MG;Sul;Outros - Sequência;1;0;2;2;;;2
05/05/2014;13:56:00;253;sem vítima;939;BR-381/MG;Norte;Colisão Traseira;1;2;;;;;1
06/05/2014;05:31:00;70;com vítima;5,8;BR-381/SP;Norte;Colisão Traseira;2;1;1;;;;1
06/05/2014;01:58:00;34;sem vítima;58,8;BR-381/SP;Sul;Colisão Traseira;2;2;;;;;1
06/05/2014;15:33:00;299;sem vítima;481;BR-381/MG;Sul;Colisão Traseira;2;2;;;;;1
06/05/2014;12:32:00;224;sem vítima;485;BR-381/MG;Sul;Colisão Traseira;2;2;;;;;1
06/05/2014;02:53:00;47;sem vítima;561;BR-381/MG;Norte;Colisão Traseira;2;2;;;;;1
06/05/2014;04:51:00;63;sem vítima;621;BR-381/MG;Sul;Outros - Sequência;1;1;;;;;1
06/05/2014;01:37:00;33;com vítima;906,8;BR-381/MG;Norte;Tombamento;1;0;1;;;;1
07/05/2014;14:19:00;275;sem vítima;25,8;BR-381/SP;Norte;Outros - Sequência;1;3;;;;;1
07/05/2014;07:00:00;84;sem vítima;492,6;BR-381/MG;Norte;Colisão Lateral;2;2;;;;;1
07/05/2014;13:36:00;266;com vítima;528,3;BR-381/MG;Sul;Tombamento;1;0;;1;;;2
07/05/2014;21:39:00;436;sem vítima;559;BR-381/MG;Sul;Outros - Sequência;1;1;;;;;1
07/05/2014;18:22:00;376;com vítima;823,3;BR-381/MG;Norte;Colisão Lateral;1;2;;1;;1;3
07/05/2014;07:26:00;94;sem vítima;938;BR-381/MG;Norte;Colisão Traseira;1;2;;;;;1
08/05/2014;22:44:00;440;com vítima;487,8;BR-381/MG;Norte;Outros - Sequência;1;4;3;;;;1
08/05/2014;22:45:00;441;com vítima;494,8;BR-381/MG;Sul;Colisão Traseira;1;2;1;;;;1
08/05/2014;16:44:00;299;sem vítima;529,9;BR-381/MG;Sul;Saida de Pista;1;1;;;;;1
08/05/2014;13:51:00;224;sem vítima;811;BR-381/MG;Norte;Colisão Lateral;2;2;;;;;1
08/05/2014;00:20:00;26;sem vítima;850,2;BR-381/MG;Sul;Tombamento;1;1;;;;;1
09/05/2014;00:22:00;26;sem vítima;0,8;BR-381/SP;Sul;Colisão Traseira;2;2;;;;;1
09/05/2014;11:55:00;211;sem vítima;22,5;BR-381/SP;Sul;Colisão Lateral;1;3;;;;;1
09/05/2014;06:58:00;88;com vítima;56;BR-381/SP;Sul;Outros - Sequência;2;20;1;;;;1
09/05/2014;10:02:00;169;sem vítima;480,1;BR-381/MG;Norte;Colisão Lateral;1;2;;;;;1
09/05/2014;13:49:00;247;com vítima;512;BR-381/MG;Norte;Colisão Traseira;2;1;1;;;;1
09/05/2014;10:20:00;174;sem vítima;529;BR-381/MG;Sul;Choque - Defensa, barreira ou "submarino";1;2;;;;;1
09/05/2014;06:58:00;87;sem vítima;819,9;BR-381/MG;Norte;Colisão Traseira;1;2;;;;;1
09/05/2014;04:42:00;62;sem vítima;879,2;BR-381/MG;Sul;Saida de Pista;1;1;;;;;1
10/05/2014;16:14:00;331;com vítima;14,5;BR-381/SP;Norte;Colisão Traseira;1;1;;1;;;2
10/05/2014;15:42:00;315;sem vítima;42;BR-381/SP;Norte;Colisão Lateral;1;2;;;;;1
10/05/2014;12:10:00;247;sem vítima;511,6;BR-381/MG;Norte;Choque - Defensa, barreira ou "submarino";1;1;;;;;1
10/05/2014;08:26:00;141;com vítima;885,2;BR-381/MG;Norte;Outros - Sequência;1;4;1;;;;1
10/05/2014;05:42:00;81;sem vítima;941;BR-381/MG;Norte;Tombamento;1;1;;;;;1
11/05/2014;06:13:00;72;com vítima;71;BR-381/SP;Sul;Colisão Traseira;1;1;;2;;;2
11/05/2014;14:47:00;240;sem vítima;486,5;BR-381/MG;Norte;Colisão Lateral;1;2;;;;;1
11/05/2014;16:23:00;268;sem vítima;544,9;BR-381/MG;Norte;Saida de Pista;1;1;;;;;1
11/05/2014;10:44:00;162;sem vítima;837,8;BR-381/MG;Norte;Saida de Pista;1;1;;;;;1
11/05/2014;08:20:00;115;sem vítima;900,88;BR-381/MG;Norte;Choque - Suporte de Sinalização;1;1;;;;;1
12/05/2014;13:13:00;231;com vítima;44;BR-381/SP;Norte;Engavetamento;1;2;;1;;;2
12/05/2014;16:44:00;347;sem vítima;70;BR-381/SP;Norte;Choque - Defensa, barreira ou "submarino";1;1;;;;;1
12/05/2014;07:15:00;89;com vítima;88,5;BR-381/SP;Sul;Outros - Sequência;1;2;1;;;;1
12/05/2014;19:56:00;422;sem vítima;89;BR-381/SP;Norte;Colisão Lateral;1;2;;;;;1
12/05/2014;14:53:00;275;com vítima;484;BR-381/MG;Norte;Colisão Traseira;1;1;1;;;;1
12/05/2014;07:51:00;107;sem vítima;487;BR-381/MG;Norte;Colisão Traseira;1;2;;;;;1
12/05/2014;04:39:00;48;sem vítima;678,1;BR-381/MG;Sul;Outros - Sequência;1;1;;;;;1
12/05/2014;22:31:00;456;sem vítima;823,2;BR-381/MG;Sul;Atropelamento de Animal;2;2;;;;;1
13/05/2014;14:57:00;262;sem vítima;72;BR-381/SP;Sul;Colisão Lateral;1;2;;;;;1
13/05/2014;15:57:00;304;com vítima;479;BR-381/MG;Norte;Colisão Traseira;1;1;1;;;;1
13/05/2014;08:29:00;115;com vítima;602,5;BR-381/MG;Sul;Outros - Sequência;1;0;;1;;;2
13/05/2014;13:42:00;233;com vítima;692,1;BR-381/MG;Sul;Queda de Moto;1;1;1;;;;1
14/05/2014;07:36:00;99;sem vítima;478,8;BR-381/MG;Norte;Engavetamento;1;3;;;;;1
14/05/2014;18:52:00;368;com vítima;561,15;BR-381/MG;Sul;Engavetamento;2;1;2;1;;1;3
14/05/2014;21:49:00;411;sem vítima;561,2;BR-381/MG;Sul;Colisão Lateral;1;2;;;;;1
14/05/2014;09:05:00;148;sem vítima;706,9;BR-381/MG;Sul;Colisão Lateral;1;2;;;;;1
14/05/2014;07:10:00;85;com vítima;707,3;BR-381/MG;Sul;Tombamento;1;0;1;;;;1
14/05/2014;17:18:00;334;sem vítima;707,3;BR-381/MG;Sul;Tombamento;1;2;;;;;1
14/05/2014;08:40:00;132;com vítima;845;BR-381/MG;Sul;Outros - Sequência;1;1;2;;;;1
15/05/2014;04:59:00;68;sem vítima;55;BR-381/SP;Sul;Colisão Lateral;1;2;;;;;1
15/05/2014;10:18:00;182;com vítima;492;BR-381/MG;Norte;Outros - Sequência;1;1;1;;;;1
15/05/2014;17:31:00;335;com vítima;501;BR-381/MG;Sul;Outros - Sequência;1;1;2;;;;1
15/05/2014;13:51:00;246;com vítima;526;BR-381/MG;Sul;Tombamento;1;0;1;;;;1
15/05/2014;22:39:00;431;sem vítima;594;BR-381/MG;Sul;Atropelamento de Animal;1;1;;;;;1
15/05/2014;06:30:00;79;sem vítima;702,3;BR-381/MG;Norte;Colisão Lateral;2;2;;;;;1
15/05/2014;22:54:00;437;com vítima;796;BR-381/MG;Norte;Colisão Traseira;2;1;;1;1;;2
16/05/2014;03:57:00;62;sem vítima;55,382;BR-381/SP;Sul;Colisão Traseira;2;3;;;;;1
16/05/2014;11:23:00;217;sem vítima;65,1;BR-381/SP;Norte;Colisão Traseira;1;2;;;;;1
16/05/2014;19:15:00;430;com vítima;73,3;BR-381/SP;Norte;Tombamento;1;0;1;;;;1
16/05/2014;17:31:00;389;com vítima;480;BR-381/MG;Norte;Engavetamento;1;2;1;;;;1
16/05/2014;14:10:00;296;sem vítima;525;BR-381/MG;Sul;Colisão Traseira;1;2;;;;;1
16/05/2014;14:52:00;317;sem vítima;652,6;BR-381/MG;Sul;Colisão Traseira;1;2;;;;;1
16/05/2014;05:38:00;76;sem vítima;661;BR-381/MG;Sul;Tombamento;1;1;;;;;1
16/05/2014;18:37:00;417;sem vítima;693;BR-381/MG;Norte;Tombamento;1;1;;;;;1
16/05/2014;17:22:00;388;sem vítima;723,7;BR-381/MG;Sul;Outros - Sequência;1;1;;;;;1
16/05/2014;00:40:00;37;sem vítima;889;BR-381/MG;Sul;Outros - Sequência;1;3;;;;;1
16/05/2014;22:34:00;484;com vítima;919;BR-381/MG;Norte;Colisão Traseira;1;1;1;;;;1
16/05/2014;08:56:00;148;com vítima;921,5;BR-381/MG;Sul;Tombamento;1;0;1;;;;1
17/05/2014;08:27:00;109;sem vítima;490,7;BR-381/MG;Sul;Colisão Lateral;1;2;;;;;1
17/05/2014;21:45:00;405;sem vítima;557,7;BR-381/MG;Sul;Saida de Pista;1;1;;;;;1
17/05/2014;15:52:00;279;sem vítima;907;BR-381/MG;Sul;Colisão Lateral;1;6;;;;;1
18/05/2014;15:59:00;256;sem vítima;539,5;BR-381/MG;Norte;Colisão Traseira;1;2;;;;;1
18/05/2014;17:18:00;308;com vítima;558;BR-381/MG;Sul;Colisão Traseira;1;1;;1;;;2
18/05/2014;08:41:00;105;com vítima;620,8;BR-381/MG;Norte;Tombamento;1;0;1;;;;1
18/05/2014;06:19:00;60;sem vítima;655;BR-381/MG;Norte;Tombamento;1;2;;;;;1
18/05/2014;23:51:00;423;sem vítima;794;BR-381/MG;Norte;Colisão Traseira;1;5;;;;;1
19/05/2014;10:20:00;191;sem vítima;7,57;BR-381/SP;Sul;Colisão Traseira;1;6;;;;;1
19/05/2014;07:02:00;77;sem vítima;478;BR-381/MG;Norte;Colisão Traseira;1;2;;;;;1
19/05/2014;10:22:00;192;com vítima;668;BR-381/MG;Norte;Outros - Sequência;1;2;5;;;;1
20/05/2014;18:03:00;423;sem vítima;9;BR-381/SP;Norte;Colisão Traseira;2;2;;;;;1
20/05/2014;15:17:00;336;sem vítima;487,7;BR-381/MG;Norte;Colisão Lateral;1;2;;;;;1
20/05/2014;20:42:00;474;sem vítima;503,3;BR-381/MG;Sul;Colisão Lateral;1;2;;;;;1
20/05/2014;06:42:00;66;sem vítima;527;BR-381/MG;Norte;Colisão Traseira;1;2;;;;;1
20/05/2014;05:10:00;48;com vítima;720,8;BR-381/MG;Norte;Tombamento;1;0;1;;;;1
20/05/2014;00:22:00;21;com vítima;773,5;BR-381/MG;Norte;Outros - Sequência;2;1;;;1;;2
20/05/2014;18:52:00;446;sem vítima;934;BR-381/MG;Sul;Colisão Traseira;1;2;;;;;1