data;horario;n_da_ocorrencia;tipo_de_ocorrencia;km;trecho;sentido;tipo_de_acidente;caminhao;ilesos;levemente_feridos;moderadamente_feridos;gravemente_feridos;mortos;3
21/05/2014;07:40:00;120;sem vítima;7,5;BR-381/SP;Norte;Colisão Traseira;1;2;;;;;1
21/05/2014;06:57:00;94;sem vítima;478,3;BR-381/MG;Norte;Colisão Traseira;1;2;;;;;1
21/05/2014;15:28:00;329;sem vítima;491,9;BR-381/MG;Sul;Colisão Traseira;2;2;;;;;1
21/05/2014;11:45:00;248;sem vítima;494,7;BR-381/MG;Sul;Colisão Lateral;1;2;;;;;1
21/05/2014;00:31:00;24;sem vítima;496,1;BR-381/MG;Norte;Colisão Lateral;2;2;;;;;1
22/05/2014;23:34:00;490;com vítima;14,5;BR-381/SP;Norte;Tombamento;1;0;1;;;;1
22/05/2014;18:45:00;403;sem vítima;67,7;BR-381/SP;Sul;Choque - Defensa, barreira ou "submarino";1;1;;;;;1
22/05/2014;06:13:00;80;com vítima;485,8;BR-381/MG;Norte;Colisão Traseira;1;2;1;;;;1
22/05/2014;08:05:00;121;com vítima;497;BR-381/MG;Sul;Colisão Lateral;1;2;1;;;;1
22/05/2014;09:28:00;156;sem vítima;502,5;BR-381/MG;Norte;Colisão Lateral;1;2;;;;;1
22/05/2014;05:07:00;75;sem vítima;555;BR-381/MG;Norte;Outros - Sequência;1;1;;;;;1
22/05/2014;20:04:00;433;sem vítima;906;BR-381/MG;Norte;Choque - Defensa, barreira ou "submarino";1;1;;;;;1
23/05/2014;04:48:00;74;sem vítima;0,8;BR-381/SP;Norte;Saida de Pista;1;1;;;;;1
23/05/2014;08:21:00;151;sem vítima;478,2;BR-381/MG;Norte;Colisão Traseira;1;2;;;;;1
23/05/2014;09:41:00;190;sem vítima;480;BR-381/MG;Norte;Colisão Traseira;1;2;;;;;1
23/05/2014;18:42:00;394;com vítima;484;BR-381/MG;Norte;Colisão Traseira;1;2;1;;;;1
23/05/2014;06:36:00;95;sem vítima;502,4;BR-381/MG;Norte;Colisão Lateral;1;2;;;;;1
23/05/2014;20:47:00;440;sem vítima;522;BR-381/MG;Norte;Colisão Traseira;1;2;;;;;1
23/05/2014;22:58:00;471;sem vítima;657;BR-381/MG;Norte;Colisão Lateral;2;2;;;;;1
23/05/2014;09:10:00;175;com vítima;853,9;BR-381/MG;Norte;Colisão Traseira;2;0;1;1;;;2
23/05/2014;10:33:00;210;sem vítima;937;BR-381/MG;Sul;Colisão Lateral;1;2;;;;;1
23/05/2014;22:23:00;464;sem vítima;941,3;BR-381/MG;Norte;Engavetamento;1;11;;;;;1
24/05/2014;13:14:00;251;sem vítima;485,9;BR-381/MG;Sul;Choque - Defensa, barreira ou "submarino";1;1;;;;;1
24/05/2014;09:30:00;163;com vítima;498,3;BR-381/MG;Norte;Queda de Moto;1;1;1;1;;;2
24/05/2014;14:54:00;286;com vítima;765;BR-381/MG;Norte;Tombamento;1;0;1;;;;1
24/05/2014;15:10:00;294;sem vítima;765;BR-381/MG;Sul;Saida de Pista;1;1;;;;;1
24/05/2014;07:49:00;129;com vítima;886;BR-381/MG;Norte;Outros - Sequência;1;2;2;1;1;;2
25/05/2014;16:54:00;319;sem vítima;521;BR-381/MG;Sul;Saida de Pista;1;1;;;;;1
25/05/2014;21:39:00;439;sem vítima;929;BR-381/MG;Sul;Colisão Lateral;1;2;;;;;1
26/05/2014;09:41:00;189;sem vítima;86,1;BR-381/SP;Sul;Engavetamento;1;3;;;;;1
26/05/2014;20:01:00;456;com vítima;486;BR-381/MG;Norte;Outros - Sequência;1;2;1;;1;;2
26/05/2014;12:23:00;274;com vítima;494;BR-381/MG;Norte;Colisão Traseira;1;1;1;;;;1
26/05/2014;10:31:00;227;sem vítima;544,3;BR-381/MG;Norte;Outros - Sequência;1;1;;;;;1
26/05/2014;09:57:00;204;sem vítima;621;BR-381/MG;Norte;Tombamento;1;1;;;;;1
26/05/2014;18:49:00;437;com vítima;876,5;BR-381/MG;Norte;Outros - Sequência;1;0;2;;;;1
26/05/2014;09:07:00;158;sem vítima;929,8;BR-381/MG;Sul;Colisão Traseira;1;2;;;;;1
26/05/2014;22:58:00;500;com vítima;930,4;BR-381/MG;Norte;Outros - Sequência;1;1;10;2;3;;2
26/05/2014;07:36:00;108;sem vítima;941;BR-381/MG;Sul;Outros - Sequência;1;2;;;;;1
26/05/2014;08:08:00;123;sem vítima;941;BR-381/MG;Sul;Colisão Lateral;2;3;;;;;1
27/05/2014;06:21:00;63;sem vítima;40;BR-381/SP;Sul;Outros - Sequência;1;7;;;;;1
27/05/2014;12:34:00;230;sem vítima;86,2;BR-381/SP;Sul;Engavetamento;1;3;;;;;1
27/05/2014;14:34:00;280;com vítima;489;BR-381/MG;Norte;Colisão Traseira;1;1;1;;;;1
27/05/2014;21:30:00;423;com vítima;495,5;BR-381/MG;Norte;Engavetamento;1;3;1;;;;1
27/05/2014;16:29:00;317;sem vítima;496;BR-381/MG;Sul;Colisão Traseira;1;2;;;;;1
27/05/2014;15:05:00;291;sem vítima;524,8;BR-381/MG;Norte;Colisão Traseira;1;2;;;;;1
27/05/2014;15:33:00;302;sem vítima;586;BR-381/MG;Sul;Colisão Frontal;1;2;;;;;1
28/05/2014;16:29:00;313;sem vítima;711;BR-381/MG;Norte;Outros - Sequência;1;3;;;;;1
29/05/2014;20:15:00;470;sem vítima;89;BR-381/SP;Sul;Colisão Traseira;1;2;;;;;1
29/05/2014;08:54:00;141;com vítima;565,4;BR-381/MG;Norte;Outros - Sequência;1;1;1;;;;1
29/05/2014;22:05:00;506;com vítima;671;BR-381/MG;Norte;Tombamento;1;0;1;;;;1
29/05/2014;15:30:00;341;com vítima;739,1;BR-381/MG;Sul;Choque - Talude;1;0;;1;;;2
29/05/2014;12:10:00;260;sem vítima;802;BR-381/MG;Norte;Outros;1;1;;;;;1
29/05/2014;14:08:00;299;com vítima;868,25;BR-381/MG;Norte;Tombamento;2;1;1;;;;1
29/05/2014;15:16:00;328;sem vítima;919,4;BR-381/MG;Sul;Colisão Lateral;1;24;;;;;1
30/05/2014;16:52:00;372;sem vítima;486,8;BR-381/MG;Norte;Engavetamento;2;4;;;;;1
30/05/2014;22:11:00;473;sem vítima;490;BR-381/MG;Sul;Choque - Defensa, barreira ou "submarino";1;1;;;;;1
30/05/2014;01:32:00;39;com vítima;628,6;BR-381/MG;Norte;Colisão Traseira;2;1;;2;;;2
30/05/2014;05:43:00;69;sem vítima;801,1;BR-381/MG;Sul;Outros - Sequência;1;3;;;;;1
30/05/2014;16:33:00;364;com vítima;840,5;BR-381/MG;Norte;Engavetamento;2;3;1;;;;1
31/05/2014;21:40:00;378;com vítima;494;BR-381/MG;Norte;Outros - Sequência;1;3;1;;;;1
31/05/2014;22:06:00;387;sem vítima;494;BR-381/MG;Norte;Colisão Traseira;1;2;;;;;1
31/05/2014;07:45:00;112;sem vítima;512;BR-381/MG;Sul;Colisão Lateral;1;2;;;;;1
31/05/2014;10:07:00;178;sem vítima;563;BR-381/MG;Norte;Colisão Traseira;1;2;;;;;1
31/05/2014;06:32:00;83;com vítima;674,4;BR-381/MG;Norte;Tombamento;1;0;;1;;;2
31/05/2014;04:11:00;74;sem vítima;682,8;BR-381/MG;Norte;Colisão Traseira;2;2;;;;;1
31/05/2014;16:19:00;296;sem vítima;738,5;BR-381/MG;Norte;Outros - Sequência;1;2;;;;;1
31/05/2014;14:54:00;262;sem vítima;839;BR-381/MG;Norte;Colisão Lateral;1;2;;;;;1
31/05/2014;07:10:00;95;com vítima;940,7;BR-381/MG;Norte;Tombamento;1;0;1;;;;1
01/06/2014;15:46:00;253;com vítima;73;BR-381/SP;Norte;Tombamento;1;0;1;;;;1
01/06/2014;14:53:00;227;sem vítima;482,1;BR-381/MG;Sul;Tombamento;1;1;;;;;1
01/06/2014;07:42:00;83;com vítima;502;BR-381/MG;Norte;Engavetamento;1;0;4;;;;1
01/06/2014;14:37:00;217;sem vítima;615,7;BR-381/MG;Sul;Outros - Sequência;1;3;;;;;1
02/06/2014;20:55:00;449;com vítima;47,2;BR-381/SP;Sul;Colisão Traseira;2;1;;1;;;2
02/06/2014;20:55:00;448;sem vítima;55;BR-381/SP;Sul;Colisão Lateral;2;2;;;;;1
02/06/2014;07:07:00;106;sem vítima;58;BR-381/SP;Sul;Colisão Traseira;1;2;;;;;1
02/06/2014;10:22:00;207;sem vítima;480,8;BR-381/MG;Sul;Colisão Traseira;1;2;;;;;1
02/06/2014;09:57:00;195;sem vítima;482,6;BR-381/MG;Sul;Colisão Traseira;1;2;;;;;1
02/06/2014;09:20:00;175;sem vítima;483,8;BR-381/MG;Sul;Colisão Lateral;1;2;;;;;1
02/06/2014;10:16:00;202;sem vítima;491,3;BR-381/MG;Sul;Colisão Traseira;1;2;;;;;1
02/06/2014;15:05:00;313;sem vítima;495;BR-381/MG;Norte;Colisão Traseira;1;2;;;;;1
02/06/2014;08:15:00;143;com vítima;510;BR-381/MG;Norte;Colisão Traseira;1;1;;1;;;2
02/06/2014;09:44:00;189;sem vítima;514;BR-381/MG;Norte;Choque - Elemento de Drenagem;1;1;;;;;1
02/06/2014;04:42:00;58;com vítima;543;BR-381/MG;Norte;Colisão Traseira;1;1;1;;;;1
02/06/2014;13:48:00;288;sem vítima;567,4;BR-381/MG;Norte;Saida de Pista;1;1;;;;;1
02/06/2014;14:08:00;293;sem vítima;702,8;BR-381/MG;Sul;Capotamento;1;2;;;;;1
02/06/2014;18:38:00;412;com vítima;763;BR-381/MG;Sul;Colisão Lateral;1;2;1;;;;1
03/06/2014;06:00:00;76;com vítima;70,2;BR-381/SP;Sul;Colisão Traseira;1;2;1;;;;1
03/06/2014;22:34:00;478;sem vítima;622,2;BR-381/MG;Sul;Outros - Sequência;1;1;;;;;1
03/06/2014;22:09:00;473;sem vítima;649,3;BR-381/MG;Sul;Colisão Traseira;1;3;;;;;1
03/06/2014;02:32:00;49;sem vítima;684,3;BR-381/MG;Norte;Choque - Defensa, barreira ou "submarino";1;1;;;;;1
03/06/2014;22:12:00;474;sem vítima;913;BR-381/MG;Sul;Atropelamento de Animal;1;1;;;;;1
04/06/2014;06:57:00;91;com vítima;32;BR-381/SP;Sul;Choque - Defensa, barreira ou "submarino";1;1;1;;;;1
04/06/2014;18:14:00;356;com vítima;37;BR-381/SP;Sul;Colisão Traseira;1;1;;1;;;2
04/06/2014;11:40:00;226;sem vítima;39;BR-381/SP;Sul;Outros - Sequência;4;4;;;;;1
04/06/2014;13:55:00;271;sem vítima;39;BR-381/SP;Norte;Colisão Traseira;2;2;;;;;1
04/06/2014;11:09:00;216;sem vítima;41;BR-381/SP;Sul;Outros - Sequência;1;2;;;;;1
04/06/2014;19:06:00;371;sem vítima;87,5;BR-381/SP;Sul;Colisão Traseira;1;3;;;;;1
04/06/2014;09:31:00;167;sem vítima;478;BR-381/MG;Norte;Engavetamento;2;3;;;;;1
04/06/2014;07:27:00;108;sem vítima;612;BR-381/MG;Sul;Colisão Lateral;1;2;;;;;1
04/06/2014;02:25:00;46;sem vítima;677;BR-381/MG;Norte;Tombamento;1;1;;;;;1
04/06/2014;04:13:00;58;sem vítima;684,3;BR-381/MG;Norte;Saida de Pista;1;1;;;;;1
04/06/2014;20:19:00;387;com vítima;722;BR-381/MG;Sul;Tombamento;1;0;1;;;;1
04/06/2014;17:07:00;343;sem vítima;839,8;BR-381/MG;Norte;Tombamento;1;1;;;;;1
04/06/2014;23:14:00;429;sem vítima;845;BR-381/MG;Norte;Choque - Defensa, barreira ou "submarino";1;1;;;;;1
05/06/2014;07:42:00;141;sem vítima;12,8;BR-381/SP;Sul;Colisão Traseira;1;2;;;;;1
05/06/2014;14:40:00;317;com vítima;75;BR-381/SP;Norte;Tombamento;1;0;1;;;;1
05/06/2014;07:23:00;130;sem vítima;481,7;BR-381/MG;Sul;Colisão Traseira;1;2;;;;;1
05/06/2014;08:10:00;154;sem vítima;488,6;BR-381/MG;Sul;Engavetamento;2;2;;;;;1
05/06/2014;12:34:00;272;com vítima;492,5;BR-381/MG;Norte;Colisão Lateral;1;1;1;;;;1
05/06/2014;03:13:00;60;sem vítima;493,3;BR-381/MG;Sul;Colisão Lateral;1;2;;;;;1
05/06/2014;06:29:00;97;com vítima;637,2;BR-381/MG;Norte;Outros - Sequência;1;0;1;;;;1
05/06/2014;04:47:00;72;com vítima;721;BR-381/MG;Norte;Tombamento;1;0;;1;;;2
05/06/2014;14:28:00;310;sem vítima;795;BR-381/MG;Norte;Colisão Lateral;1;2;;;;;1
05/06/2014;20:58:00;481;sem vítima;795;BR-381/MG;Norte;Colisão Traseira;2;2;;;;;1
06/06/2014;04:15:00;67;com vítima;13;BR-381/SP;Sul;Colisão Traseira;2;1;1;;;;1
06/06/2014;15:25:00;305;sem vítima;75;BR-381/SP;Norte;Outros;1;1;;;;;1
06/06/2014;16:32:00;348;sem vítima;490,4;BR-381/MG;Norte;Colisão Traseira;2;2;;;;;1
06/06/2014;06:16:00;79;com vítima;561,1;BR-381/MG;Sul;Tombamento;1;0;1;;;;1
06/06/2014;07:10:00;96;sem vítima;723,5;BR-381/MG;Sul;Colisão Lateral;2;2;;;;;1
06/06/2014;04:12:00;66;com vítima;765,8;BR-381/MG;Sul;Colisão Traseira;2;0;1;1;;;2
07/06/2014;17:15:00;366;sem vítima;65,3;BR-381/SP;Norte;Colisão Lateral;1;2;;;;;1
07/06/2014;00:38:00;31;sem vítima;87,6;BR-381/SP;Sul;Choque - Poste;1;1;;;;;1
07/06/2014;07:56:00;127;com vítima;589;BR-381/MG;Norte;Colisão Traseira;1;1;1;;;;1
07/06/2014;12:57:00;257;sem vítima;737,2;BR-381/MG;Sul;Colisão Lateral;1;2;;;;;1
07/06/2014;11:37:00;217;com vítima;737,5;BR-381/MG;Sul;Tombamento;1;0;1;;;;1
07/06/2014;01:38:00;47;sem vítima;764;BR-381/MG;Norte;Choque - Talude;1;1;;;;;1
07/06/2014;18:18:00;388;com vítima;872,3;BR-381/MG;Sul;Tombamento;1;0;;1;;;2
07/06/2014;05:41:00;85;com vítima;936,3;BR-381/MG;Sul;Tombamento;1;0;1;;;;1
08/06/2014;16:22:00;295;sem vítima;677;BR-381/MG;Norte;Tombamento;1;1;;;;;1
09/06/2014;12:20:00;221;com vítima;486,5;BR-381/MG;Sul;Outros - Sequência;1;1;1;;;;1
09/06/2014;08:11:00;126;sem vítima;488,7;BR-381/MG;Sul;Colisão Traseira;1;2;;;;;1
09/06/2014;23:49:00;505;sem vítima;715,5;BR-381/MG;Norte;Outros - Sequência;1;2;;;;;1
09/06/2014;00:23:00;29;sem vítima;753;BR-381/MG;Norte;Colisão Lateral;1;2;;;;;1
09/06/2014;09:38:00;168;com vítima;889;BR-381/MG;Sul;Tombamento;1;0;1;;;;1
10/06/2014;08:47:00;147;sem vítima;58;BR-381/SP;Sul;Colisão Traseira;1;2;;;;;1
10/06/2014;06:50:00;93;sem vítima;488;BR-381/MG;Norte;Colisão Traseira;1;2;;;;;1
10/06/2014;06:57:00;95;com vítima;529,7;BR-381/MG;Norte;Outros - Sequência;1;0;;;;1;3
10/06/2014;09:01:00;153;sem vítima;532;BR-381/MG;Norte;Tombamento;1;1;;;;;1
10/06/2014;08:39:00;136;sem vítima;663;BR-381/MG;Norte;Colisão Lateral;2;2;;;;;1
10/06/2014;07:12:00;105;com vítima;721;BR-381/MG;Norte;Tombamento;1;0;;;;1;3
10/06/2014;21:27:00;444;sem vítima;760,5;BR-381/MG;Norte;Colisão Traseira;2;2;;;;;1
10/06/2014;23:26:00;477;sem vítima;881;BR-381/MG;Norte;Colisão Traseira;2;2;;;;;1
11/06/2014;09:22:00;173;sem vítima;10;BR-381/SP;Norte;Tombamento;1;1;;;;;1
11/06/2014;15:53:00;327;sem vítima;480;BR-381/MG;Sul;Colisão Lateral;1;2;;;;;1
11/06/2014;08:30:00;154;com vítima;549,8;BR-381/MG;Norte;Outros - Sequência;1;1;2;;;2;3
11/06/2014;12:38:00;244;sem vítima;563;BR-381/MG;Norte;Colisão Lateral;1;2;;;;;1
11/06/2014;21:08:00;462;com vítima;726,1;BR-381/MG;Norte;Colisão Traseira;1;1;1;;;;1
11/06/2014;07:16:00;118;com vítima;750;BR-381/MG;Sul;Tombamento;1;0;1;;;;1
11/06/2014;14:20:00;278;sem vítima;836,5;BR-381/MG;Norte;Colisão Traseira;1;3;;;;;1
11/06/2014;16:58:00;362;sem vítima;853,8;BR-381/MG;Norte;Engavetamento;1;3;;;;;1
11/06/2014;09:46:00;182;sem vítima;936;BR-381/MG;Norte;Colisão Traseira;2;2;;;;;1
12/06/2014;11:33:00;256;sem vítima;495,8;BR-381/MG;Sul;Colisão Lateral;1;2;;;;;1
12/06/2014;14:43:00;328;sem vítima;506,5;BR-381/MG;Sul;Outros - Sequência;1;2;;;;;1
12/06/2014;13:15:00;297;sem vítima;542,8;BR-381/MG;Norte;Tombamento;1;2;;;;;1
12/06/2014;12:01:00;267;sem vítima;707,5;BR-381/MG;Sul;Outros - Sequência;1;1;;;;;1
12/06/2014;09:49:00;204;com vítima;872,8;BR-381/MG;Norte;Outros - Sequência;1;2;2;;;;1
13/06/2014;07:08:00;82;sem vítima;580,9;BR-381/MG;Norte;Outros - Sequência;1;2;;;;;1
13/06/2014;11:44:00;194;com vítima;638;BR-381/MG;Norte;Outros - Sequência;1;0;1;;;;1
13/06/2014;06:30:00;60;sem vítima;900,4;BR-381/MG;Norte;Colisão Traseira;1;2;;;;;1
13/06/2014;07:41:00;95;sem vítima;921,3;BR-381/MG;Sul;Tombamento;1;1;;;;;1
14/06/2014;12:09:00;230;sem vítima;492;BR-381/MG;Sul;Colisão Traseira;1;2;;;;;1
14/06/2014;23:14:00;480;sem vítima;511,8;BR-381/MG;Sul;Outros - Sequência;1;3;;;;;1
15/06/2014;07:34:00;111;sem vítima;77;BR-381/SP;Norte;Colisão Traseira;1;2;;;;;1
15/06/2014;15:50:00;314;sem vítima;493,5;BR-381/MG;Norte;Choque - Defensa, barreira ou "submarino";1;1;;;;;1
15/06/2014;09:49:00;167;sem vítima;597;BR-381/MG;Norte;Colisão Lateral;1;2;;;;;1
15/06/2014;19:30:00;414;com vítima;605;BR-381/MG;Sul;Tombamento;1;0;1;;;;1
15/06/2014;12:41:00;234;sem vítima;667;BR-381/MG;Sul;Colisão Traseira;1;2;;;;;1
16/06/2014;22:03:00;482;sem vítima;479,7;BR-381/MG;Sul;Tombamento;1;1;;;;;1
16/06/2014;21:31:00;477;sem vítima;576,2;BR-381/MG;Sul;Choque - Elemento de Drenagem;1;1;;;;;1
16/06/2014;15:01:00;317;sem vítima;605;BR-381/MG;Sul;Colisão Traseira;1;2;;;;;1
16/06/2014;11:06:00;221;com vítima;627,8;BR-381/MG;Norte;Tombamento;1;0;;2;;;2
16/06/2014;23:33:00;506;sem vítima;724,6;BR-381/MG;Sul;Colisão Traseira;2;2;;;;;1
16/06/2014;06:12:00;71;sem vítima;733;BR-381/MG;Sul;Outros - Sequência;1;1;;;;;1
16/06/2014;17:05:00;373;sem vítima;735;BR-381/MG;Sul;Colisão Traseira;1;2;;;;;1
16/06/2014;22:36:00;489;sem vítima;763;BR-381/MG;Sul;Saida de Pista;1;1;;;;;1
16/06/2014;09:44:00;178;sem vítima;825,3;BR-381/MG;Sul;Colisão Traseira;2;2;;;;;1
17/06/2014;22:57:00;438;com vítima;68,5;BR-381/SP;Sul;Colisão Frontal;1;1;1;;;;1
17/06/2014;15:15:00;294;sem vítima;517;BR-381/MG;Sul;Outros - Sequência;2;3;;;;;1
17/06/2014;06:05:00;85;sem vítima;567,9;BR-381/MG;Norte;Choque - Talude;1;1;;;;;1
17/06/2014;09:28:00;178;sem vítima;587;BR-381/MG;Norte;Outros - Sequência;2;2;;;;;1
17/06/2014;00:35:00;35;com vítima;620;BR-381/MG;Norte;Colisão Traseira;1;1;1;;;;1
18/06/2014;12:11:00;236;sem vítima;3,3;BR-381/SP;Norte;Engavetamento;2;7;;;;;1
18/06/2014;01:06:00;33;sem vítima;30;BR-381/SP;Sul;Colisão Traseira;2;2;;;;;1
18/06/2014;10:03:00;176;sem vítima;57,5;BR-381/SP;Sul;Choque - Defensa, barreira ou "submarino";1;1;;;;;1
18/06/2014;13:16:00;257;com vítima;495;BR-381/MG;Sul;Outros - Sequência;1;1;1;;;;1
18/06/2014;01:08:00;34;com vítima;579,1;BR-381/MG;Sul;Outros - Sequência;1;0;1;;;;1
18/06/2014;09:48:00;169;sem vítima;622;BR-381/MG;Sul;Outros - Sequência;1;1;;;;;1
19/06/2014;17:33:00;396;sem vítima;491,6;BR-381/MG;Sul;Colisão Traseira;1;2;;;;;1
19/06/2014;09:12:00;176;sem vítima;493;BR-381/MG;Sul;Outros - Sequência;2;2;;;;;1
19/06/2014;15:55:00;351;sem vítima;535;BR-381/MG;Sul;Colisão Traseira;1;2;;;;;1
20/06/2014;05:04:00;59;com vítima;495;BR-381/MG;Sul;Colisão Traseira;2;1;1;;;;1
20/06/2014;22:52:00;466;com vítima;525,1;BR-381/MG;Sul;Outros - Sequência;1;0;;1;;;2
20/06/2014;15:14:00;306;sem vítima;563,6;BR-381/MG;Norte;Outros - Sequência;1;1;;;;;1
21/06/2014;05:09:00;71;com vítima;491,5;BR-381/MG;Norte;Colisão Traseira;1;1;;1;;;2
21/06/2014;23:25:00;401;com vítima;526;BR-381/MG;Sul;Tombamento;1;0;2;;;;1
21/06/2014;07:00:00;98;sem vítima;546;BR-381/MG;Norte;Colisão Lateral;2;2;;;;;1
22/06/2014;09:23:00;123;sem vítima;714,5;BR-381/MG;Norte;Outros - Sequência;1;2;;;;;1
23/06/2014;04:42:00;64;sem vítima;60,2;BR-381/SP;Sul;Outros - Sequência;1;1;;;;;1
23/06/2014;12:18:00;205;sem vítima;86;BR-381/SP;Norte;Colisão Traseira;1;2;;;;;1
23/06/2014;07:41:00;99;sem vítima;500,5;BR-381/MG;Norte;Choque - Defensa, barreira ou "submarino";1;2;;;;;1
23/06/2014;16:21:00;321;sem vítima;708,1;BR-381/MG;Norte;Colisão Traseira;1;2;;;;;1
24/06/2014;08:45:00;134;sem vítima;65,5;BR-381/SP;Norte;Choque - Cancela de Pedagio;1;1;;;;;1
24/06/2014;06:53:00;82;sem vítima;80,3;BR-381/SP;Norte;Colisão Traseira;1;2;;;;;1
24/06/2014;22:55:00;431;com vítima;526;BR-381/MG;Sul;Tombamento;1;0;1;;;;1
24/06/2014;05:10:00;59;com vítima;560,5;BR-381/MG;Norte;Choque - Talude;1;0;1;;;;1
24/06/2014;20:15:00;396;com vítima;564;BR-381/MG;Norte;Outros - Sequência;1;0;1;;;;1
24/06/2014;17:51:00;357;sem vítima;607;BR-381/MG;Norte;Outros - Sequência;1;1;;;;;1
24/06/2014;05:42:00;65;sem vítima;657;BR-381/MG;Norte;Colisão Traseira;1;2;;;;;1
25/06/2014;19:15:00;400;com vítima;47,399;BR-381/SP;Norte;Colisão Traseira;1;1;2;;;;1
25/06/2014;10:12:00;181;sem vítima;518;BR-381/MG;Sul;Colisão Traseira;2;2;;;;;1
25/06/2014;11:08:00;208;sem vítima;706,5;BR-381/MG;Sul;Colisão Traseira;2;2;;;;;1
25/06/2014;14:51:00;292;com vítima;746;BR-381/MG;Sul;Saida de Pista;1;2;1;;;;1
25/06/2014;11:24:00;219;sem vítima;914,9;BR-381/MG;Sul;Colisão Lateral;1;2;;;;;1
26/06/2014;03:07:00;53;com vítima;22,3;BR-381/SP;Norte;Saida de Pista;1;1;1;;;;1
26/06/2014;17:54:00;359;sem vítima;65;BR-381/SP;Norte;Colisão Traseira;1;2;;;;;1
26/06/2014;16:23:00;312;sem vítima;664,7;BR-381/MG;Norte;Colisão Lateral;2;2;;;;;1
26/06/2014;22:59:00;426;sem vítima;761,8;BR-381/MG;Norte;Colisão Traseira;2;2;;;;;1
26/06/2014;12:17:00;222;sem vítima;817;BR-381/MG;Sul;Colisão Lateral;1;2;;;;;1
26/06/2014;17:39:00;348;sem vítima;849;BR-381/MG;Norte;Saida de Pista;1;1;;;;;1
26/06/2014;04:30:00;64;com vítima;867,5;BR-381/MG;Sul;Outros - Sequência;2;0;;2;;;2
26/06/2014;12:37:00;231;com vítima;908,2;BR-381/MG;Sul;Outros - Sequência;1;1;1;;;;1
27/06/2014;13:55:00;282;com vítima;88,7;BR-381/SP;Sul;Outros - Sequência;1;1;2;;;;1
27/06/2014;09:11:00;149;sem vítima;481,2;BR-381/MG;Sul;Choque - Defensa, barreira ou "submarino";1;1;;;;;1
27/06/2014;16:45:00;373;com vítima;486,5;BR-381/MG;Norte;Queda de Moto;1;1;;;1;;2
27/06/2014;17:33:00;391;sem vítima;494;BR-381/MG;Sul;Saida de Pista;1;1;;;;;1
27/06/2014;18:44:00;435;com vítima;512;BR-381/MG;Norte;Colisão Traseira;1;1;1;;;;1
27/06/2014;16:20:00;360;sem vítima;516;BR-381/MG;Norte;Outros - Sequência;1;1;;;;;1
27/06/2014;06:20:00;74;com vítima;556,5;BR-381/MG;Norte;Outros - Sequência;2;1;2;;;;1
27/06/2014;04:23:00;56;sem vítima;722,5;BR-381/MG;Norte;Choque - Defensa, barreira ou "submarino";1;1;;;;;1
27/06/2014;06:13:00;70;sem vítima;735,5;BR-381/MG;Norte;Outros;2;2;;;;;1
27/06/2014;00:56:00;31;sem vítima;921;BR-381/MG;Sul;Outros - Sequência;2;3;;;;;1
28/06/2014;11:04:00;233;sem vítima;89,5;BR-381/SP;Sul;Colisão Traseira;1;2;;;;;1
28/06/2014;06:48:00;95;com vítima;485,3;BR-381/MG;Sul;Colisão Traseira;1;1;2;;;;1
30/06/2014;06:39:00;87;sem vítima;70,7;BR-381/SP;Norte;Choque - Talude;1;1;;;;;1
30/06/2014;12:36:00;255;com vítima;78,5;BR-381/SP;Norte;Tombamento;1;0;1;;;;1
30/06/2014;13:01:00;265;sem vítima;78,9;BR-381/SP;Norte;Colisão Lateral;1;3;;;;;1
30/06/2014;18:39:00;426;sem vítima;484,6;BR-381/MG;Sul;Colisão Traseira;1;2;;;;;1
30/06/2014;06:20:00;80;sem vítima;492;BR-381/MG;Norte;Colisão Traseira;1;2;;;;;1
30/06/2014;18:58:00;432;sem vítima;501;BR-381/MG;Sul;Colisão Lateral;1;2;;;;;1
30/06/2014;04:10:00;58;com vítima;621;BR-381/MG;Sul;Outros - Sequência;1;0;7;;;;1
30/06/2014;14:31:00;296;sem vítima;687,7;BR-381/MG;Sul;Colisão Traseira;1;2;;;;;1
30/06/2014;12:47:00;260;sem vítima;729;BR-381/MG;Sul;Colisão Lateral;1;5;;;;;1
30/06/2014;04:46:00;61;sem vítima;776,2;BR-381/MG;Norte;Colisão Traseira;1;2;;;;;1
01/07/2014;15:46:00;319;sem vítima;485;BR-381/MG;Sul;Colisão Lateral;1;2;;;;;1
01/07/2014;09:54:00;184;com vítima;488,5;BR-381/MG;Sul;Outros - Sequência;1;1;1;;;;1
01/07/2014;22:16:00;475;sem vítima;527;BR-381/MG;Sul;Tombamento;1;1;;;;;1
01/07/2014;18:08:00;389;sem vítima;559,1;BR-381/MG;Sul;Colisão Traseira;2;2;;;;;1
01/07/2014;01:59:00;40;com vítima;620;BR-381/MG;Sul;Outros - Sequência;1;0;1;;;;1
01/07/2014;23:17:00;496;com vítima;688;BR-381/MG;Norte;Tombamento;1;0;;;;2;3
01/07/2014;04:45:00;65;sem vítima;744,5;BR-381/MG;Sul;Saida de Pista;1;1;;;;;1
01/07/2014;05:30:00;71;sem vítima;751;BR-381/MG;Norte;Choque - Elemento de Drenagem;1;1;;;;;1
01/07/2014;10:54:00;198;sem vítima;791;BR-381/MG;Sul;Colisão Traseira;1;2;;;;;1
01/07/2014;21:50:00;464;sem vítima;793,8;BR-381/MG;Sul;Saida de Pista;1;1;;;;;1
01/07/2014;03:34:00;57;sem vítima;852;BR-381/MG;Sul;Colisão Traseira;2;2;;;;;1
02/07/2014;17:49:00;439;sem vítima;57,6;BR-381/SP;Sul;Engavetamento;1;3;;;;;1
02/07/2014;12:11:00;245;sem vítima;66,6;BR-381/SP;Sul;Colisão Traseira;1;2;;;;;1