data;horario;n_da_ocorrencia;tipo_de_ocorrencia;km;trecho;sentido;tipo_de_acidente;caminhao;ilesos;levemente_feridos;moderadamente_feridos;gravemente_feridos;mortos;3
02/07/2014;14:02:00;294;sem vítima;491;BR-381/MG;Sul;Colisão Traseira;1;2;;;;;1
02/07/2014;17:26:00;430;sem vítima;491;BR-381/MG;Norte;Colisão Traseira;1;2;;;;;1
02/07/2014;07:26:00;103;sem vítima;597;BR-381/MG;Norte;Outros - Sequência;1;2;;;;;1
02/07/2014;12:07:00;238;sem vítima;854,7;BR-381/MG;Sul;Engavetamento;1;3;;;;;1
03/07/2014;09:31:00;150;sem vítima;25;BR-381/SP;Sul;Tombamento;1;1;;;;;1
03/07/2014;08:32:00;115;sem vítima;66,6;BR-381/SP;Sul;Colisão Traseira;1;2;;;;;1
03/07/2014;21:28:00;492;sem vítima;69,5;BR-381/SP;Norte;Colisão Traseira;2;2;;;;;1
03/07/2014;07:23:00;91;sem vítima;478,3;BR-381/MG;Norte;Colisão Lateral;1;2;;;;;1
03/07/2014;08:56:00;134;sem vítima;518,9;BR-381/MG;Norte;Tombamento;1;1;;;;;1
03/07/2014;22:44:00;515;sem vítima;616,3;BR-381/MG;Norte;Choque - Elemento de Drenagem;1;1;;;;;1
03/07/2014;12:31:00;244;sem vítima;647,6;BR-381/MG;Sul;Colisão Lateral;1;2;;;;;1
03/07/2014;04:04:00;53;sem vítima;681;BR-381/MG;Sul;Outros - Sequência;1;2;;;;;1
03/07/2014;05:01:00;58;sem vítima;797,1;BR-381/MG;Sul;Outros - Sequência;2;2;;;;;1
03/07/2014;10:37:00;191;sem vítima;838;BR-381/MG;Norte;Engavetamento;2;3;;;;;1
03/07/2014;06:37:00;75;com vítima;884,1;BR-381/MG;Sul;Colisão Traseira;1;3;2;;;;1
03/07/2014;05:11:00;59;sem vítima;915,4;BR-381/MG;Sul;Choque - Defensa, barreira ou "submarino";1;2;;;;;1
03/07/2014;20:02:00;462;com vítima;930,9;BR-381/MG;Norte;Colisão Traseira;1;1;2;;;;1
04/07/2014;14:35:00;324;sem vítima;61,8;BR-381/SP;Norte;Colisão Traseira;1;2;;;;;1
04/07/2014;14:21:00;315;sem vítima;484;BR-381/MG;Sul;Colisão Lateral;1;2;;;;;1
04/07/2014;11:39:00;244;sem vítima;484,5;BR-381/MG;Sul;Engavetamento;1;4;;;;;1
04/07/2014;04:29:00;84;sem vítima;778,3;BR-381/MG;Norte;Outros - Sequência;1;1;;;;;1
04/07/2014;02:43:00;64;sem vítima;815;BR-381/MG;Sul;Atropelamento de Animal;1;1;;;;;1
04/07/2014;19:50:00;462;com vítima;821;BR-381/MG;Norte;Colisão Traseira;1;2;1;;;;1
05/07/2014;07:11:00;87;com vítima;493,3;BR-381/MG;Norte;Tombamento;1;0;1;;;;1
05/07/2014;03:44:00;43;com vítima;573;BR-381/MG;Norte;Outros - Sequência;1;1;;2;;;2
05/07/2014;07:44:00;95;sem vítima;678;BR-381/MG;Norte;Colisão Lateral;1;6;;;;;1
05/07/2014;19:37:00;362;sem vítima;825,5;BR-381/MG;Sul;Colisão Traseira;1;2;;;;;1
05/07/2014;13:38:00;226;sem vítima;940,5;BR-381/MG;Norte;Outros - Sequência;1;2;;;;;1
06/07/2014;23:00:00;426;sem vítima;13;BR-381/SP;Sul;Tombamento;1;1;;;;;1
06/07/2014;15:01:00;232;sem vítima;573,5;BR-381/MG;Sul;Outros - Sequência;2;2;;;;;1
06/07/2014;10:30:00;135;sem vítima;596;BR-381/MG;Sul;Colisão Traseira;1;5;;;;;1
07/07/2014;07:47:00;98;sem vítima;481,3;BR-381/MG;Norte;Colisão Traseira;2;2;;;;;1
07/07/2014;17:08:00;367;sem vítima;482,9;BR-381/MG;Sul;Colisão Lateral;1;2;;;;;1
07/07/2014;13:07:00;243;com vítima;502,1;BR-381/MG;Sul;Engavetamento;1;8;2;;;;1
07/07/2014;12:53:00;237;sem vítima;502,3;BR-381/MG;Sul;Choque - Defensa, barreira ou "submarino";1;1;;;;;1
07/07/2014;21:19:00;467;com vítima;525,5;BR-381/MG;Sul;Tombamento;1;0;;1;;1;3
07/07/2014;11:29:00;213;sem vítima;742,5;BR-381/MG;Norte;Saida de Pista;1;5;;;;;1
07/07/2014;21:31:00;474;sem vítima;767;BR-381/MG;Sul;Atropelamento de Animal;2;2;;;;;1
08/07/2014;13:02:00;276;sem vítima;26;BR-381/SP;Norte;Colisão Traseira;1;2;;;;;1
08/07/2014;07:59:00;117;sem vítima;70,8;BR-381/SP;Sul;Choque - Defensa, barreira ou "submarino";1;1;;;;;1
08/07/2014;11:22:00;231;sem vítima;71,5;BR-381/SP;Sul;Tombamento;1;1;;;;;1
08/07/2014;11:00:00;222;sem vítima;76,5;BR-381/SP;Sul;Choque - Talude;1;1;;;;;1
08/07/2014;10:54:00;220;sem vítima;80;BR-381/SP;Sul;Choque - Elemento de Drenagem;1;1;;;;;1
08/07/2014;11:23:00;234;sem vítima;485;BR-381/MG;Norte;Colisão Lateral;1;2;;;;;1
08/07/2014;16:32:00;377;sem vítima;569;BR-381/MG;Sul;Colisão Traseira;2;2;;;;;1
08/07/2014;19:06:00;418;com vítima;741,5;BR-381/MG;Sul;Tombamento;1;0;;;;1;3
08/07/2014;23:19:00;467;sem vítima;760,5;BR-381/MG;Sul;Colisão Traseira;2;2;;;;;1
09/07/2014;11:46:00;198;sem vítima;477,3;BR-381/MG;Norte;Colisão Lateral;1;2;;;;;1
09/07/2014;16:41:00;324;sem vítima;516,8;BR-381/MG;Norte;Colisão Lateral;1;3;;;;;1
09/07/2014;07:24:00;94;sem vítima;635,8;BR-381/MG;Norte;Colisão Traseira;1;2;;;;;1
09/07/2014;16:22:00;310;sem vítima;877;BR-381/MG;Sul;Engavetamento;1;4;;;;;1
09/07/2014;16:40:00;323;sem vítima;924;BR-381/MG;Sul;Outros - Sequência;1;1;;;;;1
10/07/2014;20:21:00;423;sem vítima;544;BR-381/MG;Sul;Colisão Lateral;1;2;;;;;1
10/07/2014;20:12:00;417;sem vítima;708,8;BR-381/MG;Sul;Colisão Traseira;2;2;;;;;1
10/07/2014;17:12:00;355;sem vítima;710,8;BR-381/MG;Norte;Tombamento;1;1;;;;;1
10/07/2014;08:33:00;144;com vítima;727;BR-381/MG;Norte;Capotamento;1;4;1;;;;1
10/07/2014;07:38:00;114;sem vítima;734;BR-381/MG;Norte;Colisão Traseira;1;2;;;;;1
10/07/2014;00:00:00;1;sem vítima;810;BR-381/MG;Norte;Choque - Defensa, barreira ou "submarino";1;1;;;;;1
11/07/2014;05:27:00;72;sem vítima;53,2;BR-381/SP;Norte;Colisão Traseira;1;2;;;;;1
11/07/2014;22:31:00;461;sem vítima;65,5;BR-381/SP;Norte;Colisão Traseira;1;2;;;;;1
11/07/2014;14:45:00;264;sem vítima;502;BR-381/MG;Norte;Colisão Lateral;1;2;;;;;1
12/07/2014;03:37:00;59;com vítima;795,5;BR-381/MG;Norte;Colisão Traseira;2;1;1;;;;1
13/07/2014;22:35:00;414;sem vítima;17,5;BR-381/SP;Norte;Colisão Traseira;1;2;;;;;1
13/07/2014;12:03:00;182;sem vítima;65,5;BR-381/SP;Norte;Choque - Outros;1;1;;;;;1
13/07/2014;15:41:00;260;sem vítima;528;BR-381/MG;Sul;Tombamento;1;1;;;;;1
13/07/2014;17:40:00;324;sem vítima;577;BR-381/MG;Norte;Colisão Lateral;1;1;;;;;1
13/07/2014;11:38:00;168;sem vítima;805;BR-381/MG;Norte;Colisão Traseira;1;2;;;;;1
14/07/2014;14:44:00;263;com vítima;487;BR-381/MG;Sul;Colisão Lateral;1;2;1;;;;1
14/07/2014;15:03:00;273;sem vítima;529,5;BR-381/MG;Norte;Tombamento;1;1;;;;;1
14/07/2014;05:30:00;64;com vítima;602;BR-381/MG;Norte;Outros - Sequência;1;3;2;;;;1
14/07/2014;05:21:00;60;com vítima;734,2;BR-381/MG;Norte;Colisão Traseira;2;0;2;;;;1
14/07/2014;22:44:00;441;com vítima;749,8;BR-381/MG;Sul;Outros - Sequência;2;0;;;1;1;3
15/07/2014;14:42:00;273;sem vítima;483,4;BR-381/MG;Sul;Colisão Traseira;1;2;;;;;1
15/07/2014;16:41:00;313;com vítima;484,5;BR-381/MG;Sul;Outros - Sequência;1;0;1;;;;1
15/07/2014;09:56:00;176;sem vítima;498,8;BR-381/MG;Sul;Colisão Traseira;1;2;;;;;1
15/07/2014;08:25:00;126;com vítima;502,3;BR-381/MG;Norte;Outros - Sequência;1;1;;1;;;2
15/07/2014;01:35:00;27;com vítima;804,1;BR-381/MG;Norte;Tombamento;1;0;1;;;;1
15/07/2014;09:49:00;173;sem vítima;934;BR-381/MG;Norte;Tombamento;1;1;;;;;1
15/07/2014;13:02:00;239;com vítima;937,3;BR-381/MG;Sul;Tombamento;1;0;;1;;;2
16/07/2014;19:26:00;421;sem vítima;36;BR-381/SP;Norte;Colisão Traseira;2;2;;;;;1
16/07/2014;08:24:00;125;sem vítima;59;BR-381/SP;Sul;Outros - Sequência;1;2;;;;;1
16/07/2014;07:14:00;102;sem vítima;62,5;BR-381/SP;Sul;Colisão Traseira;1;2;;;;;1
16/07/2014;20:33:00;443;sem vítima;71;BR-381/SP;Norte;Colisão Lateral;1;2;;;;;1
16/07/2014;08:01:00;120;sem vítima;73;BR-381/SP;Norte;Colisão Traseira;2;2;;;;;1
16/07/2014;05:43:00;75;com vítima;486,8;BR-381/MG;Norte;Outros;1;1;;1;;;2
16/07/2014;19:23:00;419;sem vítima;488;BR-381/MG;Sul;Colisão Traseira;1;2;;;;;1
16/07/2014;13:50:00;237;com vítima;799;BR-381/MG;Norte;Colisão Traseira;2;2;;;;1;3
17/07/2014;23:02:00;476;sem vítima;59,9;BR-381/SP;Norte;Colisão Traseira;2;2;;;;;1
17/07/2014;23:05:00;478;sem vítima;90,2;BR-381/SP;Norte;Tombamento;1;1;;;;;1
17/07/2014;07:53:00;111;com vítima;495;BR-381/MG;Norte;Outros - Sequência;1;2;1;;;;1
17/07/2014;08:06:00;124;sem vítima;495;BR-381/MG;Norte;Colisão Lateral;1;2;;;;;1
17/07/2014;13:33:00;279;sem vítima;597,7;BR-381/MG;Norte;Colisão Traseira;1;2;;;;;1
17/07/2014;09:31:00;169;sem vítima;690,5;BR-381/MG;Norte;Colisão Lateral;1;2;;;;;1
17/07/2014;13:03:00;265;sem vítima;736,5;BR-381/MG;Sul;Colisão Traseira;1;2;;;;;1
17/07/2014;05:59:00;66;sem vítima;771;BR-381/MG;Sul;Outros - Sequência;1;4;;;;;1
17/07/2014;19:04:00;425;sem vítima;861;BR-381/MG;Sul;Saida de Pista;1;1;;;;;1
17/07/2014;06:47:00;80;sem vítima;900,8;BR-381/MG;Norte;Colisão Traseira;1;2;;;;;1
18/07/2014;11:12:00;213;sem vítima;22;BR-381/SP;Norte;Outros - Sequência;1;2;;;;;1
18/07/2014;13:07:00;263;sem vítima;486,2;BR-381/MG;Norte;Engavetamento;1;2;;;;;1
18/07/2014;10:09:00;188;sem vítima;658;BR-381/MG;Sul;Colisão Traseira;1;2;;;;;1
18/07/2014;00:11:00;25;com vítima;851,5;BR-381/MG;Sul;Outros - Sequência;1;1;1;;;;1
19/07/2014;14:51:00;266;sem vítima;65;BR-381/SP;Norte;Colisão Traseira;1;2;;;;;1
19/07/2014;07:31:00;98;sem vítima;477,7;BR-381/MG;Norte;Engavetamento;1;3;;;;;1
19/07/2014;08:22:00;120;sem vítima;539,8;BR-381/MG;Sul;Outros - Sequência;1;1;;;;;1
19/07/2014;02:11:00;40;com vítima;798,5;BR-381/MG;Sul;Atropelamento de Animal;1;1;2;;;;1
19/07/2014;21:04:00;432;sem vítima;821;BR-381/MG;Norte;Colisão Traseira;1;2;;;;;1
19/07/2014;01:23:00;35;sem vítima;846;BR-381/MG;Norte;Colisão Traseira;1;3;;;;;1
19/07/2014;12:03:00;206;com vítima;918;BR-381/MG;Norte;Colisão Lateral;1;1;1;;;;1
19/07/2014;12:31:00;221;sem vítima;918;BR-381/MG;Norte;Colisão Traseira;1;2;;;;;1
19/07/2014;07:30:00;97;sem vítima;948,1;BR-381/MG;Norte;Colisão Lateral;1;2;;;;;1
20/07/2014;19:14:00;380;sem vítima;584;BR-381/MG;Sul;Outros - Sequência;1;2;;;;;1
20/07/2014;15:26:00;244;sem vítima;601,8;BR-381/MG;Sul;Colisão Traseira;2;2;;;;;1
21/07/2014;11:34:00;252;sem vítima;1;BR-381/SP;Sul;Colisão Traseira;1;2;;;;;1
21/07/2014;20:28:00;461;sem vítima;87,2;BR-381/SP;Norte;Colisão Lateral;1;2;;;;;1
21/07/2014;09:03:00;170;sem vítima;495;BR-381/MG;Norte;Colisão Lateral;1;2;;;;;1
21/07/2014;12:39:00;275;com vítima;498;BR-381/MG;Sul;Engavetamento;2;3;;1;;;2
21/07/2014;00:09:00;2;sem vítima;556;BR-381/MG;Norte;Engavetamento;1;3;;;;;1
22/07/2014;16:48:00;348;com vítima;479;BR-381/MG;Norte;Engavetamento;2;2;2;;;;1
22/07/2014;08:15:00;111;sem vítima;479,8;BR-381/MG;Sul;Colisão Traseira;1;2;;;;;1
22/07/2014;10:37:00;194;sem vítima;491;BR-381/MG;Sul;Colisão Lateral;1;2;;;;;1
22/07/2014;23:57:00;484;sem vítima;670,3;BR-381/MG;Sul;Colisão Traseira;2;2;;;;;1
22/07/2014;03:16:00;46;sem vítima;719;BR-381/MG;Norte;Outros - Sequência;1;1;;;;;1
22/07/2014;08:06:00;105;sem vítima;886,05;BR-381/MG;Norte;Colisão Traseira;2;3;;;;;1
23/07/2014;08:30:00;131;sem vítima;89;BR-381/SP;Sul;Engavetamento;1;3;;;;;1
23/07/2014;09:58:00;178;com vítima;491;BR-381/MG;Sul;Outros - Sequência;1;1;;1;1;;2
23/07/2014;16:42:00;336;sem vítima;525,5;BR-381/MG;Norte;Colisão Traseira;1;2;;;;;1
23/07/2014;21:38:00;456;sem vítima;557;BR-381/MG;Norte;Colisão Traseira;2;2;;;;;1
23/07/2014;05:27:00;62;sem vítima;579,2;BR-381/MG;Sul;Tombamento;1;1;;;;;1
23/07/2014;09:54:00;173;com vítima;884;BR-381/MG;Sul;Colisão Lateral;1;0;3;;;;1
24/07/2014;06:54:00;92;com vítima;10;BR-381/SP;Norte;Outros - Sequência;1;2;;;1;;2
24/07/2014;02:00:00;46;com vítima;14;BR-381/SP;Sul;Colisão Traseira;2;1;1;;;;1
24/07/2014;21:29:00;445;com vítima;44,8;BR-381/SP;Sul;Colisão Traseira;2;2;2;;1;;2
24/07/2014;17:43:00;373;com vítima;57,5;BR-381/SP;Sul;Outros - Sequência;1;2;1;;;;1
24/07/2014;19:57:00;424;sem vítima;71,5;BR-381/SP;Sul;Choque - Defensa, barreira ou "submarino";1;1;;;;;1
24/07/2014;11:32:00;219;sem vítima;494;BR-381/MG;Sul;Colisão Traseira;2;2;;;;;1
24/07/2014;12:08:00;229;sem vítima;546;BR-381/MG;Sul;Colisão Lateral;2;2;;;;;1
24/07/2014;21:27:00;443;sem vítima;658;BR-381/MG;Sul;Colisão Traseira;2;2;;;;;1
24/07/2014;20:29:00;430;sem vítima;730;BR-381/MG;Norte;Colisão Lateral;1;2;;;;;1
24/07/2014;20:57:00;438;sem vítima;765,1;BR-381/MG;Norte;Outros - Sequência;4;5;;;;;1
24/07/2014;15:56:00;312;sem vítima;935,6;BR-381/MG;Sul;Outros - Sequência;1;2;;;;;1
24/07/2014;16:51:00;350;sem vítima;949,8;BR-381/MG;Sul;Saida de Pista;1;1;;;;;1
25/07/2014;02:20:00;50;com vítima;30;BR-381/SP;Sul;Colisão Traseira;1;2;1;;;;1
25/07/2014;09:31:00;164;sem vítima;482,2;BR-381/MG;Sul;Colisão Traseira;1;2;;;;;1
25/07/2014;19:00:00;391;sem vítima;491,5;BR-381/MG;Sul;Colisão Lateral;1;2;;;;;1
25/07/2014;08:28:00;144;com vítima;541;BR-381/MG;Norte;Outros - Sequência;2;0;2;;;;1
25/07/2014;06:22:00;77;sem vítima;852;BR-381/MG;Norte;Choque - Elemento de Drenagem;1;1;;;;;1
26/07/2014;13:37:00;239;sem vítima;485;BR-381/MG;Sul;Engavetamento;1;5;;;;;1
26/07/2014;10:38:00;179;sem vítima;503,2;BR-381/MG;Norte;Colisão Traseira;1;2;;;;;1
26/07/2014;05:49:00;98;sem vítima;704;BR-381/MG;Norte;Choque - Defensa, barreira ou "submarino";1;1;;;;;1
27/07/2014;19:42:00;355;com vítima;479;BR-381/MG;Sul;Outros - Sequência;1;2;2;1;1;;2
27/07/2014;18:11:00;313;sem vítima;486;BR-381/MG;Norte;Engavetamento;1;2;;;;;1
27/07/2014;15:38:00;230;com vítima;517;BR-381/MG;Norte;Capotamento;1;3;1;;;;1
27/07/2014;19:28:00;346;com vítima;587;BR-381/MG;Sul;Colisão Traseira;1;1;1;;;;1
27/07/2014;18:52:00;330;com vítima;589;BR-381/MG;Norte;Atropelamento - Morador;1;1;;;;1;3
27/07/2014;14:50:00;207;sem vítima;799;BR-381/MG;Sul;Tombamento;1;1;;;;;1
28/07/2014;15:08:00;271;sem vítima;501;BR-381/MG;Norte;Colisão Traseira;1;3;;;;;1
28/07/2014;14:25:00;245;com vítima;706,5;BR-381/MG;Norte;Outros - Sequência;1;1;;1;;;2
29/07/2014;15:24:00;349;sem vítima;10;BR-381/SP;Norte;Colisão Traseira;2;2;;;;;1
29/07/2014;05:14:00;70;sem vítima;58;BR-381/SP;Sul;Choque - Defensa, barreira ou "submarino";1;1;;;;;1
29/07/2014;08:40:00;160;sem vítima;478,2;BR-381/MG;Norte;Outros - Sequência;1;2;;;;;1
29/07/2014;10:40:00;234;sem vítima;487,2;BR-381/MG;Norte;Engavetamento;1;4;;;;;1
29/07/2014;11:18:00;250;sem vítima;488;BR-381/MG;Norte;Colisão Traseira;1;2;;;;;1
29/07/2014;12:07:00;272;sem vítima;687;BR-381/MG;Norte;Tombamento;1;2;;;;;1
29/07/2014;09:40:00;196;sem vítima;755,7;BR-381/MG;Norte;Colisão Traseira;2;2;;;;;1
29/07/2014;15:11:00;343;sem vítima;769;BR-381/MG;Sul;Colisão Lateral;2;2;;;;;1
29/07/2014;22:19:00;500;com vítima;777,05;BR-381/MG;Sul;Outros - Sequência;2;1;;;;1;3
29/07/2014;21:56:00;489;com vítima;801,7;BR-381/MG;Sul;Colisão Traseira;2;1;;1;;;2
29/07/2014;02:44:00;48;sem vítima;923;BR-381/MG;Norte;Outros - Sequência;1;2;;;;;1
29/07/2014;15:04:00;339;com vítima;943,5;BR-381/MG;Sul;Outros - Sequência;1;1;;1;;;2
30/07/2014;15:36:00;347;sem vítima;13;BR-381/SP;Sul;Colisão Traseira;2;2;;;;;1
30/07/2014;17:01:00;386;com vítima;66;BR-381/SP;Norte;Colisão Traseira;1;2;1;;;;1
30/07/2014;18:06:00;421;sem vítima;486;BR-381/MG;Norte;Colisão Traseira;1;2;;;;;1
30/07/2014;20:39:00;495;sem vítima;501;BR-381/MG;Sul;Colisão Traseira;2;2;;;;;1
30/07/2014;20:06:00;478;com vítima;519;BR-381/MG;Norte;Tombamento;1;0;;;;1;3
30/07/2014;13:23:00;286;com vítima;730;BR-381/MG;Sul;Atropelamento - Usuário;1;4;;;;1;3
30/07/2014;10:16:00;204;sem vítima;896;BR-381/MG;Sul;Outros - Sequência;1;1;;;;;1
31/07/2014;19:08:00;389;sem vítima;90,2;BR-381/SP;Sul;Colisão Lateral;1;2;;;;;1
31/07/2014;07:14:00;95;sem vítima;479,9;BR-381/MG;Norte;Outros - Sequência;1;4;;;;;1
31/07/2014;08:04:00;120;sem vítima;498;BR-381/MG;Sul;Colisão Traseira;2;2;;;;;1
31/07/2014;15:16:00;305;sem vítima;504,8;BR-381/MG;Norte;Colisão Lateral;1;2;;;;;1
01/08/2014;19:47:00;428;sem vítima;67;BR-381/SP;Norte;Colisão Lateral;1;3;;;;;1
01/08/2014;06:50:00;97;sem vítima;478;BR-381/MG;Sul;Engavetamento;1;3;;;;;1
01/08/2014;10:50:00;219;sem vítima;483,4;BR-381/MG;Sul;Colisão Lateral;1;2;;;;;1
01/08/2014;08:56:00;166;sem vítima;494;BR-381/MG;Sul;Colisão Lateral;1;2;;;;;1
01/08/2014;08:05:00;138;sem vítima;516;BR-381/MG;Norte;Tombamento;1;1;;;;;1
01/08/2014;09:57:00;198;sem vítima;518;BR-381/MG;Sul;Engavetamento;1;4;;;;;1
01/08/2014;13:24:00;261;com vítima;525;BR-381/MG;Norte;Engavetamento;1;2;1;;;;1
01/08/2014;07:14:00;104;com vítima;526;BR-381/MG;Sul;Tombamento;1;0;;;;1;3
01/08/2014;21:43:00;460;sem vítima;556,5;BR-381/MG;Norte;Colisão Traseira;1;2;;;;;1
01/08/2014;11:30:00;234;com vítima;813;BR-381/MG;Norte;Tombamento;1;0;3;;;;1
01/08/2014;03:30:00;67;sem vítima;853,9;BR-381/MG;Sul;Tombamento;1;1;;;;;1
01/08/2014;08:46:00;161;sem vítima;888;BR-381/MG;Norte;Tombamento;1;1;;;;;1
01/08/2014;09:53:00;196;sem vítima;930;BR-381/MG;Sul;Saida de Pista;1;1;;;;;1
02/08/2014;07:10:00;103;sem vítima;15,5;BR-381/SP;Sul;Colisão Traseira;1;2;;;;;1
02/08/2014;05:45:00;75;com vítima;41,05;BR-381/SP;Sul;Outros - Sequência;1;2;1;;;;1
02/08/2014;14:15:00;262;com vítima;70,3;BR-381/SP;Norte;Tombamento;1;0;;1;;;2
02/08/2014;08:14:00;121;com vítima;76,7;BR-381/SP;Norte;Engavetamento;2;3;;1;;;2
02/08/2014;12:11:00;215;sem vítima;491;BR-381/MG;Sul;Engavetamento;1;3;;;;;1
02/08/2014;12:48:00;229;sem vítima;491;BR-381/MG;Sul;Colisão Lateral;1;2;;;;;1
02/08/2014;07:18:00;107;com vítima;502;BR-381/MG;Norte;Colisão Traseira;1;2;1;;;;1
02/08/2014;10:29:00;173;sem vítima;545,95;BR-381/MG;Norte;Colisão Lateral;1;2;;;;;1
02/08/2014;02:31:00;43;com vítima;824,2;BR-381/MG;Norte;Tombamento;1;0;1;1;;;2
02/08/2014;07:35:00;112;sem vítima;826,5;BR-381/MG;Norte;Colisão Traseira;1;2;;;;;1
02/08/2014;09:36:00;148;sem vítima;900;BR-381/MG;Norte;Engavetamento;2;3;;;;;1
03/08/2014;12:46:00;213;sem vítima;918,9;BR-381/MG;Sul;Colisão Traseira;1;2;;;;;1
03/08/2014;01:51:00;52;sem vítima;927;BR-381/MG;Norte;Atropelamento de Animal;1;1;;;;;1
04/08/2014;09:08:00;157;sem vítima;486,5;BR-381/MG;Sul;Colisão Lateral;1;2;;;;;1
04/08/2014;18:53:00;455;sem vítima;488;BR-381/MG;Norte;Engavetamento;1;5;;;;;1
04/08/2014;19:01:00;457;sem vítima;524,6;BR-381/MG;Sul;Choque - Defensa, barreira ou "submarino";2;2;;;;;1
04/08/2014;03:41:00;52;sem vítima;578;BR-381/MG;Norte;Tombamento;1;1;;;;;1
04/08/2014;09:58:00;184;sem vítima;628,5;BR-381/MG;Sul;Colisão Traseira;1;3;;;;;1
05/08/2014;05:33:00;73;com vítima;68;BR-381/SP;Norte;Colisão Lateral;1;1;1;;;;1
05/08/2014;08:02:00;125;com vítima;79,07;BR-381/SP;Sul;Outros - Sequência;1;1;1;;;;1
05/08/2014;16:10:00;327;sem vítima;521,7;BR-381/MG;Sul;Outros - Sequência;1;2;;;;;1
05/08/2014;00:10:00;20;sem vítima;523,2;BR-381/MG;Norte;Outros - Sequência;1;1;;;;;1
05/08/2014;07:39:00;116;sem vítima;531;BR-381/MG;Norte;Outros - Sequência;1;3;;;;;1
05/08/2014;07:05:00;98;sem vítima;686,2;BR-381/MG;Sul;Outros - Sequência;1;1;;;;;1
05/08/2014;00:17:00;26;com vítima;809;BR-381/MG;Sul;Tombamento;1;0;2;;;;1
06/08/2014;15:56:00;333;com vítima;482;BR-381/MG;Sul;Colisão Lateral;1;1;1;;;;1
06/08/2014;16:55:00;356;sem vítima;494,8;BR-381/MG;Sul;Choque - Poste;1;1;;;;;1
07/08/2014;07:37:00;115;sem vítima;489,15;BR-381/MG;Norte;Colisão Traseira;1;2;;;;;1
07/08/2014;16:32:00;372;sem vítima;678;BR-381/MG;Sul;Outros - Sequência;1;1;;;;;1
07/08/2014;06:20:00;76;sem vítima;690,8;BR-381/MG;Norte;Colisão Traseira;2;2;;;;;1
07/08/2014;19:52:00;458;com vítima;854;BR-381/MG;Norte;Colisão Traseira;1;1;2;;;;1
08/08/2014;07:19:00;116;sem vítima;478,8;BR-381/MG;Norte;Colisão Lateral;1;2;;;;;1
08/08/2014;08:46:00;161;sem vítima;524;BR-381/MG;Norte;Colisão Traseira;2;2;;;;;1
08/08/2014;06:21:00;85;sem vítima;867,8;BR-381/MG;Sul;Outros - Sequência;1;2;;;;;1
08/08/2014;15:05:00;336;com vítima;921,3;BR-381/MG;Sul;Outros - Sequência;1;2;1;;;;1
09/08/2014;23:11:00;461;sem vítima;40,8;BR-381/SP;Norte;Engavetamento;1;3;;;;;1
09/08/2014;10:32:00;189;sem vítima;65,5;BR-381/SP;Norte;Colisão Lateral;1;2;;;;;1
09/08/2014;03:45:00;72;sem vítima;89;BR-381/SP;Norte;Outros - Sequência;1;3;;;;;1
09/08/2014;09:59:00;174;sem vítima;494,7;BR-381/MG;Sul;Colisão Traseira;1;2;;;;;1
09/08/2014;14:27:00;269;sem vítima;617;BR-381/MG;Norte;Outros - Sequência;1;6;;;;;1
09/08/2014;16:31:00;332;com vítima;722;BR-381/MG;Norte;Tombamento;1;0;1;;;;1
09/08/2014;14:55:00;281;sem vítima;948,4;BR-381/MG;Norte;Outros;2;3;;;;;1
10/08/2014;23:20:00;430;com vítima;525,5;BR-381/MG;Sul;Tombamento;1;1;1;;;;1
10/08/2014;20:42:00;375;sem vítima;700,9;BR-381/MG;Sul;Outros - Sequência;3;3;;;;;1
11/08/2014;19:45:00;441;sem vítima;36;BR-381/SP;Norte;Colisão Traseira;1;2;;;;;1
11/08/2014;13:28:00;256;com vítima;497,4;BR-381/MG;Norte;Outros - Sequência;1;0;2;;;;1
11/08/2014;07:55:00;153;sem vítima;502;BR-381/MG;Norte;Colisão Traseira;1;2;;;;;1
11/08/2014;07:57:00;113;com vítima;502,5;BR-381/MG;Norte;Engavetamento;2;3;1;;;1;3
11/08/2014;09:59:00;164;sem vítima;508;BR-381/MG;Norte;Outros - Sequência;1;5;;;;;1
11/08/2014;10:11:00;168;sem vítima;524,7;BR-381/MG;Norte;Colisão Lateral;1;3;;;;;1
11/08/2014;21:48:00;478;sem vítima;759;BR-381/MG;Sul;Choque - Defensa, barreira ou "submarino";1;1;;;;;1
11/08/2014;22:12:00;483;com vítima;759;BR-381/MG;Norte;Outros - Sequência;1;4;1;1;;;2
11/08/2014;09:11:00;148;sem vítima;929,9;BR-381/MG;Sul;Saida de Pista;1;1;;;;;1
12/08/2014;07:34:00;115;com vítima;85,4;BR-381/SP;Sul;Outros - Sequência;1;1;2;;;;1
12/08/2014;08:45:00;152;sem vítima;89,3;BR-381/SP;Sul;Engavetamento;1;3;;;;;1
12/08/2014;09:57:00;187;sem vítima;478;BR-381/MG;Norte;Colisão Traseira;1;2;;;;;1
12/08/2014;19:35:00;416;com vítima;479,8;BR-381/MG;Sul;Engavetamento;1;2;;1;;;2
12/08/2014;07:20:00;105;sem vítima;484;BR-381/MG;Sul;Colisão Traseira;1;2;;;;;1
12/08/2014;17:21:00;374;sem vítima;490,5;BR-381/MG;Sul;Colisão Traseira;1;2;;;;;1
12/08/2014;05:58:00;70;sem vítima;558;BR-381/MG;Norte;Colisão Traseira;1;2;;;;;1
12/08/2014;22:38:00;468;sem vítima;726,5;BR-381/MG;Norte;Outros - Sequência;1;1;;;;;1
12/08/2014;14:10:00;286;sem vítima;774,3;BR-381/MG;Sul;Outros - Sequência;1;2;;;;;1
12/08/2014;17:02:00;367;sem vítima;829;BR-381/MG;Norte;Choque - Defensa, barreira ou "submarino";1;1;;;;;1