data;horario;n_da_ocorrencia;tipo_de_ocorrencia;km;trecho;sentido;tipo_de_acidente;caminhao;ilesos;levemente_feridos;moderadamente_feridos;gravemente_feridos;mortos;3
13/08/2014;17:40:00;358;sem vítima;60,3;BR-381/SP;Sul;Outros - Sequência;1;1;;;;;1
13/08/2014;14:28:00;297;sem vítima;80;BR-381/SP;Sul;Outros - Sequência;1;2;;;;;1
13/08/2014;18:09:00;377;sem vítima;524,7;BR-381/MG;Sul;Engavetamento;3;3;;;;;1
13/08/2014;09:35:00;179;com vítima;599;BR-381/MG;Norte;Colisão Traseira;1;1;1;;;;1
13/08/2014;05:02:00;56;com vítima;623;BR-381/MG;Norte;Colisão Traseira;2;0;3;;;;1
13/08/2014;05:47:00;64;sem vítima;727,8;BR-381/MG;Sul;Choque - Defensa, barreira ou "submarino";1;1;;;;;1
13/08/2014;20:54:00;429;sem vítima;790;BR-381/MG;Norte;Colisão Traseira;2;2;;;;;1
13/08/2014;17:42:00;360;sem vítima;834,1;BR-381/MG;Sul;Atropelamento de Animal;1;1;;;;;1
13/08/2014;17:22:00;352;com vítima;923;BR-381/MG;Norte;Outros - Sequência;1;1;;1;;;2
14/08/2014;11:21:00;246;com vítima;540,5;BR-381/MG;Norte;Outros - Sequência;2;1;1;;;;1
14/08/2014;04:46:00;61;sem vítima;558;BR-381/MG;Norte;Colisão Traseira;2;2;;;;;1
14/08/2014;07:41:00;118;sem vítima;775,3;BR-381/MG;Norte;Tombamento;1;1;;;;;1
15/08/2014;03:52:00;64;com vítima;58,8;BR-381/SP;Sul;Colisão Traseira;2;2;;;1;;2
15/08/2014;21:55:00;498;sem vítima;74,5;BR-381/SP;Norte;Tombamento;1;1;;;;;1
15/08/2014;01:16:00;39;com vítima;80;BR-381/SP;Norte;Colisão Traseira;1;1;;;;1;3
15/08/2014;19:20:00;452;sem vítima;89;BR-381/SP;Sul;Colisão Lateral;1;2;;;;;1
15/08/2014;18:27:00;418;sem vítima;487,5;BR-381/MG;Norte;Colisão Lateral;1;2;;;;;1
15/08/2014;11:59:00;246;sem vítima;510;BR-381/MG;Norte;Choque - Outros;1;1;;;;;1
15/08/2014;19:04:00;443;sem vítima;558,8;BR-381/MG;Norte;Colisão Lateral;1;2;;;;;1
15/08/2014;08:07:00;137;sem vítima;879,6;BR-381/MG;Norte;Choque - Defensa, barreira ou "submarino";1;1;;;;;1
15/08/2014;18:25:00;417;sem vítima;945,9;BR-381/MG;Norte;Colisão Traseira;1;2;;;;;1
16/08/2014;20:15:00;401;sem vítima;491,6;BR-381/MG;Sul;Colisão Lateral;1;2;;;;;1
16/08/2014;12:39:00;214;com vítima;832;BR-381/MG;Norte;Colisão Lateral;1;1;;1;;;2
17/08/2014;23:53:00;459;com vítima;670;BR-381/MG;Sul;Colisão Lateral;1;1;1;;;;1
17/08/2014;00:05:00;14;com vítima;716,6;BR-381/MG;Sul;Tombamento;1;0;1;;;;1
17/08/2014;10:09:00;144;sem vítima;802;BR-381/MG;Sul;Choque - Objeto sobre a pista;1;4;;;;;1
18/08/2014;08:29:00;114;com vítima;478,5;BR-381/MG;Norte;Colisão Traseira;2;1;1;;;;1
18/08/2014;08:01:00;103;com vítima;481;BR-381/MG;Norte;Colisão Traseira;1;1;1;;;;1
18/08/2014;19:26:00;404;com vítima;481,5;BR-381/MG;Sul;Colisão Lateral;1;1;1;;;;1
18/08/2014;09:40:00;154;sem vítima;508;BR-381/MG;Sul;Colisão Traseira;1;2;;;;;1
18/08/2014;05:42:00;60;sem vítima;797;BR-381/MG;Norte;Tombamento;1;1;;;;;1
18/08/2014;01:57:00;38;sem vítima;949,8;BR-381/MG;Sul;Colisão Traseira;2;2;;;;;1
19/08/2014;02:54:00;59;sem vítima;66,6;BR-381/SP;Sul;Choque - Defensa, barreira ou "submarino";1;1;;;;;1
19/08/2014;07:24:00;113;com vítima;514;BR-381/MG;Norte;Outros - Sequência;1;1;1;;;;1
19/08/2014;15:20:00;311;com vítima;577;BR-381/MG;Norte;Engavetamento;4;7;;2;;;2
19/08/2014;11:03:00;222;com vítima;639;BR-381/MG;Norte;Colisão Traseira;1;1;;1;;;2
19/08/2014;10:24:00;197;sem vítima;670,3;BR-381/MG;Norte;Tombamento;1;1;;;;;1
19/08/2014;04:52:00;75;sem vítima;831;BR-381/MG;Sul;Outros - Sequência;2;2;;;;;1
19/08/2014;13:54:00;285;com vítima;939;BR-381/MG;Norte;Outros - Sequência;1;1;;;1;;2
20/08/2014;15:40:00;325;sem vítima;83;BR-381/SP;Norte;Colisão Traseira;1;2;;;;;1
20/08/2014;14:52:00;306;sem vítima;479;BR-381/MG;Sul;Colisão Traseira;1;2;;;;;1
20/08/2014;05:14:00;66;sem vítima;648,4;BR-381/MG;Norte;Tombamento;1;4;;;;;1
20/08/2014;17:49:00;395;sem vítima;689;BR-381/MG;Norte;Colisão Lateral;1;2;;;;;1
21/08/2014;14:41:00;299;sem vítima;56;BR-381/SP;Norte;Choque - Defensa, barreira ou "submarino";1;1;;;;;1
21/08/2014;14:59:00;310;sem vítima;68;BR-381/SP;Norte;Outros - Sequência;1;1;;;;;1
21/08/2014;07:08:00;85;com vítima;508;BR-381/MG;Norte;Engavetamento;1;2;1;;;;1
21/08/2014;16:00:00;337;sem vítima;545,5;BR-381/MG;Sul;Colisão Traseira;2;2;;;;;1
21/08/2014;06:44:00;72;sem vítima;797,1;BR-381/MG;Norte;Outros;1;1;;;;;1
21/08/2014;14:22:00;291;com vítima;824,3;BR-381/MG;Sul;Outros - Sequência;1;1;1;;;;1
21/08/2014;19:46:00;438;sem vítima;908;BR-381/MG;Norte;Choque - Defensa, barreira ou "submarino";1;1;;;;;1
21/08/2014;10:31:00;202;sem vítima;942,5;BR-381/MG;Sul;Colisão Lateral;1;2;;;;;1
22/08/2014;04:59:00;74;com vítima;57;BR-381/SP;Norte;Tombamento;1;0;;1;;;2
22/08/2014;09:42:00;189;sem vítima;66,6;BR-381/SP;Sul;Colisão Traseira;1;2;;;;;1
22/08/2014;19:05:00;477;com vítima;85,4;BR-381/SP;Sul;Outros - Sequência;1;1;1;;;;1
22/08/2014;13:21:00;302;sem vítima;482,8;BR-381/MG;Norte;Colisão Lateral;1;2;;;;;1
22/08/2014;07:04:00;105;sem vítima;558;BR-381/MG;Sul;Colisão Traseira;2;3;;;;;1
22/08/2014;16:45:00;409;com vítima;776,9;BR-381/MG;Norte;Colisão Traseira;2;1;1;;;;1
22/08/2014;22:33:00;550;sem vítima;832,4;BR-381/MG;Norte;Colisão Traseira;2;2;;;;;1
23/08/2014;15:54:00;348;sem vítima;78,2;BR-381/SP;Norte;Colisão Lateral;1;2;;;;;1
23/08/2014;21:23:00;473;com vítima;79;BR-381/SP;Norte;Tombamento;1;0;1;;;;1
23/08/2014;09:57:00;184;sem vítima;479;BR-381/MG;Norte;Colisão Lateral;1;2;;;;;1
23/08/2014;09:32:00;172;sem vítima;480,7;BR-381/MG;Norte;Colisão Traseira;1;2;;;;;1
23/08/2014;10:43:00;212;sem vítima;497;BR-381/MG;Norte;Colisão Traseira;1;2;;;;;1
23/08/2014;07:01:00;96;sem vítima;653,7;BR-381/MG;Norte;Colisão Traseira;2;2;;;;;1
23/08/2014;06:22:00;81;com vítima;670,4;BR-381/MG;Sul;Colisão Traseira;1;1;2;;;;1
23/08/2014;19:14:00;445;sem vítima;745,6;BR-381/MG;Sul;Colisão Lateral;1;2;;;;;1
23/08/2014;06:28:00;84;sem vítima;866,139;BR-381/MG;Sul;Colisão Traseira;2;2;;;;;1
23/08/2014;09:41:00;175;com vítima;900,88;BR-381/MG;Norte;Colisão Traseira;1;1;2;;;;1
24/08/2014;06:53:00;75;sem vítima;521;BR-381/MG;Sul;Choque - Outros;1;1;;;;;1
24/08/2014;11:14:00;172;sem vítima;575;BR-381/MG;Norte;Colisão Traseira;2;2;;;;;1
24/08/2014;23:41:00;484;sem vítima;682;BR-381/MG;Norte;Outros - Sequência;2;2;;;;;1
24/08/2014;08:30:00;114;com vítima;720,8;BR-381/MG;Norte;Tombamento;1;0;;;;1;3
25/08/2014;16:04:00;378;sem vítima;53,9;BR-381/SP;Norte;Colisão Lateral;1;2;;;;;1
25/08/2014;01:19:00;40;com vítima;88,5;BR-381/SP;Sul;Colisão Traseira;1;1;1;;1;;2
25/08/2014;23:54:00;556;com vítima;480;BR-381/MG;Norte;Colisão Traseira;1;0;1;1;;;2
25/08/2014;21:41:00;522;sem vítima;901;BR-381/MG;Sul;Choque - Poste;1;1;;;;;1
25/08/2014;09:43:00;180;com vítima;938,2;BR-381/MG;Sul;Colisão Lateral;2;2;1;;;;1
26/08/2014;04:32:00;45;sem vítima;560;BR-381/MG;Norte;Choque - Outros;1;1;;;;;1
26/08/2014;02:05:00;30;com vítima;803;BR-381/MG;Sul;Outros - Sequência;4;2;1;;1;;2
27/08/2014;09:43:00;182;sem vítima;7,5;BR-381/SP;Sul;Colisão Traseira;2;2;;;;;1
27/08/2014;10:24:00;208;sem vítima;516;BR-381/MG;Norte;Colisão Lateral;1;2;;;;;1
27/08/2014;12:18:00;256;com vítima;526;BR-381/MG;Sul;Tombamento;1;0;1;;;;1
27/08/2014;23:23:00;512;sem vítima;638,3;BR-381/MG;Sul;Colisão Traseira;2;2;;;;;1
27/08/2014;14:38:00;322;sem vítima;792,3;BR-381/MG;Sul;Tombamento;1;2;;;;;1
27/08/2014;09:45:00;187;sem vítima;865;BR-381/MG;Sul;Colisão Traseira;2;2;;;;;1
27/08/2014;00:39:00;28;sem vítima;865,9;BR-381/MG;Sul;Tombamento;1;1;;;;;1
27/08/2014;23:17:00;511;sem vítima;900,8;BR-381/MG;Norte;Colisão Traseira;1;2;;;;;1
27/08/2014;11:09:00;225;com vítima;910,2;BR-381/MG;Norte;Colisão Traseira;1;1;1;;;;1
28/08/2014;02:18:00;59;sem vítima;60,5;BR-381/SP;Sul;Tombamento;1;1;;;;;1
28/08/2014;13:21:00;283;sem vítima;81;BR-381/SP;Sul;Colisão Traseira;1;2;;;;;1
28/08/2014;13:05:00;275;sem vítima;83,5;BR-381/SP;Sul;Choque - Defensa, barreira ou "submarino";1;1;;;;;1
28/08/2014;11:29:00;237;sem vítima;732;BR-381/MG;Sul;Colisão Lateral;2;2;;;;;1
28/08/2014;07:02:00;113;sem vítima;737,6;BR-381/MG;Sul;Tombamento;1;1;;;;;1
29/08/2014;12:30:00;238;com vítima;12,1;BR-381/SP;Sul;Outros - Sequência;1;1;1;;;;1
29/08/2014;11:54:00;222;sem vítima;44,6;BR-381/SP;Sul;Outros - Sequência;1;2;;;;;1
29/08/2014;21:53:00;441;sem vítima;488;BR-381/MG;Sul;Engavetamento;1;3;;;;;1
29/08/2014;09:18:00;164;sem vítima;491;BR-381/MG;Norte;Colisão Lateral;1;2;;;;;1
29/08/2014;16:17:00;315;com vítima;667;BR-381/MG;Norte;Outros - Sequência;2;4;2;;;;1
30/08/2014;12:17:00;239;com vítima;7;BR-381/SP;Sul;Colisão Traseira;1;1;2;;;;1
30/08/2014;14:29:00;289;sem vítima;89;BR-381/SP;Sul;Outros - Sequência;1;3;;;;;1
30/08/2014;00:05:00;20;sem vítima;482;BR-381/MG;Norte;Colisão Traseira;1;2;;;;;1
30/08/2014;09:39:00;173;sem vítima;495,7;BR-381/MG;Norte;Colisão Lateral;1;2;;;;;1
30/08/2014;12:02:00;232;sem vítima;863;BR-381/MG;Norte;Choque - Outros;1;1;;;;;1
31/08/2014;16:53:00;317;sem vítima;31;BR-381/SP;Norte;Outros - Sequência;1;2;;;;;1
31/08/2014;16:26:00;298;sem vítima;43;BR-381/SP;Norte;Outros - Sequência;1;2;;;;;1
31/08/2014;17:43:00;349;sem vítima;68;BR-381/SP;Norte;Outros - Sequência;1;1;;;;;1
31/08/2014;20:16:00;421;sem vítima;723,1;BR-381/MG;Sul;Outros - Sequência;2;2;;;;;1
01/09/2014;15:54:00;285;sem vítima;74;BR-381/SP;Sul;Colisão Traseira;1;2;;;;;1
01/09/2014;05:35:00;66;com vítima;513,6;BR-381/MG;Norte;Outros - Sequência;1;1;;;;1;3
01/09/2014;13:54:00;242;sem vítima;545,95;BR-381/MG;Norte;Colisão Lateral;2;2;;;;;1
01/09/2014;05:41:00;68;sem vítima;708;BR-381/MG;Sul;Saida de Pista;1;1;;;;;1
01/09/2014;04:46:00;57;com vítima;906;BR-381/MG;Norte;Colisão Traseira;2;2;;;;1;3
01/09/2014;13:43:00;239;sem vítima;920;BR-381/MG;Norte;Choque - Suporte de Sinalização;1;1;;;;;1
01/09/2014;12:40:00;224;sem vítima;940,5;BR-381/MG;Sul;Choque - Elemento de Drenagem;1;1;;;;;1
02/09/2014;11:18:00;217;sem vítima;9,05;BR-381/SP;Norte;Choque - Defensa, barreira ou "submarino";1;2;;;;;1
02/09/2014;17:32:00;369;com vítima;488,3;BR-381/MG;Sul;Outros - Sequência;2;2;;;1;;2
02/09/2014;20:35:00;434;sem vítima;821;BR-381/MG;Norte;Choque - Objeto sobre a pista;1;1;;;;;1
02/09/2014;10:07:00;176;com vítima;888,9;BR-381/MG;Norte;Outros - Sequência;1;0;;;;1;3
02/09/2014;11:53:00;232;sem vítima;900;BR-381/MG;Norte;Colisão Traseira;1;2;;;;;1
03/09/2014;14:50:00;322;sem vítima;71,3;BR-381/SP;Norte;Outros - Sequência;1;1;;;;;1
03/09/2014;08:20:00;143;sem vítima;663;BR-381/MG;Sul;Colisão Traseira;2;2;;;;;1
03/09/2014;15:29:00;354;sem vítima;948;BR-381/MG;Norte;Colisão Traseira;2;2;;;;;1
04/09/2014;07:21:00;115;sem vítima;36,05;BR-381/SP;Sul;Outros - Sequência;1;1;;;;;1
04/09/2014;02:09:00;58;sem vítima;486,8;BR-381/MG;Norte;Outros - Sequência;1;1;;;;;1
04/09/2014;16:21:00;323;com vítima;511,8;BR-381/MG;Sul;Colisão Traseira;1;2;2;;;;1
04/09/2014;07:43:00;122;sem vítima;518;BR-381/MG;Sul;Outros - Sequência;1;4;;;;;1
04/09/2014;05:11:00;88;com vítima;563,8;BR-381/MG;Norte;Tombamento;1;0;;1;;;2
04/09/2014;04:28:00;82;sem vítima;663;BR-381/MG;Sul;Colisão Traseira;1;2;;;;;1
04/09/2014;02:05:00;57;sem vítima;710;BR-381/MG;Norte;Colisão Lateral;2;2;;;;;1
04/09/2014;23:57:00;476;sem vítima;739,7;BR-381/MG;Norte;Colisão Traseira;1;3;;;;;1
04/09/2014;01:58:00;53;sem vítima;744;BR-381/MG;Norte;Outros - Sequência;2;2;;;;;1
04/09/2014;20:22:00;408;sem vítima;905,2;BR-381/MG;Sul;Outros - Sequência;1;1;;;;;1
05/09/2014;16:56:00;373;sem vítima;7;BR-381/SP;Norte;Colisão Traseira;1;2;;;;;1
05/09/2014;16:15:00;353;sem vítima;478;BR-381/MG;Norte;Colisão Traseira;1;2;;;;;1
05/09/2014;11:26:00;235;sem vítima;485;BR-381/MG;Sul;Colisão Lateral;1;2;;;;;1
05/09/2014;06:22:00;71;sem vítima;489;BR-381/MG;Norte;Colisão Lateral;1;2;;;;;1
05/09/2014;09:29:00;167;sem vítima;508;BR-381/MG;Norte;Colisão Traseira;1;2;;;;;1
05/09/2014;10:09:00;201;sem vítima;510,3;BR-381/MG;Norte;Colisão Traseira;1;2;;;;;1
05/09/2014;11:00:00;224;com vítima;554;BR-381/MG;Sul;Colisão Lateral;1;1;;1;;;2
05/09/2014;07:34:00;107;sem vítima;755;BR-381/MG;Sul;Colisão Traseira;2;2;;;;;1
05/09/2014;01:54:00;47;sem vítima;817,7;BR-381/MG;Norte;Colisão Traseira;2;2;;;;;1
06/09/2014;13:09:00;244;sem vítima;54;BR-381/SP;Norte;Colisão Traseira;1;2;;;;;1
06/09/2014;20:31:00;440;com vítima;77,1;BR-381/SP;Norte;Outros - Sequência;1;1;;;;1;3
06/09/2014;17:14:00;351;com vítima;482;BR-381/MG;Norte;Outros - Sequência;1;2;;1;;1;3
06/09/2014;15:05:00;287;com vítima;486;BR-381/MG;Sul;Colisão Lateral;1;1;1;;;;1
06/09/2014;13:15:00;248;com vítima;545,95;BR-381/MG;Sul;Choque - Defensa, barreira ou "submarino";1;0;1;;;;1
06/09/2014;16:14:00;321;sem vítima;546,95;BR-381/MG;Norte;Colisão Traseira;1;2;;;;;1
06/09/2014;08:25:00;126;sem vítima;577;BR-381/MG;Norte;Tombamento;1;1;;;;;1
06/09/2014;15:44:00;306;sem vítima;577,5;BR-381/MG;Norte;Colisão Traseira;2;2;;;;;1
06/09/2014;14:29:00;272;sem vítima;677;BR-381/MG;Sul;Tombamento;1;1;;;;;1
06/09/2014;16:08:00;316;com vítima;771;BR-381/MG;Sul;Engavetamento;2;5;;1;;;2
06/09/2014;15:54:00;310;sem vítima;824;BR-381/MG;Norte;Saida de Pista;1;1;;;;;1
07/09/2014;21:55:00;108;sem vítima;492;BR-381/MG;Sul;Outros - Sequência;1;1;;;;;1
08/09/2014;07:19:00;112;sem vítima;36;BR-381/SP;Norte;Tombamento;1;1;;;;;1
08/09/2014;20:17:00;446;com vítima;85;BR-381/SP;Sul;Outros - Sequência;1;1;1;;;;1
08/09/2014;14:52:00;301;sem vítima;509,3;BR-381/MG;Sul;Colisão Lateral;1;2;;;;;1
08/09/2014;14:58:00;304;com vítima;529,3;BR-381/MG;Sul;Choque - Outros;1;0;1;;;;1
08/09/2014;02:59:00;63;sem vítima;743;BR-381/MG;Norte;Outros - Sequência;1;2;;;;;1
08/09/2014;16:41:00;357;sem vítima;844;BR-381/MG;Norte;Colisão Lateral;1;2;;;;;1
09/09/2014;07:46:00;119;sem vítima;65,5;BR-381/SP;Norte;Choque - Outros;1;1;;;;;1
09/09/2014;16:39:00;348;sem vítima;65,5;BR-381/SP;Norte;Engavetamento;2;3;;;;;1
09/09/2014;03:23:00;62;sem vítima;85,5;BR-381/SP;Norte;Choque - Defensa, barreira ou "submarino";1;1;;;;;1
09/09/2014;14:56:00;316;sem vítima;479,6;BR-381/MG;Norte;Engavetamento;1;3;;;;;1
09/09/2014;18:21:00;380;com vítima;484;BR-381/MG;Norte;Outros - Sequência;1;2;;;;1;3
09/09/2014;00:03:00;27;sem vítima;601,5;BR-381/MG;Sul;Outros - Sequência;1;1;;;;;1
09/09/2014;05:22:00;79;sem vítima;688;BR-381/MG;Sul;Colisão Lateral;1;2;;;;;1
09/09/2014;07:20:00;111;sem vítima;755;BR-381/MG;Sul;Colisão Traseira;1;2;;;;;1
09/09/2014;09:51:00;181;com vítima;929,6;BR-381/MG;Sul;Atropelamento - Outros;1;1;1;;;;1
10/09/2014;04:00:00;59;sem vítima;25,7;BR-381/SP;Sul;Colisão Lateral;2;2;;;;;1
10/09/2014;13:40:00;199;sem vítima;29,5;BR-381/SP;Norte;Choque - Defensa, barreira ou "submarino";1;3;;;;;1
10/09/2014;07:15:00;96;sem vítima;66,7;BR-381/SP;Sul;Outros - Sequência;2;2;;;;;1
10/09/2014;06:45:00;84;sem vítima;564,5;BR-381/MG;Norte;Colisão Lateral;1;2;;;;;1
10/09/2014;14:09:00;218;com vítima;658,25;BR-381/MG;Sul;Atropelamento - Funcionário;1;1;1;;;;1
10/09/2014;14:09:00;217;sem vítima;861,6;BR-381/MG;Sul;Choque - Defensa, barreira ou "submarino";1;1;;;;;1
10/09/2014;13:42:00;202;sem vítima;947;BR-381/MG;Norte;Colisão Traseira;1;3;;;;;1
11/09/2014;00:04:00;26;com vítima;22,5;BR-381/SP;Norte;Colisão Traseira;1;3;1;;;;1
11/09/2014;10:47:00;209;sem vítima;508;BR-381/MG;Sul;Colisão Lateral;1;2;;;;;1
11/09/2014;10:15:00;201;sem vítima;660,2;BR-381/MG;Norte;Colisão Traseira;1;2;;;;;1
11/09/2014;13:21:00;263;sem vítima;792;BR-381/MG;Sul;Tombamento;1;1;;;;;1
11/09/2014;13:55:00;274;sem vítima;854;BR-381/MG;Norte;Colisão Traseira;2;2;;;;;1
11/09/2014;11:08:00;218;sem vítima;945;BR-381/MG;Sul;Colisão Traseira;1;2;;;;;1
11/09/2014;05:47:00;71;sem vítima;948;BR-381/MG;Norte;Colisão Traseira;1;2;;;;;1
12/09/2014;16:54:00;337;sem vítima;492;BR-381/MG;Norte;Colisão Lateral;1;2;;;;;1
12/09/2014;17:55:00;369;sem vítima;492,2;BR-381/MG;Norte;Colisão Traseira;1;2;;;;;1
12/09/2014;11:26:00;214;sem vítima;494,2;BR-381/MG;Norte;Outros - Sequência;1;2;;;;;1
12/09/2014;17:04:00;345;sem vítima;552;BR-381/MG;Sul;Colisão Lateral;1;2;;;;;1
12/09/2014;05:28:00;68;com vítima;824,05;BR-381/MG;Sul;Tombamento;2;0;3;;;;1
12/09/2014;17:56:00;372;com vítima;828,05;BR-381/MG;Norte;Outros - Sequência;1;0;2;;;;1
12/09/2014;00:03:00;9;sem vítima;881;BR-381/MG;Norte;Tombamento;1;1;;;;;1
12/09/2014;23:39:00;489;sem vítima;927;BR-381/MG;Sul;Choque - Outros;1;1;;;;;1
12/09/2014;00:51:00;36;sem vítima;949;BR-381/MG;Norte;Colisão Lateral;3;4;;;;;1
13/09/2014;09:43:00;190;sem vítima;19;BR-381/SP;Sul;Colisão Traseira;1;2;;;;;1
13/09/2014;08:04:00;138;sem vítima;65,5;BR-381/SP;Norte;Choque - Outros;1;1;;;;;1
13/09/2014;10:44:00;218;sem vítima;481;BR-381/MG;Sul;Colisão Traseira;2;2;;;;;1
13/09/2014;23:10:00;507;sem vítima;491,9;BR-381/MG;Norte;Colisão Lateral;1;2;;;;;1
13/09/2014;04:31:00;76;sem vítima;505,5;BR-381/MG;Norte;Outros - Sequência;1;2;;;;;1
13/09/2014;15:16:00;335;sem vítima;516,5;BR-381/MG;Norte;Choque - Outros;1;1;;;;;1
13/09/2014;05:23:00;84;com vítima;555,9;BR-381/MG;Norte;Tombamento;1;1;1;;;;1
13/09/2014;10:13:00;203;sem vítima;735;BR-381/MG;Sul;Colisão Traseira;1;3;;;;;1
13/09/2014;00:51:00;32;com vítima;760;BR-381/MG;Norte;Colisão Traseira;2;1;1;;;;1
13/09/2014;19:53:00;441;com vítima;761;BR-381/MG;Sul;Outros - Sequência;3;4;1;;;;1
14/09/2014;01:26:00;42;sem vítima;483,8;BR-381/MG;Norte;Colisão Lateral;1;2;;;;;1
14/09/2014;11:14:00;169;com vítima;492;BR-381/MG;Sul;Colisão Traseira;1;2;2;;;;1
14/09/2014;05:46:00;71;sem vítima;603,9;BR-381/MG;Norte;Outros - Sequência;1;1;;;;;1
14/09/2014;04:50:00;69;com vítima;651;BR-381/MG;Sul;Outros - Sequência;1;0;1;1;;;2
14/09/2014;04:36:00;65;com vítima;678;BR-381/MG;Sul;Tombamento;1;0;2;;;;1
15/09/2014;17:14:00;371;com vítima;54;BR-381/SP;Norte;Tombamento;1;0;1;;;;1
15/09/2014;19:38:00;432;sem vítima;491;BR-381/MG;Sul;Outros - Sequência;1;3;;;;;1
15/09/2014;10:37:00;211;com vítima;920,5;BR-381/MG;Sul;Tombamento;1;0;1;;;;1
16/09/2014;17:02:00;352;sem vítima;32;BR-381/SP;Norte;Colisão Traseira;2;2;;;;;1
16/09/2014;16:38:00;341;com vítima;525,5;BR-381/MG;Sul;Colisão Traseira;2;1;1;;;;1
16/09/2014;18:14:00;379;sem vítima;765;BR-381/MG;Norte;Choque - Talude;1;1;;;;;1
17/09/2014;23:36:00;468;sem vítima;70;BR-381/SP;Sul;Choque - Outros;1;1;;;;;1
17/09/2014;15:03:00;312;sem vítima;86;BR-381/SP;Sul;Outros - Sequência;1;2;;;;;1
17/09/2014;08:24:00;145;sem vítima;514,5;BR-381/MG;Norte;Colisão Traseira;2;2;;;;;1
17/09/2014;11:36:00;232;sem vítima;658;BR-381/MG;Sul;Colisão Traseira;2;2;;;;;1
17/09/2014;06:47:00;93;sem vítima;700,1;BR-381/MG;Norte;Tombamento;1;1;;;;;1
17/09/2014;04:19:00;64;sem vítima;843;BR-381/MG;Norte;Outros - Sequência;1;1;;;;;1
17/09/2014;07:49:00;127;com vítima;929,5;BR-381/MG;Norte;Outros - Sequência;1;2;1;;;;1
18/09/2014;17:28:00;385;sem vítima;49;BR-381/SP;Norte;Colisão Traseira;1;2;;;;;1
18/09/2014;09:46:00;166;sem vítima;491;BR-381/MG;Norte;Colisão Lateral;1;2;;;;;1
18/09/2014;10:17:00;184;com vítima;542;BR-381/MG;Norte;Colisão Traseira;2;0;;2;;1;3
18/09/2014;03:23:00;52;com vítima;606,3;BR-381/MG;Sul;Saida de Pista;1;0;1;;;;1
18/09/2014;09:48:00;170;sem vítima;734,5;BR-381/MG;Norte;Colisão Traseira;1;2;;;;;1
18/09/2014;05:02:00;61;sem vítima;908;BR-381/MG;Norte;Colisão Traseira;1;2;;;;;1
18/09/2014;07:11:00;96;sem vítima;942;BR-381/MG;Sul;Choque - Defensa, barreira ou "submarino";1;1;;;;;1
19/09/2014;00:01:00;20;sem vítima;22,5;BR-381/SP;Norte;Colisão Traseira;1;2;;;;;1
19/09/2014;06:18:00;89;sem vítima;70,4;BR-381/SP;Norte;Outros - Sequência;1;2;;;;;1
19/09/2014;18:30:00;448;sem vítima;71,6;BR-381/SP;Sul;Engavetamento;1;3;;;;;1
19/09/2014;12:43:00;278;sem vítima;502;BR-381/MG;Norte;Colisão Traseira;1;2;;;;;1
19/09/2014;12:09:00;264;sem vítima;508;BR-381/MG;Norte;Colisão Traseira;1;2;;;;;1
19/09/2014;07:32:00;123;sem vítima;735;BR-381/MG;Norte;Choque - Cancela de Pedagio;1;1;;;;;1
19/09/2014;17:37:00;418;sem vítima;735,7;BR-381/MG;Sul;Colisão Traseira;1;2;;;;;1
19/09/2014;03:13:00;60;sem vítima;741,2;BR-381/MG;Norte;Tombamento;1;1;;;;;1
19/09/2014;19:29:00;478;sem vítima;908;BR-381/MG;Sul;Colisão Traseira;1;2;;;;;1
19/09/2014;21:48:00;523;sem vítima;909;BR-381/MG;Sul;Colisão Lateral;1;2;;;;;1
20/09/2014;14:44:00;290;sem vítima;29;BR-381/SP;Sul;Colisão Traseira;1;3;;;;;1
20/09/2014;07:45:00;117;sem vítima;65,5;BR-381/SP;Norte;Colisão Traseira;1;2;;;;;1
20/09/2014;08:53:00;140;sem vítima;73,5;BR-381/SP;Norte;Colisão Traseira;1;2;;;;;1
20/09/2014;11:21:00;210;com vítima;517,5;BR-381/MG;Norte;Tombamento;1;0;2;;;;1
20/09/2014;07:49:00;118;sem vítima;597,7;BR-381/MG;Norte;Outros - Sequência;2;3;;;;;1
20/09/2014;15:54:00;326;com vítima;810,7;BR-381/MG;Norte;Outros - Sequência;1;0;1;;;;1
20/09/2014;22:23:00;455;sem vítima;810,7;BR-381/MG;Norte;Choque - Talude;1;1;;;;;1
20/09/2014;13:58:00;267;sem vítima;934,3;BR-381/MG;Norte;Outros - Sequência;2;3;;;;;1
20/09/2014;19:28:00;404;sem vítima;941;BR-381/MG;Norte;Tombamento;1;1;;;;;1
21/09/2014;08:22:00;113;sem vítima;90;BR-381/SP;Norte;Tombamento;1;1;;;;;1
21/09/2014;12:13:00;196;sem vítima;490;BR-381/MG;Sul;Colisão Lateral;1;2;;;;;1
21/09/2014;11:34:00;178;sem vítima;597,7;BR-381/MG;Norte;Colisão Traseira;1;2;;;;;1
21/09/2014;14:34:00;247;com vítima;636;BR-381/MG;Norte;Colisão Frontal;1;3;1;1;;;2
21/09/2014;03:14:00;52;com vítima;700;BR-381/MG;Norte;Outros - Sequência;1;1;;1;;;2
21/09/2014;14:27:00;241;sem vítima;765;BR-381/MG;Norte;Outros - Sequência;1;1;;;;;1
21/09/2014;14:27:00;242;sem vítima;765,3;BR-381/MG;Norte;;1;1;;;;;1
22/09/2014;16:59:00;376;sem vítima;89,7;BR-381/SP;Sul;Colisão Traseira;2;2;;;;;1
22/09/2014;14:55:00;306;sem vítima;479,1;BR-381/MG;Norte;Colisão Traseira;1;2;;;;;1
22/09/2014;15:28:00;322;sem vítima;480,1;BR-381/MG;Norte;Colisão Traseira;1;2;;;;;1