data;horario;n_da_ocorrencia;tipo_de_ocorrencia;km;trecho;sentido;tipo_de_acidente;caminhao;ilesos;levemente_feridos;moderadamente_feridos;gravemente_feridos;mortos;3
06/11/2014;00:58:00;34;sem vítima;623,5;BR-381/MG;Norte;Outros - Sequência;1;2;;;;;1
06/11/2014;10:27:00;197;com vítima;722,5;BR-381/MG;Norte;Tombamento;1;0;1;;;;1
06/11/2014;07:27:00;108;com vítima;736,7;BR-381/MG;Sul;Tombamento;1;0;1;;;;1
06/11/2014;14:00:00;272;sem vítima;900;BR-381/MG;Sul;Engavetamento;3;3;;;;;1
06/11/2014;19:06:00;395;sem vítima;900,8;BR-381/MG;Norte;Choque - Outros;1;1;;;;;1
06/11/2014;13:43:00;268;sem vítima;913;BR-381/MG;Norte;Choque - Defensa, barreira ou "submarino";1;1;;;;;1
06/11/2014;16:16:00;323;com vítima;929;BR-381/MG;Sul;Outros - Sequência;2;3;1;;;;1
07/11/2014;18:25:00;395;sem vítima;90;BR-381/SP;Norte;Colisão Traseira;1;2;;;;;1
07/11/2014;08:06:00;113;sem vítima;481,3;BR-381/MG;Norte;Colisão Traseira;1;2;;;;;1
07/11/2014;07:58:00;110;sem vítima;491;BR-381/MG;Norte;Engavetamento;2;3;;;;;1
07/11/2014;05:41:00;78;sem vítima;491,2;BR-381/MG;Sul;Outros - Sequência;1;2;;;;;1
07/11/2014;18:29:00;399;com vítima;526;BR-381/MG;Norte;Outros - Sequência;1;1;;;1;1;3
07/11/2014;16:51:00;344;sem vítima;546;BR-381/MG;Sul;Colisão Traseira;2;2;;;;;1
07/11/2014;15:32:00;302;sem vítima;581,8;BR-381/MG;Sul;Tombamento;1;1;;;;;1
07/11/2014;15:21:00;294;sem vítima;616;BR-381/MG;Norte;Colisão Lateral;1;2;;;;;1
07/11/2014;17:58:00;382;sem vítima;636;BR-381/MG;Norte;Colisão Lateral;1;2;;;;;1
07/11/2014;16:26:00;332;sem vítima;724,5;BR-381/MG;Norte;Tombamento;1;1;;;;;1
07/11/2014;08:42:00;129;sem vítima;735;BR-381/MG;Sul;Colisão Traseira;1;2;;;;;1
07/11/2014;05:15:00;69;sem vítima;741;BR-381/MG;Norte;Outros - Sequência;1;1;;;;;1
07/11/2014;09:20:00;147;com vítima;790;BR-381/MG;Sul;Outros - Sequência;1;1;;;1;;2
07/11/2014;18:15:00;390;sem vítima;815;BR-381/MG;Norte;Colisão Traseira;1;2;;;;;1
07/11/2014;12:40:00;236;sem vítima;893;BR-381/MG;Sul;Choque - Defensa, barreira ou "submarino";1;1;;;;;1
07/11/2014;11:21:00;204;sem vítima;920;BR-381/MG;Sul;Outros - Sequência;1;1;;;;;1
07/11/2014;16:45:00;340;com vítima;934;BR-381/MG;Norte;Tombamento;1;0;1;;;;1
08/11/2014;01:54:00;49;com vítima;550;BR-381/MG;Norte;Tombamento;1;0;1;;;;1
08/11/2014;00:49:00;24;sem vítima;763;BR-381/MG;Sul;Outros - Sequência;1;1;;;;;1
09/11/2014;11:51:00;144;com vítima;686;BR-381/MG;Norte;Tombamento;1;0;1;;;;1
09/11/2014;14:25:00;198;sem vítima;905;BR-381/MG;Norte;Outros - Sequência;1;2;;;;;1
10/11/2014;08:55:00;142;com vítima;483;BR-381/MG;Sul;Outros - Sequência;1;2;2;;;;1
10/11/2014;11:36:00;215;sem vítima;488,6;BR-381/MG;Norte;Colisão Traseira;2;2;;;;;1
10/11/2014;02:48:00;41;com vítima;498;BR-381/MG-CONT;Sul;Outros - Sequência;2;3;1;;;;1
10/11/2014;03:58:00;52;sem vítima;656,7;BR-381/MG;Norte;Outros - Sequência;1;1;;;;;1
10/11/2014;16:40:00;341;sem vítima;672,8;BR-381/MG;Norte;Outros - Sequência;1;1;;;;;1
10/11/2014;03:31:00;49;sem vítima;767,2;BR-381/MG;Sul;Tombamento;1;1;;;;;1
11/11/2014;17:13:00;333;sem vítima;45;BR-381/SP;Norte;Outros - Sequência;2;3;;;;;1
11/11/2014;04:39:00;55;sem vítima;673,5;BR-381/MG;Norte;Colisão Traseira;1;2;;;;;1
11/11/2014;00:14:00;21;sem vítima;704;BR-381/MG;Norte;Colisão Lateral;1;1;;;;;1
11/11/2014;13:41:00;225;com vítima;852;BR-381/MG;Norte;Tombamento;1;0;1;;;;1
12/11/2014;17:25:00;402;sem vítima;60,8;BR-381/SP;Sul;Tombamento;1;1;;;;;1
12/11/2014;14:10:00;294;com vítima;479,5;BR-381/MG;Norte;Outros;1;0;1;;;;1
12/11/2014;13:24:00;275;com vítima;481;BR-381/MG;Norte;Colisão Traseira;1;2;2;;;;1
12/11/2014;15:58:00;358;sem vítima;490,4;BR-381/MG;Sul;Engavetamento;1;3;;;;;1
12/11/2014;15:28:00;339;com vítima;533,5;BR-381/MG;Norte;Colisão Traseira;1;1;2;;;;1
12/11/2014;14:51:00;316;sem vítima;829;BR-381/MG;Sul;Colisão Traseira;1;2;;;;;1
12/11/2014;16:35:00;375;sem vítima;908,8;BR-381/MG;Norte;Colisão Traseira;1;2;;;;;1
13/11/2014;00:56:00;30;com vítima;484;BR-381/MG;Norte;Colisão Traseira;1;1;1;;;;1
13/11/2014;00:02:00;21;sem vítima;517,6;BR-381/MG;Norte;Choque - Defensa, barreira ou "submarino";1;1;;;;;1
13/11/2014;11:59:00;221;sem vítima;555,3;BR-381/MG;Sul;Outros - Sequência;1;1;;;;;1
13/11/2014;01:09:00;34;sem vítima;671,6;BR-381/MG;Sul;Choque - Defensa, barreira ou "submarino";1;1;;;;;1
13/11/2014;10:29:00;179;sem vítima;681;BR-381/MG;Sul;Colisão Lateral;1;2;;;;;1
13/11/2014;08:56:00;139;com vítima;798,9;BR-381/MG;Norte;Tombamento;1;0;1;;;;1
13/11/2014;06:33:00;79;com vítima;925,3;BR-381/MG;Sul;Tombamento;1;0;1;;;;1
13/11/2014;17:03:00;340;sem vítima;946;BR-381/MG;Sul;Saida de Pista;1;1;;;;;1
14/11/2014;22:26:00;526;sem vítima;1;BR-381/SP;Sul;Tombamento;1;1;;;;;1
14/11/2014;17:30:00;389;sem vítima;66;BR-381/SP;Norte;Engavetamento;1;3;;;;;1
14/11/2014;14:03:00;298;com vítima;75;BR-381/SP;Norte;Colisão Traseira;1;1;1;;1;;2
14/11/2014;15:23:00;332;sem vítima;478;BR-381/MG;Norte;Colisão Traseira;1;2;;;;;1
14/11/2014;20:56:00;491;com vítima;485;BR-381/MG;Sul;Engavetamento;2;3;;1;;;2
14/11/2014;20:34:00;453;sem vítima;485,2;BR-381/MG;Sul;Choque - Defensa, barreira ou "submarino";1;1;;;;;1
14/11/2014;20:34:00;477;sem vítima;485,2;BR-381/MG;Norte;Outros - Sequência;1;2;;;;;1
14/11/2014;22:14:00;522;sem vítima;485,4;BR-381/MG;Norte;Saida de Pista;1;2;;;;;1
14/11/2014;01:26:00;39;com vítima;543,4;BR-381/MG;Sul;Colisão Traseira;2;2;1;;;;1
14/11/2014;07:07:00;88;sem vítima;653;BR-381/MG;Norte;Colisão Lateral;1;2;;;;;1
14/11/2014;08:03:00;119;sem vítima;683,7;BR-381/MG;Norte;Choque - Defensa, barreira ou "submarino";1;1;;;;;1
14/11/2014;00:13:00;25;sem vítima;726,9;BR-381/MG;Norte;Colisão Traseira;2;2;;;;;1
14/11/2014;04:00:00;58;sem vítima;744,5;BR-381/MG;Sul;Outros - Sequência;1;1;;;;;1
14/11/2014;13:42:00;289;com vítima;756,9;BR-381/MG;Sul;Colisão Traseira;2;1;1;;;;1
14/11/2014;13:28:00;279;com vítima;940,7;BR-381/MG;Norte;Tombamento;1;0;;1;;;2
15/11/2014;08:53:00;189;sem vítima;60;BR-381/SP;Norte;Colisão Lateral;1;2;;;;;1
15/11/2014;05:25:00;100;com vítima;485,8;BR-381/MG;Norte;Outros - Sequência;1;1;1;;;;1
15/11/2014;04:45:00;93;com vítima;619,2;BR-381/MG;Norte;Outros - Sequência;2;0;5;;;;1
15/11/2014;01:19:00;27;sem vítima;690;BR-381/MG;Sul;Outros;1;1;;;;;1
16/11/2014;19:16:00;359;com vítima;585;BR-381/MG;Norte;Tombamento;1;0;1;;;;1
16/11/2014;16:24:00;267;sem vítima;830;BR-381/MG;Norte;Colisão Traseira;1;5;;;;;1
16/11/2014;18:47:00;343;com vítima;924,8;BR-381/MG;Sul;Outros - Sequência;1;0;1;;;;1
17/11/2014;23:48:00;520;sem vítima;13,5;BR-381/SP;Sul;Colisão Traseira;2;2;;;;;1
17/11/2014;21:14:00;471;sem vítima;487;BR-381/MG;Sul;Colisão Lateral;1;2;;;;;1
17/11/2014;09:47:00;186;sem vítima;499;BR-381/MG;Sul;Colisão Lateral;1;2;;;;;1
17/11/2014;09:15:00;171;com vítima;525;BR-381/MG;Sul;Tombamento;1;0;;1;;;2
17/11/2014;08:53:00;162;com vítima;905,5;BR-381/MG;Norte;Choque - Defensa, barreira ou "submarino";1;0;1;;;;1
17/11/2014;20:37:00;457;sem vítima;906;BR-381/MG;Norte;Colisão Lateral;1;2;;;;;1
18/11/2014;20:42:00;472;sem vítima;489;BR-381/MG;Norte;Colisão Lateral;2;2;;;;;1
18/11/2014;09:35:00;159;sem vítima;489,5;BR-381/MG;Norte;Outros - Sequência;1;2;;;;;1
18/11/2014;02:20:00;44;sem vítima;648,1;BR-381/MG;Norte;Outros - Sequência;1;1;;;;;1
18/11/2014;18:33:00;424;sem vítima;794,95;BR-381/MG;Sul;Colisão Traseira;2;2;;;;;1
18/11/2014;13:38:00;279;sem vítima;852,5;BR-381/MG;Sul;Colisão Traseira;2;2;;;;;1
19/11/2014;15:13:00;327;sem vítima;31;BR-381/SP;Norte;Colisão Traseira;1;2;;;;;1
19/11/2014;14:34:00;306;sem vítima;540,6;BR-381/MG;Norte;Choque - Talude;1;1;;;;;1
19/11/2014;01:47:00;47;com vítima;802,5;BR-381/MG;Sul;Outros - Sequência;1;1;1;;;;1
19/11/2014;23:31:00;553;com vítima;806;BR-381/MG;Norte;Engavetamento;3;4;1;;;;1
19/11/2014;17:16:00;389;com vítima;849;BR-381/MG;Norte;Colisão Traseira;1;1;;;1;;2
20/11/2014;21:57:00;448;sem vítima;54;BR-381/SP;Norte;Atropelamento de Animal;1;2;;;;;1
20/11/2014;07:48:00;104;sem vítima;61,4;BR-381/SP;Norte;Outros - Sequência;1;2;;;;;1
20/11/2014;17:15:00;338;sem vítima;479,3;BR-381/MG;Sul;Colisão Lateral;1;2;;;;;1
20/11/2014;17:32:00;348;sem vítima;479,3;BR-381/MG;Sul;Colisão Traseira;1;2;;;;;1
20/11/2014;00:41:00;27;sem vítima;508;BR-381/MG;Norte;Outros - Sequência;1;2;;;;;1
20/11/2014;05:07:00;58;sem vítima;749;BR-381/MG;Norte;Colisão Traseira;2;2;;;;;1
20/11/2014;00:10:00;23;sem vítima;867;BR-381/MG;Sul;Choque - Outros;1;2;;;;;1
20/11/2014;08:44:00;133;com vítima;940,8;BR-381/MG;Norte;Tombamento;1;1;1;;;;1
21/11/2014;08:34:00;127;sem vítima;478;BR-381/MG;Norte;Colisão Lateral;1;2;;;;;1
21/11/2014;08:58:00;138;sem vítima;480,5;BR-381/MG;Norte;Colisão Lateral;1;2;;;;;1
21/11/2014;16:33:00;359;sem vítima;513,8;BR-381/MG;Sul;Colisão Traseira;1;2;;;;;1
21/11/2014;18:55:00;441;sem vítima;517,8;BR-381/MG;Norte;Colisão Traseira;1;2;;;;;1
21/11/2014;07:55:00;118;sem vítima;591,9;BR-381/MG;Norte;Outros - Sequência;1;1;;;;;1
21/11/2014;07:22:00;109;sem vítima;753,6;BR-381/MG;Sul;Choque - Defensa, barreira ou "submarino";1;1;;;;;1
21/11/2014;17:21:00;376;sem vítima;913;BR-381/MG;Sul;Outros - Sequência;1;1;;;;;1
21/11/2014;11:17:00;209;com vítima;924,8;BR-381/MG;Sul;Tombamento;1;0;;1;;;2
21/11/2014;17:30:00;389;sem vítima;925,5;BR-381/MG;Sul;Choque - Outros;1;1;;;;;1
22/11/2014;06:52:00;84;sem vítima;24,2;BR-381/SP;Sul;Tombamento;1;1;;;;;1
22/11/2014;15:56:00;267;sem vítima;726,7;BR-381/MG;Norte;Colisão Traseira;2;2;;;;;1
22/11/2014;17:50:00;334;sem vítima;908;BR-381/MG;Norte;Tombamento;1;1;;;;;1
22/11/2014;15:19:00;245;sem vítima;938;BR-381/MG;Sul;Colisão Traseira;1;2;;;;;1
22/11/2014;10:07:00;144;com vítima;940,8;BR-381/MG;Norte;Outros - Sequência;2;5;1;;;;1
23/11/2014;00:56:00;29;sem vítima;44,5;BR-381/SP;Sul;Choque - Outros;1;2;;;;;1
23/11/2014;17:22:00;356;sem vítima;497,9;BR-381/MG;Norte;Colisão Lateral;1;2;;;;;1
23/11/2014;15:29:00;305;sem vítima;521,2;BR-381/MG;Sul;Colisão Traseira;1;2;;;;;1
23/11/2014;18:45:00;404;sem vítima;687;BR-381/MG;Norte;Tombamento;1;1;;;;;1
23/11/2014;13:59:00;252;sem vítima;765;BR-381/MG;Norte;Outros - Sequência;1;1;;;;;1
23/11/2014;18:52:00;409;sem vítima;811,85;BR-381/MG;Norte;Choque - Elemento de Drenagem;1;1;;;;;1
23/11/2014;09:45:00;162;com vítima;814;BR-381/MG;Sul;Tombamento;1;1;1;;;;1
23/11/2014;13:23:00;240;sem vítima;869;BR-381/MG;Sul;Outros - Sequência;1;2;;;;;1
24/11/2014;17:38:00;379;com vítima;19;BR-381/SP;Sul;Outros - Sequência;1;1;1;;;;1
24/11/2014;16:44:00;358;sem vítima;50;BR-381/SP;Norte;Choque - Defensa, barreira ou "submarino";1;1;;;;;1
24/11/2014;12:20:00;247;sem vítima;625;BR-381/MG;Sul;Colisão Traseira;2;2;;;;;1
24/11/2014;14:56:00;311;sem vítima;661;BR-381/MG;Sul;Colisão Traseira;1;4;;;;;1
24/11/2014;08:01:00;129;sem vítima;686,5;BR-381/MG;Norte;Tombamento;1;1;;;;;1
24/11/2014;12:04:00;243;sem vítima;687,5;BR-381/MG;Norte;Colisão Transversal;1;5;;;;;1
25/11/2014;12:13:00;227;sem vítima;26,5;BR-381/SP;Sul;Outros - Sequência;2;11;;;;;1
25/11/2014;17:21:00;369;sem vítima;60,95;BR-381/SP;Sul;Choque - Talude;1;1;;;;;1
25/11/2014;12:39:00;237;com vítima;63;BR-381/SP;Sul;Choque - Elemento de Drenagem;1;1;1;;;;1
25/11/2014;18:37:00;404;sem vítima;64;BR-381/SP;Sul;Outros - Sequência;1;1;;;;;1
25/11/2014;21:06:00;464;sem vítima;557;BR-381/MG;Norte;Colisão Lateral;2;2;;;;;1
25/11/2014;07:50:00;110;sem vítima;581;BR-381/MG;Norte;Choque - Defensa, barreira ou "submarino";1;1;;;;;1
25/11/2014;10:10:00;166;com vítima;628;BR-381/MG;Sul;Outros - Sequência;1;0;2;;;;1
25/11/2014;05:23:00;64;com vítima;756;BR-381/MG;Norte;Outros - Sequência;1;0;1;;;;1
25/11/2014;06:51:00;84;com vítima;921,5;BR-381/MG;Sul;Outros - Sequência;1;0;1;;;;1
25/11/2014;10:13:00;169;sem vítima;937;BR-381/MG;Norte;Outros;1;2;;;;;1
25/11/2014;09:16:00;145;sem vítima;945,8;BR-381/MG;Sul;Engavetamento;2;3;;;;;1
25/11/2014;09:03:00;139;sem vítima;946,6;BR-381/MG;Sul;Colisão Traseira;2;3;;;;;1
26/11/2014;15:07:00;308;sem vítima;54;BR-381/SP;Sul;Choque - Defensa, barreira ou "submarino";1;1;;;;;1
26/11/2014;16:42:00;358;sem vítima;65;BR-381/SP;Norte;Colisão Traseira;1;2;;;;;1
26/11/2014;16:03:00;342;sem vítima;75;BR-381/SP;Norte;Choque - Talude;1;1;;;;;1
26/11/2014;11:24:00;209;sem vítima;88;BR-381/SP;Sul;Choque - Defensa, barreira ou "submarino";1;1;;;;;1
26/11/2014;18:12:00;400;sem vítima;482,9;BR-381/MG;Norte;Colisão Lateral;2;2;;;;;1
26/11/2014;06:50:00;86;sem vítima;486,3;BR-381/MG;Sul;Outros - Sequência;1;2;;;;;1
26/11/2014;12:22:00;230;sem vítima;489;BR-381/MG;Norte;Outros - Sequência;1;2;;;;;1
26/11/2014;12:58:00;244;sem vítima;533;BR-381/MG;Norte;Outros - Sequência;1;2;;;;;1
26/11/2014;21:03:00;455;com vítima;559;BR-381/MG;Sul;Outros - Sequência;1;1;4;;;;1
26/11/2014;14:56:00;295;com vítima;708;BR-381/MG;Norte;Tombamento;1;1;;1;;;2
26/11/2014;18:47:00;419;sem vítima;758;BR-381/MG;Sul;Choque - Elemento de Drenagem;1;1;;;;;1
26/11/2014;09:55:00;170;sem vítima;873,7;BR-381/MG;Norte;Choque - Outros;1;1;;;;;1
26/11/2014;09:35:00;160;sem vítima;908;BR-381/MG;Norte;Choque - Outros;2;2;;;;;1
26/11/2014;13:20:00;251;com vítima;946;BR-381/MG;Norte;Colisão Traseira;2;2;;1;;;2
26/11/2014;02:12:00;46;sem vítima;948;BR-381/MG;Sul;Colisão Traseira;1;2;;;;;1
27/11/2014;06:34:00;82;sem vítima;10;BR-381/SP;Norte;Colisão Traseira;1;2;;;;;1
27/11/2014;21:37:00;443;sem vítima;36,6;BR-381/SP;Norte;Outros - Sequência;1;2;;;;;1
27/11/2014;11:09:00;200;com vítima;481,6;BR-381/MG;Norte;Outros - Sequência;1;2;1;;;;1
27/11/2014;22:12:00;451;sem vítima;561,7;BR-381/MG;Sul;Outros - Sequência;1;1;;;;;1
27/11/2014;15:04:00;297;sem vítima;569;BR-381/MG;Sul;Outros - Sequência;1;1;;;;;1
27/11/2014;04:23:00;60;com vítima;602,9;BR-381/MG;Norte;Outros - Sequência;1;1;1;;;;1
27/11/2014;17:55:00;376;com vítima;606,5;BR-381/MG;Sul;Outros - Sequência;3;2;;1;1;;2
27/11/2014;05:24:00;67;sem vítima;632,5;BR-381/MG;Norte;Tombamento;1;1;;;;;1
27/11/2014;05:56:00;75;sem vítima;795;BR-381/MG;Norte;Colisão Traseira;2;2;;;;;1
28/11/2014;18:34:00;434;sem vítima;51;BR-381/SP;Norte;Colisão Traseira;2;3;;;;;1
28/11/2014;13:01:00;263;com vítima;478;BR-381/MG;Sul;Colisão Lateral;2;2;;1;;;2
28/11/2014;04:29:00;75;sem vítima;486,6;BR-381/MG;Norte;Choque - Defensa, barreira ou "submarino";1;1;;;;;1
28/11/2014;18:04:00;410;sem vítima;490,5;BR-381/MG;Sul;Colisão Lateral;1;2;;;;;1
28/11/2014;00:47:00;44;sem vítima;524;BR-381/MG;Sul;Colisão Traseira;1;2;;;;;1
28/11/2014;11:14:00;230;sem vítima;580;BR-381/MG;Norte;Tombamento;1;1;;;;;1
28/11/2014;21:45:00;519;sem vítima;622,5;BR-381/MG;Sul;Choque - Defensa, barreira ou "submarino";1;1;;;;;1
28/11/2014;03:00:00;66;sem vítima;664;BR-381/MG;Sul;Colisão Traseira;2;2;;;;;1
28/11/2014;23:15:00;547;sem vítima;691,9;BR-381/MG;Norte;Outros;1;1;;;;;1
28/11/2014;04:42:00;77;sem vítima;735,6;BR-381/MG;Norte;Tombamento;1;1;;;;;1
28/11/2014;02:59:00;65;sem vítima;740,3;BR-381/MG;Norte;Outros;1;1;;;;;1
28/11/2014;05:21:00;81;sem vítima;806;BR-381/MG;Sul;Colisão Traseira;2;2;;;;;1
28/11/2014;09:54:00;196;sem vítima;863,2;BR-381/MG;Sul;Choque - Defensa, barreira ou "submarino";1;1;;;;;1
28/11/2014;12:14:00;249;sem vítima;930,3;BR-381/MG;Sul;Colisão Traseira;2;2;;;;;1
29/11/2014;12:33:00;246;sem vítima;523,9;BR-381/MG;Norte;Colisão Traseira;1;2;;;;;1
30/11/2014;14:57:00;240;com vítima;484,5;BR-381/MG;Sul;Outros - Sequência;1;4;1;;;;1
30/11/2014;03:36:00;57;sem vítima;487,3;BR-381/MG;Sul;Colisão Traseira;1;2;;;;;1
30/11/2014;21:08:00;410;sem vítima;510;BR-381/MG;Sul;Colisão Traseira;1;2;;;;;1
30/11/2014;11:11:00;159;sem vítima;523,1;BR-381/MG;Sul;Colisão Traseira;1;2;;;;;1
30/11/2014;05:31:00;74;sem vítima;570;BR-381/MG;Norte;Outros - Sequência;1;2;;;;;1
30/11/2014;15:07:00;244;sem vítima;615,7;BR-381/MG;Norte;Choque - Elemento de Drenagem;1;1;;;;;1
30/11/2014;13:50:00;216;com vítima;707,5;BR-381/MG;Sul;Outros - Sequência;1;1;1;;;;1
30/11/2014;12:38:00;191;com vítima;729;BR-381/MG;Norte;Outros - Sequência;1;2;1;;;;1
30/11/2014;20:41:00;399;com vítima;907,72;BR-381/MG;Norte;Tombamento;1;0;;;;1;3
01/12/2014;17:09:00;374;sem vítima;69,7;BR-381/SP;Sul;Choque - Defensa, barreira ou "submarino";1;1;;;;;1
01/12/2014;11:52:00;241;com vítima;489;BR-381/MG;Sul;Engavetamento;1;4;;2;;;2
01/12/2014;15:47:00;332;sem vítima;490,5;BR-381/MG;Norte;Colisão Lateral;1;2;;;;;1
01/12/2014;13:03:00;254;sem vítima;491;BR-381/MG;Sul;Colisão Lateral;1;2;;;;;1
01/12/2014;11:13:00;211;com vítima;494;BR-381/MG;Sul;Colisão Lateral;2;1;1;;;;1
01/12/2014;15:54:00;337;com vítima;613,7;BR-381/MG;Sul;Outros - Sequência;1;2;2;;;;1
01/12/2014;17:07:00;372;sem vítima;707,8;BR-381/MG;Sul;Choque - Suporte de Sinalização;1;2;;;;;1
01/12/2014;18:13:00;407;com vítima;821,7;BR-381/MG;Norte;Colisão Frontal;1;1;;1;;;2
01/12/2014;09:02:00;145;sem vítima;864,5;BR-381/MG;Sul;Outros - Sequência;1;2;;;;;1
01/12/2014;01:40:00;36;com vítima;936,05;BR-381/MG;Sul;Tombamento;1;0;;1;;;2
02/12/2014;09:27:00;179;sem vítima;66,6;BR-381/SP;Sul;Colisão Traseira;2;2;;;;;1
02/12/2014;14:44:00;297;sem vítima;491,4;BR-381/MG;Sul;Colisão Traseira;1;2;;;;;1
02/12/2014;09:29:00;181;sem vítima;617,1;BR-381/MG;Sul;Colisão Lateral;1;2;;;;;1
02/12/2014;01:55:00;50;sem vítima;791,8;BR-381/MG;Norte;Atropelamento de Animal;1;1;;;;;1
02/12/2014;08:16:00;138;sem vítima;831;BR-381/MG;Sul;Saida de Pista;1;1;;;;;1
02/12/2014;10:22:00;202;sem vítima;932;BR-381/MG;Sul;Colisão Traseira;2;2;;;;;1
03/12/2014;10:59:00;193;sem vítima;89;BR-381/SP;Sul;Colisão Traseira;1;2;;;;;1
03/12/2014;18:21:00;370;sem vítima;481;BR-381/MG;Norte;Outros;1;1;;;;;1
03/12/2014;18:31:00;372;com vítima;499,7;BR-381/MG;Sul;Colisão Traseira;1;1;1;;;;1
03/12/2014;16:46:00;319;sem vítima;501,9;BR-381/MG;Sul;Colisão Lateral;1;2;;;;;1
03/12/2014;09:54:00;172;com vítima;503;BR-381/MG;Sul;Engavetamento;2;3;2;;;;1
03/12/2014;14:26:00;250;sem vítima;503;BR-381/MG;Sul;Colisão Lateral;1;2;;;;;1
03/12/2014;16:20:00;306;sem vítima;504;BR-381/MG;Sul;Colisão Traseira;1;2;;;;;1
03/12/2014;14:47:00;261;sem vítima;509;BR-381/MG;Sul;Colisão Lateral;1;2;;;;;1
03/12/2014;22:42:00;449;sem vítima;514,2;BR-381/MG;Sul;Outros - Sequência;1;1;;;;;1
03/12/2014;08:09:00;118;sem vítima;659;BR-381/MG;Norte;Choque - Elemento de Drenagem;1;1;;;;;1
03/12/2014;09:07:00;147;sem vítima;757;BR-381/MG;Sul;Choque - Elemento de Drenagem;1;1;;;;;1
03/12/2014;21:44:00;434;sem vítima;853;BR-381/MG;Sul;Colisão Traseira;1;2;;;;;1
03/12/2014;21:24:00;428;sem vítima;868;BR-381/MG;Norte;Outros - Sequência;1;1;;;;;1
03/12/2014;20:03:00;403;sem vítima;916;BR-381/MG;Sul;Tombamento;1;1;;;;;1
03/12/2014;09:34:00;158;sem vítima;948;BR-381/MG;Norte;Colisão Traseira;1;2;;;;;1
04/12/2014;14:49:00;323;sem vítima;491;BR-381/MG;Norte;Colisão Traseira;2;2;;;;;1
04/12/2014;07:39:00;134;sem vítima;597,67;BR-381/MG;Norte;Colisão Traseira;2;2;;;;;1
04/12/2014;23:09:00;524;sem vítima;627;BR-381/MG;Sul;Outros - Sequência;1;1;;;;;1
04/12/2014;08:15:00;153;com vítima;636,9;BR-381/MG;Norte;Tombamento;1;0;2;;;;1
04/12/2014;08:33:00;164;sem vítima;707,03;BR-381/MG;Norte;Tombamento;1;1;;;;;1
04/12/2014;23:59:00;532;com vítima;941;BR-381/MG;Norte;Outros - Sequência;1;1;;1;;;2
05/12/2014;07:08:00;105;sem vítima;79;BR-381/SP;Sul;Colisão Traseira;2;3;;;;;1
05/12/2014;18:11:00;404;sem vítima;478;BR-381/MG;Norte;Colisão Lateral;1;2;;;;;1
05/12/2014;14:25:00;276;com vítima;479,5;BR-381/MG;Norte;Engavetamento;1;2;1;;;;1
05/12/2014;23:16:00;537;sem vítima;500,1;BR-381/MG;Norte;Outros - Sequência;1;1;;;;;1
05/12/2014;20:18:00;463;sem vítima;530,1;BR-381/MG;Norte;Colisão Lateral;1;2;;;;;1
05/12/2014;05:37:00;75;com vítima;540,7;BR-381/MG;Norte;Tombamento;1;0;2;;;;1
05/12/2014;06:52:00;94;sem vítima;541,7;BR-381/MG;Norte;Colisão Traseira;2;2;;;;;1
05/12/2014;15:27:00;312;com vítima;623,8;BR-381/MG;Norte;Choque - Talude;1;0;1;;;;1
05/12/2014;01:53:00;47;sem vítima;648,1;BR-381/MG;Norte;Tombamento;1;1;;;;;1
05/12/2014;16:02:00;330;sem vítima;700,521;BR-381/MG;Sul;Choque - Elemento de Drenagem;1;1;;;;;1
05/12/2014;12:40:00;239;sem vítima;724;BR-381/MG;Sul;Colisão Traseira;1;2;;;;;1
06/12/2014;02:04:00;57;sem vítima;56;BR-381/SP;Sul;Colisão Traseira;1;2;;;;;1
06/12/2014;06:25:00;93;sem vítima;90;BR-381/SP;Norte;Tombamento;1;1;;;;;1
06/12/2014;08:09:00;131;sem vítima;495;BR-381/MG;Norte;Engavetamento;1;3;;;;;1
06/12/2014;01:32:00;48;sem vítima;501;BR-381/MG;Sul;Outros - Sequência;1;1;;;;;1
06/12/2014;21:56:00;479;com vítima;547;BR-381/MG;Norte;Outros - Sequência;1;2;1;;;;1
06/12/2014;11:09:00;217;sem vítima;562;BR-381/MG;Norte;Outros;1;1;;;;;1
06/12/2014;03:36:00;71;sem vítima;584;BR-381/MG;Sul;Outros - Sequência;1;1;;;;;1
06/12/2014;21:04:00;454;com vítima;702,8;BR-381/MG;Norte;Outros - Sequência;1;1;2;;;;1
06/12/2014;02:11:00;58;sem vítima;740,3;BR-381/MG;Norte;Tombamento;1;1;;;;;1
06/12/2014;09:23:00;162;sem vítima;745,8;BR-381/MG;Sul;Tombamento;1;1;;;;;1
07/12/2014;22:48:00;422;sem vítima;65;BR-381/SP;Sul;Colisão Traseira;1;2;;;;;1
07/12/2014;11:13:00;163;sem vítima;65,1;BR-381/SP;Norte;Outros - Sequência;1;3;;;;;1
07/12/2014;11:11:00;161;sem vítima;524;BR-381/MG;Sul;Saida de Pista;1;1;;;;;1
07/12/2014;06:27:00;72;sem vítima;889;BR-381/MG;Sul;Colisão Traseira;1;2;;;;;1
07/12/2014;19:39:00;361;com vítima;923;BR-381/MG;Sul;Capotamento;1;3;3;;;;1
08/12/2014;08:48:00;146;sem vítima;479;BR-381/MG;Sul;Colisão Lateral;1;2;;;;;1
08/12/2014;10:38:00;193;com vítima;487,5;BR-381/MG;Sul;Outros - Sequência;1;1;;1;;;2
08/12/2014;18:16:00;429;sem vítima;705,5;BR-381/MG;Sul;Choque - Defensa, barreira ou "submarino";1;1;;;;;1