data;horario;n_da_ocorrencia;tipo_de_ocorrencia;km;trecho;sentido;tipo_de_acidente;caminhao;ilesos;levemente_feridos;moderadamente_feridos;gravemente_feridos;mortos;3
08/12/2014;17:40:00;403;com vítima;706,1;BR-381/MG;Sul;Choque - Defensa, barreira ou "submarino";1;0;1;;;;1
08/12/2014;05:06:00;70;com vítima;940;BR-381/MG;Sul;Colisão Lateral;1;2;1;;;;1
09/12/2014;14:46:00;266;sem vítima;23;BR-381/SP;Sul;Outros - Sequência;1;1;;;;;1
09/12/2014;15:51:00;295;sem vítima;478,5;BR-381/MG;Norte;Colisão Traseira;2;2;;;;;1
09/12/2014;17:41:00;341;com vítima;489;BR-381/MG;Sul;Engavetamento;1;4;;1;;;2
09/12/2014;13:34:00;242;sem vítima;520,5;BR-381/MG;Norte;Choque - Defensa, barreira ou "submarino";1;1;;;;;1
09/12/2014;05:08:00;63;sem vítima;567,8;BR-381/MG;Norte;Choque - Defensa, barreira ou "submarino";1;1;;;;;1
09/12/2014;19:39:00;392;sem vítima;655,444;BR-381/MG;Sul;Tombamento;1;1;;;;;1
09/12/2014;21:52:00;439;sem vítima;805;BR-381/MG;Sul;Colisão Traseira;2;2;;;;;1
09/12/2014;10:03:00;175;sem vítima;899,4;BR-381/MG;Sul;Choque - Defensa, barreira ou "submarino";1;1;;;;;1
10/12/2014;15:59:00;341;com vítima;17,2;BR-381/SP;Sul;Choque - Outros;1;0;;1;;;2
10/12/2014;22:38:00;491;sem vítima;53;BR-381/SP;Sul;Colisão Traseira;2;2;;;;;1
10/12/2014;16:24:00;350;sem vítima;70,5;BR-381/SP;Sul;Outros - Sequência;1;2;;;;;1
10/12/2014;11:00:00;216;sem vítima;479;BR-381/MG;Norte;Outros - Sequência;1;1;;;;;1
10/12/2014;18:09:00;397;com vítima;481,3;BR-381/MG;Sul;Engavetamento;1;2;;1;;;2
10/12/2014;06:15:00;76;com vítima;499,6;BR-381/MG;Norte;Outros - Sequência;1;1;1;;;;1
10/12/2014;17:18:00;379;com vítima;525;BR-381/MG;Sul;Tombamento;1;0;;;;1;3
10/12/2014;11:11:00;221;sem vítima;781,9;BR-381/MG;Sul;Colisão Lateral;2;2;;;;;1
10/12/2014;18:05:00;393;sem vítima;869;BR-381/MG;Sul;Choque - Defensa, barreira ou "submarino";1;1;;;;;1
10/12/2014;14:08:00;283;sem vítima;876,5;BR-381/MG;Norte;Colisão Traseira;1;2;;;;;1
10/12/2014;02:33:00;47;com vítima;905;BR-381/MG;Norte;Colisão Traseira;2;1;;1;;;2
10/12/2014;17:02:00;368;sem vítima;907,5;BR-381/MG;Sul;Colisão Traseira;1;2;;;;;1
10/12/2014;15:11:00;317;sem vítima;921,8;BR-381/MG;Sul;Outros - Sequência;1;1;;;;;1
11/12/2014;05:24:00;78;sem vítima;534,8;BR-381/MG;Sul;Outros - Sequência;1;3;;;;;1
11/12/2014;02:37:00;61;sem vítima;562;BR-381/MG;Sul;Colisão Traseira;1;2;;;;;1
11/12/2014;03:21:00;63;sem vítima;737;BR-381/MG;Norte;Choque - Defensa, barreira ou "submarino";1;1;;;;;1
11/12/2014;09:10:00;155;sem vítima;813;BR-381/MG;Sul;Choque - Elemento de Drenagem;1;1;;;;;1
11/12/2014;05:06:00;75;sem vítima;918,5;BR-381/MG;Sul;Colisão Traseira;1;2;;;;;1
12/12/2014;17:47:00;394;sem vítima;39,5;BR-381/SP;Norte;Choque - Defensa, barreira ou "submarino";1;1;;;;;1
12/12/2014;14:35:00;305;sem vítima;52,4;BR-381/SP;Norte;Choque - Defensa, barreira ou "submarino";1;1;;;;;1
12/12/2014;14:55:00;314;com vítima;69,5;BR-381/SP;Sul;Colisão Traseira;1;1;1;;;;1
12/12/2014;18:53:00;428;com vítima;478;BR-381/MG;Sul;Colisão Traseira;1;1;1;;;;1
12/12/2014;12:03:00;247;sem vítima;524,5;BR-381/MG;Sul;Colisão Lateral;2;3;;;;;1
12/12/2014;23:59:00;545;com vítima;564;BR-381/MG;Norte;Outros - Sequência;1;0;2;;;;1
12/12/2014;15:22:00;327;sem vítima;774;BR-381/MG;Sul;Choque - Defensa, barreira ou "submarino";1;1;;;;;1
12/12/2014;14:49:00;311;sem vítima;854;BR-381/MG;Norte;Colisão Traseira;2;2;;;;;1
13/12/2014;12:39:00;262;sem vítima;33;BR-381/SP;Norte;Colisão Traseira;1;2;;;;;1
13/12/2014;15:35:00;322;sem vítima;56;BR-381/SP;Norte;Engavetamento;1;5;;;;;1
13/12/2014;15:53:00;333;com vítima;70,3;BR-381/SP;Norte;Engavetamento;1;3;;1;;;2
13/12/2014;10:56:00;217;sem vítima;511,4;BR-381/MG;Norte;Choque - Defensa, barreira ou "submarino";1;1;;;;;1
13/12/2014;17:21:00;368;sem vítima;617;BR-381/MG;Norte;Colisão Traseira;1;2;;;;;1
13/12/2014;13:19:00;272;sem vítima;671,3;BR-381/MG;Sul;Tombamento;1;1;;;;;1
13/12/2014;09:22:00;185;sem vítima;746,8;BR-381/MG;Norte;Colisão Lateral;1;2;;;;;1
14/12/2014;21:34:00;421;sem vítima;560,5;BR-381/MG;Sul;Outros - Sequência;2;3;;;;;1
14/12/2014;23:39:00;454;com vítima;596;BR-381/MG;Sul;Colisão Lateral;1;0;3;;;;1
14/12/2014;04:42:00;69;sem vítima;723,3;BR-381/MG;Sul;Atropelamento de Animal;1;1;;;;;1
14/12/2014;01:48:00;55;sem vítima;903,4;BR-381/MG;Norte;Tombamento;1;1;;;;;1
14/12/2014;09:42:00;142;com vítima;903,8;BR-381/MG;Norte;Outros - Sequência;1;1;1;;;;1
14/12/2014;16:36:00;297;sem vítima;924;BR-381/MG;Sul;Colisão Lateral;1;2;;;;;1
15/12/2014;17:44:00;375;sem vítima;65;BR-381/SP;Norte;Colisão Traseira;2;2;;;;;1
15/12/2014;10:40:00;184;sem vítima;67,5;BR-381/SP;Sul;Colisão Lateral;1;2;;;;;1
15/12/2014;11:27:00;203;sem vítima;89,2;BR-381/SP;Sul;Colisão Lateral;1;2;;;;;1
15/12/2014;06:43:00;91;com vítima;478,5;BR-381/MG;Norte;Outros - Sequência;1;2;;;;1;3
15/12/2014;09:38:00;156;sem vítima;491,9;BR-381/MG;Sul;Choque - Defensa, barreira ou "submarino";1;1;;;;;1
15/12/2014;16:26:00;338;sem vítima;628,4;BR-381/MG;Norte;Outros - Sequência;1;1;;;;;1
15/12/2014;19:02:00;416;sem vítima;735;BR-381/MG;Norte;Colisão Traseira;2;2;;;;;1
15/12/2014;18:54:00;411;sem vítima;789,9;BR-381/MG;Sul;Tombamento;1;2;;;;;1
15/12/2014;16:29:00;339;sem vítima;823,9;BR-381/MG;Sul;Outros - Sequência;2;2;;;;;1
16/12/2014;17:46:00;386;sem vítima;66;BR-381/SP;Sul;Colisão Traseira;1;2;;;;;1
16/12/2014;10:18:00;195;sem vítima;89;BR-381/SP;Sul;Colisão Traseira;1;2;;;;;1
16/12/2014;07:25:00;114;sem vítima;478,3;BR-381/MG;Norte;Colisão Traseira;1;2;;;;;1
16/12/2014;18:31:00;410;sem vítima;489,8;BR-381/MG;Sul;Colisão Lateral;1;2;;;;;1
16/12/2014;17:12:00;376;sem vítima;518,9;BR-381/MG;Sul;Colisão Traseira;1;3;;;;;1
16/12/2014;01:19:00;33;com vítima;637,4;BR-381/MG;Sul;Outros - Sequência;1;0;1;;;;1
16/12/2014;23:48:00;529;sem vítima;660,8;BR-381/MG;Norte;Colisão Lateral;2;2;;;;;1
16/12/2014;17:00:00;370;sem vítima;708,7;BR-381/MG;Sul;Colisão Lateral;1;2;;;;;1
17/12/2014;10:16:00;197;sem vítima;75;BR-381/SP;Norte;Tombamento;1;1;;;;;1
17/12/2014;12:20:00;250;sem vítima;480,9;BR-381/MG;Sul;Colisão Traseira;1;2;;;;;1
17/12/2014;18:11:00;398;sem vítima;487;BR-381/MG;Sul;Colisão Traseira;1;2;;;;;1
17/12/2014;07:52:00;118;com vítima;639;BR-381/MG;Sul;Tombamento;1;0;1;;;;1
17/12/2014;18:00:00;391;sem vítima;754,3;BR-381/MG;Norte;Saida de Pista;1;1;;;;;1
17/12/2014;16:41:00;356;com vítima;832,366;BR-381/MG;Norte;Outros - Sequência;1;0;1;;;;1
17/12/2014;09:41:00;181;sem vítima;929;BR-381/MG;Sul;Outros - Sequência;2;2;;;;;1
18/12/2014;01:11:00;36;sem vítima;45;BR-381/SP;Norte;Colisão Traseira;1;3;;;;;1
18/12/2014;14:42:00;327;sem vítima;81;BR-381/SP;Sul;Tombamento;1;1;;;;;1
18/12/2014;08:11:00;135;sem vítima;89,7;BR-381/SP;Sul;Colisão Lateral;1;2;;;;;1
18/12/2014;07:15:00;115;sem vítima;487;BR-381/MG;Sul;Colisão Traseira;1;2;;;;;1
18/12/2014;15:27:00;353;com vítima;489;BR-381/MG;Norte;Engavetamento;1;3;2;;;;1
18/12/2014;13:06:00;277;sem vítima;490;BR-381/MG;Sul;Colisão Traseira;1;2;;;;;1
18/12/2014;13:54:00;295;sem vítima;529,1;BR-381/MG;Norte;Outros - Sequência;2;4;;;;;1
18/12/2014;18:31:00;454;sem vítima;558;BR-381/MG;Norte;Colisão Lateral;1;3;;;;;1
18/12/2014;15:31:00;358;sem vítima;568;BR-381/MG;Norte;Choque - Defensa, barreira ou "submarino";1;1;;;;;1
18/12/2014;20:17:00;493;sem vítima;658,25;BR-381/MG;Sul;Colisão Traseira;2;2;;;;;1
18/12/2014;08:01:00;130;sem vítima;796;BR-381/MG;Norte;Colisão Traseira;1;4;;;;;1
18/12/2014;17:09:00;414;com vítima;907;BR-381/MG;Norte;Tombamento;1;0;1;1;;;2
18/12/2014;17:58:00;442;com vítima;913;BR-381/MG;Sul;Tombamento;1;0;1;;;;1
18/12/2014;23:17:00;563;sem vítima;925;BR-381/MG;Sul;Engavetamento;4;4;;;;;1
18/12/2014;04:47:00;79;com vítima;934;BR-381/MG;Norte;Capotamento;1;0;2;;;;1
19/12/2014;06:42:00;132;sem vítima;26,1;BR-381/SP;Norte;Colisão Traseira;1;3;;;;;1
19/12/2014;18:38:00;514;com vítima;481,3;BR-381/MG;Norte;Outros - Sequência;1;5;2;;;;1
19/12/2014;00:45:00;28;sem vítima;492;BR-381/MG-CONT;Norte;Choque - Defensa, barreira ou "submarino";1;2;;;;;1
19/12/2014;15:05:00;399;sem vítima;517;BR-381/MG;Sul;Colisão Lateral;1;2;;;;;1
19/12/2014;23:12:00;652;com vítima;566,5;BR-381/MG;Norte;Outros - Sequência;1;0;;;;1;3
19/12/2014;03:10:00;78;sem vítima;906;BR-381/MG;Norte;Colisão Traseira;1;2;;;;;1
19/12/2014;10:06:00;253;sem vítima;934,6;BR-381/MG;Sul;Outros - Sequência;1;2;;;;;1
19/12/2014;11:12:00;288;sem vítima;934,6;BR-381/MG;Sul;Engavetamento;2;3;;;;;1
20/12/2014;00:44:00;33;sem vítima;67;BR-381/SP;Norte;Outros - Sequência;1;1;;;;;1
20/12/2014;09:15:00;226;com vítima;481,6;BR-381/MG;Sul;Outros - Sequência;1;2;1;;;;1
20/12/2014;20:53:00;627;com vítima;597,1;BR-381/MG;Norte;Outros - Sequência;1;1;;1;;;2
20/12/2014;19:59:00;596;sem vítima;599,8;BR-381/MG;Norte;Colisão Traseira;1;2;;;;;1
20/12/2014;06:52:00;143;sem vítima;604,3;BR-381/MG;Norte;Engavetamento;1;5;;;;;1
20/12/2014;10:35:00;266;sem vítima;662;BR-381/MG;Norte;Colisão Traseira;1;2;;;;;1
20/12/2014;10:42:00;271;sem vítima;670;BR-381/MG;Norte;Outros - Sequência;1;1;;;;;1
20/12/2014;13:50:00;385;com vítima;700,805;BR-381/MG;Sul;Outros - Sequência;3;5;;1;;;2
20/12/2014;07:10:00;152;sem vítima;732;BR-381/MG;Norte;Outros - Sequência;1;3;;;;;1
20/12/2014;13:24:00;367;sem vítima;817;BR-381/MG;Norte;Saida de Pista;1;1;;;;;1
20/12/2014;06:06:00;118;sem vítima;878,5;BR-381/MG;Norte;Engavetamento;1;3;;;;;1
20/12/2014;07:06:00;149;sem vítima;879,3;BR-381/MG;Norte;Choque - Defensa, barreira ou "submarino";1;1;;;;;1
20/12/2014;11:20:00;299;sem vítima;884,9;BR-381/MG;Sul;Colisão Lateral;1;3;;;;;1
20/12/2014;02:08:00;56;sem vítima;900,88;BR-381/MG;Norte;Engavetamento;1;3;;;;;1
20/12/2014;14:30:00;405;sem vítima;929,8;BR-381/MG;Sul;Tombamento;1;1;;;;;1
21/12/2014;13:39:00;338;sem vítima;483,5;BR-381/MG;Sul;Colisão Lateral;1;2;;;;;1
21/12/2014;03:33:00;68;sem vítima;542;BR-381/MG;Norte;Outros - Sequência;1;1;;;;;1
21/12/2014;19:23:00;547;sem vítima;669,3;BR-381/MG;Sul;Colisão Lateral;1;4;;;;;1
21/12/2014;00:41:00;39;sem vítima;919;BR-381/MG;Norte;Choque - Defensa, barreira ou "submarino";1;1;;;;;1
22/12/2014;12:53:00;279;sem vítima;66,6;BR-381/SP;Sul;Colisão Traseira;1;2;;;;;1
22/12/2014;18:17:00;445;sem vítima;68,8;BR-381/SP;Sul;Engavetamento;1;3;;;;;1
22/12/2014;15:42:00;357;com vítima;87;BR-381/SP;Sul;Outros - Sequência;1;1;1;;;;1
22/12/2014;13:08:00;286;com vítima;90,2;BR-381/SP;Norte;Tombamento;1;0;;1;;3;3
22/12/2014;21:24:00;538;sem vítima;480,7;BR-381/MG;Sul;Colisão Traseira;1;2;;;;;1
22/12/2014;15:18:00;341;sem vítima;499;BR-381/MG;Sul;Colisão Traseira;1;2;;;;;1
22/12/2014;14:14:00;306;sem vítima;530,5;BR-381/MG;Sul;Colisão Traseira;1;2;;;;;1
22/12/2014;22:07:00;549;sem vítima;597,67;BR-381/MG;Norte;Colisão Traseira;1;2;;;;;1
22/12/2014;07:45:00;143;sem vítima;760,6;BR-381/MG;Sul;Tombamento;1;1;;;;;1
22/12/2014;17:16:00;403;sem vítima;763;BR-381/MG;Sul;Colisão Traseira;1;2;;;;;1
22/12/2014;07:09:00;127;sem vítima;812,5;BR-381/MG;Sul;Saida de Pista;1;1;;;;;1
23/12/2014;11:12:00;313;sem vítima;8;BR-381/SP;Sul;Colisão Traseira;1;2;;;;;1
23/12/2014;00:39:00;26;com vítima;18;BR-381/SP;Norte;Objeto lançado contra veículo;2;2;1;;;;1
23/12/2014;16:15:00;455;sem vítima;18;BR-381/SP;Norte;Choque - Talude;1;1;;;;;1
23/12/2014;14:08:00;402;sem vítima;38,8;BR-381/SP;Sul;Colisão Traseira;1;2;;;;;1
23/12/2014;15:57:00;445;sem vítima;55,4;BR-381/SP;Sul;Tombamento;1;1;;;;;1
23/12/2014;12:34:00;364;sem vítima;60,5;BR-381/SP;Norte;Colisão Lateral;1;2;;;;;1
23/12/2014;18:02:00;518;sem vítima;485,3;BR-381/MG;Sul;Outros - Sequência;1;2;;;;;1
23/12/2014;03:27:00;74;com vítima;531,6;BR-381/MG;Norte;Tombamento;1;0;1;;;;1
23/12/2014;22:25:00;651;sem vítima;597,7;BR-381/MG;Norte;Colisão Traseira;1;3;;;;;1
23/12/2014;15:37:00;443;sem vítima;598,8;BR-381/MG;Norte;Outros - Sequência;1;1;;;;;1
23/12/2014;16:26:00;463;sem vítima;618;BR-381/MG;Sul;Engavetamento;1;4;;;;;1
23/12/2014;08:49:00;219;com vítima;697,5;BR-381/MG;Sul;Colisão Traseira;1;1;1;;;;1
23/12/2014;12:08:00;342;com vítima;711,119;BR-381/MG;Norte;Outros - Sequência;2;6;1;;;;1
23/12/2014;12:19:00;352;com vítima;711,119;BR-381/MG;Norte;Engavetamento;1;9;1;;;;1
23/12/2014;07:48:00;172;sem vítima;840;BR-381/MG;Norte;Outros - Sequência;1;1;;;;;1
23/12/2014;07:06:00;139;sem vítima;865;BR-381/MG;Sul;Colisão Traseira;2;2;;;;;1
23/12/2014;07:22:00;154;sem vítima;926;BR-381/MG;Sul;Outros - Sequência;1;1;;;;;1
23/12/2014;17:35:00;505;sem vítima;945;BR-381/MG;Sul;Choque - Suporte de Sinalização;1;1;;;;;1
24/12/2014;02:59:00;54;sem vítima;480,9;BR-381/MG;Sul;Colisão Lateral;1;2;;;;;1
24/12/2014;06:56:00;125;sem vítima;523,1;BR-381/MG;Norte;Outros - Sequência;1;2;;;;;1
24/12/2014;16:04:00;376;com vítima;631,6;BR-381/MG;Sul;Outros - Sequência;1;1;1;;;;1
24/12/2014;07:18:00;140;sem vítima;658,397;BR-381/MG;Norte;Colisão Lateral;1;2;;;;;1
24/12/2014;14:46:00;346;com vítima;691,1;BR-381/MG;Norte;Colisão Lateral;1;3;1;;;;1
24/12/2014;12:11:00;273;com vítima;780,94;BR-381/MG;Sul;Outros - Sequência;1;5;2;;;1;3
24/12/2014;07:38:00;155;sem vítima;863,1;BR-381/MG;Sul;Outros - Sequência;1;1;;;;;1
24/12/2014;16:40:00;394;sem vítima;908;BR-381/MG;Norte;Choque - Defensa, barreira ou "submarino";1;1;;;;;1
24/12/2014;00:03:00;12;com vítima;922;BR-381/MG;Norte;Colisão Traseira;1;2;2;;;;1
25/12/2014;18:14:00;299;com vítima;889;BR-381/MG;Norte;Colisão Lateral;1;1;1;1;;;2
26/12/2014;08:48:00;126;sem vítima;90,4;BR-381/SP;Norte;Tombamento;1;1;;;;;1
26/12/2014;17:42:00;338;com vítima;478,9;BR-381/MG;Sul;Outros - Sequência;1;2;;1;;;2
26/12/2014;10:16:00;170;sem vítima;491,5;BR-381/MG;Norte;Colisão Traseira;1;2;;;;;1
26/12/2014;22:35:00;450;sem vítima;816;BR-381/MG;Norte;Outros - Sequência;1;1;;;;;1
26/12/2014;21:16:00;422;com vítima;817,3;BR-381/MG;Norte;Colisão Traseira;2;2;;1;;;2
27/12/2014;08:32:00;125;sem vítima;7;BR-381/SP;Norte;Colisão Traseira;2;2;;;;;1
27/12/2014;18:59:00;378;com vítima;85;BR-381/SP;Norte;Colisão Traseira;1;1;1;;;;1
28/12/2014;20:15:00;445;sem vítima;90;BR-381/SP;Sul;Colisão Lateral;1;2;;;;;1
29/12/2014;12:17:00;196;sem vítima;511,6;BR-381/MG;Sul;Colisão Traseira;1;2;;;;;1
29/12/2014;03:27:00;62;com vítima;525,5;BR-381/MG;Sul;Tombamento;1;0;;;;1;3
30/12/2014;08:27:00;143;sem vítima;491,3;BR-381/MG;Norte;Colisão Lateral;1;2;;;;;1
30/12/2014;16:56:00;352;sem vítima;597,7;BR-381/MG;Norte;Choque - Outros;1;1;;;;;1
30/12/2014;00:22:00;27;sem vítima;652,6;BR-381/MG;Sul;Colisão Lateral;1;3;;;;;1
30/12/2014;23:22:00;494;com vítima;826;BR-381/MG;Sul;Outros - Sequência;1;0;1;;;;1
30/12/2014;22:30:00;480;sem vítima;831;BR-381/MG;Norte;Colisão Traseira;1;2;;;;;1
30/12/2014;20:37:00;442;com vítima;872,1;BR-381/MG;Sul;Colisão Traseira;2;1;;1;;;2
31/12/2014;04:19:00;60;com vítima;58;BR-381/SP;Sul;Colisão Traseira;1;2;1;;;;1
02/01/2015;03:33:00;45;sem vítima;500;BR-381/MG;Norte;Atropelamento de Animal;1;1;;;;;1
02/01/2015;14:53:00;240;com vítima;572;BR-381/MG;Sul;Outros - Sequência;1;0;;;;1;3
02/01/2015;02:36:00;38;sem vítima;937,6;BR-381/MG;Sul;Choque - Outros;1;1;;;;;1
03/01/2015;16:00:00;388;com vítima;61;BR-381/SP;Norte;Colisão Traseira;1;1;;1;;;2
03/01/2015;12:48:00;250;sem vítima;480,4;BR-381/MG;Norte;Colisão Lateral;1;2;;;;;1
03/01/2015;16:23:00;371;sem vítima;483;BR-381/MG;Sul;Engavetamento;1;3;;;;;1
03/01/2015;21:31:00;480;sem vítima;523;BR-381/MG;Sul;Colisão Traseira;1;2;;;;;1
03/01/2015;16:25:00;372;sem vítima;524,5;BR-381/MG;Sul;Tombamento;1;1;;;;;1
03/01/2015;15:26:00;337;sem vítima;649,171;BR-381/MG;Sul;Choque - Defensa, barreira ou "submarino";1;1;;;;;1
04/01/2015;10:10:00;180;sem vítima;501;BR-381/MG;Sul;Colisão Lateral;1;2;;;;;1
04/01/2015;20:36:00;483;sem vítima;805,1;BR-381/MG;Sul;Colisão Traseira;1;2;;;;;1
05/01/2015;17:44:00;394;sem vítima;7,2;BR-381/SP;Sul;Colisão Traseira;1;2;;;;;1
05/01/2015;11:21:00;218;sem vítima;478,3;BR-381/MG;Sul;Colisão Traseira;1;2;;;;;1
05/01/2015;14:34:00;309;sem vítima;486,7;BR-381/MG;Norte;Engavetamento;1;3;;;;;1
05/01/2015;15:43:00;339;com vítima;501;BR-381/MG;Norte;Colisão Traseira;1;2;1;;;;1
05/01/2015;15:50:00;343;com vítima;502;BR-381/MG;Sul;Colisão Lateral;1;2;1;;;;1
05/01/2015;05:00:00;72;sem vítima;508;BR-381/MG;Norte;Outros - Sequência;1;1;;;;;1
05/01/2015;10:15:00;188;sem vítima;821;BR-381/MG;Sul;Engavetamento;1;3;;;;;1
06/01/2015;18:16:00;364;sem vítima;19;BR-381/SP;Sul;Outros - Sequência;1;2;;;;;1
06/01/2015;11:22:00;201;sem vítima;65;BR-381/SP;Norte;Colisão Traseira;1;2;;;;;1
06/01/2015;16:50:00;323;sem vítima;491;BR-381/MG;Sul;Colisão Lateral;1;2;;;;;1
06/01/2015;16:56:00;326;sem vítima;491;BR-381/MG;Sul;Colisão Traseira;1;2;;;;;1
06/01/2015;09:09:00;140;sem vítima;684,3;BR-381/MG;Sul;Outros - Sequência;1;3;;;;;1
06/01/2015;04:11:00;62;sem vítima;717,2;BR-381/MG;Sul;Choque - Elemento de Drenagem;1;1;;;;;1
06/01/2015;05:08:00;69;com vítima;756,8;BR-381/MG;Sul;Colisão Traseira;1;35;8;1;;1;3
07/01/2015;18:53:00;402;sem vítima;22;BR-381/SP;Norte;Colisão Traseira;1;2;;;;;1
07/01/2015;14:04:00;266;sem vítima;496,3;BR-381/MG;Sul;Tombamento;1;1;;;;;1
07/01/2015;22:08:00;457;com vítima;933;BR-381/MG;Norte;Tombamento;1;1;1;;;;1
08/01/2015;11:53:00;250;sem vítima;33;BR-381/SP;Norte;Colisão Lateral;1;3;;;;;1
08/01/2015;17:22:00;400;sem vítima;57;BR-381/SP;Sul;Colisão Traseira;2;2;;;;;1
08/01/2015;23:23:00;521;sem vítima;491,6;BR-381/MG;Sul;Outros - Sequência;1;2;;;;;1
08/01/2015;00:08:00;19;com vítima;601,7;BR-381/MG;Sul;Colisão Traseira;2;1;2;1;;;2
08/01/2015;15:20:00;337;sem vítima;665;BR-381/MG;Sul;Colisão Lateral;2;2;;;;;1
09/01/2015;18:26:00;494;com vítima;37,2;BR-381/SP;Norte;Colisão Traseira;1;1;1;;;;1
09/01/2015;23:51:00;634;com vítima;56;BR-381/SP;Norte;Colisão Traseira;1;11;;1;;2;3
09/01/2015;08:23:00;214;com vítima;501,7;BR-381/MG;Norte;Tombamento;1;0;2;1;;1;3
09/01/2015;14:10:00;355;sem vítima;510;BR-381/MG;Norte;Colisão Lateral;1;2;;;;;1
09/01/2015;03:03:00;49;sem vítima;725,3;BR-381/MG;Norte;Outros - Sequência;1;1;;;;;1
09/01/2015;05:58:00;165;com vítima;734;BR-381/MG;Norte;Outros;3;2;1;;;;1
09/01/2015;14:39:00;367;com vítima;752,333;BR-381/MG;Norte;Outros - Sequência;1;1;1;;;;1
09/01/2015;14:52:00;374;com vítima;764,509;BR-381/MG;Sul;Tombamento;1;0;;1;;;2
10/01/2015;01:59:00;47;com vítima;15,5;BR-381/SP;Sul;Colisão Traseira;1;1;2;;;;1
10/01/2015;15:24:00;344;com vítima;529;BR-381/MG;Sul;Outros - Sequência;1;0;1;;;;1
10/01/2015;14:56:00;332;sem vítima;568;BR-381/MG;Sul;Outros - Sequência;1;1;;;;;1
10/01/2015;21:26:00;494;com vítima;815,149;BR-381/MG;Norte;Tombamento;1;0;2;1;;;2
10/01/2015;00:16:00;22;com vítima;890;BR-381/MG;Norte;Outros - Sequência;1;1;2;1;;;2
11/01/2015;20:07:00;456;sem vítima;0,1;BR-381/SP;Sul;Outros - Sequência;1;1;;;;;1
11/01/2015;06:06:00;86;com vítima;494;BR-381/MG;Sul;Tombamento;1;0;;;1;;2
11/01/2015;17:18:00;356;sem vítima;734,514;BR-381/MG;Norte;Outros - Sequência;1;5;;;;;1
11/01/2015;02:24:00;47;com vítima;792;BR-381/MG;Sul;Tombamento;1;0;;1;;;2
11/01/2015;13:54:00;248;sem vítima;832,202;BR-381/MG;Norte;Colisão Lateral;1;2;;;;;1
12/01/2015;09:38:00;188;sem vítima;86;BR-381/SP;Sul;Colisão Lateral;1;2;;;;;1
12/01/2015;10:05:00;201;sem vítima;805;BR-381/MG;Sul;Colisão Traseira;1;2;;;;;1
12/01/2015;19:09:00;486;sem vítima;817;BR-381/MG;Sul;Outros - Sequência;1;2;;;;;1
12/01/2015;14:36:00;347;sem vítima;942;BR-381/MG;Norte;Colisão Lateral;1;2;;;;;1
13/01/2015;21:30:00;450;sem vítima;66,6;BR-381/SP;Sul;Colisão Traseira;1;2;;;;;1
13/01/2015;09:07:00;146;sem vítima;483,6;BR-381/MG;Sul;Colisão Traseira;1;2;;;;;1
13/01/2015;09:01:00;143;sem vítima;499;BR-381/MG;Norte;Colisão Traseira;1;2;;;;;1
13/01/2015;05:45:00;68;sem vítima;525,5;BR-381/MG;Norte;Colisão Lateral;1;2;;;;;1
13/01/2015;00:44:00;32;com vítima;720,9;BR-381/MG;Norte;Outros - Sequência;2;4;;1;;2;3
13/01/2015;23:46:00;486;sem vítima;790,8;BR-381/MG;Norte;Outros - Sequência;2;2;;;;;1
14/01/2015;03:00:00;48;sem vítima;22;BR-381/SP;Norte;Colisão Traseira;2;2;;;;;1
14/01/2015;12:03:00;229;com vítima;536;BR-381/MG;Sul;Choque - Defensa, barreira ou "submarino";1;0;2;;;;1
14/01/2015;16:32:00;338;sem vítima;545,9;BR-381/MG;Sul;Choque - Outros;1;1;;;;;1
14/01/2015;07:58:00;119;com vítima;597;BR-381/MG;Norte;Colisão Traseira;1;5;1;;;;1
14/01/2015;09:48:00;164;sem vítima;635,5;BR-381/MG;Sul;Tombamento;1;1;;;;;1
14/01/2015;22:40:00;464;com vítima;745;BR-381/MG;Sul;Colisão Traseira;1;1;1;;;;1
15/01/2015;17:40:00;399;com vítima;36,2;BR-381/SP;Norte;Tombamento;1;0;1;;;;1
15/01/2015;11:37:00;235;sem vítima;483,3;BR-381/MG;Norte;Colisão Lateral;1;2;;;;;1
15/01/2015;14:49:00;316;com vítima;522,1;BR-381/MG;Sul;Colisão Traseira;1;1;;1;;;2
15/01/2015;13:14:00;276;com vítima;526,8;BR-381/MG;Norte;Tombamento;1;0;;1;;;2
15/01/2015;04:48:00;68;com vítima;532;BR-381/MG;Sul;Outros - Sequência;1;0;2;1;;;2
15/01/2015;15:43:00;343;sem vítima;670;BR-381/MG;Norte;Choque - Outros;1;1;;;;;1
15/01/2015;12:48:00;266;sem vítima;851,8;BR-381/MG;Sul;Tombamento;1;1;;;;;1
16/01/2015;18:10:00;397;sem vítima;42;BR-381/SP;Sul;Engavetamento;2;3;;;;;1
16/01/2015;22:12:00;508;com vítima;605;BR-381/MG;Sul;Tombamento;1;0;1;;;;1
16/01/2015;07:54:00;109;sem vítima;849;BR-381/MG;Sul;Colisão Traseira;1;2;;;;;1
17/01/2015;16:22:00;349;sem vítima;7;BR-381/SP;Norte;Colisão Traseira;1;2;;;;;1
17/01/2015;10:06:00;179;sem vítima;36;BR-381/SP;Norte;Colisão Traseira;1;5;;;;;1
17/01/2015;09:34:00;167;com vítima;487;BR-381/MG;Sul;Engavetamento;1;4;5;;;;1
17/01/2015;12:43:00;247;sem vítima;523,1;BR-381/MG;Norte;Objeto lançado contra veículo;1;2;;;;;1
17/01/2015;18:45:00;437;com vítima;566,5;BR-381/MG;Sul;Outros - Sequência;1;0;;1;;;2