data;horario;n_da_ocorrencia;tipo_de_ocorrencia;km;trecho;sentido;tipo_de_acidente;caminhao;ilesos;levemente_feridos;moderadamente_feridos;gravemente_feridos;mortos;3
01/03/2015;22:55:00;417;com vítima;545;BR-381/MG;Sul;Outros - Sequência;1;1;;1;;;2
01/03/2015;06:50:00;77;sem vítima;726,6;BR-381/MG;Norte;Tombamento;1;1;;;;;1
01/03/2015;01:26:00;35;sem vítima;767,3;BR-381/MG;Sul;Outros - Sequência;1;1;;;;;1
01/03/2015;19:37:00;345;sem vítima;815;BR-381/MG;Sul;Choque - Defensa, barreira ou "submarino";1;1;;;;;1
02/03/2015;07:54:00;122;sem vítima;86,8;BR-381/SP;Sul;Outros;1;1;;;;;1
03/03/2015;01:01:00;30;sem vítima;13;BR-381/SP;Sul;Colisão Traseira;1;2;;;;;1
03/03/2015;02:25:00;43;sem vítima;20,4;BR-381/SP;Sul;Choque - Defensa, barreira ou "submarino";1;1;;;;;1
03/03/2015;10:45:00;231;com vítima;54;BR-381/SP;Sul;Outros - Sequência;2;1;1;;;;1
03/03/2015;01:50:00;41;com vítima;70;BR-381/SP;Sul;Colisão Traseira;2;1;1;;;;1
03/03/2015;13:08:00;282;com vítima;77,5;BR-381/SP;Sul;Colisão Traseira;2;1;1;;;;1
03/03/2015;12:10:00;270;com vítima;79,8;BR-381/SP;Sul;Engavetamento;1;3;3;;;;1
03/03/2015;19:50:00;442;sem vítima;478,5;BR-381/MG;Norte;Colisão Traseira;1;2;;;;;1
03/03/2015;05:50:00;76;sem vítima;550,2;BR-381/MG;Norte;Outros - Sequência;2;2;;;;;1
03/03/2015;05:14:00;70;sem vítima;617;BR-381/MG;Norte;Choque - Suporte de Sinalização;1;1;;;;;1
03/03/2015;22:12:00;477;com vítima;654;BR-381/MG;Sul;Outros - Sequência;1;0;;1;;;2
03/03/2015;09:31:00;184;sem vítima;663;BR-381/MG;Sul;Colisão Lateral;1;2;;;;;1
03/03/2015;03:31:00;53;sem vítima;839,2;BR-381/MG;Sul;Colisão Traseira;1;2;;;;;1
03/03/2015;03:04:00;49;sem vítima;851,6;BR-381/MG;Sul;Tombamento;1;1;;;;;1
03/03/2015;17:04:00;378;com vítima;922;BR-381/MG;Sul;Outros - Sequência;1;1;2;;;;1
04/03/2015;20:39:00;431;com vítima;60,5;BR-381/SP;Sul;Tombamento;1;0;1;;;;1
04/03/2015;09:58:00;175;com vítima;61,5;BR-381/SP;Sul;Outros - Sequência;1;2;;;;1;3
04/03/2015;15:27:00;299;sem vítima;71,9;BR-381/SP;Norte;Colisão Lateral;2;2;;;;;1
04/03/2015;16:13:00;329;sem vítima;88;BR-381/SP;Sul;Colisão Lateral;1;2;;;;;1
04/03/2015;16:30:00;340;sem vítima;505;BR-381/MG;Sul;Outros - Sequência;1;1;;;;;1
04/03/2015;13:50:00;249;sem vítima;561,5;BR-381/MG;Norte;Colisão Traseira;1;2;;;;;1
04/03/2015;22:21:00;458;com vítima;673;BR-381/MG;Norte;Colisão Traseira;2;2;1;;;;1
04/03/2015;20:56:00;442;com vítima;907,5;BR-381/MG;Norte;Tombamento;1;0;1;;;;1
05/03/2015;11:56:00;232;sem vítima;54;BR-381/SP;Norte;Tombamento;1;1;;;;;1
05/03/2015;18:37:00;398;sem vítima;495,1;BR-381/MG;Norte;Colisão Traseira;1;2;;;;;1
05/03/2015;14:24:00;289;sem vítima;495,7;BR-381/MG;Norte;Colisão Lateral;1;2;;;;;1
05/03/2015;12:02:00;236;com vítima;523,5;BR-381/MG;Norte;Colisão Traseira;1;3;1;;;;1
05/03/2015;02:35:00;49;com vítima;525,4;BR-381/MG;Norte;Outros - Sequência;2;1;1;;;;1
05/03/2015;00:54:00;26;sem vítima;564;BR-381/MG;Sul;Outros - Sequência;1;1;;;;;1
05/03/2015;00:42:00;25;com vítima;605,2;BR-381/MG;Sul;Colisão Frontal;1;0;;1;;7;3
05/03/2015;08:20:00;126;sem vítima;703,6;BR-381/MG;Sul;Outros - Sequência;1;2;;;;;1
05/03/2015;09:30:00;169;sem vítima;752;BR-381/MG;Sul;Colisão Traseira;1;2;;;;;1
05/03/2015;19:37:00;421;sem vítima;948;BR-381/MG;Sul;Colisão Traseira;1;2;;;;;1
06/03/2015;10:59:00;200;com vítima;70,5;BR-381/SP;Sul;Colisão Traseira;1;1;1;;;;1
06/03/2015;23:45:00;502;sem vítima;90;BR-381/SP;Norte;Outros - Sequência;1;2;;;;;1
06/03/2015;06:43:00;95;sem vítima;486,7;BR-381/MG;Norte;Choque - Defensa, barreira ou "submarino";1;1;;;;;1
06/03/2015;15:39:00;311;sem vítima;508,5;BR-381/MG;Norte;Colisão Traseira;1;2;;;;;1
06/03/2015;18:23:00;388;sem vítima;699,1;BR-381/MG;Sul;Outros - Sequência;1;3;;;;;1
06/03/2015;07:00:00;103;sem vítima;750,3;BR-381/MG;Sul;Tombamento;1;1;;;;;1
06/03/2015;08:00:00;121;sem vítima;750,3;BR-381/MG;Norte;Choque - Elemento de Drenagem;1;1;;;;;1
06/03/2015;13:46:00;262;com vítima;835;BR-381/MG;Sul;Colisão Traseira;2;0;1;1;;;2
07/03/2015;04:12:00;57;com vítima;40,5;BR-381/SP;Sul;Atropelamento - Andarilho;1;2;;;;1;3
07/03/2015;06:32:00;77;com vítima;494;BR-381/MG-CONT;Sul;Colisão Traseira;1;1;1;;;;1
07/03/2015;05:19:00;66;sem vítima;546;BR-381/MG;Norte;Outros - Sequência;1;2;;;;;1
07/03/2015;07:38:00;103;sem vítima;720,7;BR-381/MG;Norte;Tombamento;1;1;;;;;1
07/03/2015;00:23:00;21;com vítima;722;BR-381/MG;Norte;Outros - Sequência;1;1;;1;;;2
07/03/2015;06:34:00;79;sem vítima;812;BR-381/MG;Sul;Choque - Defensa, barreira ou "submarino";1;1;;;;;1
07/03/2015;06:40:00;81;sem vítima;881,4;BR-381/MG;Norte;Colisão Traseira;1;2;;;;;1
08/03/2015;18:45:00;258;sem vítima;72;BR-381/SP;Sul;Colisão Frontal;1;2;;;;;1
08/03/2015;05:28:00;33;com vítima;482,4;BR-381/MG;Norte;Colisão Traseira;1;1;;1;;;2
08/03/2015;16:49:00;213;sem vítima;491,3;BR-381/MG;Norte;Colisão Lateral;1;2;;;;;1
08/03/2015;12:18:00;103;sem vítima;510;BR-381/MG;Norte;Colisão Lateral;2;2;;;;;1
08/03/2015;15:31:00;173;sem vítima;621;BR-381/MG;Norte;Colisão Traseira;2;2;;;;;1
09/03/2015;16:08:00;316;sem vítima;483,5;BR-381/MG;Sul;Choque - Defensa, barreira ou "submarino";1;1;;;;;1
09/03/2015;11:01:00;203;sem vítima;501;BR-381/MG;Norte;Outros - Sequência;1;2;;;;;1
09/03/2015;22:33:00;437;com vítima;555,7;BR-381/MG;Sul;Outros - Sequência;1;0;1;;;;1
09/03/2015;16:51:00;334;sem vítima;685,5;BR-381/MG;Sul;Outros - Sequência;1;1;;;;;1
09/03/2015;19:10:00;391;sem vítima;766,5;BR-381/MG;Norte;Colisão Traseira;1;2;;;;;1
09/03/2015;09:00:00;153;sem vítima;811,9;BR-381/MG;Norte;Saida de Pista;1;1;;;;;1
10/03/2015;20:56:00;349;com vítima;15,8;BR-381/SP;Sul;Colisão Traseira;2;1;;1;;;2
10/03/2015;04:47:00;64;com vítima;58,7;BR-381/SP;Sul;Colisão Traseira;2;3;;;;1;3
10/03/2015;09:54:00;141;sem vítima;58,7;BR-381/SP;Sul;Colisão Lateral;1;2;;;;;1
10/03/2015;04:38:00;63;sem vítima;487,8;BR-381/MG;Sul;Outros - Sequência;2;2;;;;;1
10/03/2015;07:45:00;112;sem vítima;488;BR-381/MG;Norte;Colisão Traseira;1;2;;;;;1
10/03/2015;22:14:00;373;sem vítima;488;BR-381/MG;Sul;Engavetamento;1;3;;;;;1
10/03/2015;14:24:00;220;sem vítima;598;BR-381/MG;Sul;Tombamento;1;1;;;;;1
10/03/2015;00:24:00;21;sem vítima;704,5;BR-381/MG;Norte;Outros - Sequência;1;1;;;;;1
10/03/2015;23:41:00;390;sem vítima;776;BR-381/MG;Norte;Choque - Veiculo parado no acostamento;2;2;;;;;1
10/03/2015;11:26:00;164;sem vítima;873,8;BR-381/MG;Sul;Outros - Sequência;1;6;;;;;1
10/03/2015;03:52:00;58;sem vítima;875;BR-381/MG;Sul;Atropelamento de Animal;1;1;;;;;1
11/03/2015;18:56:00;398;sem vítima;480;BR-381/MG;Norte;Colisão Lateral;1;2;;;;;1
11/03/2015;18:33:00;392;sem vítima;482,5;BR-381/MG;Norte;Colisão Lateral;1;2;;;;;1
11/03/2015;12:13:00;238;sem vítima;487,7;BR-381/MG;Sul;Engavetamento;2;7;;;;;1
11/03/2015;04:46:00;63;com vítima;632,4;BR-381/MG;Norte;Colisão Traseira;2;0;1;1;;;2
11/03/2015;19:25:00;411;com vítima;687,9;BR-381/MG;Sul;Atropelamento - Ambulante;1;1;1;;;;1
12/03/2015;07:24:00;118;sem vítima;24;BR-381/SP;Norte;Choque - Talude;1;1;;;;;1
12/03/2015;17:57:00;361;com vítima;44,8;BR-381/SP;Norte;Atropelamento - Andarilho;1;1;;1;;;2
12/03/2015;00:09:00;14;sem vítima;65,7;BR-381/SP;Norte;Colisão Lateral;2;2;;;;;1
12/03/2015;06:54:00;103;sem vítima;550;BR-381/MG;Sul;Choque - Defensa, barreira ou "submarino";1;1;;;;;1
12/03/2015;12:20:00;241;sem vítima;560,5;BR-381/MG;Norte;Colisão Traseira;1;2;;;;;1
12/03/2015;01:14:00;43;com vítima;564;BR-381/MG;Norte;Tombamento;1;0;;;1;;2
12/03/2015;22:54:00;458;sem vítima;627,4;BR-381/MG;Norte;Choque - Defensa, barreira ou "submarino";1;1;;;;;1
12/03/2015;12:41:00;252;sem vítima;727;BR-381/MG;Norte;Colisão Lateral;1;2;;;;;1
12/03/2015;06:41:00;98;sem vítima;769,8;BR-381/MG;Sul;Outros;1;1;;;;;1
12/03/2015;08:49:00;148;sem vítima;903;BR-381/MG;Norte;Tombamento;1;1;;;;;1
12/03/2015;12:55:00;260;com vítima;922;BR-381/MG;Sul;Colisão Lateral;1;1;1;;;;1
12/03/2015;06:41:00;99;com vítima;932,4;BR-381/MG;Norte;Tombamento;2;1;;;;1;3
13/03/2015;03:24:00;47;sem vítima;520,5;BR-381/MG;Norte;Saida de Pista;1;1;;;;;1
13/03/2015;12:36:00;231;com vítima;773,75;BR-381/MG;Norte;Tombamento;1;0;1;;;;1
14/03/2015;04:49:00;78;com vítima;46;BR-381/SP;Sul;Colisão Traseira;1;1;;;1;1;3
14/03/2015;18:59:00;381;com vítima;510,5;BR-381/MG;Norte;Colisão Frontal;1;1;1;1;;;2
14/03/2015;09:43:00;160;com vítima;521,5;BR-381/MG;Sul;Tombamento;1;0;1;;;;1
14/03/2015;16:12:00;328;sem vítima;557;BR-381/MG;Norte;Colisão Traseira;1;2;;;;;1
14/03/2015;15:49:00;317;sem vítima;627,1;BR-381/MG;Norte;Choque - Outros;1;1;;;;;1
14/03/2015;06:31:00;96;com vítima;653,8;BR-381/MG;Sul;Outros - Sequência;1;0;1;;;;1
14/03/2015;06:25:00;94;sem vítima;674;BR-381/MG;Norte;Objeto lançado contra veículo;1;5;;;;;1
14/03/2015;03:54:00;70;com vítima;711,2;BR-381/MG;Sul;Outros - Sequência;1;0;;1;;;2
15/03/2015;18:25:00;299;com vítima;51;BR-381/SP;Sul;Choque - Talude;1;0;1;;;;1
15/03/2015;04:55:00;56;com vítima;493,3;BR-381/MG;Norte;Outros - Sequência;1;1;1;;;;1
15/03/2015;20:12:00;328;sem vítima;650;BR-381/MG;Norte;Colisão Lateral;1;2;;;;;1
15/03/2015;17:00:00;270;sem vítima;782,6;BR-381/MG;Norte;Tombamento;1;1;;;;;1
16/03/2015;20:57:00;431;sem vítima;30;BR-381/SP;Sul;Colisão Frontal;1;2;;;;;1
16/03/2015;06:44:00;80;sem vítima;56;BR-381/SP;Sul;Colisão Lateral;1;2;;;;;1
16/03/2015;11:48:00;236;sem vítima;64;BR-381/SP;Sul;Colisão Traseira;2;2;;;;;1
16/03/2015;20:35:00;425;sem vítima;491;BR-381/MG;Norte;Colisão Lateral;1;2;;;;;1
16/03/2015;16:29:00;344;com vítima;497;BR-381/MG;Sul;Colisão Traseira;1;5;1;1;;;2
16/03/2015;20:21:00;421;sem vítima;517,2;BR-381/MG;Norte;Outros - Sequência;1;2;;;;;1
16/03/2015;22:55:00;465;com vítima;576,9;BR-381/MG;Sul;Outros - Sequência;3;2;;;;1;3
17/03/2015;12:30:00;227;sem vítima;66,5;BR-381/SP;Sul;Colisão Traseira;1;2;;;;;1
17/03/2015;18:46:00;357;sem vítima;519;BR-381/MG;Norte;Choque - Talude;1;1;;;;;1
17/03/2015;04:01:00;52;sem vítima;564;BR-381/MG;Sul;Choque - Objeto sobre a pista;1;1;;;;;1
17/03/2015;12:34:00;228;sem vítima;597,7;BR-381/MG;Sul;Choque - Suporte de Sinalização;1;1;;;;;1
17/03/2015;02:27:00;43;sem vítima;598,9;BR-381/MG;Norte;Outros - Sequência;1;6;;;;;1
17/03/2015;05:13:00;67;sem vítima;671,9;BR-381/MG;Norte;Choque - Elemento de Drenagem;1;1;;;;;1
17/03/2015;02:36:00;45;sem vítima;686,5;BR-381/MG;Norte;Saida de Pista;1;1;;;;;1
17/03/2015;17:20:00;326;sem vítima;721;BR-381/MG;Norte;Outros - Sequência;1;1;;;;;1
17/03/2015;12:54:00;236;sem vítima;753,95;BR-381/MG;Sul;Colisão Traseira;2;2;;;;;1
17/03/2015;16:31:00;298;sem vítima;799;BR-381/MG;Norte;Tombamento;1;1;;;;;1
18/03/2015;07:23:00;90;sem vítima;7,57;BR-381/SP;Sul;Colisão Traseira;1;2;;;;;1
18/03/2015;14:38:00;251;sem vítima;89;BR-381/SP;Sul;Engavetamento;1;3;;;;;1
18/03/2015;05:29:00;60;sem vítima;541,6;BR-381/MG;Sul;Outros - Sequência;1;3;;;;;1
18/03/2015;15:51:00;283;sem vítima;650;BR-381/MG;Sul;Outros - Sequência;1;3;;;;;1
18/03/2015;04:09:00;48;sem vítima;707,5;BR-381/MG;Sul;Outros - Sequência;1;1;;;;;1
18/03/2015;05:11:00;59;sem vítima;765;BR-381/MG;Norte;Choque - Talude;1;1;;;;;1
18/03/2015;11:37:00;204;com vítima;805;BR-381/MG;Norte;Atropelamento - Andarilho;1;1;;;1;;2
19/03/2015;15:06:00;270;sem vítima;484,5;BR-381/MG;Sul;Colisão Traseira;2;2;;;;;1
19/03/2015;15:14:00;275;com vítima;484,5;BR-381/MG;Sul;Engavetamento;1;2;1;;;;1
19/03/2015;04:56:00;62;com vítima;531,9;BR-381/MG;Norte;Choque - Defensa, barreira ou "submarino";1;0;1;;;;1
19/03/2015;04:57:00;63;com vítima;615,8;BR-381/MG;Norte;Colisão Traseira;2;1;;1;;;2
19/03/2015;05:36:00;68;com vítima;678,2;BR-381/MG;Sul;Colisão Traseira;2;2;;1;;;2
20/03/2015;14:07:00;258;sem vítima;65,5;BR-381/SP;Norte;Colisão Traseira;1;2;;;;;1
20/03/2015;15:46:00;299;sem vítima;75;BR-381/SP;Norte;Outros - Sequência;1;2;;;;;1
20/03/2015;07:31:00;92;sem vítima;485;BR-381/MG;Norte;Colisão Traseira;1;3;;;;;1
20/03/2015;21:33:00;473;com vítima;491,6;BR-381/MG;Sul;Colisão Traseira;1;1;1;1;;;2
20/03/2015;10:19:00;183;sem vítima;821,3;BR-381/MG;Norte;Colisão Lateral;1;2;;;;;1
21/03/2015;17:28:00;356;sem vítima;66,6;BR-381/SP;Sul;Colisão Traseira;1;2;;;;;1
21/03/2015;07:33:00;124;sem vítima;70;BR-381/SP;Norte;Saida de Pista;1;1;;;;;1
21/03/2015;10:57:00;206;com vítima;77,5;BR-381/SP;Norte;Outros - Sequência;1;1;;;;2;3
21/03/2015;01:48:00;47;com vítima;490,1;BR-381/MG;Sul;Engavetamento;1;2;2;1;;;2
21/03/2015;07:00:00;113;com vítima;542;BR-381/MG;Norte;Outros - Sequência;1;3;2;;;;1
21/03/2015;13:30:00;255;sem vítima;598;BR-381/MG;Norte;Outros - Sequência;1;2;;;;;1
21/03/2015;09:16:00;164;sem vítima;657;BR-381/MG;Norte;Saida de Pista;1;1;;;;;1
21/03/2015;08:30:00;144;sem vítima;759,7;BR-381/MG;Sul;Tombamento;1;1;;;;;1
21/03/2015;08:56:00;157;sem vítima;767;BR-381/MG;Sul;Saida de Pista;1;1;;;;;1
21/03/2015;00:51:00;31;sem vítima;822,8;BR-381/MG;Sul;Outros - Sequência;1;1;;;;;1
21/03/2015;20:49:00;426;sem vítima;844,8;BR-381/MG;Norte;Atropelamento de Animal;1;1;;;;;1
21/03/2015;07:45:00;129;sem vítima;876,5;BR-381/MG;Norte;Tombamento;1;1;;;;;1
22/03/2015;06:59:00;67;sem vítima;545;BR-381/MG;Sul;Colisão Traseira;2;2;;;;;1
22/03/2015;06:18:00;62;sem vítima;562;BR-381/MG;Norte;Outros - Sequência;1;1;;;;;1
23/03/2015;04:44:00;80;sem vítima;65,6;BR-381/SP;Sul;Colisão Traseira;1;2;;;;;1
23/03/2015;12:51:00;284;sem vítima;90;BR-381/SP;Norte;Colisão Lateral;1;2;;;;;1
23/03/2015;08:19:00;154;sem vítima;478;BR-381/MG;Norte;Colisão Lateral;1;2;;;;;1
23/03/2015;14:46:00;333;sem vítima;496,4;BR-381/MG;Sul;Colisão Traseira;1;2;;;;;1
23/03/2015;17:18:00;372;sem vítima;502,2;BR-381/MG;Sul;Engavetamento;2;5;;;;;1
23/03/2015;08:37:00;167;sem vítima;513;BR-381/MG;Norte;Outros - Sequência;1;1;;;;;1
23/03/2015;06:32:00;106;sem vítima;517;BR-381/MG;Norte;Outros - Sequência;1;1;;;;;1
23/03/2015;03:25:00;63;com vítima;517,8;BR-381/MG;Norte;Outros - Sequência;1;1;2;;;;1
23/03/2015;03:38:00;65;sem vítima;518,3;BR-381/MG;Norte;Outros - Sequência;1;2;;;;;1
23/03/2015;01:51:00;39;sem vítima;561,1;BR-381/MG;Sul;Outros - Sequência;1;1;;;;;1
23/03/2015;01:20:00;31;sem vítima;619,9;BR-381/MG;Norte;Outros - Sequência;1;1;;;;;1
23/03/2015;14:54:00;336;sem vítima;723;BR-381/MG;Sul;Colisão Traseira;2;2;;;;;1
23/03/2015;06:24:00;102;sem vítima;745,9;BR-381/MG;Sul;Colisão Traseira;2;2;;;;;1
24/03/2015;18:24:00;391;sem vítima;478,7;BR-381/MG;Norte;Colisão Traseira;1;2;;;;;1
24/03/2015;23:58:00;493;sem vítima;486,8;BR-381/MG;Norte;Outros - Sequência;1;2;;;;;1
24/03/2015;20:42:00;434;com vítima;653;BR-381/MG;Sul;Colisão Traseira;2;1;1;;;;1
25/03/2015;15:36:00;312;com vítima;19,8;BR-381/SP;Norte;Outros - Sequência;1;4;1;;;;1
25/03/2015;07:54:00;109;sem vítima;35,5;BR-381/SP;Sul;Engavetamento;1;3;;;;;1
25/03/2015;07:55:00;111;com vítima;87,4;BR-381/SP;Sul;Colisão Traseira;1;1;1;;;;1
25/03/2015;11:55:00;223;sem vítima;522,5;BR-381/MG;Norte;Colisão Lateral;1;2;;;;;1
25/03/2015;21:47:00;438;com vítima;621,6;BR-381/MG;Norte;Outros - Sequência;1;0;2;;;;1
25/03/2015;06:48:00;84;com vítima;831;BR-381/MG;Sul;Tombamento;1;0;1;;;;1
25/03/2015;03:20:00;55;com vítima;879;BR-381/MG;Sul;Colisão Lateral;1;1;1;;;;1
26/03/2015;15:14:00;306;sem vítima;80;BR-381/SP;Norte;Colisão Lateral;2;2;;;;;1
26/03/2015;18:30:00;407;com vítima;478;BR-381/MG;Sul;Engavetamento;1;4;3;;;;1
26/03/2015;17:43:00;382;sem vítima;482,8;BR-381/MG;Sul;Outros - Sequência;1;4;;;;;1
26/03/2015;02:09:00;46;sem vítima;859,5;BR-381/MG;Sul;Outros - Sequência;1;1;;;;;1
27/03/2015;15:35:00;310;sem vítima;774;BR-381/MG;Sul;Colisão Traseira;1;3;;;;;1
27/03/2015;06:31:00;76;sem vítima;802,6;BR-381/MG;Norte;Choque - Defensa, barreira ou "submarino";1;1;;;;;1
28/03/2015;16:56:00;346;sem vítima;49,5;BR-381/SP;Sul;Colisão Traseira;2;2;;;;;1
28/03/2015;04:10:00;65;sem vítima;60,5;BR-381/SP;Sul;Tombamento;1;1;;;;;1
28/03/2015;21:27:00;442;com vítima;627,8;BR-381/MG;Sul;Outros - Sequência;1;1;1;;;;1
28/03/2015;08:36:00;133;com vítima;721;BR-381/MG;Sul;Tombamento;1;1;1;1;;;2
28/03/2015;10:09:00;182;com vítima;888,8;BR-381/MG;Norte;Tombamento;1;1;1;;;;1
29/03/2015;02:56:00;41;sem vítima;59;BR-381/SP;Sul;Saida de Pista;1;2;;;;;1
29/03/2015;19:42:00;382;sem vítima;496,4;BR-381/MG;Norte;Colisão Traseira;2;2;;;;;1
29/03/2015;09:44:00;139;sem vítima;663;BR-381/MG;Sul;Tombamento;1;1;;;;;1
29/03/2015;21:20:00;405;sem vítima;848,1;BR-381/MG;Sul;Atropelamento de Animal;1;1;;;;;1
30/03/2015;15:34:00;309;sem vítima;4;BR-381/SP;Norte;Choque - Defensa, barreira ou "submarino";1;1;;;;;1
30/03/2015;12:45:00;251;com vítima;7;BR-381/SP;Sul;Colisão Traseira;1;1;1;;;;1
30/03/2015;18:36:00;381;com vítima;492;BR-381/MG;Norte;Outros - Sequência;1;1;;1;;;2
30/03/2015;13:12:00;264;sem vítima;511;BR-381/MG;Sul;Outros - Sequência;1;1;;;;;1
30/03/2015;17:50:00;364;com vítima;524,5;BR-381/MG;Sul;Tombamento;1;0;1;;;;1
30/03/2015;16:21:00;331;sem vítima;556;BR-381/MG;Norte;Colisão Lateral;1;2;;;;;1
30/03/2015;03:10:00;67;com vítima;721,3;BR-381/MG;Sul;Atropelamento - Andarilho;1;2;;;;1;3
30/03/2015;12:32:00;246;com vítima;819;BR-381/MG;Norte;Colisão Lateral;1;4;1;;;;1
31/03/2015;06:40:00;79;com vítima;480,5;BR-381/MG;Norte;Outros - Sequência;1;2;;;1;;2
31/03/2015;16:07:00;312;com vítima;873;BR-381/MG;Norte;Tombamento;1;0;1;;;;1
31/03/2015;20:00:00;408;sem vítima;876;BR-381/MG;Norte;Outros;2;2;;;;;1
31/03/2015;02:02:00;43;com vítima;897,224;BR-381/MG;Norte;Colisão Traseira;1;1;;1;;;2
01/04/2015;08:04:00;111;sem vítima;491;BR-381/MG;Sul;Colisão Traseira;1;2;;;;;1
01/04/2015;23:36:00;474;sem vítima;499,9;BR-381/MG;Norte;Outros - Sequência;1;2;;;;;1
01/04/2015;08:46:00;134;sem vítima;573;BR-381/MG;Sul;Choque - Defensa, barreira ou "submarino";1;2;;;;;1
01/04/2015;05:14:00;66;com vítima;649;BR-381/MG;Sul;Outros - Sequência;2;2;1;1;;;2
01/04/2015;00:01:00;10;com vítima;839;BR-381/MG;Sul;Colisão Traseira;2;3;1;;;;1
01/04/2015;23:47:00;478;sem vítima;883;BR-381/MG;Norte;Outros - Sequência;1;3;;;;;1
01/04/2015;03:11:00;46;sem vítima;888,665;BR-381/MG;Sul;Tombamento;1;1;;;;;1
02/04/2015;00:09:00;13;sem vítima;7,8;BR-381/SP;Norte;Colisão Traseira;2;2;;;;;1
02/04/2015;22:26:00;486;sem vítima;62,9;BR-381/SP;Norte;Colisão Traseira;1;2;;;;;1
02/04/2015;19:02:00;417;sem vítima;66,5;BR-381/SP;Sul;Colisão Traseira;1;2;;;;;1
02/04/2015;19:04:00;421;sem vítima;519;BR-381/MG;Norte;Tombamento;1;1;;;;;1
02/04/2015;06:02:00;81;sem vítima;568;BR-381/MG;Norte;Choque - Talude;1;1;;;;;1
03/04/2015;15:55:00;358;sem vítima;494,2;BR-381/MG;Norte;Colisão Lateral;1;2;;;;;1
03/04/2015;10:32:00;210;sem vítima;658;BR-381/MG;Sul;Colisão Traseira;1;2;;;;;1
03/04/2015;07:18:00;122;sem vítima;722,8;BR-381/MG;Sul;Outros - Sequência;1;1;;;;;1
04/04/2015;20:39:00;333;com vítima;494,3;BR-381/MG;Norte;Colisão Lateral;1;1;1;;;;1
06/04/2015;03:49:00;51;com vítima;58,7;BR-381/SP;Sul;Colisão Traseira;2;1;;;1;;2
06/04/2015;19:43:00;395;sem vítima;478,3;BR-381/MG;Norte;Choque - Defensa, barreira ou "submarino";1;1;;;;;1
06/04/2015;17:20:00;338;com vítima;483,1;BR-381/MG;Norte;Colisão Traseira;1;2;1;;;;1
06/04/2015;17:24:00;340;sem vítima;495,8;BR-381/MG;Norte;Colisão Traseira;1;2;;;;;1
06/04/2015;20:19:00;406;sem vítima;673,5;BR-381/MG;Norte;Colisão Traseira;2;2;;;;;1
06/04/2015;08:27:00;123;sem vítima;717;BR-381/MG;Norte;Engavetamento;1;3;;;;;1
06/04/2015;17:05:00;333;sem vítima;723;BR-381/MG;Sul;Choque - Defensa, barreira ou "submarino";1;1;;;;;1
06/04/2015;08:31:00;129;sem vítima;728,6;BR-381/MG;Sul;Colisão Frontal;1;2;;;;;1
07/04/2015;17:03:00;299;sem vítima;479,2;BR-381/MG;Sul;Choque - Defensa, barreira ou "submarino";1;1;;;;;1
07/04/2015;10:37:00;187;sem vítima;480;BR-381/MG;Sul;Colisão Traseira;1;2;;;;;1
07/04/2015;16:08:00;281;sem vítima;502,7;BR-381/MG;Norte;Colisão Traseira;1;2;;;;;1
07/04/2015;07:26:00;95;com vítima;523;BR-381/MG;Norte;Outros - Sequência;1;0;1;;;;1
08/04/2015;07:14:00;92;com vítima;36,3;BR-381/SP;Norte;Tombamento;1;1;1;;;;1
08/04/2015;11:47:00;205;sem vítima;38;BR-381/SP;Norte;Engavetamento;1;3;;;;;1
08/04/2015;02:16:00;39;sem vítima;58;BR-381/SP;Sul;Colisão Traseira;2;2;;;;;1
08/04/2015;19:41:00;370;sem vítima;503;BR-381/MG;Sul;Colisão Traseira;1;2;;;;;1
08/04/2015;02:55:00;46;sem vítima;674,5;BR-381/MG;Sul;Choque - Defensa, barreira ou "submarino";1;1;;;;;1
09/04/2015;02:19:00;44;sem vítima;49;BR-381/SP;Norte;Colisão Lateral;1;2;;;;;1
09/04/2015;16:05:00;311;sem vítima;65,5;BR-381/SP;Norte;Colisão Traseira;1;2;;;;;1
09/04/2015;08:51:00;152;sem vítima;72;BR-381/SP;Sul;Colisão Traseira;1;2;;;;;1
09/04/2015;06:41:00;89;sem vítima;482,1;BR-381/MG;Norte;Colisão Lateral;1;2;;;;;1
09/04/2015;15:06:00;289;sem vítima;492,4;BR-381/MG;Sul;Colisão Traseira;1;2;;;;;1
09/04/2015;14:35:00;277;sem vítima;494;BR-381/MG;Sul;Colisão Traseira;2;2;;;;;1
09/04/2015;07:38:00;115;com vítima;623,3;BR-381/MG;Norte;Outros - Sequência;1;1;1;;;;1
09/04/2015;05:42:00;71;sem vítima;778,5;BR-381/MG;Norte;Choque - Defensa, barreira ou "submarino";1;1;;;;;1
09/04/2015;06:24:00;78;sem vítima;903;BR-381/MG;Norte;Outros - Sequência;2;2;;;;;1
10/04/2015;12:27:00;200;sem vítima;43,5;BR-381/SP;Norte;Colisão Lateral;1;2;;;;;1
10/04/2015;05:07:00;50;sem vítima;60;BR-381/SP;Sul;Colisão Traseira;1;2;;;;;1
10/04/2015;12:02:00;186;com vítima;481;BR-381/MG;Sul;Colisão Lateral;1;2;1;;;;1
10/04/2015;05:06:00;48;com vítima;506,1;BR-381/MG;Norte;Colisão Traseira;1;14;14;;;;1
10/04/2015;07:04:00;77;com vítima;508;BR-381/MG;Norte;Engavetamento;3;10;1;;;;1
10/04/2015;21:03:00;403;sem vítima;736,5;BR-381/MG;Norte;Colisão Traseira;1;2;;;;;1
11/04/2015;07:28:00;108;com vítima;86,25;BR-381/SP;Sul;Outros - Sequência;1;3;2;;;;1
11/04/2015;02:55:00;49;sem vítima;88;BR-381/SP;Sul;Outros - Sequência;1;3;;;;;1