data;horario;n_da_ocorrencia;tipo_de_ocorrencia;km;trecho;sentido;tipo_de_acidente;caminhao;ilesos;levemente_feridos;moderadamente_feridos;gravemente_feridos;mortos;3
11/04/2015;07:45:00;116;sem vítima;89,85;BR-381/SP;Sul;Engavetamento;1;3;;;;;1
12/04/2015;22:18:00;285;com vítima;73;BR-381/SP;Norte;Colisão Traseira;1;1;;;1;;2
12/04/2015;15:49:00;50;sem vítima;488,3;BR-381/MG;Norte;Colisão Traseira;1;2;;;;;1
12/04/2015;23:24:00;301;sem vítima;489;BR-381/MG;Norte;Outros - Sequência;1;2;;;;;1
12/04/2015;18:06:00;142;sem vítima;566;BR-381/MG;Sul;Outros - Sequência;1;1;;;;;1
13/04/2015;12:28:00;249;sem vítima;483;BR-381/MG;Sul;Colisão Traseira;2;2;;;;;1
13/04/2015;20:19:00;432;sem vítima;921;BR-381/MG;Sul;Outros - Sequência;1;2;;;;;1
14/04/2015;22:37:00;426;com vítima;58,7;BR-381/SP;Sul;Colisão Traseira;2;1;;;1;;2
14/04/2015;20:46:00;404;sem vítima;761,9;BR-381/MG;Sul;Outros;1;1;;;;;1
14/04/2015;08:02:00;111;sem vítima;935;BR-381/MG;Sul;Colisão Traseira;1;3;;;;;1
15/04/2015;06:04:00;69;sem vítima;2,5;BR-381/SP;Norte;Saida de Pista;1;1;;;;;1
15/04/2015;14:21:00;282;sem vítima;43,3;BR-381/SP;Norte;Colisão Traseira;1;2;;;;;1
15/04/2015;16:26:00;347;sem vítima;77;BR-381/SP;Sul;Colisão Lateral;1;2;;;;;1
15/04/2015;17:22:00;373;sem vítima;491;BR-381/MG;Sul;Colisão Traseira;1;2;;;;;1
15/04/2015;10:31:00;190;com vítima;495;BR-381/MG;Sul;Outros - Sequência;1;1;3;;;;1
15/04/2015;16:41:00;353;sem vítima;658;BR-381/MG;Sul;Colisão Traseira;1;2;;;;;1
15/04/2015;22:08:00;445;com vítima;792;BR-381/MG;Norte;Outros - Sequência;1;1;1;;;;1
15/04/2015;15:24:00;313;sem vítima;815,3;BR-381/MG;Sul;Outros - Sequência;1;2;;;;;1
16/04/2015;07:50:00;119;sem vítima;66,7;BR-381/SP;Sul;Colisão Traseira;1;2;;;;;1
16/04/2015;01:35:00;45;sem vítima;483,1;BR-381/MG;Sul;Outros - Sequência;1;3;;;;;1
16/04/2015;04:46:00;67;sem vítima;593,3;BR-381/MG;Norte;Colisão Traseira;2;2;;;;;1
16/04/2015;23:22:00;505;sem vítima;770,1;BR-381/MG;Norte;Outros - Sequência;4;4;;;;;1
16/04/2015;17:12:00;382;sem vítima;816;BR-381/MG;Sul;Colisão Traseira;1;2;;;;;1
16/04/2015;19:19:00;432;sem vítima;821;BR-381/MG;Norte;Choque - Outros;1;3;;;;;1
17/04/2015;21:27:00;482;sem vítima;18;BR-381/SP;Norte;Colisão Traseira;1;3;;;;;1
17/04/2015;16:31:00;348;sem vítima;480,3;BR-381/MG;Sul;Colisão Lateral;1;2;;;;;1
17/04/2015;18:32:00;414;com vítima;496;BR-381/MG;Norte;Colisão Transversal;1;0;3;1;;;2
17/04/2015;05:37:00;94;sem vítima;731;BR-381/MG;Norte;Colisão Traseira;1;2;;;;;1
17/04/2015;10:28:00;208;com vítima;854;BR-381/MG;Norte;Colisão Traseira;2;0;2;;;;1
18/04/2015;05:08:00;91;com vítima;487,5;BR-381/MG;Sul;Outros - Sequência;1;0;5;1;;;2
18/04/2015;12:43:00;268;sem vítima;516,5;BR-381/MG;Sul;Colisão Lateral;2;2;;;;;1
18/04/2015;03:05:00;73;com vítima;630,2;BR-381/MG;Norte;Outros - Sequência;1;0;1;;;;1
18/04/2015;15:28:00;332;sem vítima;686;BR-381/MG;Sul;Colisão Traseira;1;2;;;;;1
18/04/2015;23:22:00;498;com vítima;705,6;BR-381/MG;Norte;Tombamento;1;0;1;;;;1
19/04/2015;09:42:00;124;sem vítima;491,6;BR-381/MG;Sul;Colisão Traseira;1;2;;;;;1
20/04/2015;14:02:00;238;sem vítima;481,5;BR-381/MG;Norte;Colisão Traseira;1;2;;;;;1
20/04/2015;17:53:00;330;sem vítima;484,5;BR-381/MG;Sul;Colisão Traseira;1;2;;;;;1
20/04/2015;11:47:00;195;com vítima;493,2;BR-381/MG;Sul;Outros - Sequência;1;1;;;;1;3
20/04/2015;11:54:00;199;com vítima;525,8;BR-381/MG;Sul;Tombamento;1;0;1;;;;1
20/04/2015;07:41:00;97;com vítima;539;BR-381/MG;Norte;Colisão Traseira;1;1;2;;;;1
20/04/2015;04:28:00;58;sem vítima;691;BR-381/MG;Norte;Colisão Traseira;2;3;;;;;1
20/04/2015;12:45:00;218;sem vítima;863;BR-381/MG;Norte;Choque - Elemento de Drenagem;1;1;;;;;1
21/04/2015;16:49:00;304;com vítima;601;BR-381/MG;Norte;Outros - Sequência;1;2;2;;;;1
22/04/2015;02:27:00;48;com vítima;17,5;BR-381/SP;Sul;Colisão Traseira;1;3;;1;;;2
22/04/2015;05:53:00;83;sem vítima;66,7;BR-381/SP;Sul;Colisão Traseira;2;2;;;;;1
22/04/2015;09:10:00;168;sem vítima;597;BR-381/MG;Norte;Colisão Traseira;1;2;;;;;1
22/04/2015;03:04:00;53;sem vítima;655;BR-381/MG;Sul;Atropelamento de Animal;1;1;;;;;1
22/04/2015;18:13:00;367;sem vítima;799;BR-381/MG;Sul;Choque - Suporte de Sinalização;1;1;;;;;1
22/04/2015;18:34:00;375;sem vítima;839,9;BR-381/MG;Norte;Choque - Elemento de Drenagem;1;1;;;;;1
22/04/2015;14:53:00;279;sem vítima;883,804;BR-381/MG;Norte;Choque - Defensa, barreira ou "submarino";1;2;;;;;1
23/04/2015;18:18:00;336;sem vítima;48,5;BR-381/SP;Norte;Colisão Traseira;2;2;;;;;1
23/04/2015;17:35:00;327;sem vítima;52,8;BR-381/SP;Norte;Colisão Traseira;2;3;;;;;1
23/04/2015;22:58:00;415;sem vítima;69,073;BR-381/SP;Norte;Capotamento;1;1;;;;;1
23/04/2015;09:45:00;161;sem vítima;492;BR-381/MG;Sul;Objeto lançado contra veículo;2;2;;;;;1
23/04/2015;16:53:00;316;sem vítima;519,1;BR-381/MG;Norte;Colisão Lateral;1;2;;;;;1
23/04/2015;18:49:00;348;sem vítima;566;BR-381/MG;Sul;Choque - Defensa, barreira ou "submarino";1;1;;;;;1
23/04/2015;23:20:00;421;sem vítima;765;BR-381/MG;Sul;Choque - Defensa, barreira ou "submarino";1;1;;;;;1
23/04/2015;06:39:00;90;sem vítima;930;BR-381/MG;Sul;Colisão Traseira;2;2;;;;;1
24/04/2015;16:40:00;311;sem vítima;516,3;BR-381/MG;Norte;Colisão Traseira;2;2;;;;;1
24/04/2015;15:45:00;286;sem vítima;524;BR-381/MG;Norte;Colisão Traseira;1;2;;;;;1
24/04/2015;01:02:00;37;sem vítima;557,7;BR-381/MG;Norte;Colisão Traseira;1;2;;;;;1
24/04/2015;08:46:00;134;com vítima;561;BR-381/MG;Sul;Tombamento;1;0;1;;;;1
25/04/2015;21:06:00;376;sem vítima;54,3;BR-381/SP;Norte;Choque - Defensa, barreira ou "submarino";1;5;;;;;1
25/04/2015;15:32:00;279;sem vítima;65,5;BR-381/SP;Norte;Choque - Defensa, barreira ou "submarino";1;2;;;;;1
25/04/2015;17:56:00;326;com vítima;480;BR-381/MG;Norte;Colisão Traseira;1;3;1;;;;1
25/04/2015;04:31:00;66;sem vítima;704,5;BR-381/MG;Sul;Choque - Defensa, barreira ou "submarino";1;1;;;;;1
25/04/2015;04:44:00;69;sem vítima;722;BR-381/MG;Sul;Choque - Elemento de Drenagem;1;1;;;;;1
26/04/2015;19:43:00;309;sem vítima;762,9;BR-381/MG;Norte;Choque - Defensa, barreira ou "submarino";1;1;;;;;1
26/04/2015;08:50:00;92;sem vítima;802;BR-381/MG;Sul;Colisão Traseira;1;2;;;;;1
26/04/2015;21:38:00;350;com vítima;921,5;BR-381/MG;Sul;Tombamento;1;0;1;;;;1
26/04/2015;10:08:00;114;sem vítima;948,5;BR-381/MG;Norte;Colisão Traseira;2;2;;;;;1
27/04/2015;07:34:00;88;sem vítima;53;BR-381/SP;Sul;Colisão Lateral;1;3;;;;;1
27/04/2015;01:45:00;44;sem vítima;501;BR-381/MG;Sul;Capotamento;1;1;;;;;1
27/04/2015;01:24:00;40;com vítima;611,05;BR-381/MG;Norte;Choque - Defensa, barreira ou "submarino";1;1;2;;;;1
27/04/2015;18:30:00;327;sem vítima;817;BR-381/MG;Norte;Colisão Traseira;1;2;;;;;1
27/04/2015;13:08:00;208;sem vítima;851,5;BR-381/MG;Sul;Choque - Poste;1;4;;;;;1
27/04/2015;13:39:00;223;sem vítima;900,88;BR-381/MG;Norte;Colisão Traseira;2;2;;;;;1
28/04/2015;19:06:00;353;sem vítima;38;BR-381/SP;Norte;Engavetamento;2;3;;;;;1
28/04/2015;18:36:00;346;sem vítima;39;BR-381/SP;Norte;Engavetamento;1;5;;;;;1
28/04/2015;11:28:00;197;sem vítima;480,8;BR-381/MG;Sul;Colisão Lateral;2;2;;;;;1
28/04/2015;02:32:00;45;sem vítima;522;BR-381/MG;Norte;Outros;1;1;;;;;1
28/04/2015;15:16:00;275;com vítima;612,3;BR-381/MG;Norte;Colisão Traseira;1;1;;1;;;2
28/04/2015;09:03:00;125;sem vítima;618;BR-381/MG;Sul;Tombamento;1;1;;;;;1
28/04/2015;20:33:00;379;com vítima;679,8;BR-381/MG;Norte;Colisão Traseira;2;1;1;;;;1
28/04/2015;12:57:00;231;sem vítima;880;BR-381/MG;Norte;Colisão Lateral;1;2;;;;;1
28/04/2015;00:58:00;37;sem vítima;934;BR-381/MG;Norte;Choque - Talude;1;1;;;;;1
29/04/2015;18:11:00;392;com vítima;536;BR-381/MG;Norte;Colisão Lateral;1;0;2;;;;1
29/04/2015;19:42:00;427;com vítima;539,7;BR-381/MG;Norte;Engavetamento;1;2;1;;;;1
29/04/2015;23:39:00;495;com vítima;540;BR-381/MG;Norte;Tombamento;1;0;1;;;;1
29/04/2015;03:13:00;68;com vítima;702,5;BR-381/MG;Sul;Tombamento;1;0;1;;;;1
29/04/2015;02:42:00;61;sem vítima;831,15;BR-381/MG;Norte;Tombamento;1;1;;;;;1
30/04/2015;05:48:00;72;sem vítima;8;BR-381/SP;Sul;Colisão Traseira;1;3;;;;;1
30/04/2015;03:31:00;57;sem vítima;56;BR-381/SP;Sul;Colisão Traseira;2;2;;;;;1
30/04/2015;19:32:00;435;com vítima;87;BR-381/SP;Sul;Atropelamento - Outros;1;1;1;;;;1
30/04/2015;23:05:00;511;com vítima;525,2;BR-381/MG;Sul;Colisão Traseira;1;1;;;;1;3
30/04/2015;21:25:00;475;com vítima;526,1;BR-381/MG;Sul;Tombamento;1;1;1;;;;1
30/04/2015;15:33:00;325;com vítima;615;BR-381/MG;Sul;Choque - Elemento de Drenagem;1;1;1;;;;1
30/04/2015;19:33:00;436;sem vítima;685;BR-381/MG;Norte;Colisão Lateral;2;2;;;;;1
30/04/2015;21:20:00;471;sem vítima;897,7;BR-381/MG;Sul;Colisão Traseira;1;2;;;;;1
30/04/2015;08:55:00;148;sem vítima;900,7;BR-381/MG;Norte;Choque - Cancela de Pedagio;1;1;;;;;1
30/04/2015;07:33:00;105;sem vítima;921,3;BR-381/MG;Sul;Tombamento;1;1;;;;;1
01/05/2015;08:49:00;136;sem vítima;7;BR-381/SP;Sul;Choque - Cancela de Pedagio;1;2;;;;;1
01/05/2015;22:32:00;402;sem vítima;492,2;BR-381/MG;Sul;Colisão Traseira;1;2;;;;;1
01/05/2015;12:23:00;228;sem vítima;497;BR-381/MG;Norte;Colisão Traseira;1;2;;;;;1
03/05/2015;11:58:00;151;sem vítima;44;BR-381/SP;Norte;Tombamento;1;1;;;;;1
03/05/2015;03:55:00;53;com vítima;88,5;BR-381/SP;Sul;Atropelamento - Sem Informação;1;2;;;;1;3
03/05/2015;04:46:00;58;com vítima;88;BR-381/SP;Sul;Colisão Traseira;1;1;1;;;;1
03/05/2015;10:13:00;115;com vítima;526;BR-381/MG;Sul;Tombamento;2;1;1;;;;1
03/05/2015;03:41:00;48;sem vítima;603;BR-381/MG;Norte;Tombamento;1;2;;;;;1
04/05/2015;16:30:00;311;sem vítima;487,9;BR-381/MG;Sul;Engavetamento;1;4;;;;;1
04/05/2015;17:19:00;337;sem vítima;752,3;BR-381/MG;Norte;Choque - Elemento de Drenagem;1;1;;;;;1
04/05/2015;19:28:00;392;com vítima;918,6;BR-381/MG;Sul;Colisão Lateral;1;1;1;;;;1
04/05/2015;07:45:00;93;com vítima;925,3;BR-381/MG;Sul;Tombamento;1;1;1;;;;1
04/05/2015;13:36:00;256;sem vítima;948;BR-381/MG;Norte;Colisão Traseira;1;2;;;;;1
05/05/2015;00:11:00;32;sem vítima;29;BR-381/SP;Norte;Choque - Talude;1;1;;;;;1
05/05/2015;21:32:00;386;com vítima;36,6;BR-381/SP;Sul;Atropelamento - Andarilho;1;1;;;;1;3
05/05/2015;16:10:00;310;sem vítima;478,9;BR-381/MG;Norte;Colisão Lateral;1;2;;;;;1
05/05/2015;06:46:00;87;com vítima;540,2;BR-381/MG;Norte;Outros - Sequência;1;0;1;;;;1
05/05/2015;15:46:00;302;sem vítima;542,8;BR-381/MG;Norte;Tombamento;1;1;;;;;1
05/05/2015;13:17:00;255;sem vítima;561,5;BR-381/MG;Sul;Choque - Defensa, barreira ou "submarino";1;1;;;;;1
05/05/2015;20:39:00;377;sem vítima;678;BR-381/MG;Norte;Tombamento;1;1;;;;;1
05/05/2015;07:00:00;94;sem vítima;704,2;BR-381/MG;Norte;Tombamento;1;1;;;;;1
05/05/2015;22:38:00;402;sem vítima;743,6;BR-381/MG;Sul;Choque - Defensa, barreira ou "submarino";1;1;;;;;1
05/05/2015;16:07:00;308;sem vítima;812,3;BR-381/MG;Norte;Saida de Pista;1;1;;;;;1
05/05/2015;14:03:00;270;sem vítima;907,3;BR-381/MG;Norte;Colisão Lateral;2;2;;;;;1
05/05/2015;19:22:00;350;sem vítima;908,3;BR-381/MG;Norte;Colisão Traseira;1;2;;;;;1
05/05/2015;07:55:00;118;sem vítima;925,3;BR-381/MG;Sul;Tombamento;1;1;;;;;1
06/05/2015;01:02:00;31;com vítima;43;BR-381/SP;Sul;Choque - Veiculo parado na pista;1;1;;;1;;2
06/05/2015;16:42:00;385;com vítima;45,75;BR-381/SP;Norte;Atropelamento - Funcionário;1;1;;;;1;3
06/05/2015;15:58:00;366;sem vítima;52;BR-381/SP;Norte;Engavetamento;3;4;;;;;1
06/05/2015;12:33:00;276;sem vítima;485,3;BR-381/MG;Sul;Colisão Frontal;1;2;;;;;1
06/05/2015;15:20:00;346;sem vítima;540;BR-381/MG;Norte;Choque - Defensa, barreira ou "submarino";1;1;;;;;1
06/05/2015;23:35:00;512;sem vítima;704,6;BR-381/MG;Sul;Choque - Defensa, barreira ou "submarino";1;1;;;;;1
07/05/2015;07:59:00;121;sem vítima;482,5;BR-381/MG;Sul;Engavetamento;1;3;;;;;1
07/05/2015;21:09:00;432;sem vítima;682,3;BR-381/MG;Norte;Tombamento;2;3;;;;;1
07/05/2015;02:49:00;58;sem vítima;721,8;BR-381/MG;Sul;Choque - Talude;1;1;;;;;1
07/05/2015;21:53:00;444;sem vítima;724;BR-381/MG;Sul;Colisão Traseira;2;2;;;;;1
07/05/2015;20:43:00;422;sem vítima;900,88;BR-381/MG;Norte;Colisão Traseira;2;2;;;;;1
08/05/2015;09:52:00;183;sem vítima;7,5;BR-381/SP;Sul;Outros;1;2;;;;;1
08/05/2015;17:20:00;357;sem vítima;57;BR-381/SP;Norte;Colisão Lateral;1;4;;;;;1
08/05/2015;06:42:00;95;sem vítima;60,8;BR-381/SP;Norte;Engavetamento;1;3;;;;;1
08/05/2015;00:17:00;30;com vítima;481,7;BR-381/MG;Norte;Colisão Traseira;1;1;;;1;;2
08/05/2015;07:03:00;104;sem vítima;486;BR-381/MG;Norte;Colisão Traseira;1;2;;;;;1
08/05/2015;13:20:00;264;sem vítima;524,2;BR-381/MG;Sul;Colisão Traseira;1;2;;;;;1
08/05/2015;03:29:00;61;com vítima;705;BR-381/MG;Norte;Choque - Talude;1;0;;1;;;2
08/05/2015;17:12:00;356;com vítima;720,8;BR-381/MG;Norte;Tombamento;1;0;1;;;;1
09/05/2015;22:10:00;452;sem vítima;643;BR-381/MG;Norte;Colisão Lateral;2;2;;;;;1
10/05/2015;18:25:00;304;sem vítima;57;BR-381/SP;Norte;Choque - Defensa, barreira ou "submarino";1;1;;;;;1
10/05/2015;09:48:00;123;sem vítima;498;BR-381/MG;Norte;Colisão Lateral;1;2;;;;;1
10/05/2015;18:12:00;298;com vítima;525;BR-381/MG;Sul;Tombamento;1;0;;;;1;3
10/05/2015;04:06:00;56;sem vítima;526,5;BR-381/MG;Norte;Choque - Elemento de Drenagem;1;1;;;;;1
10/05/2015;17:19:00;282;sem vítima;597,5;BR-381/MG;Sul;Colisão Traseira;2;2;;;;;1
10/05/2015;08:29:00;99;sem vítima;622;BR-381/MG;Sul;Choque - Elemento de Drenagem;1;1;;;;;1
10/05/2015;00:27:00;29;com vítima;801,5;BR-381/MG;Norte;Colisão Traseira;1;1;;1;;;2
10/05/2015;22:20:00;402;sem vítima;908,4;BR-381/MG;Norte;Choque - Defensa, barreira ou "submarino";1;1;;;;;1
11/05/2015;11:20:00;197;sem vítima;545,95;BR-381/MG;Sul;Colisão Traseira;1;2;;;;;1
11/05/2015;05:43:00;77;sem vítima;589,5;BR-381/MG;Norte;Tombamento;1;1;;;;;1
11/05/2015;09:03:00;141;com vítima;707;BR-381/MG;Norte;Tombamento;1;0;1;;;;1
11/05/2015;17:56:00;336;sem vítima;758;BR-381/MG;Norte;Colisão Traseira;1;3;;;;;1
11/05/2015;09:14:00;147;sem vítima;907,6;BR-381/MG;Norte;Choque - Talude;1;1;;;;;1
12/05/2015;08:22:00;111;sem vítima;52,3;BR-381/SP;Sul;Colisão Lateral;1;2;;;;;1
12/05/2015;08:44:00;121;com vítima;57;BR-381/SP;Norte;Outros - Sequência;2;2;;;;1;3
12/05/2015;02:20:00;47;com vítima;62,5;BR-381/SP;Sul;Colisão Traseira;2;1;;;;1;3
12/05/2015;13:38:00;230;sem vítima;521,5;BR-381/MG;Norte;Colisão Lateral;1;2;;;;;1
12/05/2015;05:27:00;69;com vítima;640,5;BR-381/MG;Sul;Tombamento;1;0;2;;;;1
13/05/2015;10:44:00;180;sem vítima;65,5;BR-381/SP;Norte;Colisão Transversal;1;2;;;;;1
13/05/2015;15:59:00;293;sem vítima;480,5;BR-381/MG;Sul;Colisão Traseira;2;2;;;;;1
13/05/2015;18:54:00;368;sem vítima;484,3;BR-381/MG;Norte;Colisão Traseira;1;2;;;;;1
13/05/2015;01:21:00;37;com vítima;871,1;BR-381/MG;Norte;Tombamento;1;0;1;;;;1
13/05/2015;02:16:00;45;sem vítima;907,5;BR-381/MG;Norte;Saida de Pista;1;1;;;;;1
14/05/2015;16:53:00;363;sem vítima;3;BR-381/SP;Sul;Choque - Defensa, barreira ou "submarino";1;1;;;;;1
14/05/2015;10:43:00;224;sem vítima;60;BR-381/SP;Norte;Colisão Lateral;1;2;;;;;1
14/05/2015;11:27:00;238;sem vítima;533,5;BR-381/MG;Sul;Colisão Lateral;2;2;;;;;1
14/05/2015;16:54:00;365;sem vítima;737;BR-381/MG;Norte;Colisão Traseira;2;2;;;;;1
14/05/2015;05:41:00;80;sem vítima;802,5;BR-381/MG;Sul;Colisão Traseira;2;2;;;;;1
14/05/2015;07:31:00;113;sem vítima;900,88;BR-381/MG;Sul;Choque - Suporte de Sinalização;1;1;;;;;1
14/05/2015;12:07:00;254;com vítima;939;BR-381/MG;Sul;Colisão Traseira;1;2;1;;;;1
15/05/2015;23:23:00;484;sem vítima;478;BR-381/MG;Sul;Colisão Traseira;1;2;;;;;1
15/05/2015;23:34:00;487;com vítima;484;BR-381/MG;Norte;Colisão Lateral;1;2;1;;;;1
15/05/2015;12:08:00;224;sem vítima;486,5;BR-381/MG;Norte;Engavetamento;1;3;;;;;1
15/05/2015;10:08:00;166;com vítima;528,5;BR-381/MG;Sul;Tombamento;1;0;1;;;;1
15/05/2015;08:12:00;109;sem vítima;582,5;BR-381/MG;Norte;Colisão Lateral;1;2;;;;;1
15/05/2015;05:31:00;62;com vítima;606,7;BR-381/MG;Norte;Colisão Traseira;2;1;1;;;1;3
15/05/2015;05:33:00;63;sem vítima;657;BR-381/MG;Sul;Tombamento;1;1;;;;;1
15/05/2015;05:28:00;61;sem vítima;767,9;BR-381/MG;Norte;Engavetamento;2;3;;;;;1
15/05/2015;23:10:00;483;sem vítima;778,1;BR-381/MG;Norte;Tombamento;1;1;;;;;1
15/05/2015;11:05:00;189;sem vítima;900;BR-381/MG;Norte;Colisão Traseira;1;2;;;;;1
15/05/2015;12:48:00;240;sem vítima;940,7;BR-381/MG;Norte;Tombamento;1;1;;;;;1
16/05/2015;09:47:00;150;sem vítima;2;BR-381/SP;Sul;Colisão Lateral;1;2;;;;;1
16/05/2015;00:14:00;21;sem vítima;72;BR-381/SP;Sul;Colisão Traseira;1;2;;;;;1
16/05/2015;14:14:00;260;sem vítima;510;BR-381/MG;Norte;Colisão Lateral;2;2;;;;;1
16/05/2015;13:15:00;239;sem vítima;515;BR-381/MG;Norte;Colisão Traseira;1;2;;;;;1
16/05/2015;03:08:00;45;com vítima;756;BR-381/MG;Sul;Tombamento;1;0;1;;;;1
16/05/2015;00:45:00;28;sem vítima;765,7;BR-381/MG;Sul;Colisão Traseira;2;2;;;;;1
17/05/2015;21:50:00;330;sem vítima;575,5;BR-381/MG;Norte;Colisão Traseira;2;2;;;;;1
17/05/2015;21:35:00;327;sem vítima;721;BR-381/MG;Sul;Colisão Lateral;1;2;;;;;1
18/05/2015;02:01:00;57;com vítima;720,8;BR-381/MG;Norte;Tombamento;1;1;1;;;;1
18/05/2015;23:16:00;395;com vítima;776;BR-381/MG;Sul;Tombamento;1;0;1;;;;1
18/05/2015;21:57:00;375;sem vítima;792,5;BR-381/MG;Sul;Choque - Defensa, barreira ou "submarino";1;1;;;;;1
18/05/2015;07:27:00;96;sem vítima;905,4;BR-381/MG;Sul;Colisão Lateral;1;2;;;;;1
18/05/2015;20:34:00;358;sem vítima;920,8;BR-381/MG;Sul;Choque - Defensa, barreira ou "submarino";1;1;;;;;1
19/05/2015;16:41:00;308;sem vítima;4,2;BR-381/SP;Norte;Choque - Defensa, barreira ou "submarino";1;1;;;;;1
19/05/2015;11:43:00;217;sem vítima;24,5;BR-381/SP;Sul;Colisão Traseira;1;2;;;;;1
19/05/2015;15:13:00;270;sem vítima;89;BR-381/SP;Sul;Colisão Traseira;1;2;;;;;1
19/05/2015;22:03:00;402;sem vítima;708;BR-381/MG;Norte;Colisão Traseira;2;2;;;;;1
19/05/2015;00:38:00;32;sem vítima;713,2;BR-381/MG;Sul;Tombamento;1;1;;;;;1
19/05/2015;00:50:00;33;sem vítima;714;BR-381/MG;Sul;;1;1;;;;;1
19/05/2015;23:36:00;12;sem vítima;776;BR-381/MG;Sul;Choque - Objeto sobre a pista;1;1;;;;;1
20/05/2015;01:17:00;33;com vítima;22,5;BR-381/SP;Sul;Colisão Traseira;2;2;1;;;;1
20/05/2015;03:20:00;57;sem vítima;58,8;BR-381/SP;Sul;Colisão Traseira;1;3;;;;;1
20/05/2015;15:34:00;303;com vítima;65,5;BR-381/SP;Norte;Engavetamento;1;3;1;;;;1
20/05/2015;06:55:00;97;sem vítima;478;BR-381/MG;Norte;Colisão Lateral;1;2;;;;;1
20/05/2015;14:05:00;278;sem vítima;534;BR-381/MG;Norte;Colisão Traseira;1;2;;;;;1
20/05/2015;22:39:00;416;com vítima;654;BR-381/MG;Sul;Capotamento;1;0;1;;;;1
21/05/2015;08:54:00;145;com vítima;36,4;BR-381/SP;Norte;Tombamento;1;0;1;;;;1
21/05/2015;16:08:00;313;com vítima;720,8;BR-381/MG;Norte;Tombamento;1;0;;1;;;2
21/05/2015;14:44:00;276;com vítima;843;BR-381/MG;Sul;Colisão Traseira;1;1;1;;;;1
21/05/2015;17:14:00;343;com vítima;895,9;BR-381/MG;Sul;Capotamento;1;0;;;;1;3
22/05/2015;13:15:00;286;sem vítima;66,6;BR-381/SP;Sul;Choque - Defensa, barreira ou "submarino";1;1;;;;;1
22/05/2015;13:16:00;288;sem vítima;486;BR-381/MG;Norte;Colisão Traseira;1;2;;;;;1
22/05/2015;10:00:00;190;com vítima;489;BR-381/MG;Norte;Atropelamento - Outros;1;1;1;;;;1
22/05/2015;21:50:00;507;sem vítima;597;BR-381/MG;Sul;Colisão Traseira;2;2;;;;;1
22/05/2015;15:36:00;340;sem vítima;805;BR-381/MG;Norte;Choque - Outros;1;1;;;;;1
23/05/2015;18:58:00;365;sem vítima;64;BR-381/SP;Norte;Tombamento;2;2;;;;;1
23/05/2015;08:54:00;154;com vítima;491;BR-381/MG;Sul;Engavetamento;2;5;1;;;;1
23/05/2015;09:07:00;160;com vítima;508;BR-381/MG;Sul;Atropelamento - Morador;1;1;;;1;;2
23/05/2015;07:21:00;109;sem vítima;597,7;BR-381/MG;Norte;Colisão Traseira;1;2;;;;;1
23/05/2015;12:30:00;242;sem vítima;714,3;BR-381/MG;Sul;Colisão Lateral;1;3;;;;;1
24/05/2015;00:30:00;39;com vítima;510;BR-381/MG;Sul;Choque - Veiculo parado no acostamento;1;1;;;;1;3
24/05/2015;22:48:00;435;sem vítima;560;BR-381/MG;Norte;Tombamento;1;2;;;;;1
25/05/2015;08:33:00;113;com vítima;26,5;BR-381/SP;Sul;Tombamento;1;0;1;;;;1
25/05/2015;12:30:00;218;sem vítima;73,7;BR-381/SP;Sul;Choque - Elemento de Drenagem;1;1;;;;;1
25/05/2015;12:25:00;215;sem vítima;479;BR-381/MG;Norte;Engavetamento;2;5;;;;;1
26/05/2015;17:02:00;342;com vítima;12,7;BR-381/SP;Norte;Capotamento;1;2;1;;;;1
26/05/2015;18:48:00;387;com vítima;65,5;BR-381/SP;Norte;Colisão Traseira;1;1;;;;1;3
26/05/2015;06:12:00;79;sem vítima;89,3;BR-381/SP;Sul;Engavetamento;1;4;;;;;1
26/05/2015;11:42:00;227;sem vítima;503;BR-381/MG;Sul;Colisão Lateral;1;2;;;;;1
26/05/2015;14:53:00;298;com vítima;528;BR-381/MG;Sul;Choque - Defensa, barreira ou "submarino";1;0;1;;;;1
26/05/2015;19:01:00;394;sem vítima;667,3;BR-381/MG;Sul;Colisão Lateral;2;2;;;;;1
26/05/2015;17:33:00;356;sem vítima;690,8;BR-381/MG;Sul;Colisão Lateral;1;5;;;;;1
26/05/2015;16:57:00;340;com vítima;929,9;BR-381/MG;Sul;Choque - Defensa, barreira ou "submarino";1;0;1;;;;1
27/05/2015;20:23:00;368;com vítima;6,7;BR-381/SP;Sul;Engavetamento;3;3;;1;1;;2
27/05/2015;05:32:00;66;com vítima;58,7;BR-381/SP;Sul;Colisão Traseira;2;1;1;;;;1
27/05/2015;16:41:00;304;sem vítima;88,7;BR-381/SP;Norte;Engavetamento;1;3;;;;;1
27/05/2015;07:21:00;98;sem vítima;483,6;BR-381/MG;Norte;Colisão Lateral;1;2;;;;;1
27/05/2015;08:17:00;117;com vítima;491;BR-381/MG;Sul;Colisão Traseira;1;1;3;;;;1
27/05/2015;14:40:00;268;sem vítima;539;BR-381/MG;Norte;Choque - Elemento de Drenagem;1;1;;;;;1
27/05/2015;00:36:00;28;sem vítima;886,9;BR-381/MG;Sul;Choque - Outros;1;1;;;;;1
28/05/2015;10:57:00;201;sem vítima;69,5;BR-381/SP;Norte;Choque - Defensa, barreira ou "submarino";1;1;;;;;1
28/05/2015;21:37:00;418;sem vítima;708,5;BR-381/MG;Sul;Colisão Traseira;2;2;;;;;1
28/05/2015;22:04:00;423;sem vítima;786,9;BR-381/MG;Sul;Tombamento;1;2;;;;;1