data;horario;n_da_ocorrencia;tipo_de_ocorrencia;km;trecho;sentido;tipo_de_acidente;caminhao;ilesos;levemente_feridos;moderadamente_feridos;gravemente_feridos;mortos;3
28/05/2015;15:23:00;288;sem vítima;933;BR-381/MG;Sul;Choque - Elemento de Drenagem;2;2;;;;;1
29/05/2015;00:08:00;27;sem vítima;68,5;BR-381/SP;Norte;Colisão Traseira;2;2;;;;;1
29/05/2015;08:22:00;127;sem vítima;485,5;BR-381/MG;Sul;Colisão Traseira;1;2;;;;;1
29/05/2015;13:08:00;235;sem vítima;571;BR-381/MG;Norte;Colisão Lateral;1;2;;;;;1
29/05/2015;08:14:00;122;com vítima;672,5;BR-381/MG;Sul;Tombamento;1;0;1;;;;1
29/05/2015;07:23:00;103;sem vítima;849;BR-381/MG;Norte;Tombamento;1;2;;;;;1
30/05/2015;09:59:00;161;sem vítima;7,57;BR-381/SP;Norte;Colisão Traseira;1;2;;;;;1
30/05/2015;20:14:00;378;com vítima;47,8;BR-381/SP;Norte;Colisão Traseira;2;1;1;;;;1
30/05/2015;06:35:00;70;com vítima;71,9;BR-381/SP;Sul;Colisão Frontal;1;1;1;1;;;2
30/05/2015;09:35:00;147;com vítima;511,6;BR-381/MG;Sul;Colisão Traseira;1;1;2;;;;1
30/05/2015;00:27:00;27;com vítima;654;BR-381/MG;Norte;Tombamento;1;0;1;;;;1
30/05/2015;05:07:00;56;sem vítima;655,2;BR-381/MG;Norte;Colisão Traseira;2;3;;;;;1
30/05/2015;07:30:00;93;com vítima;707;BR-381/MG;Norte;Tombamento;1;0;;;1;;2
30/05/2015;07:34:00;97;sem vítima;707,5;BR-381/MG;Norte;Colisão Traseira;2;2;;;;;1
30/05/2015;11:05:00;184;sem vítima;870;BR-381/MG;Norte;Colisão Lateral;2;2;;;;;1
31/05/2015;09:31:00;148;sem vítima;7,2;BR-381/SP;Norte;Colisão Traseira;1;2;;;;;1
31/05/2015;12:28:00;216;com vítima;13,5;BR-381/SP;Norte;Colisão Traseira;1;2;1;;;;1
31/05/2015;16:28:00;318;com vítima;26,8;BR-381/SP;Sul;Tombamento;1;0;1;;;;1
31/05/2015;09:56:00;162;sem vítima;61,1;BR-381/SP;Sul;Colisão Traseira;1;2;;;;;1
31/05/2015;11:38:00;193;com vítima;615,9;BR-381/MG;Norte;Tombamento;1;0;1;;;;1
31/05/2015;16:07:00;304;com vítima;765;BR-381/MG;Norte;Colisão Traseira;2;2;;;1;1;3
31/05/2015;14:10:00;257;sem vítima;767,2;BR-381/MG;Sul;Outros;1;1;;;;;1
31/05/2015;16:33:00;323;sem vítima;908,5;BR-381/MG;Sul;Colisão Lateral;2;2;;;;;1
31/05/2015;15:04:00;279;sem vítima;929,35;BR-381/MG;Sul;Engavetamento;1;3;;;;;1
01/06/2015;14:36:00;281;sem vítima;71;BR-381/SP;Norte;Colisão Traseira;1;2;;;;;1
01/06/2015;22:20:00;393;sem vítima;573;BR-381/MG;Sul;Colisão Traseira;2;2;;;;;1
01/06/2015;07:18:00;100;com vítima;671;BR-381/MG;Sul;Choque - Defensa, barreira ou "submarino";1;1;1;;;;1
02/06/2015;13:21:00;267;com vítima;44;BR-381/SP;Norte;Choque - Defensa, barreira ou "submarino";1;1;1;;;;1
02/06/2015;09:13:00;171;sem vítima;480;BR-381/MG;Norte;Colisão Traseira;1;2;;;;;1
02/06/2015;13:42:00;275;sem vítima;524;BR-381/MG;Norte;Colisão Traseira;1;2;;;;;1
02/06/2015;21:14:00;427;sem vítima;581,3;BR-381/MG;Sul;Choque - Elemento de Drenagem;1;1;;;;;1
02/06/2015;00:49:00;45;sem vítima;611,6;BR-381/MG;Norte;Saida de Pista;1;3;;;;;1
02/06/2015;20:06:00;97;sem vítima;681;BR-381/MG;Norte;Colisão Lateral;1;2;;;;;1
02/06/2015;21:48:00;436;sem vítima;723;BR-381/MG;Sul;Colisão Lateral;2;2;;;;;1
02/06/2015;16:09:00;320;sem vítima;729,5;BR-381/MG;Norte;Choque - Defensa, barreira ou "submarino";1;1;;;;;1
02/06/2015;01:45:00;50;com vítima;775;BR-381/MG;Norte;Tombamento;1;0;;1;;;2
02/06/2015;01:43:00;49;com vítima;807,9;BR-381/MG;Norte;Colisão Traseira;2;1;1;;;;1
03/06/2015;08:29:00;127;sem vítima;488,6;BR-381/MG;Sul;Colisão Traseira;1;2;;;;;1
03/06/2015;18:16:00;374;com vítima;501;BR-381/MG;Sul;Colisão Traseira;1;1;1;;;;1
03/06/2015;15:23:00;302;sem vítima;880;BR-381/MG;Sul;Colisão Lateral;1;2;;;;;1
04/06/2015;09:50:00;204;sem vítima;22,3;BR-381/SP;Norte;Colisão Lateral;1;2;;;;;1
04/06/2015;15:18:00;356;sem vítima;65,5;BR-381/SP;Norte;Colisão Lateral;1;2;;;;;1
04/06/2015;07:54:00;129;sem vítima;478;BR-381/MG;Norte;Engavetamento;1;3;;;;;1
04/06/2015;10:23:00;229;sem vítima;589;BR-381/MG;Sul;Colisão Traseira;1;4;;;;;1
04/06/2015;09:49:00;203;sem vítima;622;BR-381/MG;Norte;Choque - Defensa, barreira ou "submarino";1;2;;;;;1
04/06/2015;21:14:00;472;com vítima;712,5;BR-381/MG;Norte;Colisão Traseira;1;2;1;;;;1
04/06/2015;22:29:00;489;sem vítima;848,9;BR-381/MG;Norte;Tombamento;1;1;;;;;1
04/06/2015;15:26:00;361;sem vítima;853;BR-381/MG;Sul;Colisão Traseira;1;2;;;;;1
05/06/2015;23:08:00;336;sem vítima;746;BR-381/MG;Norte;Colisão Traseira;2;2;;;;;1
05/06/2015;13:31:00;188;sem vítima;844;BR-381/MG;Norte;Saida de Pista;1;1;;;;;1
05/06/2015;12:18:00;168;com vítima;900;BR-381/MG;Norte;Engavetamento;1;2;1;;;;1
06/06/2015;10:11:00;158;sem vítima;65,5;BR-381/SP;Norte;Colisão Lateral;1;2;;;;;1
06/06/2015;06:17:00;86;sem vítima;490,7;BR-381/MG;Norte;Colisão Lateral;1;2;;;;;1
06/06/2015;04:50:00;77;sem vítima;802;BR-381/MG;Norte;Atropelamento de Animal;1;1;;;;;1
06/06/2015;13:27:00;231;com vítima;866,9;BR-381/MG;Norte;Colisão Frontal;2;2;1;;;2;3
07/06/2015;07:44:00;94;com vítima;480,6;BR-381/MG;Norte;Colisão Lateral;1;2;1;;;;1
07/06/2015;17:09:00;365;sem vítima;631;BR-381/MG;Norte;Colisão Lateral;1;2;;;;;1
07/06/2015;07:03:00;84;com vítima;806,4;BR-381/MG;Norte;Colisão Traseira;1;0;4;;;;1
07/06/2015;14:35:00;260;com vítima;934;BR-381/MG;Norte;Tombamento;1;1;;1;;;2
08/06/2015;07:50:00;122;sem vítima;57,1;BR-381/SP;Sul;Colisão Traseira;1;3;;;;;1
08/06/2015;22:13:00;487;com vítima;623,5;BR-381/MG;Sul;Tombamento;1;0;1;;;;1
08/06/2015;00:12:00;29;com vítima;871,1;BR-381/MG;Sul;Choque - Veiculo parado no acostamento;1;1;;;;1;3
09/06/2015;05:59:00;65;com vítima;16;BR-381/SP;Sul;Colisão Traseira;2;1;1;;;;1
09/06/2015;14:00:00;270;sem vítima;36,4;BR-381/SP;Norte;Colisão Transversal;1;3;;;;;1
09/06/2015;08:54:00;131;sem vítima;495;BR-381/MG-CONT;Sul;Choque - Defensa, barreira ou "submarino";1;1;;;;;1
09/06/2015;06:42:00;77;com vítima;728,5;BR-381/MG;Norte;Tombamento;1;0;;1;;;2
09/06/2015;17:18:00;351;sem vítima;734,2;BR-381/MG;Sul;Choque - Defensa, barreira ou "submarino";1;1;;;;;1
09/06/2015;09:02:00;136;sem vítima;845,7;BR-381/MG;Norte;Colisão Traseira;1;3;;;;;1
10/06/2015;08:17:00;134;com vítima;89,1;BR-381/SP;Sul;Engavetamento;1;7;3;;;;1
10/06/2015;10:50:00;207;sem vítima;90;BR-381/SP;Norte;Colisão Lateral;1;2;;;;;1
10/06/2015;18:19:00;400;sem vítima;614;BR-381/MG;Norte;Capotamento;1;2;;;;;1
10/06/2015;07:58:00;117;sem vítima;924,7;BR-381/MG;Sul;Colisão Lateral;1;3;;;;;1
11/06/2015;16:48:00;353;sem vítima;28;BR-381/SP;Norte;Colisão Lateral;1;2;;;;;1
11/06/2015;17:49:00;385;sem vítima;478,2;BR-381/MG;Norte;Colisão Traseira;1;3;;;;;1
11/06/2015;10:38:00;204;sem vítima;525;BR-381/MG;Norte;Colisão Traseira;1;2;;;;;1
11/06/2015;08:02:00;122;sem vítima;688,9;BR-381/MG;Sul;Choque - Talude;1;1;;;;;1
11/06/2015;03:38:00;57;sem vítima;735,5;BR-381/MG;Sul;Choque - Defensa, barreira ou "submarino";1;1;;;;;1
12/06/2015;09:53:00;211;com vítima;593;BR-381/MG;Norte;Choque - Veiculo parado no acostamento;2;1;1;;;;1
12/06/2015;05:52:00;86;sem vítima;935;BR-381/MG;Norte;Choque - Elemento de Drenagem;1;1;;;;;1
13/06/2015;04:35:00;64;com vítima;76,5;BR-381/SP;Sul;Tombamento;1;2;1;;;;1
13/06/2015;06:06:00;71;sem vítima;76,5;BR-381/SP;Sul;Colisão Lateral;1;2;;;;;1
13/06/2015;06:48:00;81;com vítima;493,5;BR-381/MG;Norte;Tombamento;1;0;1;;;;1
13/06/2015;10:28:00;172;com vítima;583,9;BR-381/MG;Sul;Tombamento;1;0;1;;;;1
13/06/2015;13:44:00;252;com vítima;647,3;BR-381/MG;Norte;Tombamento;1;0;1;;;;1
14/06/2015;09:08:00;132;com vítima;60,101;BR-381/SP;Norte;Colisão Lateral;1;2;1;;;;1
14/06/2015;10:42:00;160;sem vítima;521;BR-381/MG;Norte;Colisão Lateral;1;2;;;;;1
14/06/2015;09:43:00;144;sem vítima;873,8;BR-381/MG;Norte;Colisão Traseira;1;2;;;;;1
15/06/2015;11:56:00;231;sem vítima;61;BR-381/SP;Norte;Colisão Traseira;1;2;;;;;1
15/06/2015;16:30:00;315;sem vítima;61;BR-381/SP;Norte;Colisão Lateral;1;2;;;;;1
15/06/2015;10:27:00;184;sem vítima;69,634;BR-381/SP;Sul;Colisão Traseira;1;2;;;;;1
15/06/2015;12:55:00;252;sem vítima;71,2;BR-381/SP;Sul;Outros;1;1;;;;;1
15/06/2015;13:49:00;272;sem vítima;73;BR-381/SP;Sul;Choque - Defensa, barreira ou "submarino";1;5;;;;;1
15/06/2015;18:39:00;371;sem vítima;89;BR-381/SP;Sul;Colisão Traseira;1;2;;;;;1
15/06/2015;21:04:00;405;sem vítima;725,2;BR-381/MG;Sul;Colisão Traseira;2;2;;;;;1
15/06/2015;14:46:00;289;sem vítima;782,9;BR-381/MG;Sul;Choque - Defensa, barreira ou "submarino";1;1;;;;;1
15/06/2015;21:34:00;418;sem vítima;908;BR-381/MG;Norte;Choque - Defensa, barreira ou "submarino";1;1;;;;;1
16/06/2015;08:54:00;137;sem vítima;66,6;BR-381/SP;Sul;Colisão Lateral;1;2;;;;;1
16/06/2015;06:56:00;88;sem vítima;73,4;BR-381/SP;Norte;Colisão Traseira;1;2;;;;;1
16/06/2015;17:25:00;355;sem vítima;486,2;BR-381/MG;Sul;Engavetamento;1;4;;;;;1
16/06/2015;19:43:00;398;com vítima;612;BR-381/MG;Norte;Saida de Pista;1;0;1;;;;1
16/06/2015;02:31:00;54;com vítima;640,8;BR-381/MG;Norte;Atropelamento - Usuário;2;1;;;;1;3
16/06/2015;21:57:00;437;sem vítima;653,6;BR-381/MG;Sul;Colisão Traseira;1;3;;;;;1
16/06/2015;11:02:00;192;sem vítima;749,5;BR-381/MG;Norte;Colisão Traseira;1;2;;;;;1
16/06/2015;15:07:00;292;sem vítima;817;BR-381/MG;Norte;Colisão Traseira;1;2;;;;;1
16/06/2015;06:53:00;87;sem vítima;855;BR-381/MG;Norte;Outros - Sequência;1;2;;;;;1
16/06/2015;13:32:00;256;sem vítima;930,755;BR-381/MG;Norte;Colisão Traseira;2;2;;;;;1
17/06/2015;04:42:00;58;sem vítima;58;BR-381/SP;Sul;Colisão Traseira;2;2;;;;;1
17/06/2015;01:37:00;42;sem vítima;673,2;BR-381/MG;Norte;Colisão Traseira;1;3;;;;;1
17/06/2015;05:49:00;81;com vítima;760;BR-381/MG;Sul;Tombamento;1;0;2;1;;;2
17/06/2015;06:20:00;89;sem vítima;761,5;BR-381/MG;Sul;Atropelamento de Animal;1;1;;;;;1
18/06/2015;08:34:00;149;sem vítima;7;BR-381/SP;Norte;Colisão Traseira;1;2;;;;;1
18/06/2015;09:23:00;177;sem vítima;478,5;BR-381/MG;Norte;Colisão Traseira;1;2;;;;;1
18/06/2015;11:19:00;246;sem vítima;545;BR-381/MG;Sul;Colisão Traseira;1;2;;;;;1
18/06/2015;15:41:00;360;com vítima;603;BR-381/MG;Norte;Colisão Traseira;2;1;2;;;;1
18/06/2015;04:58:00;71;sem vítima;741;BR-381/MG;Sul;Choque - Defensa, barreira ou "submarino";1;1;;;;;1
18/06/2015;05:47:00;80;sem vítima;777,3;BR-381/MG;Sul;Colisão Traseira;2;2;;;;;1
18/06/2015;09:27:00;180;sem vítima;845;BR-381/MG;Norte;Tombamento;1;1;;;;;1
19/06/2015;14:23:00;297;com vítima;69,5;BR-381/SP;Sul;Tombamento;1;0;1;;;;1
19/06/2015;07:20:00;117;sem vítima;89,5;BR-381/SP;Sul;Colisão Lateral;1;2;;;;;1
19/06/2015;14:37:00;306;sem vítima;487,6;BR-381/MG;Sul;Tombamento;4;5;;;;;1
19/06/2015;15:13:00;320;sem vítima;524,7;BR-381/MG;Norte;Colisão Traseira;1;2;;;;;1
19/06/2015;09:49:00;185;com vítima;529;BR-381/MG;Norte;Engavetamento;4;5;1;;;;1
19/06/2015;08:34:00;152;com vítima;723,6;BR-381/MG;Norte;Engavetamento;2;4;3;;;;1
19/06/2015;20:46:00;460;com vítima;789,4;BR-381/MG;Norte;Tombamento;1;0;;1;;;2
20/06/2015;01:45:00;59;com vítima;798,5;BR-381/MG;Norte;Capotamento;1;0;1;;;;1
20/06/2015;12:36:00;235;sem vítima;904,8;BR-381/MG;Norte;Colisão Traseira;2;2;;;;;1
21/06/2015;17:02:00;316;sem vítima;523;BR-381/MG;Norte;Colisão Traseira;2;2;;;;;1
21/06/2015;00:06:00;33;sem vítima;560;BR-381/MG;Norte;Saida de Pista;1;2;;;;;1
21/06/2015;14:51:00;261;sem vítima;631,9;BR-381/MG;Norte;Colisão Lateral;1;2;;;;;1
21/06/2015;16:21:00;296;sem vítima;687,7;BR-381/MG;Sul;Tombamento;1;1;;;;;1
21/06/2015;00:43:00;39;sem vítima;935,7;BR-381/MG;Sul;Atropelamento de Animal;1;1;;;;;1
22/06/2015;11:54:00;235;sem vítima;71,1;BR-381/SP;Norte;Colisão Traseira;1;2;;;;;1
22/06/2015;15:51:00;309;sem vítima;77;BR-381/SP;Norte;Colisão Traseira;2;2;;;;;1
22/06/2015;09:59:00;190;sem vítima;489,9;BR-381/MG;Norte;Colisão Lateral;1;2;;;;;1
22/06/2015;18:18:00;368;sem vítima;525;BR-381/MG;Sul;Choque - Defensa, barreira ou "submarino";1;1;;;;;1
22/06/2015;03:09:00;56;com vítima;532;BR-381/MG;Norte;Colisão Lateral;1;3;1;;;;1
23/06/2015;19:15:00;400;sem vítima;478,3;BR-381/MG;Norte;Engavetamento;1;4;;;;;1
23/06/2015;06:54:00;97;sem vítima;492;BR-381/MG;Norte;Colisão Traseira;2;2;;;;;1
23/06/2015;07:08:00;106;sem vítima;504,1;BR-381/MG;Sul;Colisão Traseira;1;2;;;;;1
23/06/2015;10:31:00;219;sem vítima;545,7;BR-381/MG;Norte;Colisão Traseira;2;2;;;;;1
23/06/2015;15:29:00;329;sem vítima;717;BR-381/MG;Norte;Colisão Traseira;1;2;;;;;1
23/06/2015;17:09:00;359;sem vítima;777,8;BR-381/MG;Norte;Tombamento;1;1;;;;;1
23/06/2015;16:03:00;338;com vítima;822,6;BR-381/MG;Sul;Colisão Traseira;1;1;1;;;;1
23/06/2015;03:11:00;63;sem vítima;840,5;BR-381/MG;Sul;Colisão Traseira;2;2;;;;;1
23/06/2015;09:32:00;182;sem vítima;853;BR-381/MG;Sul;Colisão Traseira;2;2;;;;;1
23/06/2015;07:10:00;108;com vítima;949,9;BR-381/MG;Norte;Colisão Traseira;1;4;2;;;;1
24/06/2015;09:03:00;144;com vítima;22,3;BR-381/SP;Sul;Colisão Traseira;2;2;1;;;;1
24/06/2015;14:11:00;271;sem vítima;31,9;BR-381/SP;Sul;Saida de Pista;1;1;;;;;1
24/06/2015;10:53:00;193;sem vítima;76;BR-381/SP;Sul;Colisão Lateral;1;2;;;;;1
24/06/2015;02:11:00;48;com vítima;494,7;BR-381/MG;Sul;Choque - Defensa, barreira ou "submarino";1;0;1;1;;;2
25/06/2015;22:17:00;474;sem vítima;62;BR-381/SP;Sul;Choque - Defensa, barreira ou "submarino";1;1;;;;;1
25/06/2015;13:48:00;284;sem vítima;491,3;BR-381/MG;Sul;Colisão Lateral;1;2;;;;;1
25/06/2015;12:18:00;252;sem vítima;491,4;BR-381/MG;Norte;Colisão Lateral;1;3;;;;;1
25/06/2015;15:47:00;344;sem vítima;854,5;BR-381/MG;Norte;Colisão Traseira;2;2;;;;;1
25/06/2015;15:32:00;333;sem vítima;886;BR-381/MG;Norte;Choque - Defensa, barreira ou "submarino";1;1;;;;;1
26/06/2015;11:02:00;226;sem vítima;40,9;BR-381/SP;Sul;Colisão Traseira;1;2;;;;;1
26/06/2015;05:49:00;87;com vítima;561;BR-381/MG;Norte;Tombamento;1;0;1;;;;1
26/06/2015;17:32:00;385;sem vítima;923;BR-381/MG;Norte;Colisão Lateral;1;2;;;;;1
26/06/2015;05:16:00;83;sem vítima;936;BR-381/MG;Norte;Choque - Defensa, barreira ou "submarino";1;1;;;;;1
27/06/2015;17:03:00;310;sem vítima;35;BR-381/SP;Norte;Colisão Traseira;1;2;;;;;1
27/06/2015;04:34:00;83;sem vítima;484,5;BR-381/MG;Norte;Colisão Traseira;1;2;;;;;1
27/06/2015;18:57:00;343;sem vítima;487;BR-381/MG;Norte;Colisão Lateral;1;2;;;;;1
27/06/2015;10:55:00;178;sem vítima;732,5;BR-381/MG;Sul;Choque - Defensa, barreira ou "submarino";1;2;;;;;1
28/06/2015;00:14:00;27;sem vítima;523,1;BR-381/MG;Sul;Choque - Defensa, barreira ou "submarino";1;1;;;;;1
29/06/2015;05:49:00;60;sem vítima;0,5;BR-381/SP;Sul;Colisão Traseira;1;2;;;;;1
29/06/2015;19:08:00;364;com vítima;89,5;BR-381/SP;Sul;Colisão Lateral;1;2;1;;;;1
29/06/2015;09:12:00;151;sem vítima;597;BR-381/MG;Norte;Choque - Defensa, barreira ou "submarino";1;1;;;;;1
29/06/2015;19:41:00;368;sem vítima;911;BR-381/MG;Norte;Atropelamento de Animal;1;1;;;;;1
29/06/2015;22:35:00;414;com vítima;929,9;BR-381/MG;Sul;Tombamento;1;0;2;;;;1
30/06/2015;06:29:00;71;sem vítima;49,4;BR-381/SP;Sul;Colisão Traseira;2;3;;;;;1
30/06/2015;15:41:00;313;sem vítima;560,8;BR-381/MG;Norte;Colisão Lateral;1;2;;;;;1
30/06/2015;11:21:00;215;sem vítima;895,9;BR-381/MG;Sul;Colisão Lateral;1;2;;;;;1
30/06/2015;11:41:00;220;sem vítima;895,9;BR-381/MG;Sul;Colisão Traseira;2;3;;;;;1
01/07/2015;20:29:00;373;com vítima;68;BR-381/SP;Norte;Choque - Veiculo parado na pista;1;2;1;;1;;2
01/07/2015;18:54:00;350;sem vítima;71,4;BR-381/SP;Sul;Choque - Talude;1;1;;;;;1
01/07/2015;05:22:00;69;sem vítima;579;BR-381/MG;Norte;Colisão Traseira;2;2;;;;;1
01/07/2015;04:18:00;55;com vítima;776,7;BR-381/MG;Sul;Capotamento;2;1;1;;;;1
01/07/2015;05:44:00;74;sem vítima;777;BR-381/MG;Sul;Colisão Traseira;2;2;;;;;1
02/07/2015;18:03:00;359;sem vítima;58;BR-381/SP;Norte;Colisão Traseira;3;10;;;;;1
02/07/2015;21:25:00;418;sem vítima;65,2;BR-381/SP;Norte;Colisão Traseira;1;2;;;;;1
02/07/2015;12:31:00;232;sem vítima;66,6;BR-381/SP;Sul;Colisão Traseira;1;2;;;;;1
02/07/2015;04:50:00;71;sem vítima;657,6;BR-381/MG;Norte;Colisão Lateral;2;2;;;;;1
02/07/2015;23:32:00;443;com vítima;897,3;BR-381/MG;Sul;Choque - Elemento de Drenagem;1;0;1;;;;1
03/07/2015;21:43:00;446;sem vítima;50;BR-381/SP;Norte;Engavetamento;2;5;;;;;1
03/07/2015;11:03:00;201;com vítima;59,8;BR-381/SP;Norte;Engavetamento;1;3;1;;;;1
03/07/2015;15:09:00;294;sem vítima;61;BR-381/SP;Norte;Choque - Defensa, barreira ou "submarino";1;2;;;;;1
03/07/2015;07:39:00;112;sem vítima;802;BR-381/MG;Norte;Saida de Pista;1;1;;;;;1
03/07/2015;11:05:00;203;com vítima;805;BR-381/MG;Sul;Colisão Traseira;1;1;;2;;;2
03/07/2015;12:01:00;226;sem vítima;948;BR-381/MG;Norte;Colisão Traseira;1;2;;;;;1
04/07/2015;11:18:00;199;sem vítima;65,5;BR-381/SP;Norte;Colisão Traseira;1;2;;;;;1
04/07/2015;22:33:00;427;sem vítima;65,5;BR-381/SP;Norte;Colisão Traseira;1;2;;;;;1
04/07/2015;08:12:00;127;sem vítima;86;BR-381/SP;Sul;Colisão Lateral;1;2;;;;;1
04/07/2015;21:22:00;412;com vítima;629,7;BR-381/MG;Norte;Tombamento;1;0;1;;;;1
04/07/2015;08:17:00;134;com vítima;722;BR-381/MG;Sul;Colisão Traseira;1;1;1;;;;1
05/07/2015;01:04:00;46;sem vítima;556,647;BR-381/MG;Norte;Colisão Traseira;1;2;;;;;1
05/07/2015;03:50:00;77;com vítima;881,104;BR-381/MG;Sul;Atropelamento - Outros;1;1;;;;1;3
05/07/2015;19:11:00;360;com vítima;907;BR-381/MG;Norte;Colisão Traseira;1;2;3;;;;1
06/07/2015;11:06:00;211;sem vítima;58;BR-381/SP;Norte;Colisão Traseira;1;2;;;;;1
06/07/2015;16:56:00;328;sem vítima;503,3;BR-381/MG;Norte;Choque - Defensa, barreira ou "submarino";1;1;;;;;1
06/07/2015;18:00:00;354;sem vítima;521,62;BR-381/MG;Sul;Tombamento;1;1;;;;;1
06/07/2015;10:22:00;189;sem vítima;858,2;BR-381/MG;Sul;Colisão Lateral;1;2;;;;;1
07/07/2015;16:27:00;304;com vítima;75;BR-381/SP;Norte;Colisão Traseira;1;1;1;;;;1
07/07/2015;12:25:00;201;com vítima;482;BR-381/MG;Norte;Colisão Traseira;1;1;2;;;;1
07/07/2015;22:23:00;410;sem vítima;900,8;BR-381/MG;Sul;Colisão Traseira;1;2;;;;;1
08/07/2015;15:33:00;315;sem vítima;36;BR-381/SP;Sul;Capotamento;1;2;;;;;1
08/07/2015;20:05:00;412;com vítima;729,9;BR-381/MG;Norte;Colisão Lateral;1;2;1;;;;1
08/07/2015;20:12:00;416;sem vítima;785,25;BR-381/MG;Norte;Choque - Talude;1;1;;;;;1
08/07/2015;10:54:00;205;sem vítima;897,183;BR-381/MG;Norte;Tombamento;1;1;;;;;1
08/07/2015;19:20:00;394;com vítima;906,5;BR-381/MG;Norte;Engavetamento;3;4;1;;;;1
08/07/2015;09:22:00;175;sem vítima;923;BR-381/MG;Norte;Colisão Lateral;1;2;;;;;1
09/07/2015;00:17:00;24;sem vítima;484;BR-381/MG;Norte;Capotamento;1;2;;;;;1
09/07/2015;01:19:00;36;sem vítima;636,7;BR-381/MG;Norte;Choque - Veiculo parado no acostamento;1;2;;;;;1
10/07/2015;23:42:00;515;sem vítima;78;BR-381/SP;Norte;Colisão Traseira;2;2;;;;;1
10/07/2015;09:03:00;153;sem vítima;79,9;BR-381/SP;Norte;Colisão Lateral;1;4;;;;;1
10/07/2015;16:25:00;351;sem vítima;491,3;BR-381/MG;Sul;Colisão Traseira;2;2;;;;;1
10/07/2015;15:20:00;323;sem vítima;497,5;BR-381/MG;Sul;Colisão Lateral;1;2;;;;;1
10/07/2015;14:11:00;281;sem vítima;611;BR-381/MG;Sul;Tombamento;1;1;;;;;1
10/07/2015;16:49:00;364;sem vítima;805;BR-381/MG;Norte;Outros;1;1;;;;;1
10/07/2015;19:17:00;427;com vítima;913,3;BR-381/MG;Norte;Colisão Traseira;1;1;1;;;;1
11/07/2015;11:07:00;210;sem vítima;9;BR-381/SP;Sul;Colisão Lateral;1;2;;;;;1
11/07/2015;07:57:00;134;sem vítima;707;BR-381/MG;Norte;Tombamento;1;1;;;;;1
12/07/2015;18:29:00;381;sem vítima;485,8;BR-381/MG;Norte;Colisão Lateral;1;2;;;;;1
12/07/2015;19:12:00;407;sem vítima;494;BR-381/MG;Norte;Engavetamento;1;3;;;;;1
12/07/2015;22:06:00;465;sem vítima;511,7;BR-381/MG;Norte;Colisão Traseira;2;2;;;;;1
12/07/2015;12:15:00;202;com vítima;583,7;BR-381/MG;Sul;Capotamento;1;1;2;;;;1
12/07/2015;19:58:00;422;sem vítima;850;BR-381/MG;Sul;Colisão Transversal;1;2;;;;;1
12/07/2015;19:11:00;406;sem vítima;944,4;BR-381/MG;Sul;Engavetamento;1;4;;;;;1
13/07/2015;11:24:00;209;sem vítima;25,5;BR-381/SP;Sul;Colisão Traseira;1;2;;;;;1
13/07/2015;08:40:00;135;sem vítima;58,5;BR-381/SP;Sul;Engavetamento;1;5;;;;;1
13/07/2015;01:23:00;46;com vítima;61,4;BR-381/SP;Norte;Colisão Traseira;2;1;1;;;;1
14/07/2015;10:56:00;210;sem vítima;58,5;BR-381/SP;Sul;Colisão Traseira;1;2;;;;;1
14/07/2015;09:20:00;161;sem vítima;482,4;BR-381/MG;Sul;Colisão Lateral;1;2;;;;;1
14/07/2015;11:10:00;214;sem vítima;500;BR-381/MG;Norte;Colisão Traseira;2;2;;;;;1
14/07/2015;09:57:00;185;com vítima;540;BR-381/MG;Norte;Saida de Pista;1;0;1;;;;1
14/07/2015;15:30:00;326;com vítima;601,4;BR-381/MG;Norte;Colisão Traseira;1;1;1;;;;1
14/07/2015;03:27:00;69;sem vítima;760;BR-381/MG;Sul;Colisão Traseira;1;2;;;;;1
15/07/2015;15:03:00;313;com vítima;37,2;BR-381/SP;Sul;Engavetamento;2;2;1;;;;1
15/07/2015;14:30:00;295;com vítima;75,3;BR-381/SP;Sul;Tombamento;1;0;1;;;;1
15/07/2015;13:02:00;258;sem vítima;481;BR-381/MG;Norte;Colisão Lateral;1;2;;;;;1
15/07/2015;12:20:00;240;sem vítima;481,7;BR-381/MG;Sul;Colisão Traseira;2;2;;;;;1
15/07/2015;06:43:00;91;com vítima;521,5;BR-381/MG;Sul;Tombamento;1;0;;1;;;2
15/07/2015;22:01:00;485;sem vítima;745,8;BR-381/MG;Sul;Colisão Lateral;2;2;;;;;1
15/07/2015;09:58:00;184;sem vítima;834;BR-381/MG;Norte;Tombamento;2;2;;;;;1
16/07/2015;07:15:00;114;sem vítima;80,5;BR-381/SP;Sul;Choque - Poste;1;1;;;;;1
16/07/2015;02:27:00;53;sem vítima;913;BR-381/MG;Norte;Choque - Defensa, barreira ou "submarino";2;2;;;;;1
17/07/2015;04:12:00;72;sem vítima;15,2;BR-381/SP;Sul;Choque - Defensa, barreira ou "submarino";1;1;;;;;1
17/07/2015;21:33:00;483;com vítima;77;BR-381/SP;Norte;Colisão Lateral;2;5;2;;;;1
17/07/2015;13:52:00;280;com vítima;78,7;BR-381/SP;Sul;Tombamento;1;0;1;;;;1
17/07/2015;12:33:00;249;com vítima;79,6;BR-381/SP;Sul;Colisão Lateral;1;1;;1;;;2
17/07/2015;23:21:00;515;sem vítima;478;BR-381/MG;Sul;Colisão Lateral;1;6;;;;;1
17/07/2015;18:39:00;424;com vítima;525;BR-381/MG;Sul;Capotamento;1;0;1;;;;1
17/07/2015;09:08:00;148;com vítima;597,67;BR-381/MG;Norte;Engavetamento;2;4;2;;;;1