data;horario;n_da_ocorrencia;tipo_de_ocorrencia;km;trecho;sentido;tipo_de_acidente;caminhao;ilesos;levemente_feridos;moderadamente_feridos;gravemente_feridos;mortos;3
05/09/2015;23:23:00;523;sem vítima;851,5;BR-381/MG;Norte;Colisão Lateral;1;2;;;;;1
07/09/2015;01:32:00;35;com vítima;51;BR-381/SP;Sul;Colisão Traseira;2;2;1;1;;;2
07/09/2015;12:29:00;183;sem vítima;727;BR-381/MG;Norte;Colisão Lateral;1;2;;;;;1
07/09/2015;10:50:00;140;com vítima;764,9;BR-381/MG;Sul;Choque - Defensa, barreira ou "submarino";1;0;3;;;;1
08/09/2015;14:19:00;280;sem vítima;56,2;BR-381/SP;Sul;Engavetamento;2;3;;;;;1
08/09/2015;19:44:00;437;sem vítima;482,5;BR-381/MG;Norte;Colisão Lateral;1;2;;;;;1
08/09/2015;08:57:00;151;sem vítima;506;BR-381/MG;Norte;Outros;1;1;;;;;1
08/09/2015;11:04:00;210;sem vítima;762;BR-381/MG;Sul;Choque - Defensa, barreira ou "submarino";1;1;;;;;1
08/09/2015;16:32:00;335;sem vítima;884;BR-381/MG;Norte;Choque - Defensa, barreira ou "submarino";1;2;;;;;1
08/09/2015;08:42:00;141;sem vítima;924,5;BR-381/MG;Sul;Colisão Traseira;1;2;;;;;1
09/09/2015;02:25:00;53;sem vítima;9;BR-381/SP;Norte;Outros;1;1;;;;;1
09/09/2015;12:52:00;243;sem vítima;60;BR-381/SP;Sul;Choque - Talude;1;1;;;;;1
09/09/2015;20:16:00;407;sem vítima;491,8;BR-381/MG-CONT;Norte;Choque - Veiculo parado no acostamento;2;2;;;;;1
09/09/2015;18:33:00;380;sem vítima;494,6;BR-381/MG;Norte;Colisão Traseira;1;2;;;;;1
09/09/2015;05:49:00;75;sem vítima;546;BR-381/MG;Norte;Colisão Traseira;2;2;;;;;1
09/09/2015;03:40:00;65;sem vítima;566;BR-381/MG;Sul;Choque - Defensa, barreira ou "submarino";1;1;;;;;1
09/09/2015;14:15:00;276;com vítima;676,5;BR-381/MG;Norte;Choque - Veiculo parado no acostamento;1;1;1;;;;1
09/09/2015;02:00:00;47;sem vítima;782,8;BR-381/MG;Sul;Choque - Objeto sobre a pista;1;2;;;;;1
09/09/2015;11:57:00;228;com vítima;913,6;BR-381/MG;Sul;Colisão Traseira;1;1;2;;;;1
10/09/2015;22:11:00;427;sem vítima;51,1;BR-381/SP;Sul;Colisão Lateral;1;2;;;;;1
10/09/2015;16:12:00;308;com vítima;89;BR-381/SP;Sul;Colisão Traseira;1;1;1;;;;1
10/09/2015;12:25:00;227;com vítima;492,1;BR-381/MG;Sul;Tombamento;1;0;1;;;;1
10/09/2015;21:08:00;414;sem vítima;693;BR-381/MG;Sul;Colisão Lateral;2;2;;;;;1
10/09/2015;13:06:00;241;sem vítima;839,7;BR-381/MG;Sul;Outros;1;1;;;;;1
11/09/2015;20:18:00;435;sem vítima;70,8;BR-381/SP;Sul;Choque - Defensa, barreira ou "submarino";1;1;;;;;1
11/09/2015;07:07:00;86;sem vítima;540,3;BR-381/MG;Norte;Choque - Defensa, barreira ou "submarino";1;1;;;;;1
11/09/2015;07:07:00;95;sem vítima;540,3;BR-381/MG;Norte;Colisão Lateral;3;3;;;;;1
11/09/2015;07:07:00;100;com vítima;540,3;BR-381/MG;Norte;Colisão Traseira;1;1;1;;;;1
11/09/2015;22:15:00;469;sem vítima;597;BR-381/MG;Sul;Choque - Cancela de Pedagio;1;1;;;;;1
11/09/2015;08:23:00;129;com vítima;672;BR-381/MG;Sul;Choque - Elemento de Drenagem;1;0;2;;;;1
11/09/2015;07:33:00;102;com vítima;687;BR-381/MG;Norte;Tombamento;1;0;;2;;;2
11/09/2015;14:03:00;274;sem vítima;699;BR-381/MG;Sul;Colisão Lateral;1;5;;;;;1
11/09/2015;22:36:00;476;com vítima;707,1;BR-381/MG;Norte;Capotamento;1;2;;1;;;2
11/09/2015;22:27:00;472;sem vítima;715;BR-381/MG;Norte;Choque - Veiculo parado no acostamento;1;4;;;;;1
11/09/2015;21:19:00;455;sem vítima;755;BR-381/MG;Sul;Tombamento;1;1;;;;;1
12/09/2015;13:41:00;264;sem vítima;597,5;BR-381/MG;Norte;Choque - Suporte de Sinalização;1;1;;;;;1
12/09/2015;10:12:00;197;sem vítima;631;BR-381/MG;Norte;Colisão Traseira;1;2;;;;;1
12/09/2015;08:39:00;150;sem vítima;689,2;BR-381/MG;Sul;Choque - Defensa, barreira ou "submarino";1;1;;;;;1
12/09/2015;06:57:00;106;sem vítima;901;BR-381/MG;Sul;Choque - Outros;1;1;;;;;1
12/09/2015;15:14:00;302;sem vítima;925,5;BR-381/MG;Norte;Tombamento;1;1;;;;;1
13/09/2015;00:18:00;23;sem vítima;88;BR-381/SP;Sul;Colisão Traseira;1;2;;;;;1
13/09/2015;00:20:00;25;com vítima;531,9;BR-381/MG;Norte;Tombamento;1;0;;1;;;2
13/09/2015;07:09:00;92;sem vítima;727,2;BR-381/MG;Sul;Choque - Defensa, barreira ou "submarino";1;1;;;;;1
13/09/2015;23:18:00;391;com vítima;776,7;BR-381/MG;Sul;Choque - Arvore;1;0;;;;1;3
14/09/2015;18:45:00;343;sem vítima;479,4;BR-381/MG;Sul;Colisão Traseira;1;2;;;;;1
14/09/2015;13:05:00;227;com vítima;526,8;BR-381/MG;Norte;Tombamento;1;0;;1;;;2
14/09/2015;19:34:00;361;sem vítima;627,2;BR-381/MG;Sul;Colisão Traseira;2;2;;;;;1
14/09/2015;16:44:00;296;sem vítima;691;BR-381/MG;Norte;Colisão Lateral;2;2;;;;;1
14/09/2015;18:10:00;327;sem vítima;906,5;BR-381/MG;Norte;Choque - Defensa, barreira ou "submarino";1;1;;;;;1
15/09/2015;10:55:00;181;sem vítima;27,5;BR-381/SP;Norte;Colisão Lateral;1;3;;;;;1
15/09/2015;06:34:00;64;sem vítima;597;BR-381/MG;Norte;Choque - Outros;1;1;;;;;1
15/09/2015;07:35:00;87;com vítima;617;BR-381/MG;Norte;Colisão Traseira;1;1;1;;;;1
15/09/2015;15:51:00;291;com vítima;771,5;BR-381/MG;Sul;Tombamento;1;0;1;;;;1
16/09/2015;22:27:00;477;sem vítima;5;BR-381/SP;Sul;Atropelamento de Animal;1;1;;;;;1
16/09/2015;22:10:00;473;com vítima;16;BR-381/SP;Sul;Colisão Traseira;2;1;;1;;;2
16/09/2015;06:21:00;62;com vítima;44,5;BR-381/SP;Norte;Choque - Defensa, barreira ou "submarino";1;0;1;;;;1
16/09/2015;06:27:00;64;sem vítima;485,8;BR-381/MG;Sul;Colisão Traseira;2;2;;;;;1
16/09/2015;15:10:00;301;sem vítima;487,8;BR-381/MG;Norte;Engavetamento;1;4;;;;;1
16/09/2015;06:28:00;65;sem vítima;525;BR-381/MG;Sul;Colisão Lateral;1;2;;;;;1
16/09/2015;22:38:00;481;sem vítima;577,5;BR-381/MG;Sul;Choque - Elemento de Drenagem;1;1;;;;;1
16/09/2015;17:50:00;383;com vítima;672,7;BR-381/MG;Sul;Colisão Lateral;1;1;;1;;;2
16/09/2015;03:56:00;41;sem vítima;687,7;BR-381/MG;Sul;Tombamento;1;1;;;;;1
16/09/2015;08:44:00;126;com vítima;779;BR-381/MG;Sul;Colisão Lateral;1;4;1;;;;1
16/09/2015;12:10:00;212;com vítima;802,8;BR-381/MG;Sul;Colisão Traseira;1;2;1;;;;1
16/09/2015;22:36:00;480;sem vítima;846;BR-381/MG;Sul;Colisão Traseira;2;2;;;;;1
16/09/2015;09:25:00;141;sem vítima;925,5;BR-381/MG;Sul;Colisão Lateral;1;2;;;;;1
17/09/2015;10:50:00;201;sem vítima;60;BR-381/SP;Norte;Colisão Traseira;2;2;;;;;1
17/09/2015;03:57:00;54;sem vítima;66,6;BR-381/SP;Sul;Colisão Traseira;2;2;;;;;1
17/09/2015;17:24:00;407;sem vítima;75,8;BR-381/SP;Sul;Tombamento;1;1;;;;;1
17/09/2015;09:21:00;146;sem vítima;478;BR-381/MG;Sul;Colisão Traseira;1;2;;;;;1
17/09/2015;23:33:00;538;sem vítima;676,5;BR-381/MG;Norte;Colisão Lateral;1;2;;;;;1
17/09/2015;02:18:00;37;sem vítima;830;BR-381/MG;Norte;Choque - Defensa, barreira ou "submarino";1;1;;;;;1
17/09/2015;06:03:00;66;sem vítima;918,7;BR-381/MG;Norte;Choque - Defensa, barreira ou "submarino";1;1;;;;;1
18/09/2015;11:40:00;229;sem vítima;8,8;BR-381/SP;Norte;Engavetamento;1;3;;;;;1
18/09/2015;21:49:00;496;com vítima;21,9;BR-381/SP;Norte;Tombamento;1;0;;;;1;3
18/09/2015;00:28:00;23;sem vítima;58;BR-381/SP;Sul;Colisão Traseira;1;2;;;;;1
18/09/2015;14:39:00;304;sem vítima;71;BR-381/SP;Sul;Engavetamento;1;3;;;;;1
18/09/2015;19:19:00;444;sem vítima;479,2;BR-381/MG;Norte;Colisão Traseira;1;2;;;;;1
18/09/2015;23:15:00;518;sem vítima;564,1;BR-381/MG;Sul;Colisão Traseira;1;3;;;;;1
18/09/2015;08:52:00;151;sem vítima;653,3;BR-381/MG;Norte;Colisão Traseira;1;2;;;;;1
18/09/2015;12:08:00;243;sem vítima;685;BR-381/MG;Norte;Colisão Traseira;1;2;;;;;1
18/09/2015;16:16:00;357;com vítima;720,7;BR-381/MG;Norte;Tombamento;1;0;1;;;;1
18/09/2015;08:20:00;133;sem vítima;865,5;BR-381/MG;Sul;Choque - Defensa, barreira ou "submarino";1;1;;;;;1
18/09/2015;06:40:00;86;sem vítima;925,2;BR-381/MG;Sul;Tombamento;1;1;;;;;1
18/09/2015;04:46:00;64;sem vítima;929,2;BR-381/MG;Norte;Tombamento;1;1;;;;;1
19/09/2015;13:42:00;243;sem vítima;36;BR-381/SP;Sul;Choque - Talude;1;1;;;;;1
19/09/2015;10:26:00;161;sem vítima;65,9;BR-381/SP;Sul;Colisão Lateral;1;2;;;;;1
19/09/2015;07:19:00;99;com vítima;78,7;BR-381/SP;Norte;Tombamento;1;0;1;;;;1
19/09/2015;12:15:00;210;sem vítima;517,6;BR-381/MG;Sul;Colisão Traseira;1;2;;;;;1
20/09/2015;10:56:00;134;sem vítima;7,5;BR-381/SP;Norte;Colisão Traseira;1;2;;;;;1
20/09/2015;17:35:00;309;com vítima;501;BR-381/MG;Norte;Colisão Traseira;1;3;2;;;;1
21/09/2015;23:34:00;475;sem vítima;59;BR-381/SP;Sul;Colisão Traseira;2;3;;;;;1
21/09/2015;05:41:00;73;com vítima;533;BR-381/MG;Norte;Tombamento;1;0;;1;;;2
21/09/2015;16:13:00;338;com vítima;687;BR-381/MG;Norte;Tombamento;1;0;1;;;;1
21/09/2015;03:29:00;54;sem vítima;874;BR-381/MG;Norte;Choque - Defensa, barreira ou "submarino";1;1;;;;;1
21/09/2015;14:51:00;291;sem vítima;896;BR-381/MG;Sul;Colisão Traseira;1;1;;;;;1
22/09/2015;16:48:00;363;sem vítima;62,5;BR-381/SP;Sul;Choque - Defensa, barreira ou "submarino";1;1;;;;;1
22/09/2015;21:52:00;480;sem vítima;481,5;BR-381/MG;Sul;Colisão Lateral;1;2;;;;;1
22/09/2015;09:50:00;173;sem vítima;568;BR-381/MG;Norte;Colisão Traseira;1;2;;;;;1
22/09/2015;23:28:00;504;sem vítima;889;BR-381/MG;Sul;Tombamento;1;1;;;;;1
23/09/2015;20:08:00;422;sem vítima;525;BR-381/MG;Sul;Engavetamento;2;3;;;;;1
23/09/2015;05:06:00;55;sem vítima;642,3;BR-381/MG;Sul;Choque - Outros;1;1;;;;;1
23/09/2015;09:37:00;153;sem vítima;672,5;BR-381/MG;Norte;Colisão Traseira;1;2;;;;;1
23/09/2015;18:50:00;390;sem vítima;680;BR-381/MG;Norte;Colisão Lateral;1;2;;;;;1
23/09/2015;17:55:00;372;sem vítima;813,4;BR-381/MG;Sul;Tombamento;1;1;;;;;1
24/09/2015;05:32:00;56;com vítima;70,5;BR-381/SP;Sul;Colisão Traseira;2;1;;1;;;2
24/09/2015;07:02:00;79;sem vítima;493,1;BR-381/MG;Norte;Colisão Lateral;1;2;;;;;1
24/09/2015;02:40:00;32;sem vítima;620;BR-381/MG;Sul;Colisão Lateral;2;2;;;;;1
24/09/2015;06:51:00;74;sem vítima;734,1;BR-381/MG;Norte;Colisão Traseira;2;2;;;;;1
24/09/2015;10:12:00;159;sem vítima;772;BR-381/MG;Sul;Choque - Suporte de Sinalização;1;3;;;;;1
24/09/2015;11:13:00;190;com vítima;774;BR-381/MG;Sul;Choque - Outros;1;1;1;2;;;2
24/09/2015;08:59:00;126;com vítima;798;BR-381/MG;Sul;Choque - Veiculo parado no acostamento;2;2;;1;;;2
24/09/2015;09:09:00;132;sem vítima;808;BR-381/MG;Norte;Colisão Traseira;1;4;;;;;1
25/09/2015;00:49:00;26;com vítima;58;BR-381/SP;Sul;Colisão Traseira;1;2;1;;;;1
25/09/2015;19:59:00;482;sem vítima;75,5;BR-381/SP;Norte;Colisão Lateral;1;2;;;;;1
25/09/2015;10:18:00;189;sem vítima;495;BR-381/MG;Norte;Colisão Lateral;1;2;;;;;1
25/09/2015;02:24:00;45;com vítima;516,9;BR-381/MG;Sul;Colisão Traseira;2;1;1;;;;1
25/09/2015;14:50:00;315;com vítima;616,9;BR-381/MG;Sul;Capotamento;1;0;1;;;;1
25/09/2015;05:37:00;75;sem vítima;683,7;BR-381/MG;Norte;Choque - Talude;1;1;;;;;1
25/09/2015;14:56:00;321;sem vítima;821,1;BR-381/MG;Norte;Colisão Lateral;1;2;;;;;1
25/09/2015;08:05:00;128;sem vítima;892,3;BR-381/MG;Norte;Colisão Traseira;2;2;;;;;1
25/09/2015;23:15:00;544;com vítima;933;BR-381/MG;Sul;Colisão Traseira;1;2;1;;;;1
26/09/2015;03:54:00;52;sem vítima;71;BR-381/SP;Sul;Choque - Poste;1;1;;;;;1
26/09/2015;08:44:00;127;com vítima;778,7;BR-381/MG;Norte;Tombamento;1;0;1;;;;1
27/09/2015;15:40:00;267;sem vítima;528,2;BR-381/MG;Norte;Choque - Defensa, barreira ou "submarino";1;1;;;;;1
27/09/2015;05:48:00;65;com vítima;676,8;BR-381/MG;Sul;Colisão Traseira;1;1;;1;;;2
28/09/2015;17:45:00;365;com vítima;75,9;BR-381/SP;Sul;Choque - Defensa, barreira ou "submarino";1;1;2;;;;1
28/09/2015;12:13:00;235;sem vítima;478;BR-381/MG;Norte;Engavetamento;1;3;;;;;1
28/09/2015;08:18:00;126;com vítima;490,8;BR-381/MG;Sul;Atropelamento - Ciclista;1;2;;;;1;3
28/09/2015;10:21:00;186;sem vítima;519;BR-381/MG;Norte;Tombamento;1;1;;;;;1
28/09/2015;14:44:00;287;sem vítima;525,5;BR-381/MG;Sul;Tombamento;1;1;;;;;1
28/09/2015;20:31:00;432;sem vítima;905,6;BR-381/MG;Sul;Colisão Traseira;2;3;;;;;1
28/09/2015;21:47:00;454;sem vítima;945;BR-381/MG;Norte;Colisão Traseira;2;2;;;;;1
29/09/2015;12:11:00;235;sem vítima;10;BR-381/SP;Norte;Choque - Defensa, barreira ou "submarino";1;1;;;;;1
29/09/2015;12:48:00;250;sem vítima;60;BR-381/SP;Norte;Colisão Traseira;1;2;;;;;1
29/09/2015;14:05:00;275;com vítima;490,9;BR-381/MG;Norte;Outros;2;3;2;;;;1
29/09/2015;18:47:00;378;com vítima;525,5;BR-381/MG;Sul;Tombamento;2;1;1;;;;1
29/09/2015;08:39:00;133;sem vítima;525,9;BR-381/MG;Norte;Choque - Talude;1;1;;;;;1
29/09/2015;22:08:00;421;sem vítima;563;BR-381/MG;Sul;Choque - Defensa, barreira ou "submarino";1;1;;;;;1
29/09/2015;21:45:00;416;sem vítima;576;BR-381/MG;Sul;Colisão Traseira;1;2;;;;;1
29/09/2015;08:02:00;115;sem vítima;678;BR-381/MG;Sul;Colisão Lateral;1;2;;;;;1
29/09/2015;15:56:00;311;sem vítima;876,5;BR-381/MG;Norte;Colisão Lateral;1;5;;;;;1
30/09/2015;15:45:00;336;sem vítima;69;BR-381/SP;Norte;Choque - Defensa, barreira ou "submarino";1;1;;;;;1
30/09/2015;13:31:00;277;sem vítima;78;BR-381/SP;Norte;Colisão Traseira;1;2;;;;;1
30/09/2015;11:44:00;236;com vítima;87,6;BR-381/SP;Norte;Colisão Frontal;1;1;;1;;;2
30/09/2015;11:54:00;244;com vítima;496,5;BR-381/MG;Sul;Colisão Traseira;1;1;1;1;;;2
30/09/2015;11:25:00;224;sem vítima;635;BR-381/MG;Norte;Colisão Lateral;1;2;;;;;1
30/09/2015;16:33:00;364;com vítima;765,1;BR-381/MG;Norte;Tombamento;1;1;1;;;;1
30/09/2015;00:08:00;20;sem vítima;854;BR-381/MG;Norte;Colisão Traseira;2;2;;;;;1
30/09/2015;07:33:00;114;sem vítima;908,2;BR-381/MG;Norte;Choque - Defensa, barreira ou "submarino";1;1;;;;;1
01/10/2015;10:11:00;182;sem vítima;7,5;BR-381/SP;Sul;Choque - Outros;1;1;;;;;1
01/10/2015;21:39:00;430;sem vítima;32,5;BR-381/SP;Norte;Colisão Traseira;2;2;;;;;1
01/10/2015;04:18:00;67;com vítima;552;BR-381/MG;Norte;Colisão Traseira;1;2;4;1;;;2
01/10/2015;23:30:00;460;sem vítima;744,4;BR-381/MG;Norte;Tombamento;1;1;;;;;1
01/10/2015;11:01:00;205;sem vítima;811;BR-381/MG;Sul;;1;1;;;;;1
02/10/2015;12:03:00;224;sem vítima;64;BR-381/SP;Norte;Colisão Traseira;1;2;;;;;1
02/10/2015;10:00:00;180;sem vítima;484;BR-381/MG;Sul;Colisão Traseira;1;2;;;;;1
02/10/2015;19:44:00;458;sem vítima;509,8;BR-381/MG;Sul;Colisão Lateral;1;2;;;;;1
02/10/2015;04:50:00;57;sem vítima;601;BR-381/MG;Sul;Colisão Traseira;2;2;;;;;1
02/10/2015;20:52:00;479;com vítima;623,5;BR-381/MG;Sul;Colisão Lateral;2;0;2;;;;1
02/10/2015;15:34:00;334;sem vítima;725;BR-381/MG;Sul;Colisão Traseira;2;2;;;;;1
02/10/2015;03:28:00;50;com vítima;919,4;BR-381/MG;Sul;Colisão Traseira;2;2;1;1;;;2
03/10/2015;13:03:00;235;com vítima;580;BR-381/MG;Sul;Colisão Lateral;1;1;1;;1;;2
03/10/2015;03:07:00;57;sem vítima;707,3;BR-381/MG;Sul;Tombamento;1;2;;;;;1
04/10/2015;23:45:00;434;sem vítima;489,3;BR-381/MG;Norte;Colisão Traseira;1;2;;;;;1
04/10/2015;10:51:00;147;sem vítima;504,7;BR-381/MG;Sul;Engavetamento;1;3;;;;;1
04/10/2015;19:35:00;339;sem vítima;942;BR-381/MG;Sul;Colisão Lateral;1;4;;;;;1
05/10/2015;19:55:00;408;com vítima;87,7;BR-381/SP;Sul;Atropelamento - Outros;1;2;1;;;;1
05/10/2015;03:48:00;42;sem vítima;921,4;BR-381/MG;Sul;Tombamento;1;1;;;;;1
05/10/2015;13:59:00;276;sem vítima;925;BR-381/MG;Sul;Tombamento;1;1;;;;;1
06/10/2015;09:09:00;158;sem vítima;15;BR-381/SP;Sul;Colisão Traseira;1;2;;;;;1
06/10/2015;12:04:00;245;sem vítima;487;BR-381/MG;Sul;Colisão Lateral;1;2;;;;;1
06/10/2015;20:07:00;421;sem vítima;495,5;BR-381/MG;Norte;Engavetamento;1;3;;;;;1
06/10/2015;22:28:00;463;com vítima;510,4;BR-381/MG;Norte;Tombamento;2;1;1;;;;1
06/10/2015;04:45:00;67;com vítima;515,5;BR-381/MG;Norte;Tombamento;1;2;1;;;;1
06/10/2015;11:17:00;225;sem vítima;525;BR-381/MG;Sul;Choque - Elemento de Drenagem;1;1;;;;;1
06/10/2015;14:31:00;296;sem vítima;604;BR-381/MG;Norte;Choque - Elemento de Drenagem;1;1;;;;;1
06/10/2015;05:25:00;77;sem vítima;689,8;BR-381/MG;Sul;Colisão Lateral;1;2;;;;;1
06/10/2015;17:44:00;374;sem vítima;855;BR-381/MG;Sul;Colisão Lateral;2;2;;;;;1
06/10/2015;08:54:00;150;sem vítima;872,5;BR-381/MG;Norte;Choque - Elemento de Drenagem;1;1;;;;;1
07/10/2015;02:14:00;38;com vítima;0,6;BR-381/SP;Sul;Colisão Traseira;2;1;;1;;;2
07/10/2015;15:36:00;312;com vítima;80;BR-381/SP;Norte;Colisão Lateral;1;3;;1;;;2
07/10/2015;15:32:00;310;com vítima;481;BR-381/MG;Norte;Colisão Traseira;1;1;2;;;;1
07/10/2015;18:27:00;398;sem vítima;483,3;BR-381/MG;Sul;Choque - Defensa, barreira ou "submarino";1;1;;;;;1
07/10/2015;15:00:00;296;sem vítima;494;BR-381/MG;Norte;Colisão Lateral;1;2;;;;;1
07/10/2015;07:36:00;107;sem vítima;597;BR-381/MG;Norte;Choque - Defensa, barreira ou "submarino";1;1;;;;;1
07/10/2015;20:15:00;440;com vítima;665;BR-381/MG;Sul;Tombamento;1;0;1;;;;1
07/10/2015;01:02:00;27;sem vítima;869,8;BR-381/MG;Sul;Choque - Suporte de Sinalização;1;1;;;;;1
08/10/2015;09:59:00;197;com vítima;481,2;BR-381/MG;Sul;Engavetamento;1;2;;1;;;2
08/10/2015;05:42:00;75;com vítima;484,1;BR-381/MG;Norte;Colisão Lateral;1;1;2;;;;1
08/10/2015;06:05:00;79;sem vítima;484,1;BR-381/MG;Norte;Colisão Lateral;2;3;;;;;1
08/10/2015;01:04:00;34;sem vítima;569,5;BR-381/MG;Sul;Tombamento;1;2;;;;;1
08/10/2015;22:59:00;481;sem vítima;650;BR-381/MG;Sul;Tombamento;1;1;;;;;1
09/10/2015;15:38:00;311;com vítima;491,6;BR-381/MG;Sul;Capotamento;1;1;1;;;;1
09/10/2015;02:58:00;44;sem vítima;650;BR-381/MG;Norte;Colisão Traseira;1;2;;;;;1
09/10/2015;20:48:00;462;sem vítima;727,5;BR-381/MG;Sul;Choque - Defensa, barreira ou "submarino";1;1;;;;;1
09/10/2015;00:46:00;26;sem vítima;852,05;BR-381/MG;Sul;Colisão Traseira;2;2;;;;;1
09/10/2015;04:19:00;55;com vítima;873,8;BR-381/MG;Sul;Tombamento;1;0;;;;1;3
10/10/2015;00:10:00;22;com vítima;678,3;BR-381/MG;Sul;Colisão Traseira;2;1;;1;;;2
10/10/2015;07:33:00;141;sem vítima;750;BR-381/MG;Sul;Colisão Lateral;1;5;;;;;1
10/10/2015;12:53:00;319;com vítima;828;BR-381/MG;Sul;Choque - Outros;1;1;1;;;;1
10/10/2015;07:31:00;139;sem vítima;873,7;BR-381/MG;Sul;Choque - Defensa, barreira ou "submarino";1;1;;;;;1
10/10/2015;07:01:00;121;sem vítima;879,9;BR-381/MG;Norte;Colisão Lateral;1;2;;;;;1
11/10/2015;09:05:00;116;sem vítima;80;BR-381/SP;Norte;Choque - Talude;1;1;;;;;1
11/10/2015;05:58:00;57;com vítima;795;BR-381/MG;Sul;Colisão Lateral;1;2;1;;;;1
12/10/2015;12:31:00;241;sem vítima;57;BR-381/SP;Sul;Colisão Lateral;1;2;;;;;1
12/10/2015;11:00:00;192;sem vítima;580,8;BR-381/MG;Norte;Colisão Traseira;1;2;;;;;1
12/10/2015;12:36:00;242;sem vítima;832;BR-381/MG;Norte;Colisão Traseira;1;2;;;;;1
12/10/2015;18:27:00;428;sem vítima;942,2;BR-381/MG;Norte;Colisão Lateral;1;2;;;;;1
13/10/2015;06:44:00;105;sem vítima;49;BR-381/SP;Sul;Colisão Traseira;1;3;;;;;1
13/10/2015;07:38:00;129;sem vítima;61;BR-381/SP;Norte;Colisão Traseira;1;2;;;;;1
13/10/2015;10:22:00;217;sem vítima;491,9;BR-381/MG;Norte;Colisão Lateral;1;2;;;;;1
13/10/2015;07:36:00;127;sem vítima;666;BR-381/MG;Sul;Choque - Defensa, barreira ou "submarino";1;1;;;;;1
14/10/2015;15:09:00;350;sem vítima;41,08;BR-381/SP;Sul;Colisão Traseira;1;2;;;;;1
14/10/2015;19:06:00;447;sem vítima;481;BR-381/MG;Sul;Colisão Traseira;2;2;;;;;1
14/10/2015;12:09:00;269;sem vítima;492;BR-381/MG;Norte;Colisão Lateral;1;2;;;;;1
14/10/2015;19:28:00;456;sem vítima;505,1;BR-381/MG;Sul;Colisão Lateral;1;2;;;;;1
14/10/2015;20:24:00;472;com vítima;525;BR-381/MG;Sul;Tombamento;1;0;1;;;;1
14/10/2015;20:27:00;473;com vítima;908,2;BR-381/MG;Norte;Tombamento;1;0;;1;;;2
14/10/2015;18:44:00;441;sem vítima;947;BR-381/MG;Sul;Saida de Pista;1;3;;;;;1
15/10/2015;11:51:00;218;com vítima;506;BR-381/MG;Sul;Colisão Traseira;1;1;1;;;;1
15/10/2015;05:27:00;55;sem vítima;864,1;BR-381/MG;Sul;Choque - Elemento de Drenagem;1;1;;;;;1
16/10/2015;17:16:00;377;com vítima;488;BR-381/MG;Sul;Colisão Lateral;1;0;2;;;;1
16/10/2015;14:58:00;312;com vítima;491,2;BR-381/MG;Norte;Engavetamento;1;0;3;;;;1
16/10/2015;01:56:00;40;com vítima;498;BR-381/MG;Norte;Tombamento;1;0;1;;;;1
16/10/2015;01:05:00;30;com vítima;670,2;BR-381/MG;Sul;Colisão Traseira;2;1;1;1;;;2
16/10/2015;21:08:00;474;sem vítima;714;BR-381/MG;Sul;Colisão Lateral;2;3;;;;;1
16/10/2015;03:47:00;50;sem vítima;947;BR-381/MG;Sul;Tombamento;1;1;;;;;1
17/10/2015;18:04:00;400;sem vítima;658,25;BR-381/MG;Sul;Colisão Traseira;1;2;;;;;1
17/10/2015;11:41:00;229;sem vítima;712,5;BR-381/MG;Norte;Colisão Traseira;1;2;;;;;1
18/10/2015;13:56:00;204;com vítima;43;BR-381/SP;Sul;Queda de Moto;1;2;1;;;;1
18/10/2015;01:49:00;18;com vítima;489,1;BR-381/MG;Norte;Colisão Traseira;1;1;;;;1;3
18/10/2015;08:13:00;85;sem vítima;604,5;BR-381/MG;Sul;Saida de Pista;1;1;;;;;1
19/10/2015;04:20:00;60;com vítima;577,6;BR-381/MG;Sul;Choque - Defensa, barreira ou "submarino";1;0;;;;1;3
19/10/2015;06:57:00;87;sem vítima;731;BR-381/MG;Sul;Colisão Traseira;2;2;;;;;1
19/10/2015;15:29:00;268;sem vítima;793;BR-381/MG;Norte;Colisão Lateral;2;2;;;;;1
20/10/2015;23:15:00;530;com vítima;21;BR-381/SP;Norte;Colisão Traseira;1;3;2;;;;1
20/10/2015;22:09:00;509;sem vítima;559,2;BR-381/MG;Norte;Colisão Traseira;1;2;;;;;1
20/10/2015;08:17:00;129;com vítima;612,3;BR-381/MG;Sul;Tombamento;1;0;1;;;;1
20/10/2015;01:13:00;29;sem vítima;752,8;BR-381/MG;Sul;Choque - Defensa, barreira ou "submarino";1;1;;;;;1
20/10/2015;23:50:00;544;com vítima;942;BR-381/MG;Sul;Colisão Traseira;1;1;;2;;;2
21/10/2015;09:37:00;171;sem vítima;65,5;BR-381/SP;Norte;Colisão Lateral;1;2;;;;;1
21/10/2015;13:23:00;278;sem vítima;85,6;BR-381/SP;Norte;Colisão Traseira;1;2;;;;;1
21/10/2015;14:53:00;312;sem vítima;508,7;BR-381/MG;Sul;Colisão Lateral;1;2;;;;;1
21/10/2015;03:44:00;47;com vítima;528;BR-381/MG;Sul;Tombamento;1;0;1;;;;1
21/10/2015;04:36:00;52;sem vítima;529,2;BR-381/MG;Norte;Colisão Traseira;1;2;;;;;1
21/10/2015;22:43:00;490;sem vítima;765,5;BR-381/MG;Sul;Colisão Traseira;1;2;;;;;1
21/10/2015;16:53:00;368;sem vítima;903;BR-381/MG;Norte;Choque - Suporte de Sinalização;1;1;;;;;1
22/10/2015;10:45:00;208;sem vítima;38,5;BR-381/SP;Sul;Engavetamento;1;3;;;;;1
22/10/2015;05:45:00;73;sem vítima;47,3;BR-381/SP;Sul;Colisão Traseira;2;2;;;;;1
22/10/2015;21:40:00;528;sem vítima;52;BR-381/SP;Sul;Choque - Defensa, barreira ou "submarino";1;1;;;;;1