data;horario;n_da_ocorrencia;tipo_de_ocorrencia;km;trecho;sentido;tipo_de_acidente;caminhao;ilesos;levemente_feridos;moderadamente_feridos;gravemente_feridos;mortos;3
22/10/2015;05:26:00;70;sem vítima;53,5;BR-381/SP;Norte;Atropelamento de Animal;1;1;;;;;1
22/10/2015;01:29:00;37;com vítima;567,5;BR-381/MG;Norte;Colisão Traseira;2;1;2;;;;1
22/10/2015;17:05:00;387;sem vítima;602;BR-381/MG;Norte;Tombamento;1;1;;;;;1
22/10/2015;18:53:00;439;sem vítima;608,8;BR-381/MG;Norte;Choque - Defensa, barreira ou "submarino";1;1;;;;;1
22/10/2015;21:09:00;508;sem vítima;686;BR-381/MG;Sul;Choque - Defensa, barreira ou "submarino";1;1;;;;;1
22/10/2015;22:27:00;537;sem vítima;686,1;BR-381/MG;Sul;Choque - Defensa, barreira ou "submarino";1;1;;;;;1
22/10/2015;17:17:00;395;sem vítima;702;BR-381/MG;Sul;Choque - Defensa, barreira ou "submarino";1;1;;;;;1
22/10/2015;12:12:00;245;com vítima;926;BR-381/MG;Sul;Tombamento;1;0;1;;;;1
22/10/2015;16:23:00;365;sem vítima;932;BR-381/MG;Norte;Choque - Defensa, barreira ou "submarino";1;1;;;;;1
23/10/2015;19:26:00;447;sem vítima;483,3;BR-381/MG;Norte;Colisão Lateral;1;2;;;;;1
23/10/2015;06:04:00;83;sem vítima;510;BR-381/MG;Norte;Colisão Traseira;2;2;;;;;1
23/10/2015;15:07:00;287;sem vítima;621,4;BR-381/MG;Norte;Outros;1;2;;;;;1
23/10/2015;09:04:00;145;com vítima;648,7;BR-381/MG;Sul;Choque - Elemento de Drenagem;1;0;1;;;;1
23/10/2015;16:47:00;351;com vítima;688;BR-381/MG;Sul;Queda de Moto;1;1;1;;;;1
23/10/2015;18:12:00;405;com vítima;756;BR-381/MG;Sul;Tombamento;1;0;1;;;;1
24/10/2015;01:52:00;43;sem vítima;20;BR-381/SP;Norte;Colisão Traseira;1;5;;;;;1
24/10/2015;04:37:00;69;sem vítima;57;BR-381/SP;Sul;Choque - Talude;1;1;;;;;1
24/10/2015;09:13:00;143;sem vítima;491,5;BR-381/MG;Norte;Colisão Traseira;1;2;;;;;1
24/10/2015;14:47:00;268;sem vítima;532,9;BR-381/MG;Sul;Colisão Traseira;1;2;;;;;1
24/10/2015;14:38:00;266;com vítima;532,95;BR-381/MG;Sul;Tombamento;1;2;1;;;;1
24/10/2015;11:51:00;209;sem vítima;541,6;BR-381/MG;Sul;Choque - Elemento de Drenagem;1;1;;;;;1
24/10/2015;04:41:00;72;sem vítima;897,8;BR-381/MG;Sul;Colisão Lateral;1;2;;;;;1
24/10/2015;09:45:00;160;sem vítima;901;BR-381/MG;Norte;Colisão Traseira;1;2;;;;;1
25/10/2015;20:39:00;314;com vítima;561,2;BR-381/MG;Sul;Engavetamento;4;3;1;;;;1
25/10/2015;18:29:00;270;com vítima;563,9;BR-381/MG;Sul;Tombamento;1;0;1;;;;1
25/10/2015;18:35:00;274;com vítima;563,9;BR-381/MG;Norte;Tombamento;1;0;1;;;;1
25/10/2015;18:44:00;279;com vítima;565;BR-381/MG;Sul;Engavetamento;1;2;3;;;;1
25/10/2015;06:29:00;69;sem vítima;804;BR-381/MG;Norte;Colisão Traseira;2;2;;;;;1
26/10/2015;18:43:00;351;sem vítima;52;BR-381/SP;Sul;Choque - Elemento de Drenagem;1;1;;;;;1
26/10/2015;07:52:00;112;com vítima;498,5;BR-381/MG;Norte;Colisão Traseira;1;1;1;;;;1
26/10/2015;18:11:00;336;sem vítima;528,8;BR-381/MG;Norte;Colisão Lateral;1;2;;;;;1
26/10/2015;06:46:00;77;sem vítima;738;BR-381/MG;Norte;Saida de Pista;1;1;;;;;1
26/10/2015;09:40:00;146;sem vítima;801,8;BR-381/MG;Sul;Choque - Elemento de Drenagem;1;1;;;;;1
26/10/2015;04:55:00;59;sem vítima;819,8;BR-381/MG;Sul;Tombamento;1;1;;;;;1
26/10/2015;01:49:00;45;sem vítima;829,5;BR-381/MG;Norte;Tombamento;1;1;;;;;1
27/10/2015;18:00:00;352;com vítima;521,6;BR-381/MG;Sul;Choque - Defensa, barreira ou "submarino";1;0;1;;;;1
27/10/2015;20:09:00;407;sem vítima;540,3;BR-381/MG;Norte;Choque - Talude;1;1;;;;;1
27/10/2015;13:49:00;264;sem vítima;642;BR-381/MG;Sul;Colisão Lateral;1;4;;;;;1
27/10/2015;01:28:00;35;sem vítima;670;BR-381/MG;Sul;Colisão Traseira;2;2;;;;;1
27/10/2015;16:33:00;318;sem vítima;845;BR-381/MG;Norte;Colisão Traseira;1;2;;;;;1
27/10/2015;19:28:00;393;sem vítima;855,8;BR-381/MG;Sul;Atropelamento de Animal;1;1;;;;;1
27/10/2015;14:52:00;284;com vítima;861,5;BR-381/MG;Norte;Colisão Frontal;1;2;4;;;;1
27/10/2015;16:04:00;311;sem vítima;905,6;BR-381/MG;Norte;Choque - Defensa, barreira ou "submarino";1;1;;;;;1
28/10/2015;02:13:00;43;sem vítima;12;BR-381/SP;Sul;Tombamento;1;1;;;;;1
28/10/2015;14:28:00;292;sem vítima;519;BR-381/MG;Sul;Colisão Traseira;2;2;;;;;1
28/10/2015;07:15:00;95;com vítima;540,2;BR-381/MG;Norte;Choque - Defensa, barreira ou "submarino";2;1;1;1;;;2
28/10/2015;16:34:00;337;sem vítima;907;BR-381/MG;Sul;Colisão Traseira;1;2;;;;;1
28/10/2015;07:29:00;104;sem vítima;931,505;BR-381/MG;Sul;Outros;1;1;;;;;1
28/10/2015;16:41:00;339;sem vítima;940,8;BR-381/MG;Sul;Tombamento;1;1;;;;;1
29/10/2015;19:20:00;405;sem vítima;20;BR-381/SP;Sul;Choque - Outros;1;1;;;;;1
29/10/2015;17:00:00;356;com vítima;73,4;BR-381/SP;Norte;Tombamento;1;0;1;;;;1
29/10/2015;04:09:00;57;sem vítima;74,657;BR-381/SP;Norte;Tombamento;1;1;;;;;1
29/10/2015;13:05:00;250;sem vítima;90;BR-381/SP;Norte;Colisão Lateral;1;2;;;;;1
29/10/2015;14:04:00;276;sem vítima;481,6;BR-381/MG;Norte;Colisão Traseira;1;2;;;;;1
29/10/2015;13:49:00;269;sem vítima;481,8;BR-381/MG;Norte;Colisão Traseira;1;2;;;;;1
29/10/2015;15:47:00;324;sem vítima;515,4;BR-381/MG;Sul;Choque - Outros;1;1;;;;;1
29/10/2015;05:27:00;72;com vítima;532;BR-381/MG;Norte;Tombamento;1;0;1;;;;1
29/10/2015;16:00:00;331;com vítima;736;BR-381/MG;Norte;Colisão Traseira;1;1;2;;;;1
29/10/2015;22:30:00;455;sem vítima;755;BR-381/MG;Norte;Choque - Poste;1;1;;;;;1
29/10/2015;23:13:00;471;sem vítima;840;BR-381/MG;Norte;Colisão Traseira;1;2;;;;;1
29/10/2015;14:50:00;290;sem vítima;888;BR-381/MG;Norte;Saida de Pista;1;1;;;;;1
30/10/2015;15:06:00;340;sem vítima;66,6;BR-381/SP;Sul;Colisão Traseira;1;2;;;;;1
30/10/2015;16:25:00;386;sem vítima;564,4;BR-381/MG;Norte;Choque - Defensa, barreira ou "submarino";1;1;;;;;1
30/10/2015;17:21:00;412;sem vítima;639,5;BR-381/MG;Norte;Choque - Elemento de Drenagem;1;2;;;;;1
30/10/2015;04:56:00;80;com vítima;647,8;BR-381/MG;Sul;Tombamento;1;1;;1;;;2
31/10/2015;17:02:00;382;sem vítima;889;BR-381/MG;Sul;Tombamento;1;1;;;;;1
01/11/2015;10:48:00;183;sem vítima;495;BR-381/MG;Norte;Colisão Lateral;1;2;;;;;1
01/11/2015;15:21:00;275;sem vítima;925;BR-381/MG;Sul;Capotamento;1;2;;;;;1
02/11/2015;05:50:00;81;sem vítima;600;BR-381/MG;Sul;Colisão Traseira;1;2;;;;;1
02/11/2015;10:30:00;165;com vítima;862;BR-381/MG;Sul;Colisão Traseira;1;2;1;;;;1
03/11/2015;13:18:00;264;com vítima;13;BR-381/SP;Sul;Engavetamento;1;2;2;1;;;2
03/11/2015;17:58:00;372;sem vítima;496,7;BR-381/MG-CONT;Norte;Colisão Lateral;1;2;;;;;1
03/11/2015;10:00:00;186;sem vítima;481;BR-381/MG;Sul;Colisão Traseira;2;2;;;;;1
03/11/2015;10:54:00;203;com vítima;512,8;BR-381/MG;Norte;Colisão Frontal;1;1;;1;;;2
03/11/2015;17:29:00;357;sem vítima;812;BR-381/MG;Norte;Tombamento;1;1;;;;;1
03/11/2015;06:31:00;90;sem vítima;941,6;BR-381/MG;Sul;Colisão Lateral;1;2;;;;;1
04/11/2015;00:05:00;14;sem vítima;74;BR-381/SP;Norte;Outros;1;1;;;;;1
04/11/2015;11:07:00;223;sem vítima;478,4;BR-381/MG;Norte;Colisão Traseira;1;2;;;;;1
04/11/2015;17:49:00;394;sem vítima;481;BR-381/MG;Sul;Colisão Lateral;1;2;;;;;1
04/11/2015;22:55:00;505;com vítima;835,6;BR-381/MG;Norte;Atropelamento - Morador;1;1;;;;1;3
05/11/2015;10:22:00;177;sem vítima;485;BR-381/MG;Sul;Colisão Traseira;1;2;;;;;1
05/11/2015;14:32:00;280;sem vítima;486;BR-381/MG;Norte;Colisão Traseira;1;2;;;;;1
05/11/2015;09:32:00;141;com vítima;493,7;BR-381/MG;Sul;Capotamento;1;0;1;;;;1
05/11/2015;12:07:00;230;com vítima;921,3;BR-381/MG;Sul;Tombamento;1;0;;1;;;2
06/11/2015;06:06:00;82;com vítima;37;BR-381/SP;Norte;Submersão;1;0;2;;;;1
06/11/2015;17:09:00;358;sem vítima;49;BR-381/SP;Norte;Colisão Lateral;1;2;;;;;1
06/11/2015;21:53:00;469;sem vítima;55,8;BR-381/SP;Sul;Colisão Traseira;1;2;;;;;1
06/11/2015;09:02:00;154;com vítima;723;BR-381/MG;Norte;Tombamento;1;0;1;;;;1
06/11/2015;16:50:00;348;sem vítima;760;BR-381/MG;Norte;Choque - Elemento de Drenagem;1;1;;;;;1
07/11/2015;16:04:00;340;sem vítima;64,1;BR-381/SP;Sul;Colisão Lateral;1;2;;;;;1
07/11/2015;17:06:00;360;sem vítima;65,7;BR-381/SP;Norte;Colisão Traseira;1;2;;;;;1
07/11/2015;10:28:00;198;com vítima;604,2;BR-381/MG;Sul;Colisão Lateral;1;3;1;;;;1
07/11/2015;17:11:00;365;sem vítima;833,6;BR-381/MG;Norte;Colisão Traseira;1;2;;;;;1
07/11/2015;04:11:00;71;sem vítima;907,5;BR-381/MG;Sul;Tombamento;1;2;;;;;1
08/11/2015;02:11:00;45;sem vítima;66,5;BR-381/SP;Sul;Colisão Traseira;1;2;;;;;1
08/11/2015;12:13:00;194;com vítima;506;BR-381/MG;Sul;Colisão Traseira;1;1;3;;;;1
08/11/2015;11:34:00;178;sem vítima;559,5;BR-381/MG;Norte;Colisão Traseira;1;2;;;;;1
08/11/2015;16:33:00;283;sem vítima;905,8;BR-381/MG;Sul;Colisão Lateral;1;2;;;;;1
09/11/2015;15:49:00;255;sem vítima;485,5;BR-381/MG;Sul;Engavetamento;1;3;;;;;1
09/11/2015;18:07:00;300;sem vítima;677,6;BR-381/MG;Sul;Colisão Lateral;1;2;;;;;1
10/11/2015;04:00:00;54;sem vítima;761;BR-381/MG;Sul;Tombamento;1;1;;;;;1
10/11/2015;20:18:00;364;com vítima;768;BR-381/MG;Norte;Choque - Outros;1;2;1;1;1;;2
10/11/2015;04:48:00;60;sem vítima;820;BR-381/MG;Norte;Choque - Defensa, barreira ou "submarino";1;1;;;;;1
11/11/2015;01:40:00;50;sem vítima;3;BR-381/SP;Norte;Colisão Traseira;1;2;;;;;1
11/11/2015;03:09:00;65;sem vítima;3;BR-381/SP;Norte;Colisão Traseira;2;2;;;;;1
11/11/2015;18:59:00;383;com vítima;23;BR-381/SP;Norte;Atropelamento - Morador;1;2;;;1;;2
11/11/2015;10:15:00;177;sem vítima;31,6;BR-381/SP;Sul;Colisão Traseira;1;2;;;;;1
11/11/2015;05:49:00;84;com vítima;490;BR-381/MG;Norte;Choque - Defensa, barreira ou "submarino";1;10;13;;;;1
11/11/2015;11:57:00;215;sem vítima;502,2;BR-381/MG;Sul;Colisão Lateral;1;4;;;;;1
11/11/2015;17:26:00;335;com vítima;525,5;BR-381/MG;Sul;Colisão Traseira;1;0;2;;;;1
11/11/2015;13:17:00;244;sem vítima;669;BR-381/MG;Sul;Colisão Traseira;1;2;;;;;1
11/11/2015;21:19:00;439;com vítima;766;BR-381/MG;Norte;Colisão Traseira;2;1;1;;1;;2
11/11/2015;15:43:00;296;sem vítima;886,8;BR-381/MG;Norte;Saida de Pista;1;1;;;;;1
12/11/2015;12:46:00;276;com vítima;478,5;BR-381/MG;Sul;Colisão Traseira;1;1;1;;;;1
12/11/2015;14:22:00;312;sem vítima;486,1;BR-381/MG;Sul;Colisão Traseira;1;2;;;;;1
12/11/2015;01:32:00;50;sem vítima;486,5;BR-381/MG;Norte;Colisão Lateral;1;2;;;;;1
12/11/2015;06:46:00;110;sem vítima;487,7;BR-381/MG;Sul;Colisão Lateral;1;2;;;;;1
12/11/2015;19:11:00;430;sem vítima;501,5;BR-381/MG;Norte;Colisão Traseira;1;2;;;;;1
12/11/2015;17:22:00;395;com vítima;511,54;BR-381/MG;Sul;Choque - Defensa, barreira ou "submarino";1;0;1;;;;1
12/11/2015;15:12:00;340;sem vítima;532;BR-381/MG;Sul;Tombamento;1;1;;;;;1
12/11/2015;20:58:00;457;sem vítima;735;BR-381/MG;Norte;Colisão Traseira;1;3;;;;;1
13/11/2015;15:52:00;336;sem vítima;76,1;BR-381/SP;Norte;Colisão Lateral;1;2;;;;;1
13/11/2015;13:26:00;273;sem vítima;479,9;BR-381/MG;Norte;Choque - Talude;1;1;;;;;1
13/11/2015;11:21:00;229;sem vítima;484,7;BR-381/MG;Sul;Colisão Lateral;1;2;;;;;1
13/11/2015;13:36:00;276;sem vítima;499;BR-381/MG;Norte;Colisão Lateral;1;2;;;;;1
13/11/2015;15:42:00;330;sem vítima;504,5;BR-381/MG;Sul;Choque - Defensa, barreira ou "submarino";1;1;;;;;1
13/11/2015;04:54:00;52;sem vítima;595,3;BR-381/MG;Norte;Choque - Defensa, barreira ou "submarino";1;1;;;;;1
13/11/2015;19:15:00;443;sem vítima;839;BR-381/MG;Norte;Colisão Traseira;1;2;;;;;1
13/11/2015;00:16:00;16;com vítima;888;BR-381/MG;Norte;Tombamento;1;0;1;;;;1
13/11/2015;07:20:00;97;sem vítima;948,5;BR-381/MG;Norte;Colisão Traseira;2;2;;;;;1
14/11/2015;08:26:00;143;com vítima;60,4;BR-381/SP;Sul;Tombamento;1;0;;1;;;2
14/11/2015;05:58:00;89;com vítima;76;BR-381/SP;Sul;Colisão Lateral;1;1;1;;;;1
14/11/2015;06:29:00;97;sem vítima;486,1;BR-381/MG;Sul;Colisão Traseira;2;2;;;;;1
14/11/2015;15:55:00;324;sem vítima;516,8;BR-381/MG;Norte;Tombamento;1;1;;;;;1
14/11/2015;01:06:00;38;sem vítima;566,5;BR-381/MG;Sul;Tombamento;1;1;;;;;1
14/11/2015;23:12:00;475;sem vítima;592;BR-381/MG;Sul;Colisão Lateral;1;2;;;;;1
14/11/2015;04:59:00;81;sem vítima;626;BR-381/MG;Norte;Choque - Defensa, barreira ou "submarino";1;2;;;;;1
14/11/2015;20:33:00;434;sem vítima;727;BR-381/MG;Norte;Colisão Traseira;2;2;;;;;1
14/11/2015;11:09:00;214;sem vítima;756;BR-381/MG;Norte;Colisão Traseira;2;2;;;;;1
14/11/2015;18:33:00;394;sem vítima;872;BR-381/MG;Sul;Choque - Elemento de Drenagem;1;1;;;;;1
14/11/2015;16:18:00;336;sem vítima;913;BR-381/MG;Norte;Outros;1;1;;;;;1
14/11/2015;19:12:00;414;com vítima;928;BR-381/MG;Norte;Colisão Frontal;1;1;;;;2;3
15/11/2015;05:38:00;76;sem vítima;66;BR-381/SP;Norte;Colisão Traseira;1;2;;;;;1
15/11/2015;16:20:00;290;sem vítima;493,2;BR-381/MG;Sul;Colisão Traseira;1;2;;;;;1
15/11/2015;03:51:00;60;sem vítima;500,6;BR-381/MG;Norte;Choque - Defensa, barreira ou "submarino";1;1;;;;;1
15/11/2015;18:06:00;334;sem vítima;516,8;BR-381/MG;Norte;Colisão Traseira;1;2;;;;;1
15/11/2015;14:50:00;244;sem vítima;534,7;BR-381/MG;Sul;Choque - Poste;1;1;;;;;1
15/11/2015;20:30:00;407;sem vítima;597;BR-381/MG;Sul;Colisão Traseira;1;2;;;;;1
15/11/2015;16:24:00;291;sem vítima;844,5;BR-381/MG;Sul;Choque - Defensa, barreira ou "submarino";1;2;;;;;1
15/11/2015;16:13:00;285;com vítima;907,5;BR-381/MG;Sul;Colisão Traseira;1;1;1;;;;1
16/11/2015;14:22:00;252;sem vítima;69,7;BR-381/SP;Norte;Colisão Traseira;2;2;;;;;1
16/11/2015;20:01:00;415;com vítima;490;BR-381/MG;Sul;Colisão Traseira;1;1;1;;;;1
16/11/2015;09:53:00;152;sem vítima;567;BR-381/MG;Sul;Choque - Defensa, barreira ou "submarino";1;1;;;;;1
16/11/2015;02:17:00;38;com vítima;745;BR-381/MG;Sul;Capotamento;1;1;1;;;;1
17/11/2015;18:28:00;393;sem vítima;11;BR-381/SP;Norte;Tombamento;1;1;;;;;1
17/11/2015;08:56:00;141;sem vítima;88,5;BR-381/SP;Sul;Colisão Lateral;1;2;;;;;1
17/11/2015;14:43:00;296;com vítima;483;BR-381/MG;Sul;Tombamento;1;0;2;;;;1
17/11/2015;17:29:00;377;sem vítima;510;BR-381/MG;Sul;Colisão Traseira;1;2;;;;;1
17/11/2015;10:33:00;205;sem vítima;511,5;BR-381/MG;Norte;Choque - Arvore;1;1;;;;;1
17/11/2015;07:08:00;99;sem vítima;517,4;BR-381/MG;Norte;Colisão Traseira;1;2;;;;;1
17/11/2015;10:26:00;199;sem vítima;521,5;BR-381/MG;Sul;Choque - Elemento de Drenagem;1;1;;;;;1
17/11/2015;01:56:00;35;sem vítima;534;BR-381/MG;Sul;Choque - Defensa, barreira ou "submarino";1;2;;;;;1
17/11/2015;22:40:00;479;sem vítima;544;BR-381/MG;Sul;Colisão Lateral;2;2;;;;;1
17/11/2015;21:52:00;462;sem vítima;649;BR-381/MG;Sul;Colisão Traseira;1;2;;;;;1
17/11/2015;04:28:00;60;sem vítima;693,2;BR-381/MG;Norte;Tombamento;1;1;;;;;1
17/11/2015;17:20:00;370;sem vítima;699,9;BR-381/MG;Norte;Choque - Defensa, barreira ou "submarino";1;1;;;;;1
17/11/2015;07:17:00;98;sem vítima;805;BR-381/MG;Sul;Colisão Traseira;2;2;;;;;1
17/11/2015;03:58:00;50;sem vítima;876;BR-381/MG;Norte;Colisão Traseira;2;2;;;;;1
18/11/2015;10:17:00;193;sem vítima;7,5;BR-381/SP;Sul;Colisão Traseira;1;2;;;;;1
18/11/2015;00:02:00;25;sem vítima;22,5;BR-381/SP;Norte;Choque - Elemento de Drenagem;1;1;;;;;1
18/11/2015;14:23:00;313;com vítima;78,2;BR-381/SP;Norte;Objeto lançado contra veículo;1;1;1;;;;1
18/11/2015;09:02:00;144;sem vítima;491,8;BR-381/MG-CONT;Sul;Choque - Defensa, barreira ou "submarino";1;1;;;;;1
18/11/2015;10:39:00;217;sem vítima;480,2;BR-381/MG;Sul;Colisão Traseira;1;2;;;;;1
18/11/2015;14:57:00;332;sem vítima;481;BR-381/MG;Sul;Colisão Lateral;1;2;;;;;1
18/11/2015;15:04:00;334;sem vítima;546;BR-381/MG;Norte;Colisão Lateral;2;2;;;;;1
18/11/2015;16:55:00;381;com vítima;623,8;BR-381/MG;Norte;Tombamento;1;0;1;;;;1
18/11/2015;00:01:00;24;sem vítima;716;BR-381/MG;Sul;Choque - Elemento de Drenagem;1;1;;;;;1
18/11/2015;02:38:00;50;sem vítima;922,1;BR-381/MG;Norte;Engavetamento;3;3;;;;;1
19/11/2015;03:53:00;50;sem vítima;31;BR-381/SP;Norte;Colisão Traseira;2;2;;;;;1
19/11/2015;03:28:00;46;sem vítima;49;BR-381/SP;Sul;Colisão Traseira;1;2;;;;;1
19/11/2015;12:43:00;242;sem vítima;485;BR-381/MG;Sul;Colisão Lateral;1;2;;;;;1
19/11/2015;07:34:00;86;sem vítima;486;BR-381/MG;Sul;Colisão Lateral;1;2;;;;;1
19/11/2015;14:47:00;289;sem vítima;488,2;BR-381/MG;Sul;Colisão Traseira;1;2;;;;;1
19/11/2015;03:47:00;49;sem vítima;559,9;BR-381/MG;Norte;Colisão Traseira;2;2;;;;;1
19/11/2015;12:29:00;230;sem vítima;564,4;BR-381/MG;Sul;Colisão Lateral;1;2;;;;;1
20/11/2015;23:53:00;504;sem vítima;49;BR-381/SP;Sul;Colisão Lateral;1;2;;;;;1
20/11/2015;00:26:00;22;sem vítima;73;BR-381/SP;Norte;Outros;1;1;;;;;1
20/11/2015;00:55:00;32;sem vítima;75;BR-381/SP;Norte;Colisão Lateral;1;2;;;;;1
20/11/2015;14:25:00;310;sem vítima;492;BR-381/MG;Sul;Choque - Outros;1;1;;;;;1
20/11/2015;12:06:00;250;com vítima;519,1;BR-381/MG;Norte;Colisão Lateral;1;1;1;;;;1
20/11/2015;04:17:00;64;com vítima;529,8;BR-381/MG;Norte;Tombamento;1;0;1;;;;1
20/11/2015;11:41:00;235;sem vítima;727;BR-381/MG;Norte;Colisão Traseira;1;3;;;;;1
20/11/2015;09:44:00;184;sem vítima;735,5;BR-381/MG;Norte;Colisão Traseira;1;2;;;;;1
20/11/2015;02:00:00;43;sem vítima;905;BR-381/MG;Norte;Colisão Lateral;1;2;;;;;1
20/11/2015;14:43:00;321;sem vítima;908;BR-381/MG;Norte;Choque - Elemento de Drenagem;1;1;;;;;1
21/11/2015;15:36:00;264;com vítima;38,875;BR-381/SP;Norte;Atropelamento - Morador;1;1;;;;1;3
21/11/2015;01:11:00;21;com vítima;760;BR-381/MG;Sul;Colisão Traseira;1;2;1;;1;;2
22/11/2015;18:37:00;333;sem vítima;874,2;BR-381/MG;Norte;Colisão Traseira;1;2;;;;;1
22/11/2015;16:49:00;289;com vítima;919,4;BR-381/MG;Sul;Atropelamento - Usuário;1;0;;1;;1;3
23/11/2015;10:39:00;209;com vítima;491,6;BR-381/MG-CONT;Sul;Engavetamento;3;3;;3;;;2
23/11/2015;13:45:00;293;com vítima;528,4;BR-381/MG;Sul;Colisão Traseira;1;1;1;;;;1
23/11/2015;22:41:00;498;sem vítima;559,6;BR-381/MG;Sul;Tombamento;2;2;;;;;1
23/11/2015;10:19:00;203;com vítima;648;BR-381/MG;Norte;Tombamento;1;0;1;;;;1
23/11/2015;11:55:00;240;com vítima;654;BR-381/MG;Norte;Tombamento;1;0;;1;1;;2
23/11/2015;20:58:00;466;sem vítima;674,7;BR-381/MG;Norte;Outros;1;1;;;;;1
23/11/2015;21:01:00;468;sem vítima;767;BR-381/MG;Sul;Choque - Defensa, barreira ou "submarino";1;1;;;;;1
23/11/2015;06:44:00;94;sem vítima;778,8;BR-381/MG;Sul;Tombamento;1;2;;;;;1
23/11/2015;23:16:00;508;sem vítima;919;BR-381/MG;Sul;Colisão Traseira;1;3;;;;;1
23/11/2015;20:59:00;467;com vítima;943;BR-381/MG;Norte;Colisão Lateral;2;3;1;;;;1
24/11/2015;19:59:00;394;com vítima;1;BR-381/SP;Sul;Engavetamento;4;3;;;;1;3
24/11/2015;17:29:00;328;sem vítima;19;BR-381/SP;Norte;Colisão Lateral;1;2;;;;;1
24/11/2015;08:31:00;119;com vítima;87,9;BR-381/SP;Sul;Colisão Traseira;1;1;2;;;;1
24/11/2015;09:01:00;138;com vítima;484,1;BR-381/MG;Sul;Engavetamento;1;16;1;;;;1
24/11/2015;11:59:00;207;sem vítima;485;BR-381/MG;Norte;Colisão Lateral;1;2;;;;;1
24/11/2015;15:37:00;282;sem vítima;485;BR-381/MG;Sul;Engavetamento;1;3;;;;;1
24/11/2015;22:44:00;439;com vítima;506;BR-381/MG;Sul;Colisão Traseira;1;2;1;;;;1
24/11/2015;14:01:00;244;com vítima;517,4;BR-381/MG;Sul;Colisão Traseira;1;1;1;;;;1
24/11/2015;17:05:00;322;sem vítima;561;BR-381/MG;Norte;Colisão Lateral;1;2;;;;;1
24/11/2015;06:55:00;82;com vítima;636,2;BR-381/MG;Norte;Tombamento;1;0;1;;;;1
24/11/2015;04:01:00;44;sem vítima;767,3;BR-381/MG;Sul;Choque - Elemento de Drenagem;1;1;;;;;1
24/11/2015;23:46:00;465;sem vítima;774,5;BR-381/MG;Norte;Choque - Veiculo parado no acostamento;1;3;;;;;1
24/11/2015;07:07:00;87;sem vítima;778,4;BR-381/MG;Norte;Choque - Defensa, barreira ou "submarino";1;1;;;;;1
24/11/2015;03:13:00;37;com vítima;793,9;BR-381/MG;Norte;Tombamento;1;0;1;;;;1
24/11/2015;17:52:00;337;sem vítima;907,4;BR-381/MG;Norte;Colisão Lateral;2;2;;;;;1
24/11/2015;08:32:00;120;sem vítima;917,2;BR-381/MG;Sul;Colisão Lateral;1;2;;;;;1
24/11/2015;17:30:00;329;sem vítima;917,9;BR-381/MG;Sul;Tombamento;1;1;;;;;1
24/11/2015;12:48:00;220;sem vítima;946;BR-381/MG;Norte;Capotamento;1;5;;;;;1
24/11/2015;23:00:00;442;sem vítima;946,5;BR-381/MG;Sul;Colisão Traseira;2;2;;;;;1
25/11/2015;20:02:00;413;sem vítima;65,5;BR-381/SP;Norte;Colisão Traseira;2;2;;;;;1
25/11/2015;11:28:00;205;com vítima;526;BR-381/MG;Sul;Tombamento;1;1;1;;;;1
25/11/2015;11:40:00;210;sem vítima;544;BR-381/MG;Norte;Colisão Lateral;1;2;;;;;1
25/11/2015;03:01:00;45;sem vítima;746,9;BR-381/MG;Sul;Colisão Traseira;2;2;;;;;1
25/11/2015;16:46:00;345;sem vítima;754;BR-381/MG;Norte;Choque - Defensa, barreira ou "submarino";1;1;;;;;1
25/11/2015;20:31:00;423;sem vítima;767,15;BR-381/MG;Sul;Choque - Defensa, barreira ou "submarino";1;1;;;;;1
25/11/2015;04:21:00;55;sem vítima;867;BR-381/MG;Sul;;1;1;;;;;1
25/11/2015;04:26:00;56;sem vítima;882;BR-381/MG;Sul;Colisão Traseira;1;2;;;;;1
26/11/2015;09:38:00;167;sem vítima;507;BR-381/MG;Sul;Colisão Traseira;1;2;;;;;1
26/11/2015;10:38:00;192;com vítima;532;BR-381/MG;Norte;Tombamento;1;0;1;;;;1
26/11/2015;14:20:00;297;sem vítima;602;BR-381/MG;Norte;Tombamento;1;1;;;;;1
26/11/2015;14:06:00;290;com vítima;920;BR-381/MG;Norte;Colisão Lateral;2;2;1;;;;1
26/11/2015;17:32:00;374;com vítima;941;BR-381/MG;Norte;Capotamento;1;1;1;1;;;2
27/11/2015;14:36:00;280;sem vítima;33,5;BR-381/SP;Norte;Colisão Traseira;1;2;;;;;1
27/11/2015;20:29:00;422;sem vítima;481,1;BR-381/MG;Sul;Colisão Lateral;2;2;;;;;1
27/11/2015;16:40:00;336;sem vítima;483,2;BR-381/MG;Sul;Engavetamento;1;3;;;;;1
27/11/2015;17:54:00;364;com vítima;505,3;BR-381/MG;Sul;Engavetamento;1;2;1;;;;1
27/11/2015;08:46:00;140;sem vítima;524;BR-381/MG;Norte;Colisão Traseira;1;3;;;;;1
27/11/2015;21:11:00;436;com vítima;525,5;BR-381/MG;Sul;Tombamento;1;0;;;1;1;3
27/11/2015;05:08:00;84;sem vítima;655;BR-381/MG;Norte;Colisão Traseira;2;2;;;;;1
27/11/2015;01:26:00;42;sem vítima;788;BR-381/MG;Sul;Tombamento;1;1;;;;;1
28/11/2015;22:19:00;431;sem vítima;50;BR-381/SP;Norte;Objeto lançado contra veículo;1;4;;;;;1
28/11/2015;13:50:00;257;sem vítima;504;BR-381/MG;Sul;Colisão Lateral;1;2;;;;;1
28/11/2015;08:15:00;114;com vítima;896,5;BR-381/MG;Norte;Choque - Talude;1;0;3;;;;1