data;horario;n_da_ocorrencia;tipo_de_ocorrencia;km;trecho;sentido;tipo_de_acidente;caminhao;ilesos;levemente_feridos;moderadamente_feridos;gravemente_feridos;mortos;3
29/11/2015;15:31:00;288;sem vítima;61;BR-381/SP;Norte;Engavetamento;1;3;;;;;1
29/11/2015;03:41:00;46;com vítima;565,2;BR-381/MG;Sul;Choque - Veiculo parado no acostamento;1;1;3;;;;1
29/11/2015;23:41:00;463;sem vítima;670;BR-381/MG;Sul;Colisão Lateral;1;2;;;;;1
29/11/2015;08:13:00;120;sem vítima;673;BR-381/MG;Norte;Colisão Lateral;1;4;;;;;1
29/11/2015;18:32:00;364;com vítima;750,4;BR-381/MG;Sul;Tombamento;1;0;;;;1;3
29/11/2015;17:19:00;336;sem vítima;873,79;BR-381/MG;Sul;Colisão Lateral;1;2;;;;;1
29/11/2015;17:48:00;343;sem vítima;884;BR-381/MG;Sul;Colisão Lateral;1;2;;;;;1
30/11/2015;08:42:00;121;sem vítima;7,57;BR-381/SP;Sul;Colisão Traseira;1;2;;;;;1
30/11/2015;16:35:00;335;sem vítima;66,217;BR-381/SP;Sul;Colisão Lateral;1;2;;;;;1
30/11/2015;15:01:00;295;sem vítima;480;BR-381/MG;Sul;Colisão Lateral;1;2;;;;;1
30/11/2015;12:43:00;241;sem vítima;486,5;BR-381/MG;Sul;Colisão Lateral;1;2;;;;;1
30/11/2015;07:18:00;90;com vítima;521,6;BR-381/MG;Sul;Choque - Defensa, barreira ou "submarino";1;2;;;1;;2
30/11/2015;10:14:00;176;sem vítima;559,9;BR-381/MG;Sul;Tombamento;1;1;;;;;1
30/11/2015;20:18:00;426;sem vítima;592;BR-381/MG;Sul;Colisão Traseira;2;2;;;;;1
30/11/2015;23:04:00;476;sem vítima;858;BR-381/MG;Sul;Colisão Traseira;2;2;;;;;1
30/11/2015;15:29:00;309;sem vítima;886,639;BR-381/MG;Norte;Tombamento;1;1;;;;;1
01/12/2015;18:11:00;368;sem vítima;8;BR-381/SP;Sul;Choque - Defensa, barreira ou "submarino";1;1;;;;;1
01/12/2015;09:13:00;136;com vítima;525,5;BR-381/MG;Sul;Choque - Talude;1;1;1;;;;1
02/12/2015;16:09:00;341;com vítima;60,2;BR-381/SP;Sul;Tombamento;1;1;1;;;;1
02/12/2015;10:02:00;203;sem vítima;491;BR-381/MG;Sul;Colisão Lateral;1;2;;;;;1
02/12/2015;23:02:00;472;sem vítima;767;BR-381/MG;Sul;Choque - Elemento de Drenagem;1;1;;;;;1
02/12/2015;04:47:00;58;sem vítima;772;BR-381/MG;Sul;Choque - Suporte de Sinalização;1;3;;;;;1
02/12/2015;00:29:00;16;com vítima;812,5;BR-381/MG;Norte;Colisão Traseira;2;1;1;;;;1
02/12/2015;12:29:00;255;sem vítima;850,2;BR-381/MG;Sul;Tombamento;1;1;;;;;1
02/12/2015;19:44:00;422;sem vítima;873,4;BR-381/MG;Sul;Colisão Lateral;1;2;;;;;1
02/12/2015;17:54:00;387;com vítima;932;BR-381/MG;Norte;Tombamento;1;0;1;;;;1
03/12/2015;10:30:00;191;sem vítima;484,7;BR-381/MG;Sul;Colisão Traseira;1;2;;;;;1
03/12/2015;15:30:00;304;sem vítima;490;BR-381/MG;Sul;Colisão Traseira;1;2;;;;;1
03/12/2015;22:12:00;453;com vítima;525,3;BR-381/MG;Sul;Tombamento;1;0;1;1;;;2
03/12/2015;06:45:00;74;com vítima;601;BR-381/MG;Norte;Tombamento;1;1;1;;;;1
03/12/2015;04:34:00;41;com vítima;648,5;BR-381/MG;Norte;Colisão Traseira;2;1;1;;;;1
03/12/2015;04:59:00;53;sem vítima;700;BR-381/MG;Norte;Saida de Pista;1;1;;;;;1
03/12/2015;20:43:00;431;sem vítima;735;BR-381/MG;Sul;Colisão Lateral;2;2;;;;;1
03/12/2015;05:49:00;58;sem vítima;789,5;BR-381/MG;Norte;Tombamento;2;2;;;;;1
03/12/2015;01:47:00;25;sem vítima;879,8;BR-381/MG;Norte;Choque - Talude;1;1;;;;;1
03/12/2015;20:33:00;428;com vítima;927,6;BR-381/MG;Norte;Tombamento;1;4;1;1;;;2
04/12/2015;14:34:00;331;com vítima;12,9;BR-381/SP;Norte;Engavetamento;2;5;1;;;;1
04/12/2015;23:12:00;532;com vítima;484,1;BR-381/MG;Norte;Colisão Traseira;1;1;1;;;;1
04/12/2015;23:05:00;529;sem vítima;666,4;BR-381/MG;Norte;Colisão Traseira;2;2;;;;;1
04/12/2015;04:53:00;72;com vítima;852;BR-381/MG;Sul;Capotamento;1;0;;1;;;2
05/12/2015;14:35:00;286;sem vítima;10,436;BR-381/SP;Sul;Choque - Suporte de Sinalização;1;1;;;;;1
05/12/2015;13:58:00;276;sem vítima;588,75;BR-381/MG;Norte;Choque - Poste;1;1;;;;;1
05/12/2015;03:15:00;57;sem vítima;749,1;BR-381/MG;Norte;Colisão Traseira;2;2;;;;;1
05/12/2015;16:13:00;333;sem vítima;761;BR-381/MG;Norte;Colisão Traseira;2;2;;;;;1
05/12/2015;03:01:00;54;com vítima;830;BR-381/MG;Norte;Colisão Traseira;1;1;;;1;;2
05/12/2015;00:43:00;29;sem vítima;925;BR-381/MG;Norte;Choque - Outros;1;1;;;;;1
05/12/2015;22:31:00;487;sem vítima;939;BR-381/MG;Sul;Colisão Lateral;1;2;;;;;1
06/12/2015;13:35:00;207;com vítima;84,8;BR-381/SP;Norte;Colisão Lateral;1;3;1;;;;1
06/12/2015;13:56:00;220;sem vítima;502;BR-381/MG;Sul;Colisão Lateral;1;2;;;;;1
06/12/2015;21:08:00;430;com vítima;623,4;BR-381/MG;Sul;Choque - Outros;1;1;1;;;;1
07/12/2015;19:30:00;387;sem vítima;46,5;BR-381/SP;Sul;Choque - Defensa, barreira ou "submarino";1;1;;;;;1
07/12/2015;16:23:00;319;sem vítima;77;BR-381/SP;Norte;Colisão Traseira;2;2;;;;;1
07/12/2015;02:55:00;42;sem vítima;679;BR-381/MG;Sul;Colisão Lateral;2;2;;;;;1
07/12/2015;06:20:00;74;sem vítima;938,5;BR-381/MG;Sul;Tombamento;1;2;;;;;1
08/12/2015;14:04:00;295;sem vítima;56;BR-381/SP;Norte;Colisão Traseira;2;2;;;;;1
08/12/2015;07:06:00;83;sem vítima;66,6;BR-381/SP;Sul;Colisão Lateral;1;2;;;;;1
08/12/2015;13:25:00;285;sem vítima;486;BR-381/MG;Sul;Colisão Lateral;1;2;;;;;1
08/12/2015;02:59:00;48;sem vítima;863;BR-381/MG;Sul;Choque - Defensa, barreira ou "submarino";1;1;;;;;1
09/12/2015;12:24:00;262;sem vítima;20,4;BR-381/SP;Sul;Colisão Lateral;2;2;;;;;1
09/12/2015;10:51:00;214;com vítima;521,5;BR-381/MG;Sul;Choque - Defensa, barreira ou "submarino";1;0;;1;;;2
09/12/2015;13:21:00;279;com vítima;597;BR-381/MG;Norte;Capotamento;1;0;;1;;;2
09/12/2015;18:46:00;429;sem vítima;636;BR-381/MG;Norte;Choque - Defensa, barreira ou "submarino";1;1;;;;;1
09/12/2015;22:00:00;481;sem vítima;767,1;BR-381/MG;Sul;Tombamento;1;1;;;;;1
09/12/2015;02:22:00;46;sem vítima;793,3;BR-381/MG;Sul;Atropelamento de Animal;1;1;;;;;1
10/12/2015;12:35:00;277;com vítima;15,4;BR-381/SP;Sul;Colisão Traseira;1;2;1;;;;1
10/12/2015;21:20:00;522;com vítima;525;BR-381/MG;Sul;Engavetamento;3;2;;1;;;2
10/12/2015;02:07:00;46;com vítima;649,2;BR-381/MG;Sul;Colisão Traseira;2;1;;;;1;3
10/12/2015;12:49:00;284;sem vítima;707;BR-381/MG;Norte;Saida de Pista;1;1;;;;;1
10/12/2015;00:31:00;18;com vítima;784;BR-381/MG;Sul;Colisão Lateral;2;0;2;;;;1
10/12/2015;03:24:00;55;com vítima;908;BR-381/MG;Norte;Tombamento;1;0;;;;1;3
10/12/2015;23:28:00;558;sem vítima;908;BR-381/MG;Sul;Choque - Talude;1;1;;;;;1
11/12/2015;08:12:00;114;com vítima;21;BR-381/SP;Sul;Atropelamento - Andarilho;1;1;;1;;;2
11/12/2015;16:10:00;330;com vítima;479,8;BR-381/MG;Norte;Colisão Traseira;1;1;1;;;;1
11/12/2015;10:43:00;187;sem vítima;483,5;BR-381/MG;Norte;Colisão Lateral;1;2;;;;;1
11/12/2015;10:21:00;175;sem vítima;591;BR-381/MG;Norte;Colisão Lateral;1;2;;;;;1
11/12/2015;06:37:00;64;sem vítima;681;BR-381/MG;Norte;Tombamento;2;2;;;;;1
11/12/2015;11:37:00;217;sem vítima;883;BR-381/MG;Sul;Colisão Lateral;1;2;;;;;1
12/12/2015;04:43:00;73;com vítima;13,8;BR-381/SP;Sul;Colisão Lateral;1;1;;1;;;2
12/12/2015;06:31:00;91;sem vítima;35,2;BR-381/SP;Norte;Colisão Lateral;1;3;;;;;1
12/12/2015;15:52:00;295;sem vítima;67;BR-381/SP;Norte;Colisão Traseira;1;2;;;;;1
12/12/2015;17:08:00;342;sem vítima;85;BR-381/SP;Sul;Engavetamento;1;3;;;;;1
12/12/2015;00:37:00;21;sem vítima;724,9;BR-381/MG;Sul;Colisão Traseira;2;2;;;;;1
12/12/2015;08:44:00;130;com vítima;868,4;BR-381/MG;Norte;Tombamento;1;0;1;;;;1
13/12/2015;22:19:00;482;sem vítima;29;BR-381/SP;Norte;Colisão Traseira;1;2;;;;;1
13/12/2015;14:02:00;236;com vítima;617;BR-381/MG;Sul;Capotamento;1;0;1;;;;1
13/12/2015;22:43:00;487;com vítima;715;BR-381/MG;Norte;Colisão Traseira;2;1;2;;;;1
13/12/2015;07:29:00;91;sem vítima;745,7;BR-381/MG;Sul;Colisão Traseira;1;2;;;;;1
13/12/2015;18:39:00;385;sem vítima;908,6;BR-381/MG;Norte;Tombamento;1;1;;;;;1
14/12/2015;14:50:00;314;com vítima;76,8;BR-381/SP;Sul;Tombamento;1;0;1;;;2;3
14/12/2015;07:39:00;102;sem vítima;89;BR-381/SP;Sul;Colisão Lateral;1;2;;;;;1
14/12/2015;04:13:00;59;com vítima;492;BR-381/MG;Norte;Colisão Traseira;1;1;1;1;;;2
14/12/2015;02:22:00;45;sem vítima;537;BR-381/MG;Norte;Colisão Traseira;2;2;;;;;1
14/12/2015;16:59:00;365;sem vítima;624,7;BR-381/MG;Sul;Colisão Lateral;1;2;;;;;1
14/12/2015;19:33:00;440;com vítima;659;BR-381/MG;Norte;Tombamento;1;0;1;;;;1
14/12/2015;16:52:00;361;sem vítima;845;BR-381/MG;Norte;Tombamento;1;1;;;;;1
15/12/2015;20:56:00;512;sem vítima;20;BR-381/SP;Sul;Tombamento;1;1;;;;;1
15/12/2015;00:54:00;42;sem vítima;35;BR-381/SP;Norte;Colisão Lateral;1;2;;;;;1
15/12/2015;06:54:00;113;sem vítima;37;BR-381/SP;Sul;Colisão Traseira;1;2;;;;;1
15/12/2015;11:30:00;270;com vítima;42;BR-381/SP;Sul;Atropelamento - Morador;1;1;;;;1;3
15/12/2015;13:23:00;311;sem vítima;66,6;BR-381/SP;Sul;Colisão Traseira;1;2;;;;;1
15/12/2015;12:57:00;305;sem vítima;77,7;BR-381/SP;Norte;Colisão Lateral;1;2;;;;;1
15/12/2015;15:27:00;368;sem vítima;484,1;BR-381/MG;Sul;Colisão Traseira;1;2;;;;;1
15/12/2015;11:18:00;265;sem vítima;546;BR-381/MG;Sul;Colisão Traseira;1;2;;;;;1
15/12/2015;15:11:00;359;com vítima;714;BR-381/MG;Sul;Capotamento;1;1;1;;;;1
15/12/2015;10:37:00;246;sem vítima;714,9;BR-381/MG;Norte;Choque - Suporte de Sinalização;1;1;;;;;1
15/12/2015;12:01:00;287;sem vítima;865;BR-381/MG;Sul;Colisão Traseira;2;2;;;;;1
16/12/2015;06:57:00;128;sem vítima;482,5;BR-381/MG;Norte;Colisão Lateral;1;2;;;;;1
16/12/2015;17:24:00;428;com vítima;485,7;BR-381/MG;Sul;Colisão Lateral;1;1;1;;;;1
16/12/2015;14:06:00;344;sem vítima;519;BR-381/MG;Norte;Tombamento;1;1;;;;;1
16/12/2015;15:52:00;397;sem vítima;524,7;BR-381/MG;Sul;Colisão Traseira;2;2;;;;;1
16/12/2015;21:38:00;513;sem vítima;649;BR-381/MG;Sul;Colisão Traseira;2;2;;;;;1
16/12/2015;23:58:00;551;sem vítima;673;BR-381/MG;Norte;Colisão Traseira;2;2;;;;;1
17/12/2015;08:00:00;120;sem vítima;7,5;BR-381/SP;Sul;Colisão Traseira;1;2;;;;;1
17/12/2015;16:53:00;391;sem vítima;70,486;BR-381/SP;Norte;Engavetamento;1;3;;;;;1
17/12/2015;15:37:00;345;sem vítima;496;BR-381/MG-CONT;Sul;Colisão Lateral;2;2;;;;;1
17/12/2015;11:22:00;224;sem vítima;488,3;BR-381/MG;Norte;Colisão Lateral;1;2;;;;;1
17/12/2015;10:28:00;204;com vítima;496;BR-381/MG;Sul;Choque - Defensa, barreira ou "submarino";1;2;;;;1;3
17/12/2015;04:08:00;60;sem vítima;566,3;BR-381/MG;Norte;Choque - Defensa, barreira ou "submarino";1;1;;;;;1
17/12/2015;03:14:00;54;com vítima;833,9;BR-381/MG;Norte;Tombamento;1;0;1;;;;1
17/12/2015;19:58:00;493;sem vítima;893,355;BR-381/MG;Sul;Tombamento;1;1;;;;;1
17/12/2015;13:06:00;258;sem vítima;903;BR-381/MG;Norte;Colisão Lateral;1;2;;;;;1
17/12/2015;18:03:00;423;com vítima;919,813;BR-381/MG;Norte;Choque - Elemento de Drenagem;1;0;1;;;;1
18/12/2015;19:01:00;497;sem vítima;7,57;BR-381/SP;Norte;Colisão Traseira;1;2;;;;;1
18/12/2015;23:22:00;631;sem vítima;486,1;BR-381/MG;Sul;Colisão Traseira;1;2;;;;;1
18/12/2015;10:40:00;229;sem vítima;491;BR-381/MG;Sul;Colisão Traseira;1;2;;;;;1
18/12/2015;15:25:00;366;sem vítima;516,7;BR-381/MG;Norte;Choque - Talude;1;1;;;;;1
18/12/2015;04:17:00;71;com vítima;531,9;BR-381/MG;Norte;Tombamento;1;0;1;;;;1
18/12/2015;00:58:00;25;sem vítima;540,1;BR-381/MG;Norte;Choque - Defensa, barreira ou "submarino";1;2;;;;;1
18/12/2015;00:39:00;18;sem vítima;540,2;BR-381/MG;Norte;Tombamento;1;1;;;;;1
18/12/2015;20:41:00;554;sem vítima;541,5;BR-381/MG;Sul;Colisão Traseira;1;2;;;;;1
18/12/2015;18:58:00;494;sem vítima;573;BR-381/MG;Sul;Colisão Traseira;1;2;;;;;1
18/12/2015;00:03:00;1;sem vítima;611,5;BR-381/MG;Sul;Colisão Lateral;2;2;;;;;1
18/12/2015;16:41:00;422;sem vítima;715;BR-381/MG;Norte;Choque - Suporte de Sinalização;1;1;;;;;1
18/12/2015;12:05:00;270;sem vítima;763;BR-381/MG;Sul;Choque - Elemento de Drenagem;1;1;;;;;1
18/12/2015;23:46:00;647;com vítima;881,1;BR-381/MG;Norte;Colisão Traseira;2;1;1;;;;1
18/12/2015;08:56:00;167;sem vítima;908,7;BR-381/MG;Sul;Colisão Traseira;2;2;;;;;1
19/12/2015;01:47:00;43;sem vítima;27;BR-381/SP;Norte;Colisão Lateral;1;2;;;;;1
19/12/2015;07:34:00;152;sem vítima;36,3;BR-381/SP;Norte;Tombamento;1;1;;;;;1
19/12/2015;12:16:00;307;sem vítima;51;BR-381/SP;Norte;Engavetamento;1;4;;;;;1
19/12/2015;01:07:00;35;sem vítima;64;BR-381/SP;Norte;Colisão Lateral;1;2;;;;;1
19/12/2015;18:32:00;499;sem vítima;73;BR-381/SP;Sul;Engavetamento;2;5;;;;;1
19/12/2015;16:42:00;440;sem vítima;501;BR-381/MG;Norte;Colisão Traseira;1;2;;;;;1
19/12/2015;04:51:00;85;sem vítima;664,9;BR-381/MG;Sul;Colisão Traseira;2;2;;;;;1
19/12/2015;00:23:00;18;com vítima;671,6;BR-381/MG;Norte;Colisão Traseira;1;2;1;;;;1
19/12/2015;02:10:00;45;sem vítima;758,4;BR-381/MG;Sul;Choque - Defensa, barreira ou "submarino";1;1;;;;;1
19/12/2015;03:16:00;61;sem vítima;917,8;BR-381/MG;Sul;Choque - Defensa, barreira ou "submarino";1;1;;;;;1
19/12/2015;12:33:00;316;com vítima;932,3;BR-381/MG;Norte;Tombamento;1;0;;2;;;2
20/12/2015;04:08:00;55;sem vítima;518,4;BR-381/MG;Norte;Tombamento;1;1;;;;;1
20/12/2015;10:56:00;188;sem vítima;598;BR-381/MG;Norte;Engavetamento;2;3;;;;;1
20/12/2015;19:31:00;451;sem vítima;693;BR-381/MG;Sul;Objeto lançado contra veículo;1;1;;;;;1
20/12/2015;11:21:00;201;com vítima;852,1;BR-381/MG;Sul;Choque - Defensa, barreira ou "submarino";1;0;1;;;;1
21/12/2015;09:37:00;178;sem vítima;486,6;BR-381/MG;Norte;Choque - Defensa, barreira ou "submarino";1;2;;;;;1
21/12/2015;04:36:00;58;sem vítima;540;BR-381/MG;Norte;Choque - Defensa, barreira ou "submarino";1;3;;;;;1
22/12/2015;18:21:00;458;sem vítima;41;BR-381/SP;Sul;Colisão Lateral;1;2;;;;;1
22/12/2015;12:35:00;285;com vítima;61,38;BR-381/SP;Sul;Engavetamento;2;3;1;;;;1
22/12/2015;13:21:00;305;sem vítima;61,38;BR-381/SP;Sul;Engavetamento;2;3;;;;;1
22/12/2015;00:54:00;22;sem vítima;74,8;BR-381/SP;Norte;Colisão Lateral;1;2;;;;;1
22/12/2015;16:36:00;396;sem vítima;84;BR-381/SP;Norte;Colisão Lateral;1;2;;;;;1
22/12/2015;20:50:00;508;sem vítima;481,3;BR-381/MG;Norte;Colisão Lateral;1;2;;;;;1
22/12/2015;04:42:00;63;sem vítima;542,3;BR-381/MG;Norte;Colisão Lateral;2;6;;;;;1
22/12/2015;07:49:00;132;sem vítima;597,67;BR-381/MG;Norte;Colisão Traseira;2;2;;;;;1
22/12/2015;12:17:00;278;sem vítima;673,1;BR-381/MG;Norte;Tombamento;1;1;;;;;1
23/12/2015;06:17:00;92;sem vítima;7,5;BR-381/SP;Norte;Colisão Traseira;1;2;;;;;1
23/12/2015;15:40:00;330;sem vítima;7,5;BR-381/SP;Norte;Colisão Lateral;1;2;;;;;1
23/12/2015;16:26:00;356;sem vítima;80;BR-381/SP;Norte;Colisão Traseira;1;2;;;;;1
23/12/2015;04:45:00;71;sem vítima;877,2;BR-381/MG;Norte;Choque - Outros;1;2;;;;;1
24/12/2015;10:45:00;222;sem vítima;597,9;BR-381/MG;Norte;Colisão Traseira;1;2;;;;;1
25/12/2015;03:43:00;42;com vítima;86,331;BR-381/SP;Sul;Outros;1;2;1;1;;;2
26/12/2015;19:09:00;345;com vítima;531,9;BR-381/MG;Norte;Choque - Talude;1;2;1;1;;;2
27/12/2015;22:30:00;464;sem vítima;842;BR-381/MG;Sul;Tombamento;1;2;;;;;1
28/12/2015;15:28:00;243;sem vítima;8;BR-381/SP;Sul;Choque - Defensa, barreira ou "submarino";1;2;;;;;1
28/12/2015;08:22:00;91;com vítima;540,274;BR-381/MG;Norte;Engavetamento;1;8;;;3;2;3
28/12/2015;15:57:00;251;sem vítima;588,53;BR-381/MG;Norte;Choque - Outros;1;1;;;;;1
28/12/2015;09:42:00;113;com vítima;720;BR-381/MG;Norte;Colisão Lateral;1;1;;1;;;2
28/12/2015;20:01:00;356;sem vítima;886,4;BR-381/MG;Norte;Choque - Elemento de Drenagem;1;1;;;;;1
29/12/2015;07:05:00;66;sem vítima;566,8;BR-381/MG;Norte;Choque - Elemento de Drenagem;1;1;;;;;1
29/12/2015;19:53:00;355;sem vítima;677,3;BR-381/MG;Sul;Colisão Lateral;1;6;;;;;1
29/12/2015;12:50:00;208;sem vítima;872,2;BR-381/MG;Sul;Colisão Traseira;2;2;;;;;1
30/12/2015;14:55:00;263;com vítima;8,5;BR-381/SP;Sul;Colisão Lateral;1;3;1;;;;1
30/12/2015;01:55:00;28;com vítima;88;BR-381/SP;Sul;Colisão Traseira;1;1;2;;;;1
30/12/2015;17:15:00;315;sem vítima;711,5;BR-381/MG;Sul;Choque - Elemento de Drenagem;1;2;;;;;1
30/12/2015;11:47:00;199;sem vítima;732;BR-381/MG;Norte;Colisão Lateral;2;2;;;;;1
30/12/2015;01:59:00;29;sem vítima;908;BR-381/MG;Norte;Capotamento;1;1;;;;;1
31/12/2015;05:33:00;54;sem vítima;12;BR-381/SP;Sul;Choque - Talude;1;1;;;;;1
20/04/2016;05:05:00;79;sem vítima;0;BR-381/SP;Sul;Colisão Lateral;1;2;;;;;1
05/05/2016;08:42:00;118;sem vítima;0;BR-381/SP;Sul;Colisão Traseira;2;2;;;;;1
05/01/2016;13:44:00;255;sem vítima;7;BR-381/SP;Sul;Colisão Traseira;1;2;;;;;1
13/01/2016;22:34:00;472;sem vítima;2,5;BR-381/SP;Sul;Colisão Traseira;2;2;;;;;1
04/02/2016;01:17:00;28;sem vítima;1;BR-381/SP;Sul;Colisão Traseira;2;2;;;;;1
29/04/2016;08:10:00;109;sem vítima;1;BR-381/SP;Norte;Outros;1;1;;;;;1
05/02/2016;11:03:00;213;sem vítima;1,5;BR-381/SP;Sul;Colisão Traseira;1;2;;;;;1
26/04/2016;13:12:00;255;sem vítima;2;BR-381/SP;Sul;Tombamento;1;1;;;;;1
09/05/2016;13:18:00;231;com vítima;2,8;BR-381/SP;Sul;Colisão Lateral;1;1;1;;;;1
23/03/2016;04:03:00;48;com vítima;3;BR-381/SP;Sul;Capotamento;1;0;1;;;;1
16/06/2016;15:27:00;319;com vítima;3;BR-381/SP;Norte;Colisão Traseira;2;1;1;;;;1
30/07/2016;00:24:00;21;sem vítima;3;BR-381/SP;Sul;Choque - Talude;1;1;;;;;1
21/06/2016;14:33:00;297;com vítima;3,1;BR-381/SP;Norte;Outros;1;0;1;;;;1
26/08/2016;11:37:00;208;sem vítima;7;BR-381/SP;Norte;Colisão Lateral;1;2;;;;;1
31/08/2016;11:15:00;216;sem vítima;7;BR-381/SP;Norte;Colisão Traseira;2;2;;;;;1
15/02/2016;06:57:00;83;sem vítima;7;BR-381/SP;Sul;Colisão Traseira;2;2;;;;;1
08/04/2016;00:27:00;12;sem vítima;7;BR-381/SP;Sul;Colisão Traseira;1;3;;;;;1
22/04/2016;16:29:00;331;sem vítima;7;BR-381/SP;Norte;Choque - Veiculo parado na pista;1;2;;;;;1
06/05/2016;15:34:00;310;sem vítima;7;BR-381/SP;Norte;Colisão Traseira;1;2;;;;;1
04/06/2016;00:57:00;47;sem vítima;7;BR-381/SP;Norte;Colisão Traseira;1;2;;;;;1
11/05/2016;11:32:00;200;sem vítima;7,3;BR-381/SP;Sul;Colisão Lateral;2;2;;;;;1
27/05/2016;20:14:00;362;sem vítima;7,3;BR-381/SP;Norte;Colisão Traseira;1;2;;;;;1
26/01/2016;16:50:00;351;sem vítima;7,5;BR-381/SP;Norte;Colisão Traseira;2;2;;;;;1
01/02/2016;05:42:00;70;sem vítima;7,5;BR-381/SP;Norte;Choque - Outros;1;1;;;;;1
03/06/2016;09:31:00;177;sem vítima;7,5;BR-381/SP;Norte;Colisão Traseira;1;2;;;;;1
08/07/2016;15:28:00;314;com vítima;7,5;BR-381/SP;Sul;Colisão Traseira;1;1;1;;;;1
15/03/2016;16:05:00;302;sem vítima;7,57;BR-381/SP;Norte;Colisão Traseira;1;2;;;;;1
10/04/2016;17:42:00;328;sem vítima;7,57;BR-381/SP;Norte;Colisão Traseira;1;2;;;;;1
21/04/2016;06:59:00;105;sem vítima;7,57;BR-381/SP;Norte;Colisão Transversal;1;2;;;;;1
30/04/2016;13:01:00;216;sem vítima;7,57;BR-381/SP;Norte;Colisão Traseira;1;2;;;;;1
17/06/2016;11:09:00;216;sem vítima;7,57;BR-381/SP;Norte;Colisão Traseira;1;2;;;;;1
16/05/2016;12:36:00;212;com vítima;8;BR-381/SP;Norte;Choque - Defensa, barreira ou "submarino";1;0;1;;;;1
06/07/2016;19:40:00;432;sem vítima;10,808;BR-381/SP;Norte;Tombamento;1;1;;;;;1
02/08/2016;07:21:00;87;com vítima;10,6;BR-381/SP;Norte;Colisão Traseira;1;1;;;1;;2
14/03/2016;08:58:00;147;sem vítima;11,6;BR-381/SP;Norte;Engavetamento;2;4;;;;;1
16/03/2016;07:52:00;108;sem vítima;12;BR-381/SP;Norte;Choque - Outros;1;1;;;;;1
07/03/2016;10:22:00;194;sem vítima;12,6;BR-381/SP;Sul;Colisão Traseira;2;2;;;;;1
19/05/2016;17:22:00;338;sem vítima;12,8;BR-381/SP;Sul;Colisão Traseira;2;2;;;;;1
17/06/2016;11:01:00;210;sem vítima;13;BR-381/SP;Sul;Colisão Lateral;2;2;;;;;1
09/02/2016;06:01:00;73;com vítima;13,2;BR-381/SP;Sul;Colisão Traseira;1;40;3;;;1;3
25/04/2016;02:22:00;32;sem vítima;13,5;BR-381/SP;Sul;Colisão Traseira;2;2;;;;;1
16/05/2016;14:53:00;261;sem vítima;13,5;BR-381/SP;Sul;Colisão Traseira;1;2;;;;;1
12/04/2016;07:52:00;119;sem vítima;14;BR-381/SP;Sul;Colisão Lateral;2;2;;;;;1
04/07/2016;22:55:00;489;sem vítima;14;BR-381/SP;Sul;Colisão Traseira;2;2;;;;;1
12/04/2016;08:52:00;147;sem vítima;14,2;BR-381/SP;Sul;Colisão Traseira;1;2;;;;;1
19/08/2016;09:13:00;173;sem vítima;14;BR-381/SP;Norte;Choque - Elemento de Drenagem;1;1;;;;;1
23/08/2016;20:59:00;410;com vítima;14,8;BR-381/SP;Norte;Colisão Traseira;2;2;;;;1;3
11/02/2016;06:22:00;81;com vítima;15;BR-381/SP;Sul;Colisão Traseira;2;2;;;1;;2
17/07/2016;16:20:00;290;com vítima;15,5;BR-381/SP;Sul;Atropelamento - Usuário;1;6;;;;1;3
15/01/2016;14:44:00;274;sem vítima;16;BR-381/SP;Norte;Colisão Traseira;1;2;;;;;1
17/08/2016;20:37:00;436;com vítima;16;BR-381/SP;Sul;Colisão Traseira;1;3;1;;;;1
31/08/2016;10:02:00;187;sem vítima;16;BR-381/SP;Norte;Choque - Defensa, barreira ou "submarino";1;1;;;;;1
29/06/2016;10:45:00;190;sem vítima;17;BR-381/SP;Sul;Colisão Traseira;2;2;;;;;1
12/08/2016;01:54:00;36;sem vítima;17;BR-381/SP;Sul;Colisão Traseira;2;2;;;;;1
15/02/2016;08:33:00;123;sem vítima;18,5;BR-381/SP;Norte;Colisão Traseira;1;2;;;;;1
07/04/2016;15:45:00;324;sem vítima;18,744;BR-381/SP;Sul;Tombamento;1;1;;;;;1
12/08/2016;22:42:00;488;sem vítima;18;BR-381/SP;Norte;Choque - Defensa, barreira ou "submarino";1;1;;;;;1
22/08/2016;08:45:00;126;sem vítima;18;BR-381/SP;Sul;Colisão Traseira;2;2;;;;;1
20/01/2016;13:36:00;317;sem vítima;19;BR-381/SP;Norte;Colisão Traseira;1;2;;;;;1
09/07/2016;18:48:00;390;com vítima;19;BR-381/SP;Sul;Tombamento;1;0;1;;;;1
25/08/2016;12:46:00;268;sem vítima;19,8;BR-381/SP;Sul;Tombamento;1;1;;;;;1
26/02/2016;03:43:00;45;sem vítima;20;BR-381/SP;Norte;Choque - Defensa, barreira ou "submarino";1;1;;;;;1
06/04/2016;16:21:00;336;com vítima;21;BR-381/SP;Norte;Colisão Lateral;1;1;;;1;;2
11/03/2016;18:02:00;399;com vítima;22;BR-381/SP;Sul;Colisão Lateral;1;1;;1;1;;2
06/05/2016;10:47:00;195;sem vítima;22;BR-381/SP;Norte;Choque - Defensa, barreira ou "submarino";1;1;;;;;1
12/03/2016;16:54:00;361;com vítima;23,22;BR-381/SP;Norte;Colisão Lateral;1;1;;1;;;2
22/07/2016;22:14:00;475;sem vítima;23,531;BR-381/SP;Sul;Atropelamento - Animal;1;1;;;;;1
03/06/2016;12:02:00;258;com vítima;24;BR-381/SP;Norte;Colisão Lateral;1;1;1;;;;1
07/05/2016;04:11:00;61;com vítima;24,4;BR-381/SP;Norte;Capotamento;1;0;1;;;;1
05/05/2016;11:17:00;195;sem vítima;25;BR-381/SP;Norte;Colisão Traseira;1;2;;;;;1