data;horario;n_da_ocorrencia;tipo_de_ocorrencia;km;trecho;sentido;tipo_de_acidente;caminhao;ilesos;levemente_feridos;moderadamente_feridos;gravemente_feridos;mortos;3
18/07/2016;19:00:00;415;sem vítima;485,7;BR-381/MG;Sul;Colisão Traseira;1;2;;;;;1
19/02/2016;10:24:00;179;sem vítima;486,3;BR-381/MG;Norte;Colisão Traseira;1;2;;;;;1
16/05/2016;14:31:00;250;sem vítima;486,3;BR-381/MG;Norte;Colisão Lateral;1;2;;;;;1
07/07/2016;06:42:00;83;sem vítima;486,3;BR-381/MG;Sul;Engavetamento;1;3;;;;;1
17/08/2016;13:28:00;269;com vítima;486,3;BR-381/MG;Norte;Engavetamento;2;4;1;;;;1
16/05/2016;19:42:00;386;com vítima;486,7;BR-381/MG;Sul;Colisão Traseira;1;1;1;;;;1
11/02/2016;12:32:00;243;com vítima;486,8;BR-381/MG;Norte;Colisão Traseira;1;2;1;;;;1
15/02/2016;17:20:00;353;com vítima;486,8;BR-381/MG;Sul;Choque - Defensa, barreira ou "submarino";1;0;1;;;;1
20/02/2016;17:34:00;369;sem vítima;487;BR-381/MG;Sul;Outros;1;3;;;;;1
11/01/2016;09:01:00;140;sem vítima;487,2;BR-381/MG;Sul;Colisão Lateral;1;2;;;;;1
05/07/2016;21:07:00;448;com vítima;487,5;BR-381/MG;Sul;Outros - Sequência;1;2;2;;;;1
28/07/2016;20:57:00;426;sem vítima;487,6;BR-381/MG;Sul;Colisão Traseira;1;2;;;;;1
02/02/2016;16:44:00;373;sem vítima;487,7;BR-381/MG;Sul;Choque - Defensa, barreira ou "submarino";1;1;;;;;1
21/01/2016;18:09:00;411;sem vítima;488;BR-381/MG;Norte;Tombamento;1;1;;;;;1
28/03/2016;20:51:00;521;com vítima;488;BR-381/MG;Sul;Colisão Lateral;1;2;1;;;;1
03/04/2016;07:06:00;96;com vítima;488;BR-381/MG;Norte;Colisão Traseira;1;2;1;;;;1
17/05/2016;14:21:00;246;com vítima;488;BR-381/MG;Norte;Atropelamento - Andarilho;1;1;1;;;;1
07/05/2016;00:46:00;26;sem vítima;488,4;BR-381/MG;Norte;Colisão Lateral;1;2;;;;;1
29/04/2016;07:14:00;82;sem vítima;488,5;BR-381/MG;Sul;Colisão Traseira;1;2;;;;;1
10/06/2016;21:19:00;476;sem vítima;489,8;BR-381/MG;Sul;Colisão Traseira;1;2;;;;;1
11/07/2016;21:07:00;469;sem vítima;489,8;BR-381/MG;Sul;Colisão Traseira;1;2;;;;;1
05/04/2016;16:34:00;335;com vítima;489,9;BR-381/MG;Sul;Colisão Lateral;1;1;1;;;;1
13/05/2016;10:54:00;183;sem vítima;490;BR-381/MG;Sul;Colisão Traseira;1;2;;;;;1
13/07/2016;05:14:00;52;com vítima;490;BR-381/MG;Sul;Engavetamento;1;5;1;;;;1
02/08/2016;00:57:00;28;com vítima;490;BR-381/MG;Sul;Colisão Traseira;1;1;;1;;;2
24/08/2016;19:56:00;401;sem vítima;490;BR-381/MG;Norte;Colisão Lateral;1;2;;;;;1
25/05/2016;19:59:00;409;sem vítima;490,3;BR-381/MG;Sul;Engavetamento;2;4;;;;;1
27/05/2016;17:05:00;294;sem vítima;490,5;BR-381/MG;Sul;Colisão Traseira;1;2;;;;;1
27/08/2016;07:44:00;133;sem vítima;490,7;BR-381/MG;Norte;Colisão Traseira;1;2;;;;;1
13/02/2016;12:12:00;232;com vítima;491;BR-381/MG;Sul;Colisão Lateral;1;1;4;;;;1
19/03/2016;10:06:00;178;sem vítima;491;BR-381/MG;Sul;Engavetamento;1;3;;;;;1
10/04/2016;11:39:00;176;sem vítima;491;BR-381/MG;Norte;Colisão Traseira;1;2;;;;;1
19/04/2016;15:15:00;287;com vítima;491;BR-381/MG;Norte;Colisão Traseira;2;0;2;;;;1
22/04/2016;11:51:00;219;com vítima;491;BR-381/MG;Norte;Colisão Traseira;1;1;2;;;;1
27/04/2016;11:38:00;197;sem vítima;491;BR-381/MG;Norte;Colisão Traseira;2;3;;;;;1
29/04/2016;20:45:00;437;sem vítima;491;BR-381/MG;Norte;Colisão Traseira;1;2;;;;;1
21/05/2016;07:34:00;95;sem vítima;491;BR-381/MG;Norte;Engavetamento;1;3;;;;;1
27/07/2016;19:32:00;421;sem vítima;491;BR-381/MG;Sul;Engavetamento;1;3;;;;;1
29/05/2016;20:05:00;362;sem vítima;491,05;BR-381/MG;Norte;Colisão Lateral;1;2;;;;;1
02/03/2016;10:29:00;200;sem vítima;491,4;BR-381/MG;Norte;Colisão Lateral;1;2;;;;;1
02/04/2016;19:25:00;369;sem vítima;491,4;BR-381/MG;Sul;Colisão Traseira;1;2;;;;;1
24/05/2016;18:33:00;369;sem vítima;491,4;BR-381/MG;Sul;Colisão Lateral;1;2;;;;;1
09/01/2016;03:22:00;46;sem vítima;491,5;BR-381/MG;Sul;Colisão Lateral;1;2;;;;;1
21/03/2016;18:25:00;376;com vítima;491,5;BR-381/MG;Norte;Colisão Traseira;1;1;1;;;;1
22/03/2016;06:42:00;71;sem vítima;491,5;BR-381/MG;Sul;Colisão Lateral;1;2;;;;;1
27/04/2016;11:26:00;193;sem vítima;491,5;BR-381/MG;Norte;Colisão Traseira;1;2;;;;;1
29/04/2016;16:59:00;350;sem vítima;491,5;BR-381/MG;Sul;Colisão Lateral;1;2;;;;;1
16/08/2016;17:55:00;396;sem vítima;491,5;BR-381/MG;Sul;Colisão Traseira;1;2;;;;;1
23/08/2016;07:39:00;112;sem vítima;491,5;BR-381/MG;Sul;Colisão Traseira;1;2;;;;;1
05/01/2016;17:09:00;341;sem vítima;491,6;BR-381/MG;Norte;Colisão Lateral;1;2;;;;;1
04/03/2016;09:34:00;177;sem vítima;491,6;BR-381/MG;Sul;Choque - Poste;1;1;;;;;1
05/08/2016;09:41:00;143;sem vítima;491,6;BR-381/MG;Sul;Colisão Lateral;1;2;;;;;1
02/07/2016;18:59:00;376;sem vítima;491,8;BR-381/MG;Norte;Colisão Traseira;1;2;;;;;1
31/08/2016;07:38:00;111;sem vítima;491,8;BR-381/MG;Sul;Colisão Lateral;1;2;;;;;1
23/03/2016;11:05:00;199;sem vítima;491,9;BR-381/MG;Sul;Colisão Lateral;1;2;;;;;1
06/07/2016;10:05:00;166;sem vítima;491,9;BR-381/MG;Norte;Colisão Lateral;1;2;;;;;1
04/02/2016;10:27:00;187;com vítima;492;BR-381/MG;Sul;Colisão Frontal;1;1;2;;;;1
24/03/2016;04:39:00;65;sem vítima;492;BR-381/MG;Norte;Choque - Defensa, barreira ou "submarino";1;2;;;;;1
02/05/2016;09:02:00;124;com vítima;492;BR-381/MG;Sul;Colisão Traseira;1;1;1;;;;1
06/07/2016;10:29:00;182;sem vítima;492;BR-381/MG;Norte;Colisão Traseira;1;2;;;;;1
15/07/2016;00:33:00;24;sem vítima;492,1;BR-381/MG;Sul;Choque - Elemento de Drenagem;1;1;;;;;1
29/02/2016;15:50:00;287;com vítima;492,8;BR-381/MG;Norte;Colisão Traseira;1;1;1;1;;;2
01/06/2016;22:17:00;462;com vítima;492,8;BR-381/MG;Norte;Choque - Defensa, barreira ou "submarino";1;1;1;;;;1
06/05/2016;11:26:00;210;com vítima;493;BR-381/MG;Norte;Tombamento;1;0;1;;;;1
21/05/2016;20:19:00;370;sem vítima;493,2;BR-381/MG;Sul;Colisão Traseira;1;2;;;;;1
08/05/2016;07:01:00;60;com vítima;493,4;BR-381/MG;Norte;Choque - Defensa, barreira ou "submarino";1;0;1;;;;1
13/05/2016;18:03:00;343;com vítima;493,4;BR-381/MG;Norte;Colisão Traseira;1;2;1;;;;1
03/06/2016;19:24:00;473;sem vítima;493,4;BR-381/MG;Norte;Engavetamento;1;3;;;;;1
02/02/2016;18:41:00;430;sem vítima;494;BR-381/MG;Sul;Colisão Traseira;2;2;;;;;1
15/04/2016;13:43:00;291;sem vítima;494,6;BR-381/MG;Sul;Colisão Lateral;2;4;;;;;1
22/03/2016;20:56:00;485;com vítima;495;BR-381/MG;Sul;Colisão Traseira;1;1;1;;;;1
13/04/2016;16:29:00;360;sem vítima;495;BR-381/MG;Sul;Colisão Traseira;1;2;;;;;1
07/07/2016;14:30:00;315;sem vítima;495;BR-381/MG;Norte;Colisão Lateral;1;2;;;;;1
09/08/2016;09:52:00;180;com vítima;495;BR-381/MG;Sul;Colisão Traseira;1;1;1;;;;1
07/06/2016;17:12:00;335;sem vítima;496;BR-381/MG;Norte;Colisão Traseira;1;2;;;;;1
12/06/2016;18:32:00;295;sem vítima;496;BR-381/MG;Norte;Colisão Traseira;1;3;;;;;1
08/08/2016;23:14:00;465;com vítima;496,3;BR-381/MG;Norte;Choque - Defensa, barreira ou "submarino";1;0;1;;;;1
28/01/2016;18:13:00;401;sem vítima;496,9;BR-381/MG;Norte;Colisão Lateral;1;2;;;;;1
09/02/2016;03:44:00;42;com vítima;497;BR-381/MG;Sul;Capotamento;1;1;2;4;;;2
11/03/2016;14:35:00;301;sem vítima;497;BR-381/MG;Norte;Colisão Traseira;1;2;;;;;1
29/03/2016;12:28:00;270;com vítima;497,3;BR-381/MG;Norte;Colisão Traseira;1;1;2;1;;;2
14/06/2016;14:47:00;315;sem vítima;497,3;BR-381/MG;Sul;Saida de Pista;1;1;;;;;1
25/02/2016;06:54:00;80;sem vítima;497,5;BR-381/MG;Norte;Colisão Traseira;1;2;;;;;1
03/07/2016;15:47:00;227;sem vítima;497,7;BR-381/MG;Norte;Colisão Lateral;1;2;;;;;1
29/01/2016;12:51:00;286;com vítima;497,8;BR-381/MG;Sul;Colisão Traseira;1;1;;2;;;2
14/05/2016;13:21:00;221;sem vítima;497,8;BR-381/MG;Norte;Colisão Traseira;1;2;;;;;1
31/05/2016;09:52:00;187;sem vítima;498,3;BR-381/MG;Norte;Colisão Lateral;1;2;;;;;1
15/01/2016;05:25:00;61;sem vítima;498,5;BR-381/MG;Norte;Tombamento;1;1;;;;;1
10/03/2016;22:22:00;483;sem vítima;499;BR-381/MG;Sul;Colisão Traseira;1;3;;;;;1
21/08/2016;18:59:00;386;sem vítima;499,5;BR-381/MG;Norte;Colisão Lateral;1;2;;;;;1
05/08/2016;13:42:00;232;sem vítima;499,8;BR-381/MG;Sul;Colisão Lateral;1;2;;;;;1
10/06/2016;21:16:00;475;sem vítima;499,9;BR-381/MG;Sul;Colisão Traseira;1;3;;;;;1
18/02/2016;14:19:00;267;sem vítima;500,1;BR-381/MG;Norte;Colisão Traseira;1;2;;;;;1
19/02/2016;14:41:00;290;sem vítima;500,5;BR-381/MG;Sul;Colisão Lateral;1;2;;;;;1
24/04/2016;11:58:00;164;sem vítima;500,5;BR-381/MG;Sul;Colisão Lateral;1;2;;;;;1
22/04/2016;12:03:00;224;com vítima;500,8;BR-381/MG;Sul;Colisão Lateral;1;1;1;;;;1
14/06/2016;10:09:00;193;sem vítima;500,9;BR-381/MG;Sul;Colisão Traseira;2;2;;;;;1
04/04/2016;11:17:00;178;sem vítima;501;BR-381/MG;Norte;Tombamento;1;1;;;;;1
16/06/2016;13:17:00;266;sem vítima;501;BR-381/MG;Norte;Colisão Traseira;1;2;;;;;1
19/08/2016;10:45:00;227;sem vítima;501;BR-381/MG;Sul;Colisão Traseira;2;2;;;;;1
20/08/2016;10:00:00;172;sem vítima;501;BR-381/MG;Sul;Colisão Traseira;1;2;;;;;1
30/07/2016;17:01:00;304;com vítima;501,1;BR-381/MG;Sul;Colisão Traseira;1;1;1;;;;1
20/08/2016;11:53:00;222;sem vítima;501,5;BR-381/MG;Sul;Colisão Traseira;2;2;;;;;1
01/06/2016;12:47:00;273;sem vítima;501,7;BR-381/MG;Norte;Choque - Defensa, barreira ou "submarino";1;1;;;;;1
19/01/2016;20:35:00;497;sem vítima;502;BR-381/MG;Norte;Colisão Traseira;1;2;;;;;1
24/05/2016;14:50:00;281;sem vítima;502;BR-381/MG;Sul;Colisão Traseira;1;2;;;;;1
13/02/2016;17:44:00;364;com vítima;502,5;BR-381/MG;Sul;Colisão Lateral;1;1;1;;;;1
22/06/2016;10:48:00;196;com vítima;502,5;BR-381/MG;Norte;Engavetamento;1;5;1;;;;1
01/05/2016;19:27:00;312;sem vítima;502,9;BR-381/MG;Norte;Colisão Traseira;1;3;;;;;1
01/02/2016;11:10:00;237;com vítima;503;BR-381/MG;Norte;Engavetamento;3;2;;1;;;2
01/05/2016;20:02:00;324;sem vítima;503;BR-381/MG;Norte;Colisão Lateral;2;2;;;;;1
29/08/2016;09:24:00;143;sem vítima;503;BR-381/MG;Sul;Colisão Lateral;1;2;;;;;1
26/02/2016;17:22:00;410;com vítima;503,2;BR-381/MG;Norte;Engavetamento;4;4;;1;;;2
28/01/2016;16:57:00;367;sem vítima;503,5;BR-381/MG;Sul;Engavetamento;1;3;;;;;1
28/01/2016;16:46:00;355;sem vítima;503,6;BR-381/MG;Sul;Choque - Talude;1;1;;;;;1
04/01/2016;16:22:00;327;sem vítima;503,9;BR-381/MG;Norte;Choque - Defensa, barreira ou "submarino";1;1;;;;;1
20/01/2016;18:47:00;438;sem vítima;504;BR-381/MG;Sul;Colisão Lateral;1;2;;;;;1
29/04/2016;14:39:00;295;sem vítima;504;BR-381/MG;Sul;Colisão Lateral;1;2;;;;;1
03/06/2016;12:28:00;274;sem vítima;504;BR-381/MG;Sul;Choque - Defensa, barreira ou "submarino";1;1;;;;;1
29/05/2016;17:30:00;273;sem vítima;504,4;BR-381/MG;Norte;Colisão Lateral;1;2;;;;;1
23/03/2016;16:30:00;360;com vítima;504,9;BR-381/MG;Sul;Tombamento;1;1;1;;;;1
25/02/2016;17:46:00;368;sem vítima;505;BR-381/MG;Sul;Choque - Defensa, barreira ou "submarino";1;1;;;;;1
25/06/2016;07:32:00;120;com vítima;505,1;BR-381/MG;Sul;Queda de Moto;1;0;2;;;1;3
31/03/2016;20:08:00;413;com vítima;505,2;BR-381/MG;Sul;Colisão Traseira;1;1;1;;1;;2
12/01/2016;05:18:00;37;sem vítima;506,1;BR-381/MG;Norte;Colisão Traseira;1;2;;;;;1
12/07/2016;19:46:00;402;sem vítima;506,5;BR-381/MG;Sul;Colisão Lateral;1;2;;;;;1
12/03/2016;08:13:00;127;sem vítima;507;BR-381/MG;Sul;Colisão Lateral;1;2;;;;;1
12/08/2016;12:05:00;229;com vítima;507,3;BR-381/MG;Sul;Colisão Lateral;1;1;3;;;;1
14/05/2016;00:25:00;7;sem vítima;508,1;BR-381/MG;Sul;Colisão Traseira;2;2;;;;;1
15/02/2016;05:55:00;64;com vítima;508,7;BR-381/MG;Sul;Colisão Lateral;1;1;2;;;;1
02/05/2016;13:53:00;246;sem vítima;509,8;BR-381/MG;Norte;Colisão Lateral;2;2;;;;;1
16/03/2016;12:08:00;228;sem vítima;510;BR-381/MG;Sul;Colisão Traseira;1;2;;;;;1
20/04/2016;13:48:00;273;sem vítima;510;BR-381/MG;Sul;Colisão Traseira;1;2;;;;;1
29/04/2016;14:19:00;287;sem vítima;510;BR-381/MG;Sul;Colisão Lateral;1;2;;;;;1
04/05/2016;07:03:00;82;sem vítima;510;BR-381/MG;Norte;Colisão Traseira;1;2;;;;;1
27/05/2016;10:08:00;164;sem vítima;510;BR-381/MG;Sul;Colisão Lateral;1;2;;;;;1
01/07/2016;08:59:00;163;com vítima;510;BR-381/MG;Sul;Colisão Traseira;1;1;1;;;;1
23/03/2016;16:55:00;377;sem vítima;510,6;BR-381/MG;Norte;Colisão Traseira;1;2;;;;;1
29/06/2016;18:21:00;389;com vítima;512;BR-381/MG;Norte;Colisão Lateral;1;1;2;;;;1
20/08/2016;09:44:00;166;com vítima;512,2;BR-381/MG;Norte;Colisão Lateral;1;1;1;;;;1
16/02/2016;04:22:00;38;com vítima;512,5;BR-381/MG;Sul;Colisão Traseira;2;1;;;;1;3
18/05/2016;05:40:00;65;com vítima;514,8;BR-381/MG;Norte;Colisão Traseira;2;0;1;1;;;2
13/01/2016;14:59:00;292;com vítima;515,5;BR-381/MG;Norte;Engavetamento;2;6;1;;;;1
21/06/2016;08:49:00;149;com vítima;515,5;BR-381/MG;Norte;Colisão Traseira;2;2;1;;;;1
12/02/2016;16:31:00;368;sem vítima;516;BR-381/MG;Sul;Choque - Defensa, barreira ou "submarino";1;1;;;;;1
27/03/2016;16:56:00;292;com vítima;516;BR-381/MG;Norte;Capotamento;1;3;1;;;;1
13/01/2016;15:58:00;316;com vítima;516,3;BR-381/MG;Norte;Tombamento;1;4;1;;;;1
25/06/2016;07:16:00;110;com vítima;516,5;BR-381/MG;Norte;Tombamento;1;0;1;;;;1
13/07/2016;05:26:00;58;com vítima;516,5;BR-381/MG;Norte;Tombamento;1;0;;1;;;2
13/07/2016;06:37:00;70;sem vítima;516,5;BR-381/MG;Norte;Choque - Talude;1;1;;;;;1
31/07/2016;21:19:00;416;sem vítima;516,6;BR-381/MG;Norte;Choque - Veiculo parado na pista;2;3;;;;;1
11/01/2016;08:21:00;115;sem vítima;517;BR-381/MG;Norte;Outros;1;1;;;;;1
26/03/2016;11:55:00;142;sem vítima;517;BR-381/MG;Sul;Colisão Lateral;1;2;;;;;1
03/06/2016;12:47:00;280;sem vítima;517;BR-381/MG;Norte;Colisão Traseira;2;2;;;;;1
12/05/2016;19:45:00;408;sem vítima;517,6;BR-381/MG;Norte;Colisão Lateral;1;2;;;;;1
29/06/2016;21:14:00;441;sem vítima;517,77;BR-381/MG;Norte;Choque - Defensa, barreira ou "submarino";1;1;;;;;1
13/03/2016;16:15:00;270;sem vítima;518,3;BR-381/MG;Norte;Colisão Traseira;1;2;;;;;1
03/06/2016;17:37:00;435;sem vítima;518,4;BR-381/MG;Norte;Choque - Defensa, barreira ou "submarino";1;2;;;;;1
12/01/2016;09:23:00;131;sem vítima;519;BR-381/MG;Sul;Colisão Frontal;1;2;;;;;1
28/02/2016;11:45:00;156;com vítima;519;BR-381/MG;Norte;Choque - Defensa, barreira ou "submarino";1;3;1;;;;1
27/05/2016;06:51:00;63;com vítima;519;BR-381/MG;Sul;Choque - Talude;1;0;2;;;;1
03/03/2016;08:56:00;120;com vítima;519,1;BR-381/MG;Norte;Tombamento;1;0;;1;;;2
01/06/2016;12:48:00;274;sem vítima;519,1;BR-381/MG;Norte;Colisão Traseira;1;2;;;;;1
02/06/2016;05:16:00;69;sem vítima;519,1;BR-381/MG;Norte;Choque - Defensa, barreira ou "submarino";2;2;;;;;1
28/01/2016;22:32:00;493;com vítima;519,3;BR-381/MG;Norte;Choque - Defensa, barreira ou "submarino";1;0;1;;;;1
26/02/2016;16:37:00;391;sem vítima;519,5;BR-381/MG;Norte;Choque - Defensa, barreira ou "submarino";1;1;;;;;1
03/01/2016;20:17:00;478;sem vítima;520;BR-381/MG;Norte;Colisão Lateral;1;2;;;;;1
06/01/2016;16:27:00;299;sem vítima;520;BR-381/MG;Sul;Colisão Lateral;1;2;;;;;1
21/03/2016;03:18:00;38;com vítima;520;BR-381/MG;Norte;Capotamento;1;0;;1;;;2
30/07/2016;10:49:00;174;com vítima;520;BR-381/MG;Sul;Colisão Lateral;1;1;;;1;;2
13/05/2016;23:40:00;460;sem vítima;520,2;BR-381/MG;Sul;Choque - Defensa, barreira ou "submarino";1;2;;;;;1
14/01/2016;15:57:00;286;sem vítima;520,7;BR-381/MG;Sul;Choque - Defensa, barreira ou "submarino";1;1;;;;;1
06/03/2016;16:37:00;268;sem vítima;521,2;BR-381/MG;Sul;Colisão Lateral;1;2;;;;;1
17/07/2016;13:37:00;216;sem vítima;521,4;BR-381/MG;Sul;Tombamento;1;2;;;;;1
28/01/2016;16:52:00;360;sem vítima;521,5;BR-381/MG;Sul;Choque - Talude;1;1;;;;;1
29/04/2016;18:22:00;386;sem vítima;521,5;BR-381/MG;Sul;Choque - Elemento de Drenagem;1;1;;;;;1
12/02/2016;17:30:00;410;sem vítima;521,6;BR-381/MG;Sul;Choque - Defensa, barreira ou "submarino";1;1;;;;;1
28/05/2016;10:03:00;135;com vítima;523,4;BR-381/MG;Norte;Colisão Traseira;2;0;2;;;;1
13/03/2016;17:08:00;294;sem vítima;523,8;BR-381/MG;Sul;Choque - Defensa, barreira ou "submarino";1;1;;;;;1
30/03/2016;10:40:00;202;sem vítima;524,5;BR-381/MG;Sul;Choque - Elemento de Drenagem;1;1;;;;;1
11/01/2016;19:51:00;406;com vítima;524,6;BR-381/MG;Sul;Colisão Traseira;2;1;1;;;;1
29/02/2016;13:24:00;225;com vítima;524,7;BR-381/MG;Sul;Colisão Traseira;2;2;;1;;;2
17/05/2016;08:29:00;119;sem vítima;524,7;BR-381/MG;Norte;Colisão Lateral;1;2;;;;;1
16/01/2016;10:47:00;251;sem vítima;525;BR-381/MG;Sul;Choque - Defensa, barreira ou "submarino";1;1;;;;;1
23/01/2016;18:10:00;405;com vítima;525;BR-381/MG;Sul;Colisão Traseira;2;1;;1;;;2
26/02/2016;23:11:00;550;com vítima;525;BR-381/MG;Sul;Tombamento;1;0;1;;;;1
28/02/2016;13:06:00;184;sem vítima;525;BR-381/MG;Sul;Tombamento;1;1;;;;;1
24/06/2016;00:20:00;19;com vítima;525,4;BR-381/MG;Sul;Capotamento;1;0;1;1;;;2
06/02/2016;13:29:00;326;com vítima;525,5;BR-381/MG;Sul;Capotamento;1;0;;;;1;3
11/02/2016;11:19:00;209;com vítima;525,5;BR-381/MG;Sul;Colisão Traseira;2;39;2;;;;1
08/04/2016;23:26:00;496;com vítima;525,5;BR-381/MG;Sul;Colisão Traseira;2;1;1;;;;1
19/05/2016;20:24:00;397;com vítima;525,5;BR-381/MG;Sul;Tombamento;1;0;;;;2;3
22/06/2016;13:15:00;257;sem vítima;525,5;BR-381/MG;Sul;Choque - Suporte de Sinalização;1;1;;;;;1
21/01/2016;21:33:00;504;com vítima;525,8;BR-381/MG;Sul;Capotamento;1;0;;;;2;3
21/02/2016;21:41:00;397;com vítima;525,8;BR-381/MG;Sul;Colisão Traseira;1;1;1;;;;1
15/03/2016;06:36:00;73;sem vítima;526;BR-381/MG;Sul;Colisão Traseira;2;2;;;;;1
03/05/2016;11:18:00;183;com vítima;526;BR-381/MG;Sul;Tombamento;1;0;;1;;;2
28/05/2016;11:19:00;154;sem vítima;526;BR-381/MG;Sul;Tombamento;1;1;;;;;1
28/07/2016;12:29:00;194;sem vítima;526;BR-381/MG;Sul;Colisão Traseira;1;2;;;;;1
08/08/2016;13:20:00;257;com vítima;526;BR-381/MG;Sul;Tombamento;1;0;1;;;;1
15/08/2016;16:21:00;321;com vítima;526;BR-381/MG;Sul;Choque - Talude;1;0;1;;;;1
17/01/2016;11:28:00;193;sem vítima;526,5;BR-381/MG;Sul;Colisão Traseira;2;2;;;;;1
04/08/2016;13:27:00;267;com vítima;526,9;BR-381/MG;Sul;Choque - Talude;1;0;2;;;;1
02/06/2016;07:54:00;128;com vítima;528;BR-381/MG;Sul;Choque - Defensa, barreira ou "submarino";4;9;;1;;;2
21/01/2016;18:56:00;435;com vítima;528,95;BR-381/MG;Norte;Tombamento;1;0;1;;;;1
12/05/2016;04:23:00;43;sem vítima;529;BR-381/MG;Sul;Choque - Elemento de Drenagem;1;3;;;;;1
13/07/2016;22:03:00;470;com vítima;529;BR-381/MG;Norte;Choque - Defensa, barreira ou "submarino";1;0;1;;;;1
21/07/2016;07:02:00;79;sem vítima;529;BR-381/MG;Norte;Choque - Defensa, barreira ou "submarino";2;3;;;;;1
02/08/2016;07:18:00;85;sem vítima;529;BR-381/MG;Norte;Choque - Defensa, barreira ou "submarino";1;1;;;;;1
22/04/2016;17:35:00;354;com vítima;529,5;BR-381/MG;Norte;Choque - Defensa, barreira ou "submarino";1;0;;1;;;2
30/03/2016;10:20:00;193;com vítima;531;BR-381/MG;Sul;Colisão Lateral;1;1;1;;;;1
02/06/2016;11:29:00;209;sem vítima;531;BR-381/MG;Sul;Colisão Lateral;1;3;;;;;1
20/07/2016;08:31:00;108;sem vítima;531;BR-381/MG;Sul;Colisão Traseira;1;2;;;;;1
22/02/2016;20:06:00;387;sem vítima;531,8;BR-381/MG;Norte;Tombamento;1;1;;;;;1
06/04/2016;19:32:00;418;com vítima;531,865;BR-381/MG;Norte;Tombamento;1;0;;1;;;2
27/01/2016;06:22:00;62;com vítima;532;BR-381/MG;Norte;Colisão Traseira;2;2;1;;;;1
04/03/2016;11:54:00;242;sem vítima;532;BR-381/MG;Norte;Choque - Elemento de Drenagem;1;1;;;;;1
18/05/2016;05:32:00;62;com vítima;532;BR-381/MG;Norte;Tombamento;1;1;1;;;;1
20/07/2016;07:11:00;74;sem vítima;532;BR-381/MG;Norte;Choque - Defensa, barreira ou "submarino";1;1;;;;;1
05/08/2016;17:56:00;378;sem vítima;532;BR-381/MG;Norte;Colisão Traseira;2;2;;;;;1
16/02/2016;16:41:00;298;com vítima;533,4;BR-381/MG;Norte;Tombamento;1;0;1;;;;1
25/02/2016;23:06:00;465;sem vítima;533,4;BR-381/MG;Norte;Capotamento;1;2;;;;;1
02/06/2016;07:50:00;125;sem vítima;533,4;BR-381/MG;Norte;Colisão Traseira;1;2;;;;;1
04/03/2016;05:07:00;56;com vítima;533,5;BR-381/MG;Sul;Tombamento;1;0;;1;;;2
22/02/2016;15:57:00;308;sem vítima;533,7;BR-381/MG;Sul;Choque - Defensa, barreira ou "submarino";1;1;;;;;1
14/03/2016;15:57:00;332;com vítima;535,2;BR-381/MG;Norte;Tombamento;1;0;2;;;;1
02/07/2016;05:47:00;60;sem vítima;535,7;BR-381/MG;Norte;Colisão Lateral;1;2;;;;;1
16/04/2016;07:16:00;88;com vítima;537,5;BR-381/MG;Norte;Colisão Traseira;1;2;3;;;;1
06/07/2016;04:50:00;53;sem vítima;540;BR-381/MG;Norte;Colisão Traseira;2;2;;;;;1
12/01/2016;05:00:00;34;com vítima;540,3;BR-381/MG;Norte;Choque - Defensa, barreira ou "submarino";1;0;;1;;;2
29/01/2016;13:20:00;297;com vítima;540,3;BR-381/MG;Norte;Choque - Defensa, barreira ou "submarino";1;0;1;;;;1
20/04/2016;14:52:00;295;com vítima;540,4;BR-381/MG;Norte;Colisão Traseira;2;2;1;;;;1
03/06/2016;05:34:00;81;sem vítima;540,7;BR-381/MG;Norte;Colisão Traseira;1;3;;;;;1
17/08/2016;10:30:00;196;sem vítima;541;BR-381/MG;Sul;Colisão Lateral;1;2;;;;;1
14/01/2016;11:07:00;185;com vítima;541,1;BR-381/MG;Norte;Tombamento;2;3;1;;;;1
02/06/2016;22:48:00;470;sem vítima;541,2;BR-381/MG;Sul;Colisão Traseira;2;2;;;;;1
01/06/2016;13:05:00;280;sem vítima;541,3;BR-381/MG;Norte;Colisão Traseira;2;2;;;;;1
20/01/2016;22:13:00;513;sem vítima;543,5;BR-381/MG;Sul;Colisão Lateral;1;2;;;;;1
16/03/2016;13:02:00;242;sem vítima;543,9;BR-381/MG;Sul;Colisão Lateral;2;2;;;;;1
29/04/2016;09:01:00;136;com vítima;544;BR-381/MG;Norte;Outros;1;1;2;;;;1
29/04/2016;09:02:00;187;sem vítima;544;BR-381/MG;Sul;Outros;1;1;;;;;1
21/01/2016;17:10:00;388;sem vítima;544,2;BR-381/MG;Norte;Tombamento;1;1;;;;;1
30/01/2016;12:11:00;247;sem vítima;545;BR-381/MG;Sul;Colisão Traseira;1;2;;;;;1
12/08/2016;20:18:00;443;sem vítima;545,95;BR-381/MG;Norte;Colisão Traseira;2;2;;;;;1
02/02/2016;05:54:00;71;sem vítima;546;BR-381/MG;Sul;Colisão Traseira;1;2;;;;;1
17/05/2016;15:18:00;278;sem vítima;546;BR-381/MG;Norte;Choque - Defensa, barreira ou "submarino";1;1;;;;;1
08/06/2016;06:49:00;99;com vítima;546;BR-381/MG;Norte;Choque - Defensa, barreira ou "submarino";1;0;1;;;;1
09/08/2016;07:54:00;120;sem vítima;546;BR-381/MG;Sul;Colisão Traseira;2;2;;;;;1