data;horario;n_da_ocorrencia;tipo_de_ocorrencia;km;trecho;sentido;tipo_de_acidente;caminhao;ilesos;levemente_feridos;moderadamente_feridos;gravemente_feridos;mortos;3
29/08/2016;14:35:00;293;sem vítima;546;BR-381/MG;Sul;Engavetamento;1;3;;;;;1
10/03/2016;05:21:00;61;com vítima;546,705;BR-381/MG;Norte;Colisão Lateral;1;5;1;;;;1
31/07/2016;11:43:00;167;com vítima;548;BR-381/MG;Norte;Tombamento;1;0;1;;;;1
27/01/2016;18:28:00;405;sem vítima;549,6;BR-381/MG;Sul;Choque - Elemento de Drenagem;1;2;;;;;1
14/06/2016;07:24:00;92;sem vítima;550;BR-381/MG;Norte;Choque - Talude;1;1;;;;;1
18/07/2016;20:40:00;448;sem vítima;551;BR-381/MG;Sul;Colisão Traseira;1;2;;;;;1
17/08/2016;11:00:00;213;com vítima;551,3;BR-381/MG;Sul;Colisão Traseira;2;1;1;;;;1
17/08/2016;10:48:00;206;com vítima;551,5;BR-381/MG;Sul;Colisão Traseira;1;2;1;;;;1
19/08/2016;05:04:00;79;sem vítima;552;BR-381/MG;Norte;Colisão Traseira;1;2;;;;;1
11/01/2016;04:37:00;47;sem vítima;555,3;BR-381/MG;Sul;Tombamento;1;1;;;;;1
19/05/2016;16:56:00;326;sem vítima;555,5;BR-381/MG;Sul;Tombamento;1;1;;;;;1
19/03/2016;15:55:00;315;sem vítima;556,3;BR-381/MG;Norte;Colisão Traseira;2;2;;;;;1
19/06/2016;23:10:00;423;sem vítima;558;BR-381/MG;Sul;Colisão Traseira;2;2;;;;;1
23/06/2016;23:06:00;465;sem vítima;558,9;BR-381/MG;Sul;Colisão Traseira;2;2;;;;;1
17/02/2016;09:06:00;135;sem vítima;559;BR-381/MG;Sul;Colisão Traseira;1;2;;;;;1
25/02/2016;18:38:00;383;sem vítima;559,5;BR-381/MG;Sul;Tombamento;1;2;;;;;1
15/07/2016;21:00:00;483;sem vítima;559,7;BR-381/MG;Sul;Tombamento;1;1;;;;;1
20/02/2016;04:08:00;60;sem vítima;560;BR-381/MG;Sul;Choque - Defensa, barreira ou "submarino";1;1;;;;;1
29/06/2016;10:35:00;185;com vítima;560;BR-381/MG;Norte;Colisão Traseira;2;1;1;;;;1
24/03/2016;00:09:00;9;com vítima;560,5;BR-381/MG;Sul;Tombamento;1;0;;;;1;3
12/05/2016;23:53:00;465;com vítima;560,5;BR-381/MG;Norte;Colisão Traseira;1;1;;2;;;2
30/05/2016;09:28:00;158;com vítima;561;BR-381/MG;Sul;Tombamento;1;0;1;;;;1
17/03/2016;01:19:00;25;com vítima;561,5;BR-381/MG;Sul;Tombamento;1;0;;;1;;2
21/04/2016;12:57:00;301;com vítima;562;BR-381/MG;Sul;Tombamento;1;0;1;;;;1
14/05/2016;07:43:00;91;com vítima;562,3;BR-381/MG;Sul;Colisão Traseira;1;1;1;;;;1
10/06/2016;14:17:00;288;sem vítima;564;BR-381/MG;Sul;Choque - Outros;1;1;;;;;1
27/08/2016;14:23:00;281;sem vítima;564;BR-381/MG;Sul;Colisão Lateral;1;3;;;;;1
19/05/2016;11:25:00;211;sem vítima;565;BR-381/MG;Sul;Choque - Defensa, barreira ou "submarino";1;1;;;;;1
17/05/2016;07:00:00;70;sem vítima;566;BR-381/MG;Norte;Tombamento;1;1;;;;;1
03/01/2016;23:44:00;539;sem vítima;568;BR-381/MG;Norte;Choque - Elemento de Drenagem;1;1;;;;;1
15/01/2016;02:01:00;36;sem vítima;568;BR-381/MG;Norte;Colisão Traseira;2;2;;;;;1
30/01/2016;17:49:00;375;sem vítima;568;BR-381/MG;Norte;Colisão Traseira;1;2;;;;;1
15/08/2016;22:27:00;457;sem vítima;568,4;BR-381/MG;Sul;Choque - Defensa, barreira ou "submarino";1;1;;;;;1
27/02/2016;17:12:00;339;sem vítima;569;BR-381/MG;Norte;Colisão Lateral;1;6;;;;;1
18/08/2016;14:24:00;284;sem vítima;570,3;BR-381/MG;Norte;Tombamento;1;1;;;;;1
04/03/2016;14:41:00;310;com vítima;570,8;BR-381/MG;Norte;Colisão Traseira;1;1;;1;1;;2
19/04/2016;22:10:00;376;sem vítima;571;BR-381/MG;Norte;Colisão Traseira;1;2;;;;;1
13/07/2016;05:23:00;57;sem vítima;573;BR-381/MG;Norte;Tombamento;1;1;;;;;1
08/01/2016;01:36:00;18;com vítima;574;BR-381/MG;Norte;Engavetamento;4;3;1;;;;1
29/02/2016;16:33:00;307;sem vítima;574,56;BR-381/MG;Sul;Choque - Outros;1;1;;;;;1
28/06/2016;04:56:00;54;sem vítima;577,85;BR-381/MG;Sul;Capotamento;1;1;;;;;1
18/03/2016;22:19:00;498;com vítima;579,2;BR-381/MG;Norte;Choque - Outros;1;3;1;;;;1
28/04/2016;18:04:00;355;sem vítima;579,5;BR-381/MG;Sul;Engavetamento;2;3;;;;;1
27/07/2016;10:47:00;213;sem vítima;579,9;BR-381/MG;Sul;Colisão Traseira;2;2;;;;;1
16/01/2016;13:37:00;327;sem vítima;580;BR-381/MG;Sul;Colisão Traseira;1;2;;;;;1
27/05/2016;00:22:00;26;com vítima;580,6;BR-381/MG;Norte;Tombamento;1;0;1;;;;1
07/07/2016;13:58:00;305;sem vítima;583;BR-381/MG;Norte;Colisão Lateral;1;2;;;;;1
14/03/2016;12:49:00;255;sem vítima;584;BR-381/MG;Sul;Colisão Lateral;1;2;;;;;1
26/08/2016;17:17:00;338;sem vítima;586;BR-381/MG;Norte;Choque - Defensa, barreira ou "submarino";1;1;;;;;1
20/06/2016;11:16:00;205;sem vítima;589,4;BR-381/MG;Sul;Colisão Lateral;1;2;;;;;1
17/05/2016;12:49:00;208;sem vítima;592,4;BR-381/MG;Sul;Choque - Suporte de Sinalização;1;1;;;;;1
27/01/2016;13:46:00;262;sem vítima;593,6;BR-381/MG;Sul;Outros;1;1;;;;;1
16/06/2016;07:38:00;109;com vítima;597;BR-381/MG;Norte;Atropelamento - Usuário;1;0;;;;1;3
05/03/2016;12:57:00;263;com vítima;597,3;BR-381/MG;Sul;Colisão Traseira;1;1;4;;;;1
04/01/2016;22:24:00;452;com vítima;597,5;BR-381/MG;Sul;Colisão Lateral;1;1;1;;;;1
16/02/2016;10:27:00;146;com vítima;597,5;BR-381/MG;Norte;Choque - Defensa, barreira ou "submarino";1;0;1;;;;1
29/04/2016;11:33:00;214;com vítima;597,5;BR-381/MG;Norte;Choque - Talude;1;0;1;;;;1
18/01/2016;23:30:00;563;com vítima;597,6;BR-381/MG;Sul;Colisão Traseira;2;1;1;;;;1
07/04/2016;22:00:00;467;sem vítima;597,67;BR-381/MG;Sul;Colisão Traseira;1;2;;;;;1
22/06/2016;10:57:00;199;sem vítima;597,67;BR-381/MG;Sul;Choque - Defensa, barreira ou "submarino";1;1;;;;;1
26/08/2016;09:15:00;152;sem vítima;597,67;BR-381/MG;Sul;Choque - Defensa, barreira ou "submarino";1;1;;;;;1
01/02/2016;23:37:00;496;sem vítima;597,7;BR-381/MG;Sul;Choque - Outros;1;1;;;;;1
17/07/2016;10:03:00;128;sem vítima;597,9;BR-381/MG;Norte;Colisão Traseira;1;2;;;;;1
27/06/2016;06:30:00;79;com vítima;599;BR-381/MG;Sul;Tombamento;1;0;1;;;;1
07/07/2016;18:33:00;426;sem vítima;599;BR-381/MG;Sul;Colisão Lateral;1;2;;;;;1
30/06/2016;18:07:00;394;sem vítima;599,5;BR-381/MG;Sul;Colisão Traseira;1;2;;;;;1
19/02/2016;10:21:00;175;sem vítima;600;BR-381/MG;Sul;Colisão Lateral;1;2;;;;;1
05/07/2016;23:08:00;475;sem vítima;600,5;BR-381/MG;Sul;Colisão Lateral;2;2;;;;;1
18/08/2016;15:27:00;326;sem vítima;601;BR-381/MG;Sul;Colisão Traseira;1;2;;;;;1
13/06/2016;07:30:00;86;sem vítima;602,4;BR-381/MG;Norte;Tombamento;1;1;;;;;1
13/04/2016;04:14:00;43;sem vítima;602,6;BR-381/MG;Norte;Choque - Elemento de Drenagem;1;1;;;;;1
01/02/2016;00:46:00;17;sem vítima;603,9;BR-381/MG;Sul;Choque - Elemento de Drenagem;1;1;;;;;1
31/05/2016;06:39:00;99;sem vítima;605,2;BR-381/MG;Norte;Colisão Lateral;1;2;;;;;1
26/07/2016;15:39:00;333;com vítima;605,5;BR-381/MG;Sul;Capotamento;1;0;;1;;;2
20/02/2016;12:40:00;229;sem vítima;606,7;BR-381/MG;Sul;Tombamento;1;1;;;;;1
10/03/2016;03:27:00;47;com vítima;610,4;BR-381/MG;Norte;Colisão Traseira;2;1;1;;;;1
02/04/2016;06:16:00;77;com vítima;613;BR-381/MG;Norte;Choque - Defensa, barreira ou "submarino";1;0;1;;;;1
13/05/2016;14:02:00;249;com vítima;615;BR-381/MG;Sul;Colisão Traseira;1;1;;1;;;2
28/07/2016;09:57:00;137;sem vítima;615;BR-381/MG;Sul;Colisão Lateral;1;2;;;;;1
07/04/2016;03:56:00;43;com vítima;615,9;BR-381/MG;Norte;Choque - Elemento de Drenagem;1;0;;;;1;3
27/02/2016;15:35:00;303;com vítima;616;BR-381/MG;Norte;Capotamento;1;0;2;;;;1
05/08/2016;23:22:00;505;sem vítima;616,8;BR-381/MG;Norte;Tombamento;1;1;;;;;1
26/01/2016;17:53:00;381;sem vítima;617;BR-381/MG;Norte;Colisão Lateral;1;2;;;;;1
29/08/2016;08:28:00;119;sem vítima;617;BR-381/MG;Sul;Choque - Arvore;1;2;;;;;1
24/02/2016;00:17:00;10;sem vítima;617,2;BR-381/MG;Sul;Colisão Traseira;2;2;;;;;1
04/05/2016;22:30:00;407;com vítima;619;BR-381/MG;Norte;Choque - Objeto sobre a pista;1;1;1;;;;1
30/04/2016;09:35:00;134;sem vítima;620;BR-381/MG;Norte;Colisão Traseira;1;2;;;;;1
01/06/2016;17:25:00;385;sem vítima;621;BR-381/MG;Norte;Colisão Traseira;1;2;;;;;1
21/04/2016;10:38:00;220;com vítima;622;BR-381/MG;Norte;Choque - Defensa, barreira ou "submarino";1;0;;;;1;3
04/08/2016;01:08:00;30;sem vítima;622;BR-381/MG;Norte;Choque - Defensa, barreira ou "submarino";1;1;;;;;1
24/06/2016;04:30:00;61;com vítima;622,4;BR-381/MG;Sul;Colisão Lateral;1;1;2;;;;1
06/02/2016;02:00:00;42;com vítima;623,3;BR-381/MG;Norte;Outros;1;0;;1;;;2
29/06/2016;08:09:00;114;com vítima;626,2;BR-381/MG;Norte;Tombamento;1;0;1;;;;1
05/04/2016;23:26:00;463;sem vítima;627,3;BR-381/MG;Sul;Choque - Elemento de Drenagem;1;1;;;;;1
09/07/2016;04:38:00;56;sem vítima;627,5;BR-381/MG;Norte;Choque - Elemento de Drenagem;1;1;;;;;1
19/07/2016;11:24:00;197;com vítima;627,5;BR-381/MG;Norte;Capotamento;1;1;;2;;;2
21/01/2016;00:58:00;47;com vítima;628;BR-381/MG;Sul;Colisão Traseira;2;1;1;;;;1
22/05/2016;05:34:00;54;com vítima;628;BR-381/MG;Norte;Choque - Defensa, barreira ou "submarino";1;1;1;;;;1
09/03/2016;02:28:00;45;sem vítima;628,2;BR-381/MG;Sul;Choque - Elemento de Drenagem;1;1;;;;;1
02/07/2016;06:36:00;76;sem vítima;630;BR-381/MG;Sul;Choque - Defensa, barreira ou "submarino";1;2;;;;;1
05/02/2016;02:41:00;44;com vítima;631,8;BR-381/MG;Norte;Tombamento;1;1;1;;;;1
29/01/2016;00:05:00;9;com vítima;633;BR-381/MG;Sul;Colisão Lateral;2;2;1;;;1;3
31/07/2016;00:44:00;26;com vítima;633,7;BR-381/MG;Sul;Choque - Veiculo parado no acostamento;1;1;;;;1;3
20/06/2016;22:39:00;460;com vítima;633,8;BR-381/MG;Sul;Choque - Defensa, barreira ou "submarino";1;0;1;;;;1
10/01/2016;19:57:00;366;com vítima;634,3;BR-381/MG;Sul;Colisão Transversal;1;1;;1;;;2
26/08/2016;02:07:00;42;sem vítima;634,5;BR-381/MG;Norte;Tombamento;1;1;;;;;1
30/08/2016;11:08:00;180;sem vítima;634,7;BR-381/MG;Norte;Colisão Traseira;1;2;;;;;1
18/01/2016;20:19:00;485;sem vítima;634,9;BR-381/MG;Norte;Colisão Lateral;1;2;;;;;1
18/02/2016;23:13:00;447;sem vítima;635,5;BR-381/MG;Sul;Choque - Elemento de Drenagem;1;2;;;;;1
16/03/2016;11:03:00;203;com vítima;636,2;BR-381/MG;Norte;Tombamento;1;0;;2;;2;3
14/01/2016;03:26:00;42;sem vítima;636,7;BR-381/MG;Norte;Tombamento;1;1;;;;;1
28/04/2016;22:08:00;429;com vítima;636,8;BR-381/MG;Norte;Engavetamento;1;3;2;1;;;2
25/02/2016;21:45:00;445;com vítima;637;BR-381/MG;Sul;Tombamento;1;0;;1;;;2
16/04/2016;00:09:00;5;com vítima;637;BR-381/MG;Sul;Colisão Traseira;2;1;;;;1;3
18/08/2016;05:02:00;63;com vítima;637;BR-381/MG;Norte;Colisão Traseira;2;1;;1;;;2
09/07/2016;16:32:00;341;sem vítima;637,3;BR-381/MG;Sul;Choque - Talude;1;1;;;;;1
14/07/2016;06:18:00;70;sem vítima;638;BR-381/MG;Norte;Colisão Traseira;2;2;;;;;1
08/07/2016;23:26:00;510;sem vítima;638,1;BR-381/MG;Sul;Colisão Traseira;1;3;;;;;1
22/07/2016;11:51:00;236;sem vítima;638,5;BR-381/MG;Sul;Colisão Traseira;2;2;;;;;1
23/02/2016;22:14:00;386;sem vítima;639;BR-381/MG;Norte;Colisão Traseira;2;2;;;;;1
28/02/2016;22:46:00;407;sem vítima;639,5;BR-381/MG;Norte;Colisão Traseira;1;2;;;;;1
05/08/2016;01:19:00;31;com vítima;640;BR-381/MG;Norte;Colisão Traseira;2;1;;;1;;2
29/02/2016;14:23:00;249;sem vítima;640,4;BR-381/MG;Sul;Choque - Elemento de Drenagem;1;1;;;;;1
06/07/2016;11:20:00;217;sem vítima;642;BR-381/MG;Sul;Engavetamento;1;3;;;;;1
05/01/2016;06:06:00;63;sem vítima;643;BR-381/MG;Sul;Choque - Defensa, barreira ou "submarino";1;1;;;;;1
05/04/2016;10:22:00;184;com vítima;648;BR-381/MG;Norte;Tombamento;1;0;;1;;;2
15/01/2016;10:01:00;170;sem vítima;648,4;BR-381/MG;Sul;Choque - Defensa, barreira ou "submarino";1;1;;;;;1
01/08/2016;22:25:00;465;sem vítima;649;BR-381/MG;Sul;Colisão Lateral;2;4;;;;;1
22/04/2016;05:55:00;61;com vítima;649,4;BR-381/MG;Sul;Tombamento;1;0;;1;;;2
08/06/2016;22:29:00;500;com vítima;649,8;BR-381/MG;Sul;Colisão Traseira;2;2;;;;1;3
04/04/2016;18:12:00;346;com vítima;650,7;BR-381/MG;Sul;Tombamento;1;0;1;;;;1
24/06/2016;19:04:00;401;com vítima;652,05;BR-381/MG;Norte;Tombamento;1;0;1;;;;1
14/03/2016;00:02:00;12;sem vítima;652,6;BR-381/MG;Norte;Capotamento;1;1;;;;;1
02/08/2016;22:45:00;422;com vítima;654;BR-381/MG;Norte;Capotamento;1;0;1;;;;1
25/01/2016;15:10:00;322;sem vítima;655,4;BR-381/MG;Norte;Choque - Talude;1;1;;;;;1
18/03/2016;15:17:00;334;com vítima;655,4;BR-381/MG;Sul;Colisão Traseira;1;1;1;;;;1
11/03/2016;05:24:00;70;sem vítima;656,8;BR-381/MG;Sul;Colisão Traseira;1;2;;;;;1
28/08/2016;22:22:00;384;sem vítima;657;BR-381/MG;Sul;Colisão Traseira;2;5;;;;;1
15/01/2016;12:13:00;216;sem vítima;658;BR-381/MG;Sul;Colisão Traseira;1;2;;;;;1
12/03/2016;18:16:00;383;sem vítima;658;BR-381/MG;Sul;Colisão Traseira;1;2;;;;;1
25/05/2016;07:29:00;108;sem vítima;658;BR-381/MG;Norte;Colisão Traseira;1;2;;;;;1
30/08/2016;06:18:00;48;sem vítima;658;BR-381/MG;Norte;Colisão Traseira;1;4;;;;;1
17/03/2016;19:23:00;429;com vítima;658,25;BR-381/MG;Sul;Tombamento;1;0;1;;;;1
12/08/2016;22:38:00;487;sem vítima;658,25;BR-381/MG;Sul;Choque - Defensa, barreira ou "submarino";1;1;;;;;1
29/04/2016;21:08:00;445;sem vítima;660,6;BR-381/MG;Norte;Choque - Elemento de Drenagem;1;1;;;;;1
29/02/2016;23:26:00;446;sem vítima;664,5;BR-381/MG;Norte;Choque - Elemento de Drenagem;1;1;;;;;1
10/07/2016;10:35:00;149;sem vítima;664,5;BR-381/MG;Norte;Colisão Lateral;1;2;;;;;1
20/02/2016;01:10:00;28;sem vítima;665;BR-381/MG;Sul;Colisão Traseira;2;2;;;;;1
08/05/2016;21:52:00;352;com vítima;665,3;BR-381/MG;Norte;Tombamento;1;0;1;;;;1
30/05/2016;21:04:00;407;sem vítima;666;BR-381/MG;Sul;Choque - Objeto sobre a pista;1;1;;;;;1
24/07/2016;09:23:00;101;sem vítima;667;BR-381/MG;Sul;Colisão Lateral;1;3;;;;;1
15/05/2016;15:25:00;229;sem vítima;668;BR-381/MG;Sul;Colisão Traseira;1;2;;;;;1
07/06/2016;15:31:00;302;sem vítima;668;BR-381/MG;Norte;Colisão Lateral;2;2;;;;;1
17/01/2016;14:41:00;273;sem vítima;669;BR-381/MG;Norte;Colisão Traseira;1;2;;;;;1
25/04/2016;13:25:00;254;com vítima;670,8;BR-381/MG;Norte;Colisão Traseira;1;1;2;1;;;2
20/02/2016;20:26:00;445;sem vítima;671;BR-381/MG;Norte;Colisão Traseira;2;2;;;;;1
19/08/2016;04:40:00;73;com vítima;671;BR-381/MG;Norte;Colisão Traseira;2;1;1;;;;1
21/08/2016;15:14:00;275;com vítima;671;BR-381/MG;Norte;Engavetamento;1;5;1;1;;;2
12/03/2016;11:20:00;219;sem vítima;671,4;BR-381/MG;Sul;Colisão Traseira;1;2;;;;;1
13/01/2016;15:30:00;308;sem vítima;671,5;BR-381/MG;Sul;Choque - Defensa, barreira ou "submarino";1;1;;;;;1
15/01/2016;23:05:00;534;sem vítima;671,5;BR-381/MG;Norte;Choque - Elemento de Drenagem;1;1;;;;;1
12/03/2016;11:14:00;217;com vítima;671,5;BR-381/MG;Sul;Colisão Traseira;1;1;1;;;;1
04/06/2016;03:47:00;65;sem vítima;671,5;BR-381/MG;Sul;Outros;1;1;;;;;1
19/01/2016;17:22:00;407;sem vítima;671,8;BR-381/MG;Sul;Choque - Elemento de Drenagem;1;1;;;;;1
03/02/2016;18:00:00;444;sem vítima;673;BR-381/MG;Norte;Colisão Traseira;1;2;;;;;1
05/08/2016;15:23:00;291;sem vítima;673,9;BR-381/MG;Norte;Colisão Lateral;2;2;;;;;1
20/04/2016;01:56:00;42;sem vítima;674;BR-381/MG;Sul;Choque - Defensa, barreira ou "submarino";1;1;;;;;1
27/06/2016;15:52:00;283;com vítima;674,6;BR-381/MG;Norte;Capotamento;1;0;;1;;;2
07/01/2016;09:22:00;127;sem vítima;675,6;BR-381/MG;Norte;Colisão Traseira;1;3;;;;;1
28/07/2016;05:40:00;55;com vítima;676;BR-381/MG;Norte;Tombamento;1;0;1;;;;1
11/05/2016;06:54:00;59;sem vítima;676,4;BR-381/MG;Sul;Colisão Traseira;1;6;;;;;1
14/06/2016;19:50:00;440;sem vítima;677,4;BR-381/MG;Norte;Tombamento;1;1;;;;;1
11/06/2016;04:39:00;52;com vítima;680,3;BR-381/MG;Sul;Tombamento;1;1;1;;;;1
26/02/2016;01:48:00;34;sem vítima;681,5;BR-381/MG;Sul;Choque - Elemento de Drenagem;1;1;;;;;1
25/08/2016;20:29:00;405;com vítima;682,3;BR-381/MG;Norte;Tombamento;1;1;;2;;;2
27/01/2016;06:38:00;67;com vítima;682,9;BR-381/MG;Norte;Colisão Traseira;2;1;;1;;;2
29/08/2016;04:51:00;55;sem vítima;683,6;BR-381/MG;Norte;Choque - Talude;1;2;;;;;1
21/02/2016;03:10:00;33;sem vítima;684,4;BR-381/MG;Sul;Atropelamento - Animal;1;1;;;;;1
10/05/2016;18:41:00;347;sem vítima;684,5;BR-381/MG;Sul;Tombamento;1;1;;;;;1
29/03/2016;11:16:00;235;sem vítima;685;BR-381/MG;Norte;Outros;1;1;;;;;1
08/08/2016;18:57:00;403;sem vítima;685;BR-381/MG;Norte;Atropelamento de Animal;1;1;;;;;1
11/03/2016;14:14:00;291;sem vítima;687,7;BR-381/MG;Sul;Tombamento;1;1;;;;;1
27/04/2016;07:01:00;65;com vítima;689;BR-381/MG;Norte;Colisão Lateral;2;3;1;;;;1
26/08/2016;11:32:00;206;sem vítima;689;BR-381/MG;Norte;Choque - Defensa, barreira ou "submarino";1;1;;;;;1
13/06/2016;07:44:00;96;sem vítima;690,9;BR-381/MG;Norte;Colisão Traseira;2;2;;;;;1
29/06/2016;22:33:00;464;sem vítima;691;BR-381/MG;Norte;Colisão Lateral;2;2;;;;;1
28/08/2016;23:20:00;401;sem vítima;692;BR-381/MG;Sul;Colisão Lateral;2;2;;;;;1
26/01/2016;10:53:00;213;sem vítima;692,95;BR-381/MG;Sul;Choque - Outros;1;1;;;;;1
18/03/2016;07:38:00;107;sem vítima;693;BR-381/MG;Norte;Colisão Lateral;1;4;;;;;1
04/07/2016;16:40:00;365;com vítima;693;BR-381/MG;Sul;Colisão Lateral;1;1;3;1;;;2
19/07/2016;16:54:00;330;com vítima;694,7;BR-381/MG;Sul;Colisão Lateral;1;1;4;;;;1
17/05/2016;14:17:00;247;sem vítima;696;BR-381/MG;Sul;Tombamento;1;1;;;;;1
17/06/2016;23:53:00;546;sem vítima;696;BR-381/MG;Sul;Tombamento;1;1;;;;;1
12/01/2016;15:25:00;288;sem vítima;697,3;BR-381/MG;Sul;Choque - Suporte de Sinalização;1;2;;;;;1
23/03/2016;17:54:00;414;sem vítima;700,5;BR-381/MG;Sul;Tombamento;1;1;;;;;1
23/03/2016;21:10:00;484;sem vítima;700,5;BR-381/MG;Sul;Colisão Lateral;1;2;;;;;1
14/06/2016;07:38:00;98;sem vítima;700,8;BR-381/MG;Sul;Tombamento;1;1;;;;;1
06/02/2016;20:44:00;561;sem vítima;701;BR-381/MG;Norte;Colisão Lateral;1;2;;;;;1
21/01/2016;22:07:00;517;sem vítima;701,8;BR-381/MG;Norte;Colisão Traseira;2;2;;;;;1
27/08/2016;14:38:00;292;com vítima;703;BR-381/MG;Sul;Colisão Lateral;1;1;1;;;;1
19/03/2016;00:51:00;25;sem vítima;704;BR-381/MG;Norte;Choque - Defensa, barreira ou "submarino";1;1;;;;;1
04/06/2016;09:15:00;159;sem vítima;704,3;BR-381/MG;Norte;Tombamento;1;1;;;;;1
29/07/2016;11:37:00;204;sem vítima;704,8;BR-381/MG;Sul;Tombamento;1;1;;;;;1
29/04/2016;16:31:00;380;sem vítima;705;BR-381/MG;Sul;Colisão Traseira;2;2;;;;;1
28/02/2016;04:06:00;39;com vítima;705,9;BR-381/MG;Norte;Queda de Moto;1;1;;;;1;3
29/08/2016;22:06:00;473;sem vítima;707;BR-381/MG;Sul;Atropelamento de Animal;1;2;;;;;1
11/01/2016;17:10:00;334;sem vítima;707,2;BR-381/MG;Sul;Colisão Lateral;1;2;;;;;1
27/05/2016;09:35:00;149;com vítima;707,5;BR-381/MG;Sul;Tombamento;1;0;;1;;;2
27/08/2016;15:34:00;323;sem vítima;708;BR-381/MG;Sul;Tombamento;1;1;;;;;1
03/02/2016;06:52:00;102;com vítima;708,8;BR-381/MG;Sul;Colisão Traseira;1;2;3;2;;;2
01/02/2016;07:33:00;116;sem vítima;710;BR-381/MG;Sul;Colisão Lateral;1;2;;;;;1
29/08/2016;21:55:00;472;sem vítima;710,6;BR-381/MG;Sul;Saida de Pista;1;1;;;;;1
22/08/2016;21:57:00;425;com vítima;711;BR-381/MG;Sul;Outros;1;0;1;;;;1
02/08/2016;22:03:00;412;sem vítima;711,3;BR-381/MG;Norte;Colisão Lateral;2;2;;;;;1
25/02/2016;17:38:00;362;com vítima;711,5;BR-381/MG;Sul;Colisão Traseira;1;2;2;;;;1
14/05/2016;03:29:00;42;sem vítima;711,6;BR-381/MG;Sul;Choque - Elemento de Drenagem;1;2;;;;;1
05/08/2016;12:16:00;198;sem vítima;712,9;BR-381/MG;Norte;Choque - Defensa, barreira ou "submarino";1;1;;;;;1
13/05/2016;21:22:00;421;sem vítima;713;BR-381/MG;Norte;Colisão Lateral;1;2;;;;;1
30/06/2016;06:51:00;97;sem vítima;713,7;BR-381/MG;Sul;Colisão Lateral;1;2;;;;;1
11/08/2016;09:58:00;182;com vítima;714;BR-381/MG;Norte;Choque - Talude;1;0;1;;;;1
02/07/2016;06:45:00;79;sem vítima;714,5;BR-381/MG;Norte;Colisão Lateral;1;2;;;;;1
19/02/2016;00:42:00;16;sem vítima;714,6;BR-381/MG;Sul;Tombamento;1;1;;;;;1
04/02/2016;03:42:00;53;sem vítima;715,8;BR-381/MG;Sul;Outros;1;1;;;;;1
21/02/2016;10:04:00;126;sem vítima;717;BR-381/MG;Norte;Tombamento;1;1;;;;;1
02/04/2016;21:54:00;412;sem vítima;717;BR-381/MG;Norte;Outros - Sequência;1;1;;;;;1
16/06/2016;01:12:00;18;sem vítima;717,4;BR-381/MG;Norte;Capotamento;1;1;;;;;1
02/04/2016;14:57:00;261;sem vítima;717,6;BR-381/MG;Norte;Choque - Defensa, barreira ou "submarino";1;1;;;;;1
25/03/2016;17:10:00;384;sem vítima;718,7;BR-381/MG;Norte;Choque - Defensa, barreira ou "submarino";1;1;;;;;1
28/01/2016;22:32:00;494;com vítima;719;BR-381/MG;Sul;Tombamento;1;0;1;;;;1
06/05/2016;02:54:00;39;sem vítima;719,1;BR-381/MG;Sul;Choque - Talude;1;1;;;;;1
24/03/2016;00:13:00;11;sem vítima;720;BR-381/MG;Norte;Tombamento;1;1;;;;;1
02/03/2016;11:21:00;220;com vítima;720,7;BR-381/MG;Norte;Tombamento;1;0;;1;;;2
03/06/2016;17:26:00;429;com vítima;720,8;BR-381/MG;Norte;Choque - Defensa, barreira ou "submarino";1;0;1;;;;1
08/06/2016;06:44:00;95;com vítima;720,8;BR-381/MG;Norte;Tombamento;1;0;2;;;;1
03/03/2016;05:21:00;46;sem vítima;721,2;BR-381/MG;Sul;Choque - Defensa, barreira ou "submarino";1;1;;;;;1
19/05/2016;05:20:00;73;com vítima;722;BR-381/MG;Norte;Capotamento;1;0;1;;;;1
20/06/2016;20:57:00;436;sem vítima;722;BR-381/MG;Norte;Engavetamento;3;7;;;;;1
17/02/2016;23:31:00;476;com vítima;722,5;BR-381/MG;Norte;Tombamento;4;3;1;;;;1
05/04/2016;19:49:00;410;sem vítima;722,5;BR-381/MG;Sul;Choque - Elemento de Drenagem;1;1;;;;;1
29/05/2016;07:17:00;68;com vítima;722,7;BR-381/MG;Sul;Tombamento;1;0;1;;;;1
25/07/2016;21:21:00;458;sem vítima;723,8;BR-381/MG;Sul;Colisão Traseira;1;2;;;;;1
19/05/2016;06:17:00;82;com vítima;724;BR-381/MG;Norte;Tombamento;2;1;1;;;;1
31/03/2016;06:07:00;68;sem vítima;724,5;BR-381/MG;Sul;Colisão Lateral;1;2;;;;;1
26/01/2016;14:36:00;301;sem vítima;724,95;BR-381/MG;Sul;Colisão Traseira;2;2;;;;;1
19/05/2016;06:50:00;92;sem vítima;725,05;BR-381/MG;Norte;Tombamento;1;1;;;;;1
22/03/2016;13:27:00;277;sem vítima;726;BR-381/MG;Norte;Choque - Suporte de Sinalização;1;2;;;;;1
08/08/2016;09:07:00;147;sem vítima;726;BR-381/MG;Sul;Colisão Lateral;1;2;;;;;1
30/03/2016;14:38:00;298;sem vítima;727,9;BR-381/MG;Norte;Tombamento;1;1;;;;;1
24/03/2016;18:28:00;425;sem vítima;728;BR-381/MG;Sul;Colisão Lateral;1;2;;;;;1
07/04/2016;02:47:00;35;sem vítima;728,2;BR-381/MG;Norte;Capotamento;1;1;;;;;1
19/01/2016;14:24:00;299;sem vítima;728,3;BR-381/MG;Sul;Colisão Lateral;1;2;;;;;1
13/01/2016;06:42:00;80;sem vítima;729;BR-381/MG;Sul;Colisão Lateral;2;2;;;;;1