data;horario;n_da_ocorrencia;tipo_de_ocorrencia;km;trecho;sentido;tipo_de_acidente;caminhao;ilesos;levemente_feridos;moderadamente_feridos;gravemente_feridos;mortos;3
04/03/2016;14:35:00;307;sem vítima;729;BR-381/MG;Norte;Colisão Lateral;1;2;;;;;1
18/06/2016;07:07:00;90;com vítima;729;BR-381/MG;Norte;Engavetamento;1;19;2;;;;1
24/04/2016;08:29:00;81;sem vítima;730;BR-381/MG;Norte;Colisão Lateral;1;2;;;;;1
14/01/2016;16:44:00;308;sem vítima;730,1;BR-381/MG;Sul;Tombamento;1;1;;;;;1
17/08/2016;05:39:00;78;sem vítima;733,2;BR-381/MG;Norte;Choque - Defensa, barreira ou "submarino";1;1;;;;;1
22/06/2016;07:56:00;99;com vítima;733,4;BR-381/MG;Sul;Tombamento;1;0;1;;;;1
02/01/2016;09:53:00;93;sem vítima;733,5;BR-381/MG;Sul;Choque - Outros;1;1;;;;;1
21/05/2016;02:54:00;50;com vítima;734;BR-381/MG;Norte;Colisão Traseira;2;0;2;;;;1
20/06/2016;17:14:00;355;com vítima;734,3;BR-381/MG;Norte;Colisão Traseira;2;1;1;;;;1
29/04/2016;08:30:00;118;sem vítima;734,5;BR-381/MG;Norte;Colisão Lateral;2;2;;;;;1
10/07/2016;17:51:00;345;com vítima;734,6;BR-381/MG;Norte;Colisão Traseira;1;3;2;;;;1
05/01/2016;18:42:00;381;sem vítima;735;BR-381/MG;Sul;Colisão Traseira;1;2;;;;;1
14/01/2016;15:05:00;267;sem vítima;735;BR-381/MG;Sul;Choque - Defensa, barreira ou "submarino";1;1;;;;;1
23/03/2016;23:28:00;523;sem vítima;735;BR-381/MG;Sul;Colisão Traseira;2;2;;;;;1
07/05/2016;09:55:00;169;sem vítima;735;BR-381/MG;Norte;Colisão Lateral;1;2;;;;;1
12/03/2016;00:21:00;16;sem vítima;735,5;BR-381/MG;Norte;Choque - Outros;1;1;;;;;1
31/03/2016;13:36:00;259;com vítima;737;BR-381/MG;Sul;Tombamento;1;0;;1;;;2
29/07/2016;02:36:00;46;sem vítima;737;BR-381/MG;Norte;Colisão Traseira;2;2;;;;;1
20/04/2016;02:22:00;49;sem vítima;737,3;BR-381/MG;Sul;Tombamento;1;1;;;;;1
14/05/2016;14:13:00;239;sem vítima;737,8;BR-381/MG;Sul;Choque - Defensa, barreira ou "submarino";1;1;;;;;1
02/02/2016;10:18:00;205;com vítima;738,3;BR-381/MG;Sul;Choque - Defensa, barreira ou "submarino";1;0;1;;;;1
24/03/2016;00:51:00;19;sem vítima;741;BR-381/MG;Norte;Tombamento;1;1;;;;;1
09/07/2016;06:21:00;71;sem vítima;741;BR-381/MG;Norte;Choque - Elemento de Drenagem;1;1;;;;;1
11/06/2016;22:16:00;431;com vítima;741,3;BR-381/MG;Sul;Tombamento;1;0;1;;;;1
28/03/2016;18:59:00;481;sem vítima;742;BR-381/MG;Norte;Colisão Traseira;1;2;;;;;1
19/03/2016;15:47:00;311;sem vítima;743;BR-381/MG;Sul;Colisão Lateral;1;2;;;;;1
18/01/2016;13:09:00;293;sem vítima;744;BR-381/MG;Sul;Choque - Defensa, barreira ou "submarino";1;1;;;;;1
15/08/2016;23:32:00;468;sem vítima;744;BR-381/MG;Sul;Tombamento;1;1;;;;;1
22/01/2016;12:04:00;239;com vítima;744,2;BR-381/MG;Norte;Tombamento;1;0;2;;;;1
06/08/2016;00:26:00;20;com vítima;744,8;BR-381/MG;Sul;Tombamento;1;0;;;1;;2
07/06/2016;18:36:00;367;sem vítima;745;BR-381/MG;Norte;Choque - Elemento de Drenagem;1;1;;;;;1
23/02/2016;19:13:00;342;sem vítima;747;BR-381/MG;Sul;Atropelamento - Animal;1;1;;;;;1
26/07/2016;18:32:00;395;sem vítima;748;BR-381/MG;Norte;Choque - Defensa, barreira ou "submarino";1;1;;;;;1
15/03/2016;14:42:00;266;sem vítima;749,2;BR-381/MG;Norte;Choque - Elemento de Drenagem;1;1;;;;;1
26/04/2016;00:19:00;13;com vítima;750;BR-381/MG;Norte;Colisão Traseira;2;1;1;;;;1
23/06/2016;17:04:00;355;sem vítima;750,05;BR-381/MG;Sul;Tombamento;1;1;;;;;1
07/02/2016;01:31:00;34;com vítima;753;BR-381/MG;Sul;Tombamento;1;0;1;1;;1;3
20/04/2016;16:18:00;345;sem vítima;754;BR-381/MG;Norte;Colisão Traseira;1;2;;;;;1
19/07/2016;02:41:00;37;com vítima;754,8;BR-381/MG;Sul;Colisão Lateral;2;2;1;;;;1
24/03/2016;05:25:00;80;com vítima;755;BR-381/MG;Norte;Colisão Traseira;2;1;1;;;;1
02/07/2016;10:25:00;181;sem vítima;755;BR-381/MG;Norte;Choque - Suporte de Sinalização;1;1;;;;;1
06/07/2016;17:27:00;366;sem vítima;755;BR-381/MG;Sul;Colisão Traseira;1;3;;;;;1
16/08/2016;10:18:00;200;sem vítima;755;BR-381/MG;Norte;Colisão Traseira;2;2;;;;;1
27/07/2016;06:02:00;79;sem vítima;755,3;BR-381/MG;Sul;Colisão Traseira;1;2;;;;;1
11/02/2016;05:19:00;64;sem vítima;756;BR-381/MG;Sul;Tombamento;1;1;;;;;1
16/07/2016;20:30:00;502;sem vítima;756;BR-381/MG;Norte;Colisão Lateral;1;2;;;;;1
12/08/2016;12:11:00;232;sem vítima;756;BR-381/MG;Sul;Choque - Elemento de Drenagem;1;1;;;;;1
21/01/2016;00:37:00;40;sem vítima;757;BR-381/MG;Sul;Colisão Traseira;2;2;;;;;1
11/06/2016;06:35:00;76;sem vítima;757;BR-381/MG;Sul;Colisão Traseira;2;2;;;;;1
21/07/2016;09:14:00;142;com vítima;760;BR-381/MG;Sul;Tombamento;1;1;1;;;;1
20/02/2016;19:19:00;420;sem vítima;761,1;BR-381/MG;Norte;Choque - Elemento de Drenagem;1;1;;;;;1
24/01/2016;08:47:00;144;com vítima;761,2;BR-381/MG;Sul;Colisão Traseira;1;1;1;;;;1
15/02/2016;14:31:00;287;sem vítima;761,2;BR-381/MG;Norte;Choque - Elemento de Drenagem;1;1;;;;;1
12/01/2016;09:37:00;136;com vítima;762,1;BR-381/MG;Sul;Tombamento;1;0;1;;;;1
07/06/2016;10:34:00;183;com vítima;763;BR-381/MG;Sul;Colisão Lateral;1;4;1;;;;1
23/02/2016;01:50:00;33;sem vítima;763,2;BR-381/MG;Norte;Choque - Talude;1;1;;;;;1
22/02/2016;19:21:00;370;sem vítima;763,8;BR-381/MG;Sul;Choque - Elemento de Drenagem;1;1;;;;;1
01/03/2016;19:23:00;404;sem vítima;764,9;BR-381/MG;Norte;Choque - Defensa, barreira ou "submarino";1;1;;;;;1
01/06/2016;11:40:00;250;sem vítima;765;BR-381/MG;Sul;Tombamento;1;1;;;;;1
11/02/2016;15:35:00;328;sem vítima;765,3;BR-381/MG;Norte;Choque - Elemento de Drenagem;1;1;;;;;1
15/01/2016;17:32:00;359;sem vítima;766;BR-381/MG;Sul;Colisão Traseira;2;2;;;;;1
25/02/2016;00:52:00;15;sem vítima;766,2;BR-381/MG;Norte;Colisão Traseira;2;2;;;;;1
12/04/2016;04:14:00;46;sem vítima;766,5;BR-381/MG;Norte;Colisão Traseira;1;2;;;;;1
26/08/2016;09:52:00;172;com vítima;767,2;BR-381/MG;Sul;Capotamento;1;0;1;;;;1
28/07/2016;02:08:00;33;sem vítima;767,8;BR-381/MG;Sul;Colisão Traseira;1;2;;;;;1
31/05/2016;18:26:00;335;sem vítima;768,5;BR-381/MG;Norte;Choque - Elemento de Drenagem;1;2;;;;;1
18/04/2016;18:36:00;389;com vítima;768,7;BR-381/MG;Sul;Tombamento;1;0;3;;;;1
04/05/2016;08:02:00;106;com vítima;769,8;BR-381/MG;Sul;Colisão Traseira;1;2;1;;;;1
11/01/2016;11:01:00;201;sem vítima;770;BR-381/MG;Norte;Choque - Talude;1;1;;;;;1
09/03/2016;09:04:00;160;sem vítima;770;BR-381/MG;Sul;Colisão Lateral;1;4;;;;;1
31/08/2016;20:44:00;433;sem vítima;770;BR-381/MG;Sul;Tombamento;1;1;;;;;1
09/02/2016;22:22:00;444;sem vítima;772,2;BR-381/MG;Sul;Choque - Elemento de Drenagem;1;1;;;;;1
17/04/2016;20:26:00;306;sem vítima;772,5;BR-381/MG;Norte;Choque - Talude;1;1;;;;;1
13/02/2016;16:06:00;330;com vítima;774;BR-381/MG;Sul;Tombamento;1;0;;;;1;3
14/04/2016;03:06:00;27;com vítima;774,1;BR-381/MG;Sul;Colisão Traseira;2;2;1;1;;;2
27/01/2016;19:27:00;439;sem vítima;776;BR-381/MG;Sul;Choque - Defensa, barreira ou "submarino";1;1;;;;;1
03/02/2016;14:09:00;334;sem vítima;776,5;BR-381/MG;Sul;Choque - Defensa, barreira ou "submarino";1;1;;;;;1
28/08/2016;12:38:00;165;com vítima;777;BR-381/MG;Sul;Engavetamento;1;2;1;3;1;3;3
17/02/2016;04:41:00;41;sem vítima;777,3;BR-381/MG;Norte;Colisão Lateral;2;2;;;;;1
22/05/2016;04:02:00;46;sem vítima;777,3;BR-381/MG;Sul;Tombamento;1;1;;;;;1
24/07/2016;11:08:00;138;sem vítima;778,1;BR-381/MG;Norte;Tombamento;1;1;;;;;1
11/08/2016;05:59:00;73;sem vítima;778,4;BR-381/MG;Sul;Colisão Lateral;2;2;;;;;1
27/06/2016;23:10:00;445;com vítima;778,5;BR-381/MG;Norte;Tombamento;2;1;;1;;;2
22/07/2016;04:06:00;61;sem vítima;779;BR-381/MG;Sul;Tombamento;1;1;;;;;1
13/04/2016;22:30:00;469;sem vítima;783;BR-381/MG;Sul;Choque - Elemento de Drenagem;1;1;;;;;1
25/06/2016;13:15:00;246;sem vítima;783,7;BR-381/MG;Norte;Choque - Elemento de Drenagem;1;4;;;;;1
06/06/2016;02:49:00;51;sem vítima;784;BR-381/MG;Sul;Capotamento;1;1;;;;;1
23/08/2016;23:24:00;462;sem vítima;784,8;BR-381/MG;Sul;Choque - Elemento de Drenagem;1;1;;;;;1
19/05/2016;14:27:00;263;sem vítima;785;BR-381/MG;Sul;Colisão Traseira;1;2;;;;;1
14/04/2016;16:21:00;338;com vítima;788,75;BR-381/MG;Sul;Colisão Traseira;2;2;;;;1;3
14/04/2016;16:10:00;335;com vítima;788,8;BR-381/MG;Sul;Colisão Traseira;1;1;;;1;;2
30/01/2016;06:54:00;107;sem vítima;789,6;BR-381/MG;Norte;Tombamento;1;2;;;;;1
21/01/2016;15:53:00;348;sem vítima;791,5;BR-381/MG;Norte;Tombamento;1;1;;;;;1
29/06/2016;01:44:00;34;com vítima;791,6;BR-381/MG;Norte;Tombamento;1;1;1;;;;1
01/05/2016;07:29:00;77;sem vítima;794,5;BR-381/MG;Norte;Tombamento;1;1;;;;;1
26/02/2016;00:10:00;10;com vítima;795;BR-381/MG;Sul;Tombamento;2;1;;1;;;2
05/05/2016;17:03:00;337;com vítima;796,3;BR-381/MG;Sul;Choque - Defensa, barreira ou "submarino";1;0;2;;;;1
10/05/2016;01:42:00;27;sem vítima;797,7;BR-381/MG;Sul;Choque - Defensa, barreira ou "submarino";1;1;;;;;1
06/07/2016;21:02:00;459;sem vítima;798,3;BR-381/MG;Sul;Colisão Traseira;1;2;;;;;1
24/08/2016;18:31:00;366;sem vítima;800,8;BR-381/MG;Sul;Colisão Traseira;2;2;;;;;1
17/03/2016;17:18:00;370;com vítima;800,9;BR-381/MG;Sul;Colisão Traseira;1;2;1;;;;1
22/01/2016;22:54:00;496;sem vítima;802,4;BR-381/MG;Norte;Colisão Lateral;1;2;;;;;1
17/05/2016;20:19:00;374;sem vítima;804;BR-381/MG;Sul;Choque - Elemento de Drenagem;1;1;;;;;1
17/05/2016;20:46:00;381;sem vítima;804;BR-381/MG;Sul;Colisão Traseira;2;2;;;;;1
04/03/2016;18:18:00;400;sem vítima;805;BR-381/MG;Norte;Colisão Traseira;1;2;;;;;1
30/03/2016;19:00:00;426;sem vítima;805;BR-381/MG;Sul;Choque - Defensa, barreira ou "submarino";1;1;;;;;1
06/04/2016;08:51:00;141;sem vítima;805;BR-381/MG;Sul;Colisão Traseira;1;2;;;;;1
20/04/2016;17:15:00;384;sem vítima;805;BR-381/MG;Sul;Colisão Traseira;1;2;;;;;1
09/06/2016;19:59:00;462;sem vítima;805;BR-381/MG;Norte;Colisão Traseira;2;2;;;;;1
17/06/2016;21:10:00;496;sem vítima;805;BR-381/MG;Norte;Colisão Traseira;1;2;;;;;1
08/07/2016;08:55:00;149;sem vítima;805;BR-381/MG;Sul;Colisão Traseira;2;2;;;;;1
30/08/2016;11:59:00;199;sem vítima;805;BR-381/MG;Sul;Choque - Defensa, barreira ou "submarino";1;1;;;;;1
29/06/2016;22:22:00;462;sem vítima;805,1;BR-381/MG;Norte;Colisão Traseira;2;3;;;;;1
25/07/2016;19:29:00;412;sem vítima;805,1;BR-381/MG;Norte;Colisão Traseira;1;2;;;;;1
15/03/2016;23:33:00;445;sem vítima;806;BR-381/MG;Norte;Choque - Arvore;1;1;;;;;1
17/02/2016;20:17:00;421;com vítima;807;BR-381/MG;Norte;Atropelamento - Andarilho;1;1;1;;;;1
29/04/2016;13:16:00;265;sem vítima;807;BR-381/MG;Norte;Colisão Traseira;2;2;;;;;1
17/07/2016;23:45:00;450;com vítima;807;BR-381/MG;Norte;Colisão Traseira;2;1;;1;;;2
09/05/2016;11:15:00;190;com vítima;807,7;BR-381/MG;Sul;Colisão Traseira;1;2;3;;;;1
29/04/2016;09:23:00;152;sem vítima;808,5;BR-381/MG;Sul;Choque - Outros;1;1;;;;;1
22/03/2016;20:22:00;477;sem vítima;809;BR-381/MG;Norte;Tombamento;1;1;;;;;1
15/05/2016;17:25:00;285;sem vítima;809,1;BR-381/MG;Sul;Choque - Defensa, barreira ou "submarino";1;1;;;;;1
18/01/2016;21:49:00;527;com vítima;810;BR-381/MG;Norte;Tombamento;1;0;1;;;;1
31/03/2016;22:57:00;458;sem vítima;810;BR-381/MG;Norte;Tombamento;1;1;;;;;1
31/08/2016;17:37:00;365;sem vítima;810;BR-381/MG;Norte;Tombamento;1;1;;;;;1
13/01/2016;13:04:00;241;sem vítima;812;BR-381/MG;Norte;Colisão Lateral;2;2;;;;;1
24/03/2016;02:15:00;39;sem vítima;812;BR-381/MG;Norte;Colisão Traseira;2;2;;;;;1
29/03/2016;05:51:00;71;sem vítima;815;BR-381/MG;Norte;Choque - Defensa, barreira ou "submarino";1;1;;;;;1
30/03/2016;08:38:00;132;sem vítima;815,1;BR-381/MG;Sul;Colisão Traseira;2;2;;;;;1
14/06/2016;02:47:00;32;sem vítima;816;BR-381/MG;Sul;Colisão Traseira;2;2;;;;;1
18/06/2016;05:30:00;68;sem vítima;816;BR-381/MG;Norte;Choque - Defensa, barreira ou "submarino";1;1;;;;;1
30/08/2016;22:30:00;463;com vítima;816;BR-381/MG;Sul;Outros;1;1;1;;;;1
11/04/2016;19:31:00;376;sem vítima;816,9;BR-381/MG;Norte;Colisão Lateral;1;2;;;;;1
08/01/2016;06:22:00;58;sem vítima;817,3;BR-381/MG;Sul;Colisão Traseira;2;2;;;;;1
02/08/2016;06:36:00;71;sem vítima;817,5;BR-381/MG;Norte;Colisão Lateral;1;2;;;;;1
20/05/2016;09:46:00;175;sem vítima;818;BR-381/MG;Norte;Colisão Lateral;1;2;;;;;1
20/02/2016;03:09:00;50;sem vítima;819;BR-381/MG;Sul;Colisão Traseira;1;2;;;;;1
18/06/2016;08:02:00;111;sem vítima;820,9;BR-381/MG;Norte;Colisão Traseira;2;2;;;;;1
29/08/2016;04:02:00;46;sem vítima;820,9;BR-381/MG;Sul;Choque - Defensa, barreira ou "submarino";1;1;;;;;1
15/06/2016;21:45:00;461;com vítima;821,7;BR-381/MG;Norte;Tombamento;1;0;1;;;;1
08/06/2016;01:17:00;27;sem vítima;823;BR-381/MG;Norte;Choque - Elemento de Drenagem;1;2;;;;;1
04/03/2016;19:54:00;438;sem vítima;824,5;BR-381/MG;Norte;Choque - Elemento de Drenagem;1;1;;;;;1
03/01/2016;10:08:00;157;sem vítima;826;BR-381/MG;Sul;Engavetamento;1;3;;;;;1
03/04/2016;20:30:00;398;sem vítima;826,3;BR-381/MG;Norte;Choque - Defensa, barreira ou "submarino";1;1;;;;;1
26/05/2016;07:55:00;122;sem vítima;826,8;BR-381/MG;Norte;Colisão Traseira;1;3;;;;;1
19/01/2016;07:19:00;115;sem vítima;828;BR-381/MG;Sul;Tombamento;1;1;;;;;1
09/03/2016;07:32:00;111;sem vítima;828,5;BR-381/MG;Sul;Tombamento;1;1;;;;;1
30/01/2016;00:32:00;29;sem vítima;829;BR-381/MG;Sul;Choque - Elemento de Drenagem;1;1;;;;;1
23/08/2016;06:12:00;77;com vítima;829,7;BR-381/MG;Sul;Colisão Lateral;1;4;;1;;;2
09/07/2016;14:16:00;268;sem vítima;830,8;BR-381/MG;Sul;Tombamento;1;1;;;;;1
19/05/2016;12:38:00;232;sem vítima;831;BR-381/MG;Norte;Choque - Defensa, barreira ou "submarino";1;1;;;;;1
07/06/2016;08:48:00;139;sem vítima;831,5;BR-381/MG;Norte;Engavetamento;3;3;;;;;1
10/06/2016;15:38:00;322;sem vítima;832,4;BR-381/MG;Norte;Tombamento;1;3;;;;;1
13/01/2016;12:33:00;229;sem vítima;833,5;BR-381/MG;Norte;Colisão Lateral;1;2;;;;;1
01/06/2016;11:13:00;233;sem vítima;835,2;BR-381/MG;Sul;Choque - Talude;1;1;;;;;1
03/06/2016;22:40:00;538;sem vítima;835,5;BR-381/MG;Sul;Choque - Elemento de Drenagem;1;1;;;;;1
13/08/2016;15:17:00;277;com vítima;836;BR-381/MG;Norte;Tombamento;1;0;1;;;;1
19/08/2016;16:50:00;381;sem vítima;836,3;BR-381/MG;Norte;Colisão Lateral;1;2;;;;;1
03/04/2016;15:30:00;275;com vítima;837;BR-381/MG;Norte;Queda de Moto;1;1;1;;;;1
18/01/2016;13:47:00;307;sem vítima;839;BR-381/MG;Sul;Choque - Defensa, barreira ou "submarino";1;2;;;;;1
21/06/2016;07:10:00;93;sem vítima;840,2;BR-381/MG;Sul;Outros;1;1;;;;;1
05/03/2016;22:17:00;460;com vítima;841,3;BR-381/MG;Norte;Colisão Lateral;1;2;1;1;;;2
19/08/2016;18:25:00;425;sem vítima;842,4;BR-381/MG;Norte;Colisão Traseira;2;2;;;;;1
15/07/2016;15:47:00;346;sem vítima;842,9;BR-381/MG;Sul;Colisão Lateral;1;2;;;;;1
26/08/2016;07:41:00;113;sem vítima;843,8;BR-381/MG;Sul;Colisão Lateral;2;3;;;;;1
05/03/2016;05:06:00;63;com vítima;844;BR-381/MG;Sul;Choque - Elemento de Drenagem;1;0;1;1;;;2
13/04/2016;07:05:00;86;sem vítima;849;BR-381/MG;Norte;Tombamento;1;1;;;;;1
25/06/2016;06:10:00;80;sem vítima;849;BR-381/MG;Norte;Tombamento;1;1;;;;;1
07/07/2016;03:23:00;35;sem vítima;849;BR-381/MG;Sul;Choque - Elemento de Drenagem;1;1;;;;;1
11/08/2016;08:28:00;141;sem vítima;849;BR-381/MG;Norte;Tombamento;1;1;;;;;1
23/01/2016;02:59:00;67;sem vítima;850;BR-381/MG;Norte;Choque - Defensa, barreira ou "submarino";1;1;;;;;1
26/07/2016;14:22:00;301;sem vítima;850;BR-381/MG;Sul;Colisão Traseira;2;2;;;;;1
13/08/2016;02:24:00;27;sem vítima;850;BR-381/MG;Norte;Colisão Traseira;1;2;;;;;1
09/08/2016;21:24:00;451;sem vítima;851,8;BR-381/MG;Sul;Colisão Lateral;2;2;;;;;1
24/08/2016;04:58:00;74;sem vítima;852,5;BR-381/MG;Sul;Colisão Traseira;2;2;;;;;1
14/01/2016;12:35:00;219;com vítima;853;BR-381/MG;Norte;Colisão Traseira;1;2;1;;;;1
30/07/2016;17:57:00;334;com vítima;853,2;BR-381/MG;Norte;Colisão Lateral;1;1;;1;1;;2
17/08/2016;04:07:00;60;sem vítima;853,8;BR-381/MG;Norte;Colisão Traseira;2;2;;;;;1
28/02/2016;11:10:00;145;sem vítima;854;BR-381/MG;Sul;Choque - Defensa, barreira ou "submarino";1;1;;;;;1
22/01/2016;18:06:00;393;sem vítima;854,4;BR-381/MG;Sul;Colisão Lateral;1;2;;;;;1
18/06/2016;00:55:00;22;sem vítima;855,4;BR-381/MG;Norte;Choque - Elemento de Drenagem;1;2;;;;;1
11/07/2016;13:14:00;264;com vítima;855,7;BR-381/MG;Sul;Capotamento;1;1;;2;;;2
19/04/2016;14:31:00;265;com vítima;855,8;BR-381/MG;Sul;Colisão Traseira;1;1;;1;;;2
14/03/2016;03:09:00;37;com vítima;857,5;BR-381/MG;Norte;Tombamento;1;0;1;;;;1
26/07/2016;09:04:00;163;sem vítima;858,071;BR-381/MG;Norte;Colisão Traseira;1;3;;;;;1
04/03/2016;12:25:00;255;sem vítima;859,511;BR-381/MG;Sul;Colisão Traseira;1;2;;;;;1
08/01/2016;21:52:00;481;sem vítima;862;BR-381/MG;Norte;Choque - Defensa, barreira ou "submarino";1;3;;;;;1
04/03/2016;04:38:00;47;sem vítima;863,515;BR-381/MG;Sul;Choque - Defensa, barreira ou "submarino";1;1;;;;;1
07/06/2016;05:24:00;72;sem vítima;864,1;BR-381/MG;Sul;Choque - Defensa, barreira ou "submarino";1;1;;;;;1
22/01/2016;14:37:00;295;com vítima;865,8;BR-381/MG;Sul;Colisão Traseira;2;1;1;;;;1
10/03/2016;23:43:00;514;sem vítima;865,9;BR-381/MG;Sul;Colisão Traseira;2;2;;;;;1
17/01/2016;19:06:00;398;sem vítima;866;BR-381/MG;Norte;Colisão Traseira;1;2;;;;;1
05/02/2016;00:13:00;11;com vítima;866,5;BR-381/MG;Norte;Colisão Traseira;1;2;3;;;;1
07/08/2016;20:05:00;370;com vítima;867;BR-381/MG;Norte;Atropelamento - Morador;1;1;;;;1;3
24/02/2016;08:31:00;111;sem vítima;868,5;BR-381/MG;Sul;Colisão Lateral;1;2;;;;;1
15/06/2016;00:34:00;18;sem vítima;868,5;BR-381/MG;Norte;Colisão Traseira;2;2;;;;;1
17/03/2016;05:27:00;59;sem vítima;868,823;BR-381/MG;Sul;Choque - Outros;1;1;;;;;1
14/05/2016;01:48:00;21;com vítima;869,2;BR-381/MG;Sul;Outros;1;0;;;1;;2
16/05/2016;07:27:00;89;sem vítima;870;BR-381/MG;Sul;Colisão Traseira;1;2;;;;;1
28/01/2016;22:40:00;499;sem vítima;870,48;BR-381/MG;Sul;Choque - Defensa, barreira ou "submarino";1;1;;;;;1
18/06/2016;21:11:00;427;sem vítima;872,6;BR-381/MG;Norte;Tombamento;1;1;;;;;1
12/07/2016;05:33:00;61;com vítima;872,6;BR-381/MG;Norte;Capotamento;1;0;1;;;;1
02/08/2016;01:48:00;37;sem vítima;873;BR-381/MG;Norte;Outros;1;1;;;;;1
29/08/2016;14:35:00;294;sem vítima;873;BR-381/MG;Norte;Colisão Lateral;1;4;;;;;1
22/08/2016;19:48:00;383;com vítima;873,5;BR-381/MG;Norte;Choque - Talude;1;0;2;;;;1
23/06/2016;08:07:00;110;com vítima;873,8;BR-381/MG;Sul;Tombamento;1;0;1;;;;1
10/03/2016;17:02:00;367;com vítima;873,982;BR-381/MG;Sul;Tombamento;1;0;;;;1;3
25/07/2016;19:32:00;413;sem vítima;874;BR-381/MG;Sul;Colisão Lateral;1;3;;;;;1
30/04/2016;00:55:00;20;sem vítima;874,5;BR-381/MG;Sul;Colisão Lateral;1;3;;;;;1
21/04/2016;10:33:00;217;sem vítima;875;BR-381/MG;Norte;Colisão Lateral;1;2;;;;;1
25/03/2016;13:05:00;284;sem vítima;875,529;BR-381/MG;Sul;Tombamento;1;1;;;;;1
16/02/2016;03:20:00;32;sem vítima;876,3;BR-381/MG;Norte;Choque - Defensa, barreira ou "submarino";1;1;;;;;1
10/04/2016;18:32:00;353;sem vítima;876,698;BR-381/MG;Norte;Tombamento;1;1;;;;;1
05/01/2016;10:26:00;167;sem vítima;876,7;BR-381/MG;Norte;Choque - Defensa, barreira ou "submarino";1;1;;;;;1
01/02/2016;16:49:00;364;sem vítima;877;BR-381/MG;Norte;Choque - Defensa, barreira ou "submarino";1;1;;;;;1
17/07/2016;05:43:00;70;com vítima;879,7;BR-381/MG;Sul;Tombamento;1;0;1;;;;1
15/05/2016;18:54:00;330;sem vítima;882;BR-381/MG;Norte;Colisão Traseira;1;2;;;;;1
22/07/2016;02:45:00;48;com vítima;882,9;BR-381/MG;Sul;Colisão Traseira;1;2;4;;;;1
23/04/2016;03:24:00;36;sem vítima;883;BR-381/MG;Norte;Atropelamento - Animal;1;1;;;;;1
12/08/2016;07:05:00;88;sem vítima;886,191;BR-381/MG;Norte;Tombamento;2;2;;;;;1
02/04/2016;07:28:00;100;sem vítima;886,2;BR-381/MG;Norte;Colisão Lateral;1;2;;;;;1
24/02/2016;03:00:00;37;sem vítima;887;BR-381/MG;Sul;Tombamento;1;1;;;;;1
29/01/2016;11:39:00;250;sem vítima;887,5;BR-381/MG;Norte;Colisão Lateral;1;2;;;;;1
29/05/2016;22:56:00;421;com vítima;887,6;BR-381/MG;Sul;Colisão Traseira;1;1;1;;;;1
29/02/2016;22:46:00;429;sem vítima;887,959;BR-381/MG;Norte;Colisão Traseira;2;2;;;;;1
17/06/2016;10:16:00;181;com vítima;888;BR-381/MG;Norte;Tombamento;1;0;1;;;;1
18/08/2016;05:40:00;66;sem vítima;888;BR-381/MG;Norte;Choque - Elemento de Drenagem;1;1;;;;;1
25/06/2016;09:23:00;164;com vítima;888,3;BR-381/MG;Norte;Tombamento;1;0;1;;;;1
22/01/2016;01:02:00;49;sem vítima;889,541;BR-381/MG;Norte;Capotamento;1;1;;;;;1
08/05/2016;22:40:00;364;sem vítima;890;BR-381/MG;Sul;Colisão Lateral;1;2;;;;;1
11/07/2016;06:37:00;73;sem vítima;890;BR-381/MG;Sul;Colisão Lateral;1;2;;;;;1
22/01/2016;18:21:00;404;sem vítima;890,8;BR-381/MG;Norte;Colisão Traseira;1;2;;;;;1
20/01/2016;01:25:00;41;sem vítima;891,3;BR-381/MG;Norte;Choque - Elemento de Drenagem;1;1;;;;;1
10/08/2016;12:09:00;209;sem vítima;893,2;BR-381/MG;Norte;Colisão Lateral;1;2;;;;;1
18/06/2016;09:56:00;165;com vítima;893,8;BR-381/MG;Norte;Colisão Traseira;1;1;;;1;;2
27/07/2016;14:44:00;298;sem vítima;893,8;BR-381/MG;Norte;Colisão Lateral;1;2;;;;;1
04/01/2016;13:47:00;250;sem vítima;894,489;BR-381/MG;Norte;Choque - Outros;1;1;;;;;1
11/05/2016;18:17:00;375;com vítima;895,9;BR-381/MG;Sul;Colisão Lateral;1;1;1;;;;1
19/07/2016;22:17:00;422;sem vítima;899;BR-381/MG;Norte;Choque - Defensa, barreira ou "submarino";1;1;;;;;1
08/04/2016;23:00:00;491;sem vítima;900;BR-381/MG;Norte;Colisão Traseira;1;2;;;;;1
31/01/2016;12:31:00;186;sem vítima;900,8;BR-381/MG;Norte;Colisão Lateral;1;2;;;;;1
03/02/2016;15:02:00;354;sem vítima;900,88;BR-381/MG;Norte;Colisão Traseira;1;2;;;;;1
09/05/2016;21:02:00;422;sem vítima;900,88;BR-381/MG;Norte;Colisão Traseira;1;2;;;;;1
02/06/2016;14:38:00;278;com vítima;900,88;BR-381/MG;Sul;Colisão Lateral;1;4;1;;;;1
10/07/2016;13:32:00;218;sem vítima;900,88;BR-381/MG;Norte;Colisão Traseira;1;2;;;;;1
26/02/2016;00:11:00;12;sem vítima;901;BR-381/MG;Norte;Choque - Defensa, barreira ou "submarino";1;1;;;;;1
16/04/2016;09:57:00;145;sem vítima;901;BR-381/MG;Norte;Colisão Traseira;1;2;;;;;1
20/07/2016;10:39:00;173;sem vítima;901;BR-381/MG;Norte;Choque - Defensa, barreira ou "submarino";1;1;;;;;1