data;horario;n_da_ocorrencia;tipo_de_ocorrencia;km;trecho;sentido;tipo_de_acidente;caminhao;ilesos;levemente_feridos;moderadamente_feridos;gravemente_feridos;mortos;3
20/10/2016;22:01:00;488;sem vítima;489;BR-381/MG;Sul;Colisão Lateral;1;2;;;;;1
20/10/2016;23:00:00;507;sem vítima;488,7;BR-381/MG;Sul;Colisão Lateral;1;2;;;;;1
21/10/2016;03:47:00;65;sem vítima;724,9;BR-381/MG;Sul;Colisão Traseira;2;2;;;;;1
21/10/2016;11:29:00;262;sem vítima;880;BR-381/MG;Norte;Engavetamento;2;3;;;;;1
21/10/2016;12:14:00;281;sem vítima;525,6;BR-381/MG;Sul;Colisão Traseira;2;2;;;;;1
21/10/2016;12:38:00;289;sem vítima;493;BR-381/MG;Norte;Capotamento;1;3;;;;;1
21/10/2016;15:09:00;355;sem vítima;491,8;BR-381/MG;Norte;Engavetamento;1;3;;;;;1
22/10/2016;05:57:00;66;sem vítima;764;BR-381/MG;Sul;Colisão Traseira;2;2;;;;;1
22/10/2016;21:15:00;417;com vítima;54;BR-381/SP;Norte;Colisão Traseira;1;2;1;;;;1
23/10/2016;01:37:00;33;sem vítima;75;BR-381/SP;Norte;Capotamento;1;2;;;;;1
23/10/2016;10:53:00;146;sem vítima;704,1;BR-381/MG;Norte;Choque - Suporte de Sinalização;1;2;;;;;1
23/10/2016;12:29:00;181;com vítima;511;BR-381/MG;Norte;Engavetamento;2;9;1;;;;1
24/10/2016;07:14:00;80;sem vítima;559,4;BR-381/MG;Sul;Choque - Defensa, barreira ou "submarino";1;1;;;;;1
24/10/2016;08:58:00;126;sem vítima;485,9;BR-381/MG;Sul;Colisão Traseira;2;2;;;;;1
24/10/2016;09:55:00;163;sem vítima;479,1;BR-381/MG;Norte;Choque - Poste;1;1;;;;;1
24/10/2016;14:18:00;288;sem vítima;483,5;BR-381/MG;Sul;Engavetamento;2;4;;;;;1
24/10/2016;15:25:00;318;sem vítima;915;BR-381/MG;Sul;Tombamento;1;1;;;;;1
24/10/2016;15:25:00;319;sem vítima;25;BR-381/SP;Sul;Colisão Traseira;1;2;;;;;1
24/10/2016;17:13:00;357;com vítima;946;BR-381/MG;Norte;Choque - Defensa, barreira ou "submarino";1;1;1;;;;1
24/10/2016;20:05:00;435;sem vítima;786;BR-381/MG;Norte;Choque - Elemento de Drenagem;1;1;;;;;1
25/10/2016;03:59:00;45;com vítima;630,3;BR-381/MG;Norte;Colisão Traseira;1;2;;1;1;1;3
25/10/2016;08:01:00;116;sem vítima;908;BR-381/MG;Sul;Colisão Traseira;1;2;;;;;1
25/10/2016;10:06:00;170;sem vítima;735;BR-381/MG;Norte;Choque - Defensa, barreira ou "submarino";1;1;;;;;1
25/10/2016;10:07:00;172;sem vítima;741;BR-381/MG;Sul;Colisão Lateral;2;2;;;;;1
25/10/2016;12:41:00;225;sem vítima;79;BR-381/SP;Sul;Choque - Defensa, barreira ou "submarino";1;2;;;;;1
25/10/2016;14:51:00;281;com vítima;921,5;BR-381/MG;Norte;Colisão Lateral;1;1;1;;;;1
25/10/2016;15:28:00;306;sem vítima;516,9;BR-381/MG;Sul;Colisão Traseira;2;2;;;;;1
26/10/2016;05:50:00;69;sem vítima;850;BR-381/MG;Norte;Colisão Lateral;1;2;;;;;1
26/10/2016;09:58:00;186;sem vítima;598;BR-381/MG;Sul;Colisão Traseira;2;2;;;;;1
26/10/2016;23:26:00;496;sem vítima;892,1;BR-381/MG;Norte;Choque - Elemento de Drenagem;1;1;;;;;1
27/10/2016;01:12:00;32;sem vítima;542;BR-381/MG;Norte;Colisão Traseira;2;2;;;;;1
27/10/2016;09:22:00;160;sem vítima;900;BR-381/MG;Norte;Colisão Traseira;1;3;;;;;1
27/10/2016;09:47:00;169;sem vítima;900;BR-381/MG;Norte;Colisão Traseira;1;2;;;;;1
27/10/2016;09:52:00;175;com vítima;73,4;BR-381/SP;Norte;Tombamento;1;0;1;;;;1
27/10/2016;10:21:00;191;com vítima;855;BR-381/MG;Norte;Capotamento;1;1;1;1;;;2
27/10/2016;11:19:00;223;com vítima;493,8;BR-381/MG;Sul;Colisão Traseira;2;2;1;1;;;2
27/10/2016;15:00:00;318;sem vítima;51,4;BR-381/SP;Norte;Colisão Traseira;1;2;;;;;1
27/10/2016;15:04:00;320;com vítima;653,95;BR-381/MG;Norte;Tombamento;1;0;;1;;;2
27/10/2016;15:49:00;334;sem vítima;939,3;BR-381/MG;Sul;Choque - Elemento de Drenagem;1;1;;;;;1
27/10/2016;17:06:00;369;sem vítima;54,4;BR-381/SP;Norte;Engavetamento;1;3;;;;;1
27/10/2016;17:57:00;392;sem vítima;628,5;BR-381/MG;Norte;Capotamento;1;2;;;;;1
27/10/2016;18:09:00;399;com vítima;78,7;BR-381/SP;Norte;Tombamento;1;0;1;;;;1
28/10/2016;02:40:00;62;com vítima;784,9;BR-381/MG;Sul;Tombamento;1;0;1;;;;1
28/10/2016;13:22:00;304;sem vítima;675;BR-381/MG;Norte;Colisão Lateral;1;2;;;;;1
28/10/2016;16:22:00;380;sem vítima;7,7;BR-381/SP;Norte;Colisão Traseira;1;2;;;;;1
29/10/2016;01:25:00;39;sem vítima;890;BR-381/MG;Norte;Choque - Elemento de Drenagem;1;1;;;;;1
29/10/2016;02:29:00;49;sem vítima;755,2;BR-381/MG;Norte;Colisão Lateral;1;2;;;;;1
29/10/2016;11:02:00;176;sem vítima;77;BR-381/SP;Sul;Colisão Lateral;1;2;;;;;1
29/10/2016;17:55:00;350;sem vítima;525;BR-381/MG;Sul;Choque - Talude;1;1;;;;;1
30/10/2016;15:33:00;218;sem vítima;557,3;BR-381/MG;Norte;Colisão Traseira;2;2;;;;;1
30/10/2016;18:44:00;293;com vítima;700,8;BR-381/MG;Sul;Tombamento;1;1;1;;;;1
31/10/2016;00:01:00;1;com vítima;767;BR-381/MG;Sul;Colisão Traseira;2;1;1;;;;1
31/10/2016;16:35:00;322;sem vítima;569;BR-381/MG;Norte;Tombamento;1;1;;;;;1
31/10/2016;23:38:00;480;sem vítima;925,4;BR-381/MG;Sul;Choque - Defensa, barreira ou "submarino";1;1;;;;;1
01/11/2016;05:30:00;62;sem vítima;863,5;BR-381/MG;Sul;Choque - Defensa, barreira ou "submarino";1;2;;;;;1
01/11/2016;20:41:00;449;sem vítima;855;BR-381/MG;Norte;Colisão Traseira;1;2;;;;;1
01/11/2016;21:32:00;465;com vítima;796;BR-381/MG;Sul;Choque - Elemento de Drenagem;1;0;1;;;;1
02/11/2016;07:11:00;82;sem vítima;490,8;BR-381/MG;Sul;Engavetamento;1;3;;;;;1
02/11/2016;14:17:00;212;sem vítima;52;BR-381/SP;Sul;Tombamento;1;1;;;;;1
02/11/2016;14:29:00;222;sem vítima;907,9;BR-381/MG;Norte;Tombamento;1;3;;;;;1
03/11/2016;07:51:00;81;sem vítima;867,9;BR-381/MG;Sul;Capotamento;1;2;;;;;1
03/11/2016;12:42:00;225;sem vítima;684,5;BR-381/MG;Sul;Engavetamento;2;3;;;;;1
03/11/2016;14:36:00;268;sem vítima;680,9;BR-381/MG;Norte;Colisão Traseira;2;2;;;;;1
03/11/2016;14:36:00;269;sem vítima;69,5;BR-381/SP;Sul;Choque - Defensa, barreira ou "submarino";1;1;;;;;1
03/11/2016;15:36:00;298;com vítima;850,8;BR-381/MG;Sul;Engavetamento;1;3;1;;;;1
03/11/2016;15:53:00;303;com vítima;907;BR-381/MG;Norte;Tombamento;1;0;1;;;;1
03/11/2016;23:05:00;440;sem vítima;730;BR-381/MG;Sul;Capotamento;1;3;;;;;1
04/11/2016;00:38:00;21;sem vítima;852,1;BR-381/MG;Norte;Outros;1;3;;;;;1
04/11/2016;00:55:00;22;sem vítima;700,6;BR-381/MG;Sul;Choque - Defensa, barreira ou "submarino";1;1;;;;;1
04/11/2016;04:19:00;55;sem vítima;15;BR-381/SP;Norte;Choque - Defensa, barreira ou "submarino";1;1;;;;;1
04/11/2016;05:26:00;65;sem vítima;36;BR-381/SP;Sul;Colisão Lateral;2;2;;;;;1
04/11/2016;09:40:00;148;sem vítima;494,4;BR-381/MG;Norte;Colisão Traseira;1;2;;;;;1
04/11/2016;10:28:00;175;sem vítima;732,3;BR-381/MG;Norte;Colisão Traseira;1;2;;;;;1
04/11/2016;11:56:00;204;sem vítima;580;BR-381/MG;Sul;Colisão Traseira;1;2;;;;;1
04/11/2016;12:04:00;207;sem vítima;69,5;BR-381/SP;Norte;Choque - Defensa, barreira ou "submarino";1;2;;;;;1
04/11/2016;12:04:00;208;sem vítima;808,3;BR-381/MG;Sul;Tombamento;1;1;;;;;1
04/11/2016;14:44:00;272;sem vítima;507;BR-381/MG;Norte;Colisão Lateral;1;2;;;;;1
04/11/2016;16:16:00;309;sem vítima;496;BR-381/MG;Sul;Colisão Lateral;1;2;;;;;1
04/11/2016;18:26:00;362;sem vítima;90;BR-381/SP;Norte;Colisão Lateral;1;3;;;;;1
04/11/2016;21:22:00;426;com vítima;508,3;BR-381/MG;Sul;Engavetamento;2;6;2;;;1;3
04/11/2016;23:02:00;449;sem vítima;773;BR-381/MG;Norte;Tombamento;1;1;;;;;1
05/11/2016;11:06:00;201;com vítima;496;BR-381/MG;Norte;Colisão Traseira;1;1;1;;;;1
05/11/2016;11:21:00;204;sem vítima;723;BR-381/MG;Norte;Tombamento;1;1;;;;;1
05/11/2016;14:45:00;273;sem vítima;724,2;BR-381/MG;Norte;Choque - Defensa, barreira ou "submarino";1;1;;;;;1
05/11/2016;19:48:00;356;com vítima;582;BR-381/MG;Sul;Colisão Lateral;1;1;2;;;;1
06/11/2016;02:19:00;42;sem vítima;61;BR-381/SP;Sul;Choque - Talude;1;2;;;;;1
06/11/2016;04:33:00;55;sem vítima;937;BR-381/MG;Norte;Tombamento;1;1;;;;;1
06/11/2016;04:58:00;59;sem vítima;945;BR-381/MG;Norte;Colisão Traseira;2;2;;;;;1
06/11/2016;14:37:00;209;sem vítima;500;BR-381/MG;Norte;Colisão Lateral;1;2;;;;;1
06/11/2016;15:36:00;229;sem vítima;936;BR-381/MG;Sul;Engavetamento;1;7;;;;;1
06/11/2016;20:39:00;354;com vítima;860;BR-381/MG;Norte;Tombamento;1;0;1;;;;1
06/11/2016;21:04:00;362;com vítima;561,15;BR-381/MG;Sul;Capotamento;1;0;;;;1;3
07/11/2016;18:20:00;350;sem vítima;480,3;BR-381/MG;Norte;Colisão Lateral;1;2;;;;;1
07/11/2016;21:31:00;407;com vítima;753,7;BR-381/MG;Sul;Colisão Traseira;1;0;4;;;;1
08/11/2016;01:12:00;41;com vítima;569,2;BR-381/MG;Sul;Tombamento;1;0;1;;;;1
08/11/2016;04:12:00;59;com vítima;673,5;BR-381/MG;Norte;Colisão Traseira;2;1;1;;1;;2
08/11/2016;06:29:00;82;sem vítima;670;BR-381/MG;Sul;Colisão Traseira;2;2;;;;;1
08/11/2016;08:26:00;141;com vítima;54;BR-381/SP;Sul;Engavetamento;1;3;1;;;;1
08/11/2016;14:54:00;307;sem vítima;505,8;BR-381/MG;Sul;Colisão Lateral;1;2;;;;;1
08/11/2016;15:11:00;312;sem vítima;489,9;BR-381/MG;Sul;Colisão Lateral;1;2;;;;;1
08/11/2016;15:27:00;317;sem vítima;505,3;BR-381/MG;Sul;Engavetamento;3;3;;;;;1
08/11/2016;18:48:00;407;sem vítima;516;BR-381/MG;Norte;Choque - Defensa, barreira ou "submarino";1;1;;;;;1
08/11/2016;20:08:00;435;com vítima;529,7;BR-381/MG;Norte;Tombamento;1;0;;1;;;2
08/11/2016;23:05:00;481;com vítima;25,5;BR-381/SP;Sul;Colisão Traseira;2;1;;1;;;2
09/11/2016;08:29:00;135;sem vítima;63;BR-381/SP;Norte;Colisão Traseira;1;2;;;;;1
10/11/2016;05:00:00;43;sem vítima;668,8;BR-381/MG;Norte;Tombamento;1;1;;;;;1
10/11/2016;09:51:00;145;com vítima;934,4;BR-381/MG;Norte;Tombamento;1;0;1;;;;1
10/11/2016;10:22:00;155;sem vítima;669,2;BR-381/MG;Norte;Colisão Traseira;2;2;;;;;1
10/11/2016;15:39:00;286;com vítima;33;BR-381/SP;Norte;Colisão Traseira;1;1;1;;;;1
10/11/2016;17:51:00;343;sem vítima;37;BR-381/SP;Norte;Colisão Traseira;1;2;;;;;1
10/11/2016;18:04:00;347;sem vítima;907,5;BR-381/MG;Sul;Engavetamento;3;4;;;;;1
10/11/2016;18:54:00;370;sem vítima;686,7;BR-381/MG;Sul;Tombamento;1;1;;;;;1
11/11/2016;08:26:00;120;sem vítima;690,5;BR-381/MG;Sul;Colisão Traseira;2;2;;;;;1
11/11/2016;16:22:00;366;com vítima;589,6;BR-381/MG;Norte;Tombamento;1;0;2;;;;1
11/11/2016;16:55:00;380;sem vítima;660,7;BR-381/MG;Norte;Colisão Lateral;1;2;;;;;1
11/11/2016;18:07:00;418;sem vítima;504;BR-381/MG;Sul;Choque - Defensa, barreira ou "submarino";1;1;;;;;1
11/11/2016;18:27:00;426;sem vítima;519,6;BR-381/MG;Norte;Colisão Lateral;1;2;;;;;1
12/11/2016;03:08:00;62;sem vítima;744,7;BR-381/MG;Norte;Colisão Traseira;2;2;;;;;1
12/11/2016;03:08:00;63;sem vítima;744,7;BR-381/MG;Norte;Engavetamento;3;3;;;;;1
12/11/2016;13:13:00;290;sem vítima;519;BR-381/MG;Norte;Saida de Pista;1;1;;;;;1
12/11/2016;14:06:00;313;sem vítima;750;BR-381/MG;Norte;Choque - Defensa, barreira ou "submarino";1;1;;;;;1
12/11/2016;14:55:00;334;sem vítima;7,5;BR-381/SP;Norte;Colisão Lateral;1;2;;;;;1
12/11/2016;16:23:00;387;sem vítima;872,6;BR-381/MG;Sul;Choque - Talude;1;1;;;;;1
13/11/2016;02:22:00;45;sem vítima;906,6;BR-381/MG;Norte;Choque - Elemento de Drenagem;1;1;;;;;1
13/11/2016;06:47:00;78;sem vítima;930;BR-381/MG;Sul;Colisão Lateral;1;2;;;;;1
13/11/2016;07:31:00;91;sem vítima;519;BR-381/MG;Norte;Colisão Lateral;1;2;;;;;1
13/11/2016;09:46:00;136;sem vítima;778,2;BR-381/MG;Norte;Choque - Elemento de Drenagem;1;1;;;;;1
13/11/2016;09:52:00;138;sem vítima;519,5;BR-381/MG;Norte;Engavetamento;1;3;;;;;1
13/11/2016;10:18:00;151;sem vítima;582;BR-381/MG;Norte;Colisão Lateral;1;2;;;;;1
13/11/2016;13:16:00;212;sem vítima;68;BR-381/SP;Norte;Colisão Lateral;1;2;;;;;1
13/11/2016;13:19:00;214;sem vítima;759,8;BR-381/MG;Sul;Colisão Traseira;1;4;;;;;1
13/11/2016;17:46:00;314;sem vítima;518,4;BR-381/MG;Norte;Choque - Defensa, barreira ou "submarino";1;6;;;;;1
13/11/2016;23:37:00;427;sem vítima;821,4;BR-381/MG;Sul;Outros;1;1;;;;;1
14/11/2016;01:14:00;24;com vítima;84;BR-381/SP;Sul;Choque - Defensa, barreira ou "submarino";1;3;1;;;;1
14/11/2016;04:35:00;49;sem vítima;878;BR-381/MG;Sul;Choque - Defensa, barreira ou "submarino";1;1;;;;;1
14/11/2016;05:07:00;53;sem vítima;66;BR-381/SP;Norte;Colisão Traseira;1;2;;;;;1
14/11/2016;16:08:00;313;sem vítima;524,5;BR-381/MG;Sul;Engavetamento;1;15;;;;;1
14/11/2016;16:40:00;326;com vítima;729,8;BR-381/MG;Norte;Colisão Traseira;2;1;1;;;;1
14/11/2016;21:19:00;456;sem vítima;821;BR-381/MG;Norte;Choque - Elemento de Drenagem;1;1;;;;;1
15/11/2016;06:13:00;85;com vítima;841,5;BR-381/MG;Sul;Capotamento;1;2;2;;1;;2
15/11/2016;07:31:00;115;sem vítima;691,7;BR-381/MG;Norte;Colisão Traseira;2;2;;;;;1
15/11/2016;14:44:00;321;sem vítima;516,5;BR-381/MG;Norte;Colisão Traseira;2;2;;;;;1
15/11/2016;16:07:00;335;sem vítima;597,5;BR-381/MG;Norte;Colisão Traseira;1;2;;;;;1
16/11/2016;07:18:00;104;sem vítima;486;BR-381/MG;Sul;Colisão Traseira;1;2;;;;;1
16/11/2016;19:23:00;435;sem vítima;70;BR-381/SP;Sul;Outros;1;1;;;;;1
16/11/2016;23:50:00;510;sem vítima;510;BR-381/MG;Sul;Colisão Traseira;1;2;;;;;1
17/11/2016;00:17:00;20;sem vítima;636;BR-381/MG;Norte;Colisão Traseira;2;2;;;;;1
17/11/2016;02:44:00;44;com vítima;719,6;BR-381/MG;Sul;Tombamento;1;0;2;;;;1
17/11/2016;03:07:00;48;com vítima;718,5;BR-381/MG;Norte;Capotamento;1;0;1;;;;1
17/11/2016;07:16:00;76;sem vítima;491;BR-381/MG;Norte;Capotamento;1;2;;;;;1
17/11/2016;08:03:00;97;com vítima;511;BR-381/MG;Sul;Colisão Traseira;1;1;1;;;;1
17/11/2016;11:49:00;211;sem vítima;500;BR-381/MG;Sul;Engavetamento;2;3;;;;;1
17/11/2016;12:03:00;219;sem vítima;51,8;BR-381/SP;Norte;Engavetamento;3;4;;;;;1
17/11/2016;18:54:00;446;sem vítima;71;BR-381/SP;Norte;Choque - Defensa, barreira ou "submarino";1;1;;;;;1
17/11/2016;21:32:00;505;com vítima;662;BR-381/MG;Sul;Tombamento;1;0;1;;;;1
17/11/2016;23:04:00;536;sem vítima;945;BR-381/MG;Sul;Colisão Traseira;2;3;;;;;1
18/11/2016;06:31:00;82;sem vítima;539;BR-381/MG;Norte;Colisão Traseira;1;2;;;;;1
18/11/2016;07:21:00;98;com vítima;532;BR-381/MG;Norte;Choque - Talude;1;0;1;;;;1
18/11/2016;08:46:00;145;sem vítima;494;BR-381/MG;Sul;Colisão Lateral;1;2;;;;;1
18/11/2016;08:51:00;147;sem vítima;929,8;BR-381/MG;Sul;Tombamento;1;2;;;;;1
18/11/2016;15:40:00;317;com vítima;63,3;BR-381/SP;Norte;Colisão Traseira;1;1;;1;;;2
18/11/2016;23:55:00;499;sem vítima;65,5;BR-381/SP;Norte;Colisão Lateral;1;2;;;;;1
19/11/2016;10:35:00;188;sem vítima;47;BR-381/SP;Sul;Colisão Traseira;1;2;;;;;1
19/11/2016;18:22:00;389;com vítima;908,5;BR-381/MG;Norte;Colisão Lateral;1;1;1;;;;1
20/11/2016;01:30:00;32;sem vítima;890,4;BR-381/MG;Norte;Choque - Defensa, barreira ou "submarino";1;1;;;;;1
20/11/2016;10:24:00;134;com vítima;934;BR-381/MG;Norte;Tombamento;1;0;1;;;;1
20/11/2016;17:08:00;250;sem vítima;56,951;BR-381/SP;Sul;Colisão Traseira;2;2;;;;;1
20/11/2016;17:44:00;264;com vítima;938,3;BR-381/MG;Sul;Engavetamento;2;2;1;;;;1
20/11/2016;19:32:00;310;sem vítima;541;BR-381/MG;Sul;Colisão Traseira;1;2;;;;;1
21/11/2016;07:20:00;95;com vítima;492,5;BR-381/MG-CONT;Norte;Engavetamento;1;2;1;;;;1
21/11/2016;13:08:00;247;sem vítima;72,962;BR-381/SP;Sul;Tombamento;1;2;;;;;1
21/11/2016;20:38:00;437;sem vítima;821;BR-381/MG;Norte;Colisão Lateral;2;2;;;;;1
21/11/2016;22:40:00;477;sem vítima;490;BR-381/MG;Sul;Colisão Traseira;1;2;;;;;1
22/11/2016;12:02:00;233;sem vítima;501,8;BR-381/MG;Sul;Colisão Lateral;1;2;;;;;1
22/11/2016;12:22:00;243;sem vítima;501,8;BR-381/MG;Sul;Colisão Lateral;1;2;;;;;1
22/11/2016;16:07:00;326;sem vítima;544,05;BR-381/MG;Sul;Colisão Traseira;2;2;;;;;1
22/11/2016;22:22:00;438;sem vítima;543,9;BR-381/MG;Sul;Colisão Traseira;2;2;;;;;1
23/11/2016;00:18:00;22;sem vítima;853;BR-381/MG;Norte;Colisão Traseira;1;2;;;;;1
23/11/2016;03:05:00;45;sem vítima;75,9;BR-381/SP;Sul;Tombamento;1;1;;;;;1
23/11/2016;06:41:00;82;sem vítima;686,7;BR-381/MG;Sul;Tombamento;1;1;;;;;1
23/11/2016;06:44:00;86;com vítima;692;BR-381/MG;Norte;Engavetamento;2;1;1;;;1;3
23/11/2016;09:13:00;160;sem vítima;705,6;BR-381/MG;Sul;Colisão Lateral;1;2;;;;;1
23/11/2016;09:19:00;163;sem vítima;72,5;BR-381/SP;Sul;Choque - Elemento de Drenagem;1;1;;;;;1
23/11/2016;10:07:00;185;sem vítima;637;BR-381/MG;Norte;Colisão Lateral;2;2;;;;;1
23/11/2016;11:52:00;230;sem vítima;540;BR-381/MG;Norte;Colisão Lateral;1;2;;;;;1
24/11/2016;00:13:00;21;com vítima;866,9;BR-381/MG;Sul;Tombamento;1;0;;1;;;2
24/11/2016;08:48:00;162;sem vítima;57;BR-381/SP;Norte;Colisão Lateral;1;2;;;;;1
24/11/2016;15:21:00;357;sem vítima;835;BR-381/MG;Sul;Colisão Lateral;1;2;;;;;1
24/11/2016;18:27:00;438;sem vítima;508,8;BR-381/MG;Sul;Colisão Traseira;1;2;;;;;1
24/11/2016;22:52:00;545;sem vítima;892;BR-381/MG;Norte;Choque - Elemento de Drenagem;1;1;;;;;1
25/11/2016;12:57:00;283;com vítima;503,2;BR-381/MG;Norte;Tombamento;1;0;1;;;;1
26/11/2016;15:16:00;311;sem vítima;19;BR-381/SP;Norte;Choque - Defensa, barreira ou "submarino";1;1;;;;;1
26/11/2016;15:37:00;321;sem vítima;28;BR-381/SP;Norte;Colisão Lateral;1;2;;;;;1
28/11/2016;01:06:00;46;com vítima;59;BR-381/SP;Sul;Colisão Traseira;1;1;2;;;;1
28/11/2016;17:17:00;308;sem vítima;712,6;BR-381/MG;Sul;Choque - Defensa, barreira ou "submarino";1;1;;;;;1
29/11/2016;02:28:00;44;com vítima;567,5;BR-381/MG;Norte;Tombamento;1;0;1;;;;1
29/11/2016;07:27:00;96;sem vítima;486,9;BR-381/MG;Norte;Colisão Traseira;1;2;;;;;1
29/11/2016;12:49:00;235;sem vítima;45;BR-381/SP;Norte;Engavetamento;2;3;;;;;1
29/11/2016;14:48:00;277;com vítima;501,3;BR-381/MG;Sul;Colisão Traseira;1;2;1;;;;1
29/11/2016;14:57:00;285;sem vítima;46,4;BR-381/SP;Norte;Colisão Traseira;1;2;;;;;1
29/11/2016;15:10:00;295;sem vítima;844;BR-381/MG;Norte;Colisão Lateral;2;2;;;;;1
30/11/2016;03:06:00;36;sem vítima;725;BR-381/MG;Sul;Choque - Elemento de Drenagem;1;1;;;;;1
30/11/2016;03:14:00;38;sem vítima;541;BR-381/MG;Norte;Colisão Lateral;2;2;;;;;1
30/11/2016;05:20:00;59;sem vítima;803;BR-381/MG;Norte;Choque - Elemento de Drenagem;1;1;;;;;1
30/11/2016;09:08:00;159;sem vítima;900;BR-381/MG;Sul;Colisão Traseira;1;2;;;;;1
30/11/2016;12:55:00;269;sem vítima;51;BR-381/SP;Norte;Colisão Lateral;1;2;;;;;1
30/11/2016;17:08:00;339;sem vítima;566,9;BR-381/MG;Norte;Tombamento;1;1;;;;;1
30/11/2016;20:28:00;430;sem vítima;50,598;BR-381/SP;Norte;Choque - Suporte de Sinalização;1;1;;;;;1
01/09/2016;00:05:00;10;sem vítima;68;BR-381/SP;Norte;Colisão Traseira;1;2;;;;;1
01/09/2016;06:53:00;81;com vítima;737,5;BR-381/MG;Sul;Tombamento;1;0;1;;;;1
01/09/2016;07:27:00;96;sem vítima;491;BR-381/MG;Norte;Colisão Traseira;1;2;;;;;1
01/09/2016;18:28:00;355;com vítima;558,6;BR-381/MG;Sul;Colisão Traseira;1;1;2;;;;1
01/09/2016;23:00:00;459;sem vítima;723,8;BR-381/MG;Sul;Choque - Defensa, barreira ou "submarino";1;1;;;;;1
02/09/2016;08:25:00;135;sem vítima;939,7;BR-381/MG;Norte;Engavetamento;1;4;;;;;1
02/09/2016;10:36:00;197;sem vítima;562;BR-381/MG;Norte;Colisão Lateral;2;2;;;;;1
02/09/2016;13:40:00;277;com vítima;666,7;BR-381/MG;Norte;Colisão Lateral;1;1;1;;;;1
02/09/2016;16:31:00;347;sem vítima;677;BR-381/MG;Norte;Colisão Lateral;2;2;;;;;1
02/09/2016;20:42:00;432;sem vítima;545,9;BR-381/MG;Sul;Colisão Traseira;2;2;;;;;1
03/09/2016;01:47:00;44;sem vítima;86;BR-381/SP;Sul;Colisão Traseira;1;2;;;;;1
03/09/2016;05:20:00;73;com vítima;54,5;BR-381/SP;Sul;Colisão Traseira;2;2;;1;;;2
03/09/2016;17:43:00;314;com vítima;701;BR-381/MG;Sul;Tombamento;1;0;1;;;;1
04/09/2016;10:33:00;134;sem vítima;18;BR-381/SP;Norte;Choque - Defensa, barreira ou "submarino";1;1;;;;;1
04/09/2016;11:21:00;148;sem vítima;700;BR-381/MG;Norte;;1;2;;;;;1
04/09/2016;11:49:00;161;sem vítima;699,8;BR-381/MG;Norte;Choque - Defensa, barreira ou "submarino";1;2;;;;;1
05/09/2016;00:33:00;25;com vítima;745,05;BR-381/MG;Sul;Tombamento;1;0;1;;;;1
05/09/2016;02:36:00;37;com vítima;820,7;BR-381/MG;Sul;Tombamento;1;0;2;;;;1
05/09/2016;08:47:00;138;sem vítima;64;BR-381/SP;Norte;Tombamento;1;1;;;;;1
05/09/2016;15:36:00;330;sem vítima;946;BR-381/MG;Norte;Colisão Lateral;1;2;;;;;1
05/09/2016;21:46:00;483;com vítima;825,6;BR-381/MG;Norte;Tombamento;1;0;1;;;;1
06/09/2016;05:30:00;65;sem vítima;820,7;BR-381/MG;Sul;Outros;1;1;;;;;1
06/09/2016;06:37:00;80;sem vítima;61;BR-381/SP;Norte;Colisão Traseira;1;2;;;;;1
06/09/2016;07:28:00;100;sem vítima;54,4;BR-381/SP;Norte;Tombamento;1;1;;;;;1
06/09/2016;08:06:00;124;sem vítima;918,7;BR-381/MG;Norte;Choque - Defensa, barreira ou "submarino";1;1;;;;;1
06/09/2016;10:10:00;185;sem vítima;490,5;BR-381/MG;Sul;Choque - Elemento de Drenagem;1;2;;;;;1
06/09/2016;10:23:00;191;sem vítima;21,5;BR-381/SP;Sul;Colisão Traseira;1;2;;;;;1
06/09/2016;15:01:00;294;sem vítima;66,4;BR-381/SP;Sul;Colisão Lateral;2;2;;;;;1
06/09/2016;16:12:00;318;com vítima;902,5;BR-381/MG;Norte;Colisão Traseira;1;2;9;;;;1
06/09/2016;18:22:00;385;com vítima;488,5;BR-381/MG;Sul;Engavetamento;1;2;1;;;;1
07/09/2016;15:42:00;264;sem vítima;837,8;BR-381/MG;Sul;Choque - Suporte de Sinalização;1;1;;;;;1
07/09/2016;15:56:00;272;com vítima;907,5;BR-381/MG;Sul;Colisão Lateral;1;1;1;;;;1
07/09/2016;16:45:00;286;sem vítima;514;BR-381/MG;Sul;Colisão Traseira;1;2;;;;;1
08/09/2016;13:05:00;205;sem vítima;524,5;BR-381/MG;Sul;Colisão Traseira;2;2;;;;;1
08/09/2016;23:53:00;455;com vítima;498,2;BR-381/MG;Norte;Colisão Traseira;2;2;1;;1;;2
09/09/2016;06:11:00;60;com vítima;541;BR-381/MG;Norte;Tombamento;1;0;1;;;;1
09/09/2016;11:02:00;183;sem vítima;786,4;BR-381/MG;Sul;Tombamento;1;1;;;;;1
09/09/2016;14:59:00;261;sem vítima;909,92;BR-381/MG;Norte;Colisão Traseira;1;2;;;;;1
09/09/2016;15:33:00;284;sem vítima;892,3;BR-381/MG;Norte;Engavetamento;1;3;;;;;1
09/09/2016;16:19:00;302;com vítima;744,2;BR-381/MG;Norte;Tombamento;1;0;;1;;;2
09/09/2016;16:50:00;315;sem vítima;886;BR-381/MG;Norte;Colisão Traseira;2;2;;;;;1
09/09/2016;17:15:00;328;sem vítima;53,5;BR-381/SP;Sul;Colisão Traseira;1;2;;;;;1
09/09/2016;22:43:00;437;com vítima;59;BR-381/SP;Norte;Colisão Transversal;1;0;4;;;;1
10/09/2016;04:55:00;69;com vítima;768;BR-381/MG;Norte;Engavetamento;2;2;;2;;;2