data;horario;n_da_ocorrencia;tipo_de_ocorrencia;km;trecho;sentido;tipo_de_acidente;caminhao;ilesos;levemente_feridos;moderadamente_feridos;gravemente_feridos;mortos;3
10/09/2016;07:28:00;97;sem vítima;949,7;BR-381/MG;Sul;Colisão Traseira;2;2;;;;;1
10/09/2016;08:43:00;115;sem vítima;7,5;BR-381/SP;Norte;Colisão Traseira;1;2;;;;;1
10/09/2016;14:26:00;249;sem vítima;699;BR-381/MG;Norte;Colisão Lateral;1;2;;;;;1
10/09/2016;20:58:00;402;com vítima;722;BR-381/MG;Norte;Tombamento;1;0;;1;;;2
11/09/2016;20:21:00;385;sem vítima;849;BR-381/MG;Sul;Colisão Lateral;1;2;;;;;1
11/09/2016;22:59:00;435;sem vítima;929,9;BR-381/MG;Sul;Tombamento;1;1;;;;;1
12/09/2016;01:47:00;36;com vítima;58;BR-381/SP;Sul;Colisão Traseira;2;1;1;;;;1
12/09/2016;08:11:00;104;sem vítima;26;BR-381/SP;Sul;Colisão Traseira;1;2;;;;;1
12/09/2016;08:24:00;112;sem vítima;907,9;BR-381/MG;Norte;Tombamento;1;1;;;;;1
12/09/2016;09:12:00;134;sem vítima;730;BR-381/MG;Sul;Colisão Traseira;1;2;;;;;1
12/09/2016;10:27:00;171;com vítima;488,5;BR-381/MG;Sul;Colisão Traseira;1;2;1;;;;1
13/09/2016;06:07:00;72;sem vítima;597,67;BR-381/MG;Norte;Colisão Traseira;1;2;;;;;1
13/09/2016;15:10:00;315;com vítima;544,1;BR-381/MG;Sul;Colisão Traseira;1;1;1;;;;1
13/09/2016;17:17:00;374;sem vítima;486,2;BR-381/MG;Sul;Tombamento;1;1;;;;;1
13/09/2016;18:09:00;402;sem vítima;526;BR-381/MG;Sul;Colisão Traseira;2;2;;;;;1
13/09/2016;22:44:00;483;com vítima;736,6;BR-381/MG;Norte;Colisão Traseira;2;1;1;;;;1
14/09/2016;05:20:00;82;sem vítima;821,8;BR-381/MG;Norte;Choque - Defensa, barreira ou "submarino";1;1;;;;;1
14/09/2016;11:06:00;250;sem vítima;86,2;BR-381/SP;Sul;Engavetamento;1;4;;;;;1
14/09/2016;21:25:00;516;sem vítima;546;BR-381/MG;Sul;Colisão Lateral;2;2;;;;;1
15/09/2016;08:54:00;154;sem vítima;481;BR-381/MG;Sul;Colisão Lateral;1;2;;;;;1
15/09/2016;10:33:00;215;sem vítima;491;BR-381/MG;Norte;Engavetamento;1;3;;;;;1
15/09/2016;15:18:00;332;sem vítima;89,885;BR-381/SP;Norte;Tombamento;1;1;;;;;1
16/09/2016;02:34:00;60;sem vítima;711;BR-381/MG;Sul;Tombamento;1;1;;;;;1
16/09/2016;08:07:00;136;com vítima;567,8;BR-381/MG;Sul;Tombamento;1;0;1;;;;1
16/09/2016;13:24:00;269;sem vítima;491,65;BR-381/MG;Sul;Colisão Lateral;1;2;;;;;1
16/09/2016;15:25:00;306;sem vítima;491;BR-381/MG;Sul;Colisão Lateral;1;2;;;;;1
16/09/2016;15:33:00;313;sem vítima;506;BR-381/MG;Norte;Colisão Lateral;1;2;;;;;1
16/09/2016;20:12:00;439;sem vítima;492;BR-381/MG;Sul;Colisão Traseira;1;2;;;;;1
17/09/2016;05:41:00;96;sem vítima;948;BR-381/MG;Norte;Colisão Lateral;1;2;;;;;1
17/09/2016;13:18:00;287;sem vítima;69;BR-381/SP;Norte;Choque - Suporte de Sinalização;1;1;;;;;1
17/09/2016;21:06:00;465;com vítima;721;BR-381/MG;Norte;Tombamento;1;0;1;;;;1
18/09/2016;00:24:00;27;sem vítima;865,2;BR-381/MG;Norte;Choque - Elemento de Drenagem;1;1;;;;;1
18/09/2016;04:00:00;62;sem vítima;778;BR-381/MG;Norte;Colisão Traseira;2;2;;;;;1
18/09/2016;17:17:00;324;sem vítima;777;BR-381/MG;Norte;Choque - Elemento de Drenagem;1;1;;;;;1
18/09/2016;18:52:00;377;sem vítima;29,8;BR-381/SP;Sul;Outros;1;1;;;;;1
18/09/2016;19:24:00;394;com vítima;580;BR-381/MG;Sul;Colisão Traseira;2;1;1;;;;1
19/09/2016;01:42:00;42;sem vítima;724,3;BR-381/MG;Sul;Colisão Traseira;2;3;;;;;1
19/09/2016;09:07:00;156;com vítima;481,5;BR-381/MG;Sul;Engavetamento;1;2;3;;;;1
19/09/2016;18:55:00;393;sem vítima;485,7;BR-381/MG;Sul;Colisão Lateral;1;2;;;;;1
20/09/2016;03:57:00;59;sem vítima;531;BR-381/MG;Norte;Choque - Talude;1;1;;;;;1
20/09/2016;05:20:00;73;sem vítima;15;BR-381/SP;Norte;Objeto lançado contra veículo;1;2;;;;;1
21/09/2016;07:23:00;103;sem vítima;36;BR-381/SP;Norte;Engavetamento;2;3;;;;;1
21/09/2016;08:14:00;123;com vítima;478;BR-381/MG;Norte;Colisão Traseira;1;1;2;;;;1
21/09/2016;09:00:00;154;sem vítima;774;BR-381/MG;Sul;Colisão Traseira;2;2;;;;;1
21/09/2016;09:07:00;156;sem vítima;682,8;BR-381/MG;Sul;Choque - Elemento de Drenagem;1;1;;;;;1
22/09/2016;04:25:00;61;sem vítima;709,7;BR-381/MG;Norte;Tombamento;1;1;;;;;1
22/09/2016;06:17:00;78;sem vítima;750,8;BR-381/MG;Norte;Colisão Traseira;1;2;;;;;1
22/09/2016;06:35:00;87;sem vítima;558,5;BR-381/MG;Norte;Colisão Traseira;2;2;;;;;1
22/09/2016;08:11:00;137;sem vítima;810;BR-381/MG;Norte;Colisão Lateral;2;2;;;;;1
22/09/2016;09:11:00;169;sem vítima;780,2;BR-381/MG;Norte;Colisão Lateral;1;2;;;;;1
22/09/2016;16:24:00;366;sem vítima;735,5;BR-381/MG;Norte;Colisão Lateral;1;2;;;;;1
22/09/2016;19:17:00;470;sem vítima;707,9;BR-381/MG;Norte;Choque - Defensa, barreira ou "submarino";1;1;;;;;1
22/09/2016;19:17:00;471;com vítima;524;BR-381/MG;Sul;Colisão Lateral;1;1;1;;;;1
23/09/2016;00:09:00;22;com vítima;854;BR-381/MG;Sul;Colisão Traseira;1;1;1;;;;1
23/09/2016;05:41:00;96;sem vítima;33;BR-381/SP;Norte;Atropelamento de Animal;1;1;;;;;1
23/09/2016;10:07:00;223;sem vítima;805;BR-381/MG;Norte;Colisão Traseira;1;2;;;;;1
23/09/2016;11:04:00;252;sem vítima;485;BR-381/MG;Sul;Colisão Lateral;1;2;;;;;1
23/09/2016;14:05:00;323;com vítima;757,3;BR-381/MG;Norte;Colisão Lateral;1;1;2;;;;1
23/09/2016;18:20:00;474;com vítima;561,2;BR-381/MG;Sul;Tombamento;1;0;2;;;;1
23/09/2016;18:27:00;479;sem vítima;703;BR-381/MG;Sul;Colisão Traseira;2;2;;;;;1
23/09/2016;23:27:00;591;sem vítima;600,8;BR-381/MG;Sul;Engavetamento;3;3;;;;;1
24/09/2016;01:58:00;42;sem vítima;666;BR-381/MG;Norte;Choque - Elemento de Drenagem;1;2;;;;;1
24/09/2016;02:20:00;45;sem vítima;900;BR-381/MG;Norte;Colisão Traseira;1;2;;;;;1
24/09/2016;05:50:00;67;sem vítima;24,5;BR-381/SP;Norte;Tombamento;1;1;;;;;1
24/09/2016;06:21:00;74;sem vítima;900,88;BR-381/MG;Sul;Choque - Outros;1;1;;;;;1
24/09/2016;08:50:00;144;sem vítima;807;BR-381/MG;Norte;Colisão Lateral;2;2;;;;;1
24/09/2016;14:33:00;261;sem vítima;821;BR-381/MG;Norte;Tombamento;1;1;;;;;1
24/09/2016;15:07:00;276;com vítima;63,3;BR-381/SP;Sul;Colisão Traseira;1;2;1;1;;;2
24/09/2016;20:14:00;382;sem vítima;495,3;BR-381/MG;Norte;Colisão Lateral;1;2;;;;;1
24/09/2016;21:56:00;422;sem vítima;493;BR-381/MG;Sul;Choque - Defensa, barreira ou "submarino";1;1;;;;;1
25/09/2016;03:41:00;52;sem vítima;805;BR-381/MG;Sul;Colisão Lateral;1;5;;;;;1
26/09/2016;02:43:00;39;sem vítima;830,2;BR-381/MG;Sul;Tombamento;1;1;;;;;1
26/09/2016;05:40:00;63;com vítima;579;BR-381/MG;Sul;Choque - Defensa, barreira ou "submarino";1;0;1;;;;1
26/09/2016;05:48:00;69;sem vítima;579;BR-381/MG;Sul;Colisão Traseira;1;2;;;;;1
26/09/2016;17:46:00;364;sem vítima;78,6;BR-381/SP;Norte;Tombamento;1;1;;;;;1
26/09/2016;23:05:00;468;com vítima;728,5;BR-381/MG;Sul;Capotamento;1;0;1;;;;1
27/09/2016;11:12:00;198;sem vítima;568,5;BR-381/MG;Sul;Colisão Traseira;1;2;;;;;1
27/09/2016;11:39:00;207;com vítima;45;BR-381/SP;Norte;Choque - Defensa, barreira ou "submarino";1;0;1;;;;1
27/09/2016;12:54:00;238;sem vítima;482,9;BR-381/MG;Sul;Colisão Lateral;4;5;;;;;1
27/09/2016;13:46:00;261;sem vítima;495,3;BR-381/MG;Sul;Colisão Lateral;1;2;;;;;1
27/09/2016;19:56:00;387;com vítima;832,6;BR-381/MG;Norte;Tombamento;1;0;;1;;;2
28/09/2016;03:25:00;38;sem vítima;52;BR-381/SP;Sul;Colisão Traseira;2;2;;;;;1
28/09/2016;04:33:00;50;sem vítima;532,5;BR-381/MG;Norte;Choque - Elemento de Drenagem;1;1;;;;;1
28/09/2016;06:10:00;65;com vítima;721,7;BR-381/MG;Norte;Tombamento;1;0;;1;;;2
28/09/2016;08:22:00;133;sem vítima;732;BR-381/MG;Norte;Colisão Lateral;1;2;;;;;1
28/09/2016;10:40:00;201;sem vítima;618;BR-381/MG;Norte;Colisão Lateral;1;3;;;;;1
28/09/2016;15:54:00;358;com vítima;750,3;BR-381/MG;Sul;Tombamento;2;1;2;;;;1
28/09/2016;18:22:00;414;sem vítima;683;BR-381/MG;Norte;Choque - Talude;1;1;;;;;1
28/09/2016;21:06:00;460;sem vítima;37,4;BR-381/SP;Norte;Choque - Elemento de Drenagem;1;1;;;;;1
28/09/2016;21:11:00;461;sem vítima;26;BR-381/SP;Sul;Colisão Traseira;1;2;;;;;1
28/09/2016;21:44:00;470;sem vítima;28;BR-381/SP;Sul;Colisão Traseira;1;2;;;;;1
29/09/2016;07:17:00;100;sem vítima;805;BR-381/MG;Sul;Colisão Lateral;1;2;;;;;1
29/09/2016;08:10:00;125;sem vítima;30;BR-381/SP;Sul;Colisão Traseira;2;2;;;;;1
29/09/2016;11:46:00;230;sem vítima;600,8;BR-381/MG;Sul;Colisão Traseira;2;5;;;;;1
29/09/2016;11:52:00;235;sem vítima;915;BR-381/MG;Norte;Colisão Lateral;1;5;;;;;1
29/09/2016;12:52:00;258;com vítima;492,6;BR-381/MG;Sul;Colisão Lateral;1;1;1;;;;1
29/09/2016;13:37:00;275;sem vítima;515;BR-381/MG;Norte;Choque - Elemento de Drenagem;1;2;;;;;1
29/09/2016;16:03:00;332;sem vítima;25;BR-381/SP;Sul;Outros;1;1;;;;;1
29/09/2016;19:22:00;422;com vítima;937,5;BR-381/MG;Norte;Tombamento;1;2;;;1;;2
30/09/2016;08:41:00;133;sem vítima;495;BR-381/MG;Norte;Colisão Lateral;1;2;;;;;1
30/09/2016;10:48:00;186;sem vítima;69,1;BR-381/SP;Norte;Objeto lançado contra veículo;1;2;;;;;1
30/09/2016;20:34:00;469;sem vítima;853;BR-381/MG;Norte;Colisão Traseira;1;2;;;;;1
30/09/2016;21:37:00;495;sem vítima;938;BR-381/MG;Norte;Choque - Defensa, barreira ou "submarino";1;2;;;;;1
01/12/2016;03:00:00;50;sem vítima;32;BR-381/SP;Sul;Colisão Lateral;1;2;;;;;1
01/12/2016;10:49:00;203;sem vítima;597,67;BR-381/MG;Sul;Colisão Traseira;1;2;;;;;1
01/12/2016;11:23:00;223;com vítima;510;BR-381/MG;Norte;Engavetamento;2;2;3;;;;1
01/12/2016;15:14:00;315;com vítima;921,743;BR-381/MG;Norte;Colisão Lateral;1;2;2;;;;1
01/12/2016;15:37:00;327;com vítima;576,6;BR-381/MG;Sul;Colisão Lateral;1;1;2;1;;;2
01/12/2016;15:42:00;330;sem vítima;901;BR-381/MG;Norte;Choque - Defensa, barreira ou "submarino";1;1;;;;;1
02/12/2016;04:15:00;59;sem vítima;816;BR-381/MG;Sul;Colisão Traseira;2;2;;;;;1
02/12/2016;11:47:00;232;sem vítima;497,2;BR-381/MG;Sul;Outros;1;2;;;;;1
02/12/2016;15:06:00;299;sem vítima;32,601;BR-381/SP;Sul;Colisão Traseira;1;3;;;;;1
02/12/2016;17:23:00;362;sem vítima;490,2;BR-381/MG;Norte;Colisão Traseira;1;2;;;;;1
03/12/2016;04:08:00;71;com vítima;487;BR-381/MG;Sul;Queda de Moto;1;1;2;;;;1
03/12/2016;04:43:00;79;sem vítima;718,2;BR-381/MG;Sul;Tombamento;1;1;;;;;1
03/12/2016;14:42:00;295;sem vítima;565,5;BR-381/MG;Norte;Choque - Talude;1;1;;;;;1
03/12/2016;16:12:00;339;com vítima;586,7;BR-381/MG;Norte;Tombamento;1;0;;1;;;2
03/12/2016;16:26:00;348;sem vítima;506,2;BR-381/MG;Sul;Colisão Lateral;1;2;;;;;1
03/12/2016;18:01:00;392;sem vítima;76,8;BR-381/SP;Sul;Colisão Frontal;1;2;;;;;1
03/12/2016;22:21:00;508;sem vítima;761,1;BR-381/MG;Sul;Choque - Defensa, barreira ou "submarino";1;1;;;;;1
04/12/2016;02:26:00;51;sem vítima;515,8;BR-381/MG;Norte;Choque - Defensa, barreira ou "submarino";1;2;;;;;1
04/12/2016;13:28:00;211;sem vítima;933,6;BR-381/MG;Norte;Colisão Lateral;1;2;;;;;1
04/12/2016;13:51:00;223;sem vítima;721;BR-381/MG;Norte;Capotamento;1;1;;;;;1
04/12/2016;17:34:00;329;sem vítima;66,7;BR-381/SP;Sul;Colisão Lateral;1;2;;;;;1
04/12/2016;18:32:00;349;sem vítima;658,25;BR-381/MG;Sul;Colisão Traseira;1;2;;;;;1
05/12/2016;08:42:00;125;com vítima;540,2;BR-381/MG;Norte;Capotamento;1;1;1;;;;1
05/12/2016;12:16:00;229;sem vítima;533,4;BR-381/MG;Sul;Choque - Defensa, barreira ou "submarino";1;1;;;;;1
05/12/2016;13:06:00;245;sem vítima;747;BR-381/MG;Sul;Choque - Defensa, barreira ou "submarino";1;1;;;;;1
05/12/2016;13:14:00;247;com vítima;811,5;BR-381/MG;Norte;Choque - Defensa, barreira ou "submarino";1;0;;1;;;2
05/12/2016;18:11:00;377;sem vítima;615,5;BR-381/MG;Norte;Choque - Elemento de Drenagem;1;1;;;;;1
05/12/2016;20:49:00;431;sem vítima;25;BR-381/SP;Sul;Engavetamento;1;3;;;;;1
05/12/2016;22:32:00;458;com vítima;772,5;BR-381/MG;Norte;Colisão Traseira;2;1;1;;;;1
06/12/2016;08:09:00;130;com vítima;561,2;BR-381/MG;Sul;Tombamento;1;0;1;;;;1
06/12/2016;12:03:00;235;sem vítima;66,6;BR-381/SP;Sul;Choque - Suporte de Sinalização;1;1;;;;;1
07/12/2016;00:16:00;13;com vítima;32,5;BR-381/SP;Sul;Colisão Traseira;2;1;;1;;;2
07/12/2016;04:26:00;59;sem vítima;893;BR-381/MG;Sul;Choque - Elemento de Drenagem;1;1;;;;;1
07/12/2016;05:32:00;74;sem vítima;72,3;BR-381/SP;Norte;Colisão Lateral;1;2;;;;;1
07/12/2016;10:18:00;188;sem vítima;597;BR-381/MG;Norte;Colisão Traseira;2;2;;;;;1
07/12/2016;12:09:00;232;com vítima;909,6;BR-381/MG;Norte;Colisão Traseira;1;2;;1;;;2
07/12/2016;17:41:00;392;sem vítima;939,359;BR-381/MG;Norte;Colisão Traseira;2;2;;;;;1
07/12/2016;17:49:00;393;sem vítima;525,8;BR-381/MG;Sul;Colisão Traseira;2;2;;;;;1
08/12/2016;01:46:00;37;com vítima;493,3;BR-381/MG-CONT;Norte;Choque - Defensa, barreira ou "submarino";1;1;1;;;;1
08/12/2016;02:28:00;45;sem vítima;531,9;BR-381/MG;Norte;Choque - Defensa, barreira ou "submarino";1;2;;;;;1
08/12/2016;10:30:00;173;com vítima;493;BR-381/MG;Sul;Colisão Traseira;2;1;1;;;;1
08/12/2016;12:48:00;242;sem vítima;26,7;BR-381/SP;Sul;Colisão Lateral;1;2;;;;;1
08/12/2016;16:08:00;325;sem vítima;66,6;BR-381/SP;Sul;Colisão Traseira;1;2;;;;;1
08/12/2016;16:25:00;333;sem vítima;83,5;BR-381/SP;Norte;Tombamento;1;3;;;;;1
08/12/2016;22:19:00;487;com vítima;67,9;BR-381/SP;Norte;Tombamento;1;0;;;;1;3
08/12/2016;22:43:00;498;sem vítima;67,9;BR-381/SP;Norte;Choque - Veiculo parado no acostamento;2;2;;;;;1
08/12/2016;23:16:00;513;com vítima;21,8;BR-381/SP;Norte;Colisão Traseira;1;2;2;;;;1
09/12/2016;00:53:00;24;sem vítima;65,5;BR-381/SP;Norte;Colisão Traseira;2;2;;;;;1
09/12/2016;05:05:00;68;sem vítima;844;BR-381/MG;Norte;Colisão Lateral;1;2;;;;;1
09/12/2016;08:28:00;147;com vítima;88;BR-381/SP;Sul;Colisão Traseira;1;2;;1;;;2
09/12/2016;08:54:00;160;com vítima;540;BR-381/MG;Norte;Choque - Defensa, barreira ou "submarino";1;3;1;;;;1
09/12/2016;16:02:00;338;sem vítima;889;BR-381/MG;Sul;Engavetamento;1;3;;;;;1
09/12/2016;16:22:00;353;com vítima;510,8;BR-381/MG;Sul;Colisão Traseira;1;2;1;;;;1
09/12/2016;22:45:00;513;sem vítima;516,5;BR-381/MG;Norte;Choque - Defensa, barreira ou "submarino";1;2;;;;;1
10/12/2016;13:17:00;284;sem vítima;505,6;BR-381/MG;Sul;Engavetamento;1;3;;;;;1
10/12/2016;14:58:00;315;sem vítima;487,7;BR-381/MG;Sul;Engavetamento;1;4;;;;;1
11/12/2016;13:17:00;216;com vítima;503;BR-381/MG;Norte;Colisão Lateral;1;1;1;;;;1
11/12/2016;13:24:00;218;com vítima;810,5;BR-381/MG;Norte;Colisão Transversal;1;1;;;1;;2
11/12/2016;16:29:00;305;sem vítima;658,25;BR-381/MG;Norte;Colisão Lateral;1;2;;;;;1
11/12/2016;21:57:00;462;sem vítima;813,3;BR-381/MG;Norte;Colisão Lateral;2;2;;;;;1
12/12/2016;05:49:00;53;sem vítima;783;BR-381/MG;Norte;Tombamento;1;1;;;;;1
12/12/2016;12:41:00;220;sem vítima;686;BR-381/MG;Sul;Choque - Defensa, barreira ou "submarino";1;1;;;;;1
12/12/2016;13:20:00;237;sem vítima;602;BR-381/MG;Sul;Colisão Traseira;1;2;;;;;1
12/12/2016;16:20:00;323;sem vítima;495;BR-381/MG;Norte;Choque - Defensa, barreira ou "submarino";1;1;;;;;1
12/12/2016;16:35:00;328;sem vítima;686,4;BR-381/MG;Sul;Choque - Defensa, barreira ou "submarino";1;1;;;;;1
12/12/2016;16:50:00;341;com vítima;631,5;BR-381/MG;Norte;Capotamento;1;1;2;;;;1
12/12/2016;16:53:00;344;sem vítima;518,5;BR-381/MG;Norte;Choque - Elemento de Drenagem;1;3;;;;;1
12/12/2016;16:59:00;345;sem vítima;946;BR-381/MG;Norte;Colisão Traseira;2;2;;;;;1
13/12/2016;00:56:00;32;sem vítima;849,5;BR-381/MG;Sul;Colisão Traseira;2;2;;;;;1
13/12/2016;02:30:00;48;sem vítima;601;BR-381/MG;Sul;Choque - Elemento de Drenagem;1;1;;;;;1
13/12/2016;13:37:00;308;sem vítima;675,4;BR-381/MG;Sul;Colisão Lateral;1;2;;;;;1
13/12/2016;14:17:00;321;com vítima;490,7;BR-381/MG;Norte;Engavetamento;1;2;1;;;;1
13/12/2016;15:31:00;359;sem vítima;738,95;BR-381/MG;Norte;Tombamento;1;2;;;;;1
13/12/2016;16:18:00;390;sem vítima;488,6;BR-381/MG;Sul;Colisão Traseira;1;2;;;;;1
13/12/2016;16:41:00;401;sem vítima;559,5;BR-381/MG;Norte;Tombamento;1;1;;;;;1
13/12/2016;17:15:00;417;sem vítima;559,9;BR-381/MG;Sul;Choque - Defensa, barreira ou "submarino";1;1;;;;;1
14/12/2016;03:43:00;64;sem vítima;519;BR-381/MG;Norte;Choque - Defensa, barreira ou "submarino";1;2;;;;;1
14/12/2016;08:16:00;155;sem vítima;515,9;BR-381/MG;Norte;Choque - Talude;1;1;;;;;1
14/12/2016;09:23:00;191;com vítima;621,1;BR-381/MG;Norte;Engavetamento;3;4;1;;3;3;3
14/12/2016;10:06:00;210;com vítima;623,4;BR-381/MG;Norte;Engavetamento;2;2;;;;4;3
14/12/2016;15:25:00;347;sem vítima;490;BR-381/MG;Sul;Colisão Lateral;1;2;;;;;1
14/12/2016;17:01:00;390;sem vítima;3;BR-381/SP;Norte;Colisão Lateral;1;3;;;;;1
15/12/2016;02:35:00;57;com vítima;68;BR-381/SP;Sul;Colisão Traseira;2;1;1;;;;1
15/12/2016;12:20:00;263;com vítima;516;BR-381/MG;Norte;Engavetamento;2;7;4;;;;1
15/12/2016;15:43:00;331;sem vítima;514,5;BR-381/MG;Norte;Tombamento;1;4;;;;;1
16/12/2016;07:00:00;94;sem vítima;76;BR-381/SP;Sul;Engavetamento;1;3;;;;;1
16/12/2016;12:04:00;251;sem vítima;67,6;BR-381/SP;Sul;Engavetamento;1;4;;;;;1
16/12/2016;13:32:00;281;sem vítima;494;BR-381/MG;Sul;Colisão Traseira;1;2;;;;;1
16/12/2016;16:10:00;341;com vítima;490;BR-381/MG;Norte;Colisão Lateral;1;1;1;;;;1
16/12/2016;16:28:00;354;sem vítima;495,5;BR-381/MG;Sul;Colisão Lateral;2;2;;;;;1
16/12/2016;18:34:00;426;sem vítima;33,5;BR-381/SP;Norte;Engavetamento;1;3;;;;;1
16/12/2016;21:16:00;483;sem vítima;752;BR-381/MG;Norte;Choque - Elemento de Drenagem;1;1;;;;;1
16/12/2016;21:25:00;486;com vítima;496,5;BR-381/MG;Norte;Atropelamento - Usuário;1;3;;;;1;3
16/12/2016;21:53:00;498;sem vítima;613,1;BR-381/MG;Norte;Colisão Traseira;2;2;;;;;1
17/12/2016;03:16:00;51;com vítima;503;BR-381/MG;Norte;Colisão Traseira;1;1;;1;;1;3
17/12/2016;06:08:00;84;com vítima;706,5;BR-381/MG;Sul;Tombamento;1;1;1;;;;1
17/12/2016;08:55:00;168;sem vítima;940;BR-381/MG;Norte;Tombamento;1;1;;;;;1
17/12/2016;10:37:00;222;com vítima;521,5;BR-381/MG;Norte;Colisão Traseira;1;1;1;;;;1
17/12/2016;11:25:00;247;sem vítima;723,5;BR-381/MG;Sul;Colisão Lateral;1;2;;;;;1
17/12/2016;12:02:00;267;sem vítima;81;BR-381/SP;Sul;Choque - Defensa, barreira ou "submarino";1;1;;;;;1
17/12/2016;22:20:00;539;sem vítima;627,5;BR-381/MG;Sul;Choque - Elemento de Drenagem;1;1;;;;;1
18/12/2016;13:34:00;221;sem vítima;491,8;BR-381/MG;Norte;Colisão Lateral;1;2;;;;;1
18/12/2016;15:46:00;277;com vítima;756,95;BR-381/MG;Sul;Tombamento;1;0;1;;;;1
18/12/2016;21:50:00;430;sem vítima;537,7;BR-381/MG;Norte;Colisão Traseira;2;2;;;;;1
18/12/2016;23:36:00;470;sem vítima;670;BR-381/MG;Norte;Colisão Traseira;1;6;;;;;1
19/12/2016;06:29:00;85;sem vítima;856;BR-381/MG;Sul;Choque - Suporte de Sinalização;1;1;;;;;1
19/12/2016;09:16:00;186;sem vítima;66,6;BR-381/SP;Sul;Colisão Traseira;1;2;;;;;1
19/12/2016;10:49:00;248;sem vítima;924,7;BR-381/MG;Norte;Colisão Lateral;1;2;;;;;1
19/12/2016;13:08:00;314;sem vítima;518,9;BR-381/MG;Norte;Colisão Lateral;3;3;;;;;1
19/12/2016;15:39:00;374;sem vítima;851;BR-381/MG;Norte;Choque - Defensa, barreira ou "submarino";1;3;;;;;1
19/12/2016;15:56:00;390;sem vítima;14;BR-381/SP;Norte;Colisão Traseira;1;2;;;;;1
19/12/2016;16:36:00;410;com vítima;485,1;BR-381/MG;Sul;Colisão Traseira;2;2;;;;1;3
19/12/2016;21:44:00;545;sem vítima;4;BR-381/SP;Norte;Choque - Talude;1;1;;;;;1
19/12/2016;22:42:00;560;sem vítima;908,5;BR-381/MG;Norte;Colisão Traseira;1;3;;;;;1
20/12/2016;01:21:00;34;sem vítima;738,98;BR-381/MG;Norte;Choque - Elemento de Drenagem;1;1;;;;;1
20/12/2016;01:30:00;35;sem vítima;630,5;BR-381/MG;Norte;Colisão Traseira;2;2;;;;;1
20/12/2016;02:12:00;39;com vítima;14,5;BR-381/SP;Sul;Colisão Traseira;2;1;;;1;;2
20/12/2016;03:09:00;46;sem vítima;862;BR-381/MG;Sul;Colisão Traseira;1;2;;;;;1
20/12/2016;05:51:00;76;sem vítima;701,5;BR-381/MG;Norte;Colisão Traseira;2;2;;;;;1
20/12/2016;12:43:00;273;sem vítima;42,3;BR-381/SP;Sul;Colisão Lateral;1;2;;;;;1
20/12/2016;14:00:00;305;com vítima;921,4;BR-381/MG;Sul;Capotamento;1;0;1;;;;1
20/12/2016;23:43:00;584;sem vítima;830,8;BR-381/MG;Sul;Tombamento;1;2;;;;;1
21/12/2016;02:32:00;57;sem vítima;941,9;BR-381/MG;Sul;Colisão Traseira;1;4;;;;;1
21/12/2016;04:28:00;76;sem vítima;541,9;BR-381/MG;Norte;Atropelamento de Animal;1;1;;;;;1
21/12/2016;08:31:00;156;sem vítima;594,7;BR-381/MG;Norte;Colisão Traseira;1;2;;;;;1
21/12/2016;15:03:00;334;com vítima;925;BR-381/MG;Sul;Choque - Defensa, barreira ou "submarino";1;0;1;;;;1
21/12/2016;16:46:00;398;sem vítima;7,6;BR-381/SP;Norte;Colisão Lateral;1;2;;;;;1
21/12/2016;18:22:00;453;sem vítima;838,9;BR-381/MG;Norte;Tombamento;1;1;;;;;1
21/12/2016;22:08:00;534;sem vítima;7;BR-381/SP;Norte;Colisão Lateral;1;2;;;;;1
21/12/2016;22:10:00;535;com vítima;726;BR-381/MG;Norte;Tombamento;1;1;1;1;;;2
22/12/2016;02:28:00;43;com vítima;90;BR-381/SP;Sul;Colisão Frontal;1;1;;1;;;2
22/12/2016;06:22:00;94;sem vítima;638;BR-381/MG;Sul;Tombamento;1;1;;;;;1
22/12/2016;10:16:00;196;com vítima;6;BR-381/SP;Norte;Colisão Traseira;1;2;1;;;;1
22/12/2016;16:20:00;408;sem vítima;484,3;BR-381/MG;Norte;Colisão Traseira;1;2;;;;;1
22/12/2016;18:08:00;477;sem vítima;649;BR-381/MG;Sul;Colisão Lateral;1;2;;;;;1
22/12/2016;19:58:00;533;sem vítima;693,2;BR-381/MG;Sul;Colisão Lateral;1;2;;;;;1
22/12/2016;22:11:00;580;com vítima;688;BR-381/MG;Norte;Tombamento;1;2;;1;;;2
23/12/2016;05:51:00;130;sem vítima;547;BR-381/MG;Norte;Colisão Traseira;2;2;;;;;1
23/12/2016;10:26:00;257;sem vítima;948,3;BR-381/MG;Norte;Colisão Traseira;2;2;;;;;1
23/12/2016;14:11:00;369;com vítima;752,2;BR-381/MG;Sul;Engavetamento;1;2;2;;;;1
23/12/2016;15:30:00;420;sem vítima;761,4;BR-381/MG;Norte;Colisão Traseira;1;2;;;;;1
23/12/2016;16:57:00;465;com vítima;601,1;BR-381/MG;Sul;Colisão Traseira;2;0;2;;;;1
23/12/2016;17:03:00;470;sem vítima;908,4;BR-381/MG;Norte;Choque - Defensa, barreira ou "submarino";1;1;;;;;1
24/12/2016;15:03:00;358;com vítima;74,8;BR-381/SP;Norte;Choque - Arvore;1;0;;1;;;2
25/12/2016;15:26:00;237;sem vítima;804,05;BR-381/MG;Norte;Colisão Traseira;1;2;;;;;1
25/12/2016;16:57:00;278;com vítima;519,3;BR-381/MG;Norte;Colisão Traseira;1;1;2;;;;1
26/12/2016;07:23:00;101;sem vítima;740;BR-381/MG;Norte;Tombamento;1;1;;;;;1
26/12/2016;14:48:00;350;sem vítima;601,5;BR-381/MG;Sul;Colisão Traseira;1;2;;;;;1