data;horario;n_da_ocorrencia;tipo_de_ocorrencia;km;trecho;sentido;tipo_de_acidente;caminhao;ilesos;levemente_feridos;moderadamente_feridos;gravemente_feridos;mortos;3
26/12/2016;17:56:00;452;sem vítima;30;BR-381/SP;Sul;Colisão Traseira;1;6;;;;;1
27/12/2016;06:35:00;77;sem vítima;818;BR-381/MG;Norte;Colisão Traseira;2;2;;;;;1
27/12/2016;06:50:00;83;sem vítima;687;BR-381/MG;Sul;Choque - Defensa, barreira ou "submarino";1;1;;;;;1
27/12/2016;07:34:00;100;sem vítima;946,8;BR-381/MG;Sul;Colisão Traseira;1;2;;;;;1
27/12/2016;13:24:00;260;sem vítima;699,8;BR-381/MG;Norte;Choque - Defensa, barreira ou "submarino";1;1;;;;;1
28/12/2016;04:44:00;58;sem vítima;672,9;BR-381/MG;Norte;Colisão Traseira;2;2;;;;;1
28/12/2016;14:56:00;314;sem vítima;502;BR-381/MG;Sul;Tombamento;1;3;;;;;1
28/12/2016;17:03:00;392;sem vítima;70,2;BR-381/SP;Norte;Colisão Lateral;1;4;;;;;1
28/12/2016;17:49:00;416;sem vítima;52;BR-381/SP;Sul;Outros;1;1;;;;;1
28/12/2016;18:41:00;445;sem vítima;70;BR-381/SP;Sul;Colisão Lateral;2;3;;;;;1
28/12/2016;20:04:00;488;sem vítima;597,6;BR-381/MG;Sul;Choque - Outros;1;1;;;;;1
29/12/2016;06:28:00;89;sem vítima;671;BR-381/MG;Norte;Colisão Traseira;2;3;;;;;1
29/12/2016;20:40:00;489;sem vítima;783;BR-381/MG;Sul;Tombamento;1;1;;;;;1
29/12/2016;21:52:00;514;com vítima;489;BR-381/MG;Sul;Colisão Lateral;1;2;1;;;;1
30/12/2016;04:27:00;77;sem vítima;904;BR-381/MG;Norte;Colisão Traseira;2;2;;;;;1
30/12/2016;08:25:00;153;sem vítima;621;BR-381/MG;Sul;Tombamento;1;1;;;;;1
30/12/2016;10:25:00;202;com vítima;819;BR-381/MG;Norte;Colisão Traseira;1;2;1;1;;;2
30/12/2016;15:18:00;324;sem vítima;921,5;BR-381/MG;Sul;Choque - Defensa, barreira ou "submarino";1;1;;;;;1
31/12/2016;07:55:00;108;sem vítima;805;BR-381/MG;Norte;Colisão Traseira;2;2;;;;;1
01/01/2017;09:36:00;113;com vítima;721;BR-381/MG;Sul;Tombamento;1;0;;;;1;3
01/01/2017;13:34:00;182;sem vítima;642;BR-381/MG;Sul;Colisão Lateral;1;2;;;;;1
01/01/2017;15:03:00;210;com vítima;678,15;BR-381/MG;Sul;Colisão Traseira;1;2;;1;;;2
01/01/2017;16:36:00;250;com vítima;672,7;BR-381/MG;Sul;Capotamento;1;0;1;;;;1
02/01/2017;04:48:00;61;sem vítima;567,5;BR-381/MG;Norte;Colisão Traseira;1;2;;;;;1
02/01/2017;07:41:00;111;sem vítima;929,9;BR-381/MG;Sul;Tombamento;1;1;;;;;1
02/01/2017;21:10:00;507;sem vítima;482,6;BR-381/MG;Sul;Colisão Traseira;1;2;;;;;1
02/01/2017;22:37:00;541;sem vítima;720;BR-381/MG;Norte;Tombamento;1;2;;;;;1
03/01/2017;00:42:00;27;sem vítima;848;BR-381/MG;Sul;Choque - Defensa, barreira ou "submarino";1;6;;;;;1
03/01/2017;00:54:00;28;sem vítima;857,2;BR-381/MG;Sul;Atropelamento de Animal;1;1;;;;;1
03/01/2017;04:00:00;57;sem vítima;736;BR-381/MG;Sul;Choque - Defensa, barreira ou "submarino";1;1;;;;;1
03/01/2017;05:06:00;66;sem vítima;918,9;BR-381/MG;Sul;Colisão Lateral;2;2;;;;;1
03/01/2017;09:03:00;164;sem vítima;26,5;BR-381/SP;Norte;Colisão Traseira;2;2;;;;;1
03/01/2017;10:10:00;202;com vítima;774;BR-381/MG;Norte;Colisão Traseira;1;1;;;2;;2
03/01/2017;12:04:00;255;sem vítima;500,4;BR-381/MG;Sul;Colisão Traseira;1;2;;;;;1
03/01/2017;12:46:00;268;sem vítima;517,5;BR-381/MG;Norte;Colisão Lateral;1;2;;;;;1
03/01/2017;16:43:00;391;sem vítima;503,4;BR-381/MG;Sul;Colisão Traseira;1;2;;;;;1
03/01/2017;17:31:00;415;sem vítima;61,3;BR-381/SP;Sul;Choque - Defensa, barreira ou "submarino";1;1;;;;;1
03/01/2017;17:48:00;425;sem vítima;55;BR-381/SP;Norte;Choque - Defensa, barreira ou "submarino";1;1;;;;;1
03/01/2017;18:35:00;447;sem vítima;873,7;BR-381/MG;Norte;Tombamento;1;1;;;;;1
04/01/2017;05:17:00;61;com vítima;802;BR-381/MG;Sul;Colisão Traseira;2;1;1;;;;1
04/01/2017;09:55:00;177;sem vítima;551;BR-381/MG;Norte;Choque - Defensa, barreira ou "submarino";1;2;;;;;1
04/01/2017;11:25:00;220;sem vítima;536,5;BR-381/MG;Norte;Colisão Traseira;2;2;;;;;1
04/01/2017;13:16:00;262;sem vítima;506;BR-381/MG;Sul;Colisão Lateral;1;2;;;;;1
04/01/2017;15:36:00;326;sem vítima;487;BR-381/MG;Norte;Colisão Lateral;1;2;;;;;1
04/01/2017;18:29:00;428;sem vítima;69,5;BR-381/SP;Norte;Choque - Talude;1;2;;;;;1
04/01/2017;20:33:00;489;sem vítima;678;BR-381/MG;Sul;Colisão Traseira;2;2;;;;;1
04/01/2017;21:01:00;494;sem vítima;749;BR-381/MG;Norte;Colisão Traseira;2;2;;;;;1
05/01/2017;03:16:00;46;com vítima;834;BR-381/MG;Sul;Tombamento;1;0;1;;;;1
05/01/2017;11:53:00;236;sem vítima;70;BR-381/SP;Sul;Colisão Traseira;1;2;;;;;1
05/01/2017;13:14:00;267;sem vítima;658;BR-381/MG;Sul;Choque - Outros;1;1;;;;;1
05/01/2017;18:14:00;422;com vítima;659;BR-381/MG;Sul;Colisão Traseira;2;1;1;;;;1
05/01/2017;22:38:00;524;com vítima;490;BR-381/MG;Sul;Colisão Traseira;1;2;;;1;;2
05/01/2017;23:14:00;540;com vítima;37;BR-381/SP;Sul;Colisão Frontal;1;1;;;;1;3
06/01/2017;07:33:00;83;sem vítima;55;BR-381/SP;Sul;Colisão Traseira;1;2;;;;;1
06/01/2017;07:56:00;97;sem vítima;783,5;BR-381/MG;Norte;Colisão Lateral;2;2;;;;;1
06/01/2017;11:19:00;203;sem vítima;809,8;BR-381/MG;Sul;Colisão Traseira;2;2;;;;;1
06/01/2017;15:27:00;298;com vítima;891,4;BR-381/MG;Sul;Colisão Frontal;1;0;;;;3;3
06/01/2017;15:39:00;306;sem vítima;785,8;BR-381/MG;Norte;Colisão Lateral;1;2;;;;;1
06/01/2017;16:06:00;320;sem vítima;1,2;BR-381/SP;Norte;Colisão Traseira;1;2;;;;;1
06/01/2017;16:26:00;332;sem vítima;505;BR-381/MG;Sul;Colisão Traseira;1;2;;;;;1
06/01/2017;18:11:00;381;sem vítima;74,6;BR-381/SP;Norte;Outros;1;1;;;;;1
06/01/2017;18:15:00;384;sem vítima;491;BR-381/MG;Norte;Colisão Lateral;1;2;;;;;1
06/01/2017;19:26:00;407;sem vítima;74,8;BR-381/SP;Sul;Tombamento;1;1;;;;;1
07/01/2017;02:07:00;34;sem vítima;871;BR-381/MG;Norte;Colisão Traseira;2;2;;;;;1
07/01/2017;09:09:00;159;sem vítima;696,5;BR-381/MG;Norte;Colisão Traseira;1;2;;;;;1
08/01/2017;00:11:00;9;com vítima;23;BR-381/SP;Norte;Colisão Traseira;1;1;1;;;;1
08/01/2017;08:24:00;112;com vítima;870;BR-381/MG;Norte;Colisão Traseira;1;2;2;1;;1;3
08/01/2017;10:32:00;160;com vítima;801,8;BR-381/MG;Sul;Engavetamento;1;3;2;;;;1
08/01/2017;12:26:00;202;sem vítima;7,5;BR-381/SP;Sul;Choque - Suporte de Sinalização;1;1;;;;;1
08/01/2017;14:54:00;253;sem vítima;780,3;BR-381/MG;Norte;Tombamento;1;1;;;;;1
09/01/2017;07:17:00;107;com vítima;518,4;BR-381/MG;Norte;Choque - Defensa, barreira ou "submarino";1;1;1;;;;1
09/01/2017;11:18:00;214;sem vítima;602;BR-381/MG;Norte;Choque - Elemento de Drenagem;1;1;;;;;1
09/01/2017;13:16:00;260;com vítima;744,1;BR-381/MG;Sul;Choque - Elemento de Drenagem;1;0;;1;;;2
09/01/2017;19:21:00;411;sem vítima;686;BR-381/MG;Norte;Choque - Defensa, barreira ou "submarino";1;1;;;;;1
10/01/2017;07:00:00;80;com vítima;872,1;BR-381/MG;Sul;Colisão Lateral;1;5;1;;;;1
10/01/2017;08:06:00;119;sem vítima;491,3;BR-381/MG;Norte;Colisão Lateral;1;2;;;;;1
10/01/2017;17:02:00;175;sem vítima;594;BR-381/MG;Norte;Colisão Traseira;1;2;;;;;1
10/01/2017;17:03:00;177;com vítima;503,3;BR-381/MG;Norte;Tombamento;1;1;1;;;;1
10/01/2017;17:15:00;185;sem vítima;521,6;BR-381/MG;Sul;Choque - Elemento de Drenagem;1;1;;;;;1
10/01/2017;12:45:00;203;com vítima;680;BR-381/MG;Sul;Engavetamento;2;13;3;3;;;2
10/01/2017;13:26:00;239;com vítima;850,2;BR-381/MG;Sul;Engavetamento;1;1;7;;;;1
10/01/2017;15:30:00;266;sem vítima;65,5;BR-381/SP;Norte;Colisão Traseira;1;2;;;;;1
11/01/2017;05:42:00;80;com vítima;480,8;BR-381/MG;Norte;Tombamento;1;0;1;;;;1
11/01/2017;06:54:00;110;sem vítima;836;BR-381/MG;Sul;Choque - Elemento de Drenagem;1;1;;;;;1
11/01/2017;06:55:00;111;sem vítima;603,6;BR-381/MG;Sul;Colisão Lateral;1;3;;;;;1
11/01/2017;14:33:00;341;com vítima;482;BR-381/MG;Norte;Engavetamento;1;3;1;;;;1
11/01/2017;15:39:00;377;sem vítima;484;BR-381/MG;Norte;Colisão Traseira;1;2;;;;;1
11/01/2017;16:37:00;401;sem vítima;18;BR-381/SP;Norte;Choque - Defensa, barreira ou "submarino";1;1;;;;;1
11/01/2017;17:39:00;428;sem vítima;495,2;BR-381/MG;Norte;Atropelamento de Animal;1;1;;;;;1
11/01/2017;23:28:00;571;sem vítima;770;BR-381/MG;Sul;Tombamento;1;1;;;;;1
12/01/2017;04:53:00;76;com vítima;516;BR-381/MG;Norte;Engavetamento;2;13;1;;;;1
12/01/2017;08:15:00;133;com vítima;916;BR-381/MG;Sul;Colisão Lateral;1;3;1;;;;1
12/01/2017;08:32:00;145;sem vítima;736,5;BR-381/MG;Norte;Outros;1;1;;;;;1
12/01/2017;12:21:00;255;sem vítima;687;BR-381/MG;Norte;Choque - Defensa, barreira ou "submarino";1;1;;;;;1
12/01/2017;17:15:00;382;sem vítima;897,8;BR-381/MG;Sul;Choque - Defensa, barreira ou "submarino";1;1;;;;;1
12/01/2017;22:40:00;521;sem vítima;34;BR-381/SP;Norte;Capotamento;1;1;;;;;1
13/01/2017;10:23:00;208;com vítima;503,5;BR-381/MG;Norte;Colisão Lateral;1;1;1;;;;1
13/01/2017;18:58:00;479;com vítima;930;BR-381/MG;Sul;Atropelamento - Usuário;1;1;;;1;;2
14/01/2017;00:32:00;20;com vítima;478,8;BR-381/MG;Sul;Engavetamento;1;2;1;;;;1
14/01/2017;04:37:00;71;sem vítima;703;BR-381/MG;Sul;Tombamento;1;1;;;;;1
14/01/2017;08:09:00;154;com vítima;559,5;BR-381/MG;Norte;Colisão Lateral;1;1;4;;;;1
14/01/2017;10:43:00;221;sem vítima;1,5;BR-381/SP;Norte;Colisão Traseira;1;2;;;;;1
14/01/2017;14:12:00;309;com vítima;483;BR-381/MG;Sul;Tombamento;1;2;1;;;;1
14/01/2017;16:35:00;368;com vítima;520,1;BR-381/MG;Norte;Colisão Traseira;1;2;1;;;;1
14/01/2017;23:39:00;532;sem vítima;524;BR-381/MG;Sul;Colisão Traseira;1;8;;;;;1
15/01/2017;00:46:00;25;sem vítima;908;BR-381/MG;Norte;Choque - Defensa, barreira ou "submarino";1;1;;;;;1
15/01/2017;04:58:00;66;sem vítima;537;BR-381/MG;Norte;Choque - Talude;1;1;;;;;1
15/01/2017;09:20:00;146;sem vítima;801,5;BR-381/MG;Sul;Colisão Lateral;2;2;;;;;1
15/01/2017;13:56:00;234;sem vítima;598;BR-381/MG;Sul;Colisão Traseira;1;2;;;;;1
15/01/2017;17:15:00;311;sem vítima;86,2;BR-381/SP;Sul;Colisão Lateral;1;2;;;;;1
15/01/2017;19:10:00;366;com vítima;526;BR-381/MG;Sul;Tombamento;1;0;1;;;;1
15/01/2017;21:10:00;394;com vítima;615,1;BR-381/MG;Sul;Colisão Traseira;2;1;1;;;;1
16/01/2017;08:45:00;153;sem vítima;873,5;BR-381/MG;Norte;Tombamento;1;1;;;;;1
16/01/2017;19:42:00;444;sem vítima;938;BR-381/MG;Norte;Colisão Lateral;1;2;;;;;1
17/01/2017;10:46:00;200;sem vítima;600;BR-381/MG;Norte;Saida de Pista;1;1;;;;;1
17/01/2017;12:01:00;220;com vítima;60;BR-381/SP;Norte;Tombamento;1;1;1;;;;1
17/01/2017;12:36:00;230;sem vítima;52;BR-381/SP;Sul;Choque - Elemento de Drenagem;1;1;;;;;1
17/01/2017;22:43:00;456;sem vítima;900;BR-381/MG;Norte;Colisão Traseira;1;2;;;;;1
18/01/2017;11:35:00;226;sem vítima;33,5;BR-381/SP;Sul;Outros;1;1;;;;;1
18/01/2017;17:31:00;401;sem vítima;900;BR-381/MG;Sul;Colisão Traseira;1;2;;;;;1
19/01/2017;00:52:00;24;com vítima;653;BR-381/MG;Sul;Colisão Traseira;2;1;;1;;;2
19/01/2017;07:01:00;99;sem vítima;25,6;BR-381/SP;Sul;Choque - Defensa, barreira ou "submarino";1;7;;;;;1
19/01/2017;07:53:00;133;com vítima;532;BR-381/MG;Norte;Engavetamento;2;3;1;1;;;2
19/01/2017;10:08:00;191;com vítima;727;BR-381/MG;Norte;Tombamento;1;0;1;;;;1
19/01/2017;14:08:00;288;sem vítima;900,8;BR-381/MG;Norte;Colisão Traseira;2;2;;;;;1
19/01/2017;16:10:00;339;sem vítima;943;BR-381/MG;Sul;Colisão Lateral;1;2;;;;;1
19/01/2017;17:36:00;370;sem vítima;483,3;BR-381/MG;Norte;Engavetamento;1;5;;;;;1
19/01/2017;18:47:00;392;sem vítima;900,9;BR-381/MG;Norte;Colisão Traseira;1;2;;;;;1
20/01/2017;08:22:00;144;sem vítima;931;BR-381/MG;Norte;Tombamento;1;1;;;;;1
20/01/2017;11:13:00;212;sem vítima;87,3;BR-381/SP;Sul;Choque - Defensa, barreira ou "submarino";1;1;;;;;1
20/01/2017;12:58:00;255;com vítima;796,3;BR-381/MG;Norte;Capotamento;1;1;1;;;;1
20/01/2017;13:21:00;259;com vítima;707,4;BR-381/MG;Norte;Choque - Defensa, barreira ou "submarino";1;0;1;;;;1
20/01/2017;13:43:00;267;sem vítima;707,5;BR-381/MG;Norte;Choque - Defensa, barreira ou "submarino";1;1;;;;;1
23/01/2017;11:17:00;218;sem vítima;490;BR-381/MG;Sul;Colisão Traseira;2;2;;;;;1
23/01/2017;13:15:00;267;com vítima;54;BR-381/SP;Sul;Objeto lançado contra veículo;1;2;1;;;;1
23/01/2017;18:08:00;394;sem vítima;506;BR-381/MG;Norte;Colisão Traseira;1;2;;;;;1
23/01/2017;18:20:00;401;com vítima;557,3;BR-381/MG;Sul;Choque - Defensa, barreira ou "submarino";1;0;2;;;;1
23/01/2017;22:27:00;487;sem vítima;711;BR-381/MG;Sul;Choque - Defensa, barreira ou "submarino";1;1;;;;;1
24/01/2017;00:40:00;19;sem vítima;18;BR-381/SP;Norte;Outros;1;1;;;;;1
24/01/2017;02:14:00;37;sem vítima;863;BR-381/MG;Sul;Choque - Elemento de Drenagem;1;1;;;;;1
24/01/2017;04:31:00;62;com vítima;487,5;BR-381/MG;Sul;Tombamento;1;0;1;;;;1
24/01/2017;06:24:00;85;sem vítima;687,5;BR-381/MG;Sul;Tombamento;1;1;;;;;1
24/01/2017;18:27:00;365;sem vítima;478,2;BR-381/MG;Norte;Colisão Traseira;2;2;;;;;1
24/01/2017;18:31:00;369;sem vítima;650,3;BR-381/MG;Norte;Saida de Pista;1;1;;;;;1
25/01/2017;02:54:00;54;com vítima;532,6;BR-381/MG;Norte;Choque - Elemento de Drenagem;1;1;1;;;;1
25/01/2017;05:18:00;73;com vítima;684,7;BR-381/MG;Norte;Colisão Traseira;2;1;1;;;;1
25/01/2017;10:06:00;166;sem vítima;482;BR-381/MG;Sul;Colisão Lateral;1;2;;;;;1
25/01/2017;11:38:00;195;sem vítima;516;BR-381/MG;Norte;Tombamento;1;1;;;;;1
25/01/2017;13:16:00;233;sem vítima;880,7;BR-381/MG;Sul;Choque - Elemento de Drenagem;1;1;;;;;1
25/01/2017;13:34:00;239;sem vítima;640;BR-381/MG;Sul;Colisão Traseira;2;2;;;;;1
25/01/2017;14:57:00;276;com vítima;504;BR-381/MG;Norte;Colisão Lateral;1;1;1;;;;1
25/01/2017;18:23:00;366;sem vítima;524;BR-381/MG;Sul;Colisão Traseira;1;2;;;;;1
26/01/2017;01:26:00;23;com vítima;817,6;BR-381/MG;Norte;Colisão Traseira;2;2;;1;;;2
26/01/2017;02:32:00;32;sem vítima;724,1;BR-381/MG;Sul;Colisão Traseira;2;2;;;;;1
26/01/2017;10:37:00;210;sem vítima;687;BR-381/MG;Sul;Tombamento;1;1;;;;;1
26/01/2017;11:38:00;242;sem vítima;33,5;BR-381/SP;Sul;Colisão Traseira;1;3;;;;;1
26/01/2017;13:14:00;271;sem vítima;792,3;BR-381/MG;Sul;Choque - Defensa, barreira ou "submarino";1;1;;;;;1
26/01/2017;15:26:00;310;sem vítima;730,1;BR-381/MG;Norte;Colisão Traseira;1;2;;;;;1
26/01/2017;19:07:00;410;sem vítima;860;BR-381/MG;Norte;Colisão Lateral;1;2;;;;;1
27/01/2017;00:26:00;27;sem vítima;767;BR-381/MG;Sul;Outros;1;2;;;;;1
27/01/2017;11:58:00;232;com vítima;24;BR-381/SP;Norte;Engavetamento;2;3;1;;;;1
27/01/2017;12:01:00;234;sem vítima;896;BR-381/MG;Sul;Tombamento;1;2;;;;;1
27/01/2017;13:28:00;277;sem vítima;61;BR-381/SP;Norte;Colisão Lateral;1;2;;;;;1
27/01/2017;14:22:00;293;sem vítima;495;BR-381/MG-CONT;Norte;Colisão Traseira;1;2;;;;;1
27/01/2017;15:44:00;331;sem vítima;545;BR-381/MG;Norte;Colisão Traseira;2;2;;;;;1
28/01/2017;02:47:00;48;sem vítima;739,1;BR-381/MG;Norte;Choque - Talude;2;2;;;;;1
28/01/2017;08:26:00;127;sem vítima;844,6;BR-381/MG;Norte;Choque - Elemento de Drenagem;1;1;;;;;1
29/01/2017;09:48:00;111;sem vítima;889;BR-381/MG;Sul;Colisão Lateral;1;3;;;;;1
30/01/2017;03:20:00;35;sem vítima;946;BR-381/MG;Sul;Choque - Elemento de Drenagem;1;1;;;;;1
30/01/2017;04:43:00;43;sem vítima;922,7;BR-381/MG;Norte;Atropelamento de Animal;1;1;;;;;1
30/01/2017;10:24:00;184;sem vítima;600;BR-381/MG;Sul;Colisão Traseira;2;2;;;;;1
30/01/2017;16:57:00;330;sem vítima;873;BR-381/MG;Sul;Choque - Talude;1;1;;;;;1
31/01/2017;18:48:00;409;com vítima;626,6;BR-381/MG;Norte;Colisão Lateral;2;1;5;;;;1
01/02/2017;10:04:00;182;com vítima;939;BR-381/MG;Norte;Tombamento;1;0;1;;;;1
01/02/2017;16:55:00;353;com vítima;582,5;BR-381/MG;Sul;Colisão Lateral;2;2;1;;;;1
01/02/2017;18:16:00;387;com vítima;486;BR-381/MG;Sul;Colisão Lateral;1;1;1;;;;1
02/02/2017;09:20:00;179;sem vítima;89,6;BR-381/SP;Sul;Colisão Lateral;1;2;;;;;1
02/02/2017;09:55:00;192;com vítima;491;BR-381/MG;Sul;Engavetamento;2;2;1;;;;1
02/02/2017;10:08:00;201;com vítima;487,5;BR-381/MG;Sul;Colisão Lateral;1;2;2;;;;1
02/02/2017;10:36:00;213;com vítima;512;BR-381/MG;Norte;Choque - Defensa, barreira ou "submarino";1;0;1;;;;1
02/02/2017;16:33:00;344;com vítima;508,4;BR-381/MG;Sul;Colisão Traseira;1;1;1;;;;1
02/02/2017;17:47:00;380;com vítima;489,5;BR-381/MG;Sul;Colisão Traseira;2;2;1;;;;1
02/02/2017;18:46:00;400;com vítima;722,9;BR-381/MG;Norte;Tombamento;1;0;1;;;;1
03/02/2017;00:24:00;27;com vítima;795;BR-381/MG;Norte;Outros;1;0;1;;;;1
03/02/2017;08:00:00;118;com vítima;705;BR-381/MG;Sul;Colisão Traseira;1;2;1;;;;1
03/02/2017;08:33:00;135;sem vítima;477,3;BR-381/MG;Sul;Choque - Defensa, barreira ou "submarino";2;2;;;;;1
03/02/2017;09:59:00;169;sem vítima;888,7;BR-381/MG;Sul;Colisão Lateral;1;5;;;;;1
03/02/2017;10:33:00;188;sem vítima;514,6;BR-381/MG;Norte;Tombamento;1;1;;;;;1
03/02/2017;12:03:00;227;com vítima;521,5;BR-381/MG;Sul;Choque - Defensa, barreira ou "submarino";1;0;1;;;;1
03/02/2017;13:10:00;262;sem vítima;487,7;BR-381/MG;Sul;Colisão Lateral;1;2;;;;;1
04/02/2017;04:09:00;65;sem vítima;753,1;BR-381/MG;Sul;Atropelamento de Animal;1;1;;;;;1
04/02/2017;08:21:00;121;com vítima;934;BR-381/MG;Norte;Tombamento;1;0;1;;;;1
04/02/2017;18:15:00;358;sem vítima;568,4;BR-381/MG;Sul;Choque - Elemento de Drenagem;1;1;;;;;1
05/02/2017;11:26:00;156;com vítima;521,5;BR-381/MG;Sul;Tombamento;1;0;;1;;;2
05/02/2017;21:35:00;401;com vítima;713;BR-381/MG;Sul;Colisão Traseira;1;1;1;;;;1
06/02/2017;05:28:00;64;sem vítima;490,9;BR-381/MG;Norte;Choque - Defensa, barreira ou "submarino";1;2;;;;;1
06/02/2017;06:28:00;78;com vítima;511,2;BR-381/MG;Sul;Colisão Frontal;1;1;1;;;;1
06/02/2017;07:13:00;92;sem vítima;597,7;BR-381/MG;Norte;Colisão Traseira;1;2;;;;;1
06/02/2017;10:00:00;167;com vítima;87;BR-381/SP;Sul;Colisão Traseira;2;1;;1;;;2
06/02/2017;13:49:00;247;sem vítima;521,5;BR-381/MG;Sul;Outros;1;1;;;;;1
06/02/2017;17:01:00;333;sem vítima;519,9;BR-381/MG;Sul;Colisão Lateral;1;2;;;;;1
06/02/2017;21:11:00;447;sem vítima;84;BR-381/SP;Norte;Engavetamento;1;3;;;;;1
06/02/2017;22:58:00;481;sem vítima;665,2;BR-381/MG;Sul;Tombamento;1;1;;;;;1
07/02/2017;05:06:00;66;sem vítima;547,1;BR-381/MG;Norte;Colisão Traseira;2;2;;;;;1
07/02/2017;07:30:00;103;sem vítima;799;BR-381/MG;Sul;Tombamento;1;1;;;;;1
07/02/2017;10:22:00;179;sem vítima;69;BR-381/SP;Sul;Outros;1;1;;;;;1
07/02/2017;18:13:00;408;sem vítima;909;BR-381/MG;Norte;Colisão Traseira;1;2;;;;;1
08/02/2017;06:40:00;81;com vítima;580,5;BR-381/MG;Norte;Colisão Traseira;1;1;;1;;;2
08/02/2017;19:44:00;439;com vítima;58,8;BR-381/SP;Sul;Atropelamento - Usuário;1;1;;1;;;2
08/02/2017;23:25:00;510;sem vítima;690;BR-381/MG;Norte;Choque - Elemento de Drenagem;1;1;;;;;1
09/02/2017;03:23:00;49;sem vítima;820,5;BR-381/MG;Norte;Colisão Traseira;2;2;;;;;1
09/02/2017;07:57:00;113;sem vítima;870;BR-381/MG;Norte;Colisão Traseira;1;2;;;;;1
09/02/2017;13:52:00;261;sem vítima;65,5;BR-381/SP;Norte;Choque - Outros;1;1;;;;;1
09/02/2017;17:48:00;372;sem vítima;845;BR-381/MG;Norte;Colisão Traseira;1;2;;;;;1
09/02/2017;18:29:00;397;com vítima;3,2;BR-381/SP;Sul;Atropelamento - Sem Informação;1;1;;;;1;3
09/02/2017;23:34:00;500;sem vítima;897,9;BR-381/MG;Sul;Capotamento;1;1;;;;;1
10/02/2017;00:16:00;21;com vítima;929;BR-381/MG;Norte;Tombamento;1;2;1;;;;1
10/02/2017;00:40:00;24;com vítima;601,6;BR-381/MG;Sul;Colisão Traseira;1;0;2;;;;1
10/02/2017;01:46:00;33;sem vítima;37,5;BR-381/SP;Norte;Colisão Lateral;1;2;;;;;1
10/02/2017;04:05:00;47;sem vítima;884,5;BR-381/MG;Sul;Choque - Elemento de Drenagem;1;1;;;;;1
10/02/2017;12:51:00;225;com vítima;511,4;BR-381/MG;Sul;Colisão Traseira;2;1;1;;;;1
10/02/2017;14:58:00;274;sem vítima;708,9;BR-381/MG;Norte;Choque - Defensa, barreira ou "submarino";1;1;;;;;1
10/02/2017;16:07:00;313;sem vítima;778,8;BR-381/MG;Sul;Colisão Lateral;1;2;;;;;1
10/02/2017;16:46:00;328;sem vítima;710;BR-381/MG;Norte;Colisão Traseira;1;2;;;;;1
10/02/2017;17:33:00;348;com vítima;720,8;BR-381/MG;Norte;Tombamento;1;0;;1;;;2
10/02/2017;21:42:00;461;sem vítima;480,9;BR-381/MG;Norte;Choque - Defensa, barreira ou "submarino";1;1;;;;;1
10/02/2017;21:43:00;463;com vítima;723;BR-381/MG;Norte;Engavetamento;2;2;1;;;;1
11/02/2017;02:44:00;47;com vítima;597,7;BR-381/MG;Norte;Colisão Traseira;1;0;6;;;;1
11/02/2017;10:49:00;179;sem vítima;65,5;BR-381/SP;Norte;Colisão Traseira;1;2;;;;;1
11/02/2017;13:13:00;224;com vítima;516,3;BR-381/MG;Norte;Choque - Talude;1;0;1;;;;1
11/02/2017;16:38:00;308;sem vítima;620;BR-381/MG;Sul;Colisão Traseira;2;2;;;;;1
12/02/2017;17:54:00;326;sem vítima;696;BR-381/MG;Sul;Transposição de Pista;1;2;;;;;1
12/02/2017;20:54:00;412;com vítima;525,4;BR-381/MG;Sul;Capotamento;1;0;;;;2;3
13/02/2017;03:30:00;48;sem vítima;727,9;BR-381/MG;Sul;Choque - Elemento de Drenagem;2;2;;;;;1
13/02/2017;15:49:00;293;sem vítima;544,5;BR-381/MG;Sul;Colisão Traseira;1;2;;;;;1
13/02/2017;16:46:00;315;sem vítima;900,9;BR-381/MG;Norte;Colisão Traseira;1;2;;;;;1
13/02/2017;23:13:00;444;com vítima;816,1;BR-381/MG;Norte;Tombamento;1;4;1;;;;1
14/02/2017;00:10:00;4;com vítima;905;BR-381/MG;Norte;Engavetamento;7;7;2;1;;1;3
14/02/2017;04:42:00;46;sem vítima;540,8;BR-381/MG;Norte;Engavetamento;3;7;;;;;1
14/02/2017;19:09:00;371;com vítima;51;BR-381/SP;Norte;Engavetamento;3;7;1;1;;;2
15/02/2017;01:57:00;27;com vítima;847;BR-381/MG;Sul;Colisão Traseira;2;2;;1;;;2
15/02/2017;07:05:00;83;com vítima;485;BR-381/MG;Norte;Engavetamento;3;3;;1;;;2
15/02/2017;14:46:00;298;sem vítima;494;BR-381/MG;Norte;Colisão Traseira;1;2;;;;;1
16/02/2017;08:54:00;135;com vítima;479,6;BR-381/MG;Norte;Colisão Lateral;1;2;;1;;;2
16/02/2017;09:21:00;152;sem vítima;752;BR-381/MG;Sul;Colisão Traseira;1;2;;;;;1
16/02/2017;12:47:00;258;com vítima;50;BR-381/SP;Norte;Choque - Defensa, barreira ou "submarino";2;2;;;;1;3
16/02/2017;12:54:00;263;sem vítima;690,5;BR-381/MG;Norte;Colisão Traseira;1;2;;;;;1
16/02/2017;16:06:00;361;com vítima;919;BR-381/MG;Sul;Colisão Traseira;1;1;1;;;;1
17/02/2017;06:00:00;77;sem vítima;767,5;BR-381/MG;Norte;Tombamento;1;1;;;;;1
17/02/2017;06:05:00;79;sem vítima;827,2;BR-381/MG;Sul;Colisão Traseira;2;2;;;;;1