data;horario;n_da_ocorrencia;tipo_de_ocorrencia;km;trecho;sentido;tipo_de_acidente;caminhao;ilesos;levemente_feridos;moderadamente_feridos;gravemente_feridos;mortos;3
17/02/2017;12:39:00;231;sem vítima;55,8;BR-381/SP;Sul;Colisão Lateral;1;2;;;;;1
17/02/2017;12:57:00;237;sem vítima;923,2;BR-381/MG;Sul;Colisão Traseira;1;2;;;;;1
17/02/2017;18:33:00;418;sem vítima;17;BR-381/SP;Norte;Colisão Traseira;1;2;;;;;1
17/02/2017;20:05:00;456;sem vítima;499,9;BR-381/MG;Sul;Colisão Lateral;1;2;;;;;1
18/02/2017;06:58:00;104;sem vítima;641;BR-381/MG;Norte;Tombamento;1;1;;;;;1
18/02/2017;11:39:00;193;sem vítima;541;BR-381/MG;Norte;Colisão Traseira;1;2;;;;;1
18/02/2017;12:08:00;205;sem vítima;547;BR-381/MG;Sul;Colisão Lateral;1;2;;;;;1
18/02/2017;12:56:00;223;com vítima;732,2;BR-381/MG;Norte;Tombamento;1;0;1;;;;1
18/02/2017;13:44:00;237;sem vítima;740,95;BR-381/MG;Norte;Choque - Suporte de Sinalização;1;1;;;;;1
18/02/2017;14:07:00;244;sem vítima;493,1;BR-381/MG;Norte;Colisão Lateral;1;2;;;;;1
18/02/2017;21:15:00;441;sem vítima;637,1;BR-381/MG;Sul;Choque - Elemento de Drenagem;1;1;;;;;1
19/02/2017;13:45:00;215;com vítima;561,3;BR-381/MG;Sul;Capotamento;2;2;;1;;;2
19/02/2017;23:28:00;437;com vítima;17,5;BR-381/SP;Sul;Colisão Traseira;2;1;1;;;;1
20/02/2017;12:31:00;240;sem vítima;641;BR-381/MG;Sul;Choque - Elemento de Drenagem;1;1;;;;;1
20/02/2017;19:28:00;432;com vítima;924,9;BR-381/MG;Sul;Tombamento;2;1;;;;1;3
20/02/2017;21:15:00;465;com vítima;929,7;BR-381/MG;Sul;Tombamento;1;0;1;;;;1
21/02/2017;00:57:00;33;com vítima;920;BR-381/MG;Sul;Tombamento;1;0;;1;;;2
21/02/2017;04:46:00;60;sem vítima;713,8;BR-381/MG;Norte;Choque - Defensa, barreira ou "submarino";1;1;;;;;1
21/02/2017;08:00:00;103;sem vítima;58,1;BR-381/SP;Sul;Engavetamento;1;3;;;;;1
21/02/2017;14:04:00;282;sem vítima;943;BR-381/MG;Sul;Tombamento;1;1;;;;;1
21/02/2017;16:04:00;341;sem vítima;710,5;BR-381/MG;Norte;Choque - Defensa, barreira ou "submarino";2;3;;;;;1
21/02/2017;17:36:00;382;sem vítima;778;BR-381/MG;Norte;Colisão Lateral;2;3;;;;;1
21/02/2017;18:01:00;396;sem vítima;481,2;BR-381/MG;Sul;Colisão Lateral;1;2;;;;;1
22/02/2017;00:18:00;17;com vítima;875,5;BR-381/MG;Norte;Colisão Lateral;2;1;1;;;;1
22/02/2017;07:11:00;101;sem vítima;786,9;BR-381/MG;Norte;Colisão Traseira;2;2;;;;;1
22/02/2017;08:36:00;138;sem vítima;507,6;BR-381/MG;Norte;Colisão Lateral;1;2;;;;;1
23/02/2017;01:57:00;43;com vítima;479;BR-381/MG;Sul;Colisão Traseira;1;1;1;;;;1
23/02/2017;04:25:00;65;com vítima;670,1;BR-381/MG;Norte;Colisão Traseira;2;1;1;;;;1
23/02/2017;05:38:00;75;com vítima;46;BR-381/SP;Sul;Engavetamento;1;2;1;;;;1
23/02/2017;10:05:00;191;sem vítima;482,8;BR-381/MG;Norte;Colisão Lateral;1;2;;;;;1
23/02/2017;11:25:00;228;sem vítima;65,5;BR-381/SP;Norte;Colisão Lateral;1;2;;;;;1
23/02/2017;20:35:00;478;com vítima;544,5;BR-381/MG;Sul;Colisão Traseira;1;1;1;;;;1
23/02/2017;23:27:00;548;sem vítima;7,5;BR-381/SP;Norte;Colisão Traseira;1;2;;;;;1
24/02/2017;03:43:00;51;sem vítima;665;BR-381/MG;Norte;Colisão Traseira;2;2;;;;;1
24/02/2017;07:41:00;107;sem vítima;4,6;BR-381/SP;Sul;Colisão Traseira;1;2;;;;;1
24/02/2017;08:54:00;151;com vítima;723;BR-381/MG;Norte;Tombamento;2;1;1;;;;1
24/02/2017;15:56:00;335;sem vítima;34;BR-381/SP;Sul;Choque - Defensa, barreira ou "submarino";1;1;;;;;1
24/02/2017;16:18:00;350;com vítima;485;BR-381/MG;Norte;Engavetamento;1;6;2;;;;1
24/02/2017;17:31:00;389;sem vítima;87,8;BR-381/SP;Sul;Choque - Poste;1;1;;;;;1
24/02/2017;17:43:00;401;com vítima;510;BR-381/MG;Sul;Colisão Lateral;1;1;1;;;;1
24/02/2017;19:58:00;464;sem vítima;481;BR-381/MG;Sul;Colisão Lateral;1;2;;;;;1
24/02/2017;22:03:00;526;sem vítima;896;BR-381/MG;Sul;Colisão Lateral;1;4;;;;;1
25/02/2017;00:06:00;7;com vítima;713,7;BR-381/MG;Norte;Colisão Traseira;2;1;1;;;;1
25/02/2017;06:27:00;145;sem vítima;501,8;BR-381/MG;Norte;Choque - Defensa, barreira ou "submarino";1;1;;;;;1
25/02/2017;08:55:00;223;com vítima;715;BR-381/MG;Norte;Colisão Traseira;1;3;1;;;;1
25/02/2017;10:48:00;285;com vítima;726,7;BR-381/MG;Norte;Atropelamento - Usuário;1;0;4;1;2;2;3
25/02/2017;14:05:00;361;sem vítima;925;BR-381/MG;Sul;Colisão Traseira;1;3;;;;;1
25/02/2017;17:35:00;473;sem vítima;81,9;BR-381/SP;Norte;Colisão Lateral;1;2;;;;;1
25/02/2017;19:19:00;519;sem vítima;863,8;BR-381/MG;Sul;Choque - Elemento de Drenagem;1;1;;;;;1
25/02/2017;23:29:00;592;sem vítima;907,6;BR-381/MG;Norte;Colisão Traseira;2;2;;;;;1
26/02/2017;10:44:00;142;sem vítima;57,4;BR-381/SP;Norte;Engavetamento;1;5;;;;;1
26/02/2017;11:49:00;159;sem vítima;65,3;BR-381/SP;Norte;Engavetamento;2;3;;;;;1
26/02/2017;14:42:00;223;com vítima;907;BR-381/MG;Norte;Tombamento;1;1;1;;;;1
26/02/2017;15:22:00;242;sem vítima;30,8;BR-381/SP;Norte;Engavetamento;1;7;;;;;1
27/02/2017;07:58:00;88;sem vítima;7;BR-381/SP;Sul;Colisão Traseira;2;2;;;;;1
27/02/2017;16:53:00;266;com vítima;514;BR-381/MG;Norte;Engavetamento;1;3;2;2;;;2
27/02/2017;16:53:00;267;com vítima;674,5;BR-381/MG;Sul;Tombamento;2;2;;1;1;3;3
28/02/2017;13:25:00;215;sem vítima;519;BR-381/MG;Norte;Choque - Defensa, barreira ou "submarino";1;1;;;;;1
28/02/2017;14:44:00;261;com vítima;903;BR-381/MG;Norte;Tombamento;1;0;1;;;;1
28/02/2017;15:27:00;280;sem vítima;904,9;BR-381/MG;Norte;Colisão Traseira;2;2;;;;;1
28/02/2017;19:17:00;408;sem vítima;502,6;BR-381/MG;Sul;Colisão Lateral;1;2;;;;;1
02/03/2017;00:48:00;23;com vítima;863,7;BR-381/MG;Sul;Tombamento;1;0;1;;;;1
02/03/2017;10:45:00;190;com vítima;504,1;BR-381/MG;Norte;Engavetamento;2;2;1;;;;1
02/03/2017;11:20:00;214;sem vítima;514;BR-381/MG;Norte;Colisão Lateral;2;3;;;;;1
02/03/2017;11:55:00;225;sem vítima;504,4;BR-381/MG;Norte;Colisão Lateral;1;2;;;;;1
02/03/2017;13:54:00;257;com vítima;640,4;BR-381/MG;Norte;Tombamento;1;0;1;;;;1
02/03/2017;16:59:00;327;sem vítima;52;BR-381/SP;Sul;Choque - Talude;1;1;;;;;1
02/03/2017;20:41:00;435;sem vítima;87;BR-381/SP;Sul;Choque - Outros;1;3;;;;;1
03/03/2017;05:19:00;60;sem vítima;61;BR-381/SP;Sul;Colisão Traseira;1;2;;;;;1
03/03/2017;05:35:00;64;sem vítima;873,8;BR-381/MG;Sul;Choque - Elemento de Drenagem;1;1;;;;;1
03/03/2017;15:23:00;291;sem vítima;33;BR-381/SP;Norte;Colisão Traseira;1;2;;;;;1
03/03/2017;20:09:00;422;com vítima;704,6;BR-381/MG;Sul;Tombamento;1;0;;1;;;2
04/03/2017;16:45:00;337;sem vítima;728,5;BR-381/MG;Sul;Choque - Defensa, barreira ou "submarino";1;1;;;;;1
04/03/2017;19:25:00;394;sem vítima;858;BR-381/MG;Norte;Colisão Lateral;1;2;;;;;1
04/03/2017;22:49:00;453;sem vítima;88;BR-381/SP;Sul;Colisão Traseira;1;3;;;;;1
05/03/2017;12:25:00;166;sem vítima;561,8;BR-381/MG;Norte;Colisão Lateral;1;2;;;;;1
05/03/2017;14:19:00;209;com vítima;510,9;BR-381/MG;Norte;Colisão Lateral;1;4;1;;;;1
05/03/2017;19:14:00;338;sem vítima;868,1;BR-381/MG;Norte;Engavetamento;1;3;;;;;1
05/03/2017;20:57:00;367;sem vítima;66,7;BR-381/SP;Sul;Colisão Lateral;1;2;;;;;1
06/03/2017;05:19:00;57;sem vítima;743,9;BR-381/MG;Sul;Choque - Defensa, barreira ou "submarino";1;1;;;;;1
06/03/2017;15:38:00;314;sem vítima;75,5;BR-381/SP;Sul;Choque - Elemento de Drenagem;1;1;;;;;1
06/03/2017;15:54:00;322;com vítima;499,1;BR-381/MG;Sul;Colisão Traseira;1;2;3;;;;1
06/03/2017;17:09:00;350;com vítima;478,8;BR-381/MG;Norte;Colisão Lateral;1;1;;;;1;3
06/03/2017;20:55:00;413;sem vítima;496;BR-381/MG-CONT;Sul;Colisão Lateral;1;2;;;;;1
06/03/2017;21:27:00;421;com vítima;887;BR-381/MG;Sul;Colisão Lateral;1;1;1;;;;1
07/03/2017;02:06:00;41;com vítima;542,5;BR-381/MG;Sul;Tombamento;1;0;1;;;;1
07/03/2017;09:09:00;142;com vítima;479,3;BR-381/MG;Norte;Engavetamento;3;8;;2;;;2
07/03/2017;09:21:00;148;sem vítima;558,5;BR-381/MG;Norte;Colisão Traseira;1;2;;;;;1
07/03/2017;10:42:00;202;sem vítima;62;BR-381/SP;Sul;Colisão Lateral;1;2;;;;;1
07/03/2017;21:06:00;462;sem vítima;749;BR-381/MG;Sul;Colisão Traseira;2;2;;;;;1
07/03/2017;23:13:00;503;com vítima;75,5;BR-381/SP;Norte;Colisão Lateral;1;2;1;;;;1
08/03/2017;06:20:00;73;sem vítima;907,9;BR-381/MG;Norte;Choque - Defensa, barreira ou "submarino";1;6;;;;;1
08/03/2017;12:37:00;279;sem vítima;60,8;BR-381/SP;Norte;Colisão Lateral;1;2;;;;;1
08/03/2017;12:41:00;281;sem vítima;0,5;BR-381/SP;Sul;Colisão Lateral;1;2;;;;;1
08/03/2017;13:21:00;293;com vítima;487,3;BR-381/MG;Norte;Colisão Lateral;1;1;1;;;;1
08/03/2017;14:31:00;316;sem vítima;750;BR-381/MG;Sul;Choque - Elemento de Drenagem;1;1;;;;;1
08/03/2017;16:22:00;358;com vítima;521,6;BR-381/MG;Sul;Choque - Suporte de Sinalização;1;0;1;;;;1
09/03/2017;06:25:00;89;com vítima;907,4;BR-381/MG;Norte;Capotamento;1;0;1;;;;1
09/03/2017;07:51:00;126;com vítima;504;BR-381/MG;Norte;Tombamento;1;1;1;;;;1
09/03/2017;08:12:00;137;sem vítima;495,7;BR-381/MG-CONT;Sul;Colisão Traseira;1;2;;;;;1
09/03/2017;23:23:00;515;sem vítima;483,6;BR-381/MG;Sul;Engavetamento;2;3;;;;;1
10/03/2017;03:26:00;59;sem vítima;683;BR-381/MG;Sul;Capotamento;1;1;;;;;1
10/03/2017;19:49:00;467;sem vítima;41;BR-381/SP;Norte;Colisão Traseira;1;2;;;;;1
10/03/2017;20:37:00;484;sem vítima;58;BR-381/SP;Norte;Colisão Traseira;1;2;;;;;1
11/03/2017;01:16:00;47;com vítima;569;BR-381/MG;Norte;Choque - Talude;1;0;1;;;;1
11/03/2017;01:41:00;52;com vítima;630,2;BR-381/MG;Norte;Tombamento;1;0;1;;;;1
11/03/2017;11:45:00;200;sem vítima;488;BR-381/MG;Sul;Engavetamento;1;4;;;;;1
11/03/2017;16:48:00;313;com vítima;835;BR-381/MG;Norte;Colisão Lateral;2;1;1;;;;1
12/03/2017;01:12:00;29;com vítima;644,2;BR-381/MG;Norte;Choque - Talude;1;0;;;1;;2
12/03/2017;23:25:00;406;sem vítima;600,7;BR-381/MG;Sul;Colisão Traseira;2;2;;;;;1
13/03/2017;05:11:00;70;sem vítima;63,8;BR-381/SP;Sul;Colisão Traseira;2;2;;;;;1
13/03/2017;09:56:00;203;sem vítima;888,6;BR-381/MG;Norte;Choque - Elemento de Drenagem;1;1;;;;;1
13/03/2017;15:21:00;322;sem vítima;893,2;BR-381/MG;Sul;Colisão Traseira;1;2;;;;;1
13/03/2017;15:56:00;339;sem vítima;483,3;BR-381/MG;Sul;Colisão Lateral;1;2;;;;;1
13/03/2017;22:10:00;472;sem vítima;20,5;BR-381/SP;Sul;Choque - Defensa, barreira ou "submarino";1;1;;;;;1
14/03/2017;03:45:00;46;sem vítima;15,8;BR-381/SP;Sul;Colisão Traseira;2;2;;;;;1
14/03/2017;03:49:00;47;com vítima;519,95;BR-381/MG;Norte;Colisão Traseira;1;1;1;;;;1
14/03/2017;03:54:00;49;com vítima;873,8;BR-381/MG;Sul;Engavetamento;6;5;;;1;;2
14/03/2017;05:46:00;58;sem vítima;10,5;BR-381/SP;Sul;Colisão Traseira;1;2;;;;;1
14/03/2017;09:36:00;167;com vítima;618,8;BR-381/MG;Sul;Capotamento;1;1;1;;;;1
14/03/2017;13:17:00;240;sem vítima;935,5;BR-381/MG;Sul;Capotamento;1;3;;;;;1
14/03/2017;16:30:00;316;sem vítima;481,3;BR-381/MG;Sul;Colisão Traseira;1;2;;;;;1
14/03/2017;16:34:00;319;com vítima;873,6;BR-381/MG;Norte;Tombamento;1;0;;;;1;3
14/03/2017;23:18:00;464;com vítima;13;BR-381/SP;Sul;Colisão Traseira;2;1;;;1;;2
15/03/2017;01:04:00;27;sem vítima;660,7;BR-381/MG;Norte;Colisão Traseira;2;2;;;;;1
15/03/2017;02:55:00;40;sem vítima;839;BR-381/MG;Sul;Atropelamento de Animal;1;2;;;;;1
15/03/2017;03:34:00;44;com vítima;8,9;BR-381/SP;Sul;Colisão Traseira;2;1;;;1;;2
15/03/2017;04:56:00;56;sem vítima;622,5;BR-381/MG;Sul;Choque - Elemento de Drenagem;1;1;;;;;1
15/03/2017;06:59:00;88;sem vítima;740;BR-381/MG;Norte;Colisão Lateral;2;2;;;;;1
15/03/2017;07:31:00;101;sem vítima;519;BR-381/MG;Norte;Tombamento;1;1;;;;;1
15/03/2017;10:29:00;207;sem vítima;622,5;BR-381/MG;Sul;Engavetamento;1;7;;;;;1
15/03/2017;14:17:00;297;sem vítima;54,2;BR-381/SP;Norte;Choque - Defensa, barreira ou "submarino";1;1;;;;;1
16/03/2017;06:50:00;83;sem vítima;486,8;BR-381/MG;Norte;Colisão Traseira;1;2;;;;;1
16/03/2017;07:56:00;106;sem vítima;481,3;BR-381/MG;Sul;Colisão Traseira;2;2;;;;;1
16/03/2017;08:23:00;119;sem vítima;805,1;BR-381/MG;Norte;Colisão Traseira;2;2;;;;;1
16/03/2017;11:44:00;215;sem vítima;41;BR-381/SP;Sul;Colisão Traseira;1;2;;;;;1
17/03/2017;03:00:00;37;sem vítima;938;BR-381/MG;Sul;Tombamento;1;1;;;;;1
17/03/2017;06:35:00;66;com vítima;63,2;BR-381/SP;Sul;Colisão Traseira;2;1;;;;2;3
17/03/2017;08:02:00;95;com vítima;500;BR-381/MG;Sul;Colisão Lateral;1;1;1;;;;1
17/03/2017;13:54:00;283;sem vítima;69,3;BR-381/SP;Sul;Choque - Defensa, barreira ou "submarino";1;1;;;;;1
17/03/2017;16:47:00;362;sem vítima;483;BR-381/MG;Norte;Colisão Lateral;1;2;;;;;1
17/03/2017;18:45:00;423;sem vítima;882;BR-381/MG;Sul;Colisão Lateral;1;2;;;;;1
17/03/2017;21:31:00;485;sem vítima;809;BR-381/MG;Norte;Choque - Elemento de Drenagem;2;3;;;;;1
18/03/2017;07:43:00;100;com vítima;888,7;BR-381/MG;Norte;Tombamento;1;0;;1;;;2
18/03/2017;17:07:00;325;sem vítima;481,7;BR-381/MG;Sul;Choque - Veiculo parado na pista;1;2;;;;;1
18/03/2017;23:57:00;456;com vítima;767,5;BR-381/MG;Sul;Capotamento;1;0;2;;;;1
19/03/2017;00:08:00;18;sem vítima;503,1;BR-381/MG;Norte;Engavetamento;1;3;;;;;1
19/03/2017;17:39:00;292;sem vítima;930;BR-381/MG;Sul;Tombamento;1;1;;;;;1
19/03/2017;23:38:00;418;sem vítima;810;BR-381/MG;Sul;Colisão Lateral;2;2;;;;;1
20/03/2017;04:44:00;56;sem vítima;1;BR-381/SP;Sul;Colisão Traseira;2;2;;;;;1
20/03/2017;06:42:00;86;sem vítima;528,9;BR-381/MG;Norte;Colisão Traseira;1;2;;;;;1
20/03/2017;06:47:00;88;sem vítima;528,9;BR-381/MG;Norte;Colisão Lateral;1;2;;;;;1
20/03/2017;06:50:00;90;sem vítima;519,1;BR-381/MG;Norte;Engavetamento;1;4;;;;;1
20/03/2017;12:52:00;234;sem vítima;7;BR-381/SP;Norte;Colisão Traseira;2;2;;;;;1
20/03/2017;19:04:00;374;com vítima;730,5;BR-381/MG;Norte;Colisão Traseira;1;4;1;;;;1
20/03/2017;20:07:00;392;sem vítima;46,4;BR-381/SP;Norte;Colisão Traseira;2;2;;;;;1
21/03/2017;07:18:00;87;sem vítima;62,1;BR-381/SP;Sul;Choque - Talude;1;1;;;;;1
21/03/2017;12:53:00;226;com vítima;602,5;BR-381/MG;Norte;Tombamento;1;0;1;;;;1
22/03/2017;11:47:00;188;sem vítima;60;BR-381/SP;Sul;Tombamento;1;1;;;;;1
22/03/2017;12:14:00;193;sem vítima;491,8;BR-381/MG-CONT;Norte;Colisão Traseira;1;2;;;;;1
22/03/2017;12:19:00;195;com vítima;29,5;BR-381/SP;Norte;Atropelamento - Outros;1;1;;;1;;2
22/03/2017;15:59:00;270;sem vítima;21;BR-381/SP;Norte;Colisão Traseira;1;2;;;;;1
22/03/2017;21:34:00;384;sem vítima;793;BR-381/MG;Sul;Choque - Elemento de Drenagem;1;1;;;;;1
23/03/2017;10:44:00;208;com vítima;480;BR-381/MG;Norte;Tombamento;1;1;;1;;;2
23/03/2017;12:49:00;264;sem vítima;508;BR-381/MG;Sul;Colisão Traseira;1;2;;;;;1
23/03/2017;15:54:00;339;sem vítima;611,7;BR-381/MG;Sul;Colisão Lateral;2;2;;;;;1
24/03/2017;03:44:00;52;sem vítima;859,5;BR-381/MG;Sul;Colisão Traseira;2;2;;;;;1
24/03/2017;05:29:00;64;sem vítima;655,4;BR-381/MG;Norte;Colisão Traseira;2;3;;;;;1
24/03/2017;05:34:00;67;com vítima;486,4;BR-381/MG;Norte;Engavetamento;1;2;1;;;;1
24/03/2017;07:37:00;109;sem vítima;491,47;BR-381/MG;Norte;Colisão Lateral;1;2;;;;;1
24/03/2017;08:44:00;144;com vítima;917,5;BR-381/MG;Sul;Colisão Traseira;1;4;1;;;;1
24/03/2017;10:59:00;209;sem vítima;947,6;BR-381/MG;Sul;Colisão Traseira;1;3;;;;;1
24/03/2017;11:26:00;217;com vítima;597,6;BR-381/MG;Sul;Colisão Traseira;1;1;2;;;;1
24/03/2017;12:44:00;244;sem vítima;806,7;BR-381/MG;Sul;Choque - Defensa, barreira ou "submarino";1;1;;;;;1
24/03/2017;15:08:00;316;com vítima;525,6;BR-381/MG;Sul;Capotamento;1;0;;;1;;2
24/03/2017;15:29:00;323;sem vítima;910;BR-381/MG;Norte;Choque - Defensa, barreira ou "submarino";1;2;;;;;1
24/03/2017;16:40:00;351;sem vítima;524;BR-381/MG;Sul;Engavetamento;1;3;;;;;1
24/03/2017;16:58:00;361;sem vítima;900,5;BR-381/MG;Norte;Colisão Traseira;1;2;;;;;1
24/03/2017;20:43:00;466;com vítima;905;BR-381/MG;Norte;Colisão Lateral;1;0;2;;;;1
25/03/2017;03:44:00;42;sem vítima;934,5;BR-381/MG;Norte;Capotamento;1;1;;;;;1
26/03/2017;12:51:00;167;com vítima;908,2;BR-381/MG;Norte;Tombamento;1;0;;;1;;2
26/03/2017;19:33:00;329;sem vítima;545,9;BR-381/MG;Norte;Colisão Lateral;1;6;;;;;1
26/03/2017;20:24:00;349;com vítima;670;BR-381/MG;Sul;Colisão Traseira;1;2;;;1;1;3
27/03/2017;06:22:00;72;com vítima;74,4;BR-381/SP;Sul;Capotamento;1;1;;1;;;2
27/03/2017;07:51:00;106;sem vítima;722,5;BR-381/MG;Norte;Tombamento;1;1;;;;;1
27/03/2017;08:02:00;113;sem vítima;74;BR-381/SP;Sul;Colisão Traseira;1;2;;;;;1
27/03/2017;08:35:00;122;sem vítima;491,7;BR-381/MG-CONT;Norte;Colisão Traseira;1;2;;;;;1
28/03/2017;07:15:00;97;com vítima;687,7;BR-381/MG;Sul;Colisão Traseira;1;1;1;;;;1
28/03/2017;07:29:00;104;com vítima;686,6;BR-381/MG;Sul;Capotamento;2;2;1;;;;1
28/03/2017;08:30:00;137;sem vítima;735,5;BR-381/MG;Norte;Choque - Elemento de Drenagem;1;1;;;;;1
28/03/2017;13:51:00;250;sem vítima;541,5;BR-381/MG;Norte;Choque - Elemento de Drenagem;1;1;;;;;1
28/03/2017;14:20:00;264;sem vítima;735;BR-381/MG;Sul;Colisão Traseira;2;2;;;;;1
28/03/2017;14:56:00;284;com vítima;803;BR-381/MG;Sul;Tombamento;1;0;;1;;;2
28/03/2017;16:47:00;323;sem vítima;921,5;BR-381/MG;Norte;Colisão Traseira;2;2;;;;;1
28/03/2017;18:10:00;357;sem vítima;720,8;BR-381/MG;Norte;Tombamento;1;1;;;;;1
29/03/2017;02:20:00;45;sem vítima;603;BR-381/MG;Norte;Colisão Traseira;1;2;;;;;1
29/03/2017;03:16:00;64;sem vítima;901;BR-381/MG;Sul;Colisão Traseira;1;2;;;;;1
29/03/2017;05:12:00;85;com vítima;756;BR-381/MG;Sul;Colisão Traseira;2;0;2;;;;1
29/03/2017;11:33:00;234;sem vítima;541;BR-381/MG;Norte;Colisão Traseira;2;2;;;;;1
29/03/2017;13:32:00;275;com vítima;636;BR-381/MG;Norte;Capotamento;1;0;;;;1;3
29/03/2017;14:51:00;306;sem vítima;888,7;BR-381/MG;Norte;Tombamento;1;1;;;;;1
29/03/2017;21:42:00;451;sem vítima;70,2;BR-381/SP;Sul;Colisão Traseira;1;2;;;;;1
30/03/2017;00:47:00;23;sem vítima;679,5;BR-381/MG;Norte;Tombamento;1;1;;;;;1
30/03/2017;05:26:00;64;com vítima;481,2;BR-381/MG;Sul;Colisão Lateral;1;1;1;;;;1
30/03/2017;06:02:00;69;sem vítima;528,1;BR-381/MG;Norte;Colisão Lateral;1;2;;;;;1
30/03/2017;06:04:00;71;sem vítima;481,2;BR-381/MG;Sul;Colisão Lateral;1;2;;;;;1
30/03/2017;07:03:00;84;sem vítima;865,7;BR-381/MG;Sul;Colisão Lateral;2;2;;;;;1
30/03/2017;13:07:00;218;sem vítima;873;BR-381/MG;Sul;Colisão Lateral;1;2;;;;;1
30/03/2017;23:40:00;455;com vítima;28,3;BR-381/SP;Sul;Atropelamento - Morador;1;1;;1;;;2
31/03/2017;01:55:00;41;sem vítima;778;BR-381/MG;Norte;Choque - Elemento de Drenagem;1;1;;;;;1
31/03/2017;06:51:00;92;sem vítima;650;BR-381/MG;Norte;Colisão Lateral;2;2;;;;;1
31/03/2017;22:49:00;527;sem vítima;853,3;BR-381/MG;Sul;Colisão Lateral;1;2;;;;;1
01/04/2017;01:13:00;34;sem vítima;865;BR-381/MG;Sul;Choque - Defensa, barreira ou "submarino";1;1;;;;;1
01/04/2017;15:05:00;265;sem vítima;881;BR-381/MG;Norte;Colisão Lateral;1;2;;;;;1
02/04/2017;20:15:00;308;sem vítima;512;BR-381/MG;Sul;Colisão Traseira;1;3;;;;;1
02/04/2017;22:39:00;351;sem vítima;649,2;BR-381/MG;Sul;Colisão Traseira;2;2;;;;;1
03/04/2017;04:24:00;47;sem vítima;921,5;BR-381/MG;Sul;Tombamento;1;2;;;;;1
03/04/2017;07:06:00;85;sem vítima;546;BR-381/MG;Sul;Colisão Traseira;1;2;;;;;1
03/04/2017;10:17:00;188;com vítima;20;BR-381/SP;Sul;Engavetamento;7;10;1;;1;1;3
03/04/2017;12:13:00;228;com vítima;14;BR-381/SP;Sul;Engavetamento;1;5;1;;;;1
03/04/2017;18:56:00;399;sem vítima;482,3;BR-381/MG;Sul;Engavetamento;1;3;;;;;1
03/04/2017;19:26:00;406;sem vítima;525,5;BR-381/MG;Sul;Choque - Defensa, barreira ou "submarino";1;1;;;;;1
03/04/2017;21:38:00;437;sem vítima;84;BR-381/SP;Sul;Choque - Defensa, barreira ou "submarino";1;2;;;;;1
03/04/2017;21:44:00;439;com vítima;486,4;BR-381/MG;Sul;Engavetamento;1;3;;;;1;3
03/04/2017;22:29:00;452;sem vítima;601;BR-381/MG;Sul;Colisão Traseira;2;2;;;;;1
03/04/2017;23:43:00;475;com vítima;528,2;BR-381/MG;Sul;Tombamento;1;0;;1;;;2
04/04/2017;07:22:00;82;sem vítima;482;BR-381/MG;Norte;Colisão Traseira;1;2;;;;;1
04/04/2017;09:01:00;127;sem vítima;88,5;BR-381/SP;Sul;Engavetamento;1;3;;;;;1
04/04/2017;09:30:00;146;sem vítima;809,4;BR-381/MG;Norte;Choque - Defensa, barreira ou "submarino";1;1;;;;;1
04/04/2017;10:02:00;157;sem vítima;7,5;BR-381/SP;Norte;Colisão Traseira;2;2;;;;;1
04/04/2017;14:30:00;271;sem vítima;64,8;BR-381/SP;Sul;Choque - Defensa, barreira ou "submarino";1;1;;;;;1
04/04/2017;17:26:00;349;sem vítima;484,5;BR-381/MG;Norte;Colisão Lateral;2;2;;;;;1
05/04/2017;03:46:00;54;com vítima;14;BR-381/SP;Norte;Colisão Traseira;1;1;1;1;;;2
05/04/2017;09:17:00;159;sem vítima;658;BR-381/MG;Norte;Colisão Lateral;1;2;;;;;1
05/04/2017;10:31:00;196;sem vítima;87,3;BR-381/SP;Sul;Colisão Traseira;1;2;;;;;1
05/04/2017;14:47:00;287;com vítima;651;BR-381/MG;Sul;Atropelamento - Ciclista;1;1;;;;1;3
06/04/2017;07:04:00;85;sem vítima;85;BR-381/SP;Sul;Colisão Lateral;1;2;;;;;1
06/04/2017;07:07:00;88;sem vítima;70;BR-381/SP;Norte;Choque - Defensa, barreira ou "submarino";1;2;;;;;1
06/04/2017;07:58:00;117;sem vítima;921,4;BR-381/MG;Sul;Choque - Suporte de Sinalização;1;1;;;;;1
06/04/2017;09:02:00;156;sem vítima;68,2;BR-381/SP;Norte;Engavetamento;1;3;;;;;1
06/04/2017;09:05:00;160;sem vítima;936;BR-381/MG;Sul;Choque - Defensa, barreira ou "submarino";1;1;;;;;1
06/04/2017;10:17:00;189;sem vítima;735;BR-381/MG;Sul;Colisão Traseira;1;2;;;;;1
06/04/2017;11:14:00;215;sem vítima;73;BR-381/SP;Sul;Colisão Lateral;2;3;;;;;1
06/04/2017;12:40:00;246;com vítima;906,4;BR-381/MG;Sul;Colisão Transversal;1;1;1;;1;2;3
06/04/2017;13:52:00;271;com vítima;525,2;BR-381/MG;Sul;Colisão Traseira;1;4;1;;;;1
06/04/2017;22:32:00;503;sem vítima;40;BR-381/SP;Norte;Choque - Defensa, barreira ou "submarino";1;1;;;;;1
07/04/2017;01:25:00;32;sem vítima;711,5;BR-381/MG;Sul;Choque - Defensa, barreira ou "submarino";1;1;;;;;1
07/04/2017;04:27:00;72;sem vítima;818,8;BR-381/MG;Sul;Atropelamento de Animal;1;1;;;;;1
07/04/2017;04:48:00;73;sem vítima;20;BR-381/SP;Norte;Choque - Elemento de Drenagem;1;1;;;;;1
07/04/2017;06:47:00;97;sem vítima;540,6;BR-381/MG;Norte;Colisão Traseira;1;2;;;;;1
07/04/2017;09:13:00;174;sem vítima;491,8;BR-381/MG;Sul;Colisão Lateral;1;2;;;;;1
07/04/2017;17:47:00;382;com vítima;929,7;BR-381/MG;Sul;Tombamento;1;0;1;;;;1