data;horario;n_da_ocorrencia;tipo_de_ocorrencia;km;trecho;sentido;tipo_de_acidente;caminhao;ilesos;levemente_feridos;moderadamente_feridos;gravemente_feridos;mortos;3
07/04/2017;19:59:00;439;sem vítima;540,6;BR-381/MG;Norte;Colisão Traseira;2;2;;;;;1
07/04/2017;21:46:00;474;sem vítima;791;BR-381/MG;Norte;Tombamento;1;1;;;;;1
08/04/2017;02:23:00;44;com vítima;739,3;BR-381/MG;Sul;Colisão Traseira;1;2;;;1;;2
08/04/2017;02:24:00;45;com vítima;65,5;BR-381/SP;Sul;Colisão Traseira;1;1;;;;1;3
08/04/2017;03:24:00;52;com vítima;65,5;BR-381/SP;Sul;Atropelamento - Outros;2;3;;1;;;2
08/04/2017;07:07:00;89;sem vítima;654;BR-381/MG;Norte;Colisão Lateral;1;2;;;;;1
08/04/2017;08:38:00;124;sem vítima;845;BR-381/MG;Norte;Colisão Lateral;1;2;;;;;1
08/04/2017;13:46:00;235;sem vítima;850,5;BR-381/MG;Sul;Choque - Defensa, barreira ou "submarino";1;1;;;;;1
08/04/2017;22:00:00;397;sem vítima;485,8;BR-381/MG;Norte;Colisão Traseira;1;2;;;;;1
09/04/2017;00:29:00;25;com vítima;824,5;BR-381/MG;Norte;Tombamento;1;0;3;;;;1
09/04/2017;02:28:00;41;sem vítima;70;BR-381/SP;Norte;Colisão Lateral;1;2;;;;;1
09/04/2017;02:51:00;47;com vítima;559;BR-381/MG;Norte;Colisão Traseira;2;0;4;1;;;2
09/04/2017;07:27:00;97;com vítima;930;BR-381/MG;Sul;Tombamento;1;0;2;;;;1
09/04/2017;08:59:00;124;sem vítima;540;BR-381/MG;Sul;Choque - Defensa, barreira ou "submarino";1;2;;;;;1
09/04/2017;19:47:00;355;sem vítima;509;BR-381/MG;Sul;Colisão Lateral;1;2;;;;;1
10/04/2017;00:12:00;21;sem vítima;760,8;BR-381/MG;Norte;Colisão Traseira;2;2;;;;;1
10/04/2017;02:22:00;49;com vítima;904;BR-381/MG;Norte;Tombamento;1;0;1;;;;1
10/04/2017;06:22:00;72;com vítima;483;BR-381/MG;Norte;Tombamento;1;2;1;;;;1
10/04/2017;07:47:00;109;sem vítima;655,4;BR-381/MG;Sul;Capotamento;1;1;;;;;1
10/04/2017;16:50:00;342;sem vítima;491;BR-381/MG;Norte;Colisão Lateral;1;2;;;;;1
10/04/2017;20:34:00;416;sem vítima;947;BR-381/MG;Norte;Colisão Traseira;1;2;;;;;1
11/04/2017;01:41:00;49;com vítima;872;BR-381/MG;Sul;Colisão Traseira;2;1;1;;;;1
11/04/2017;07:17:00;95;com vítima;493,5;BR-381/MG;Sul;Engavetamento;3;3;1;;;;1
11/04/2017;18:11:00;374;sem vítima;12,8;BR-381/SP;Norte;Tombamento;1;1;;;;;1
11/04/2017;19:13:00;398;com vítima;615,8;BR-381/MG;Sul;Choque - Defensa, barreira ou "submarino";1;0;2;;;;1
12/04/2017;01:29:00;35;sem vítima;805;BR-381/MG;Sul;Colisão Traseira;1;14;;;;;1
12/04/2017;09:36:00;171;sem vítima;494;BR-381/MG;Sul;Colisão Lateral;1;2;;;;;1
12/04/2017;14:05:00;277;com vítima;518;BR-381/MG;Sul;Colisão Traseira;1;1;1;;;;1
12/04/2017;16:36:00;358;sem vítima;47;BR-381/SP;Norte;Colisão Traseira;1;2;;;;;1
13/04/2017;01:20:00;23;com vítima;560,4;BR-381/MG;Norte;Colisão Lateral;2;2;1;;;;1
13/04/2017;07:37:00;112;com vítima;542;BR-381/MG;Norte;Colisão Traseira;2;0;1;;;1;3
13/04/2017;08:52:00;148;sem vítima;75,2;BR-381/SP;Norte;Choque - Talude;1;1;;;;;1
13/04/2017;09:05:00;151;sem vítima;579;BR-381/MG;Norte;Choque - Defensa, barreira ou "submarino";1;1;;;;;1
13/04/2017;17:25:00;393;sem vítima;491,1;BR-381/MG;Norte;Colisão Traseira;1;2;;;;;1
14/04/2017;01:11:00;34;sem vítima;723;BR-381/MG;Norte;Colisão Lateral;2;2;;;;;1
14/04/2017;04:09:00;86;sem vítima;779,9;BR-381/MG;Norte;Atropelamento de Animal;1;1;;;;;1
14/04/2017;12:11:00;250;sem vítima;735;BR-381/MG;Norte;Colisão Lateral;2;2;;;;;1
14/04/2017;15:39:00;331;sem vítima;85,9;BR-381/SP;Sul;Colisão Lateral;1;2;;;;;1
15/04/2017;10:37:00;116;sem vítima;526;BR-381/MG;Sul;Colisão Traseira;2;2;;;;;1
15/04/2017;15:39:00;206;sem vítima;50;BR-381/SP;Norte;Colisão Traseira;2;2;;;;;1
15/04/2017;15:54:00;213;sem vítima;492,7;BR-381/MG;Norte;Colisão Lateral;1;2;;;;;1
15/04/2017;20:43:00;297;com vítima;493,6;BR-381/MG;Sul;Capotamento;1;0;1;;;;1
16/04/2017;16:47:00;282;sem vítima;493,5;BR-381/MG-CONT;Sul;Colisão Traseira;1;2;;;;;1
16/04/2017;18:07:00;329;sem vítima;925,5;BR-381/MG;Sul;Tombamento;1;1;;;;;1
16/04/2017;18:09:00;331;sem vítima;805,5;BR-381/MG;Norte;Colisão Traseira;1;2;;;;;1
17/04/2017;07:02:00;105;sem vítima;88;BR-381/SP;Sul;Engavetamento;1;4;;;;;1
17/04/2017;08:27:00;148;sem vítima;492;BR-381/MG;Sul;Colisão Traseira;1;2;;;;;1
17/04/2017;08:35:00;153;sem vítima;941;BR-381/MG;Norte;Choque - Suporte de Sinalização;1;1;;;;;1
17/04/2017;09:01:00;166;sem vítima;907,5;BR-381/MG;Norte;Choque - Defensa, barreira ou "submarino";1;1;;;;;1
17/04/2017;18:36:00;387;sem vítima;84;BR-381/SP;Sul;Choque - Talude;1;1;;;;;1
17/04/2017;22:50:00;448;com vítima;520,3;BR-381/MG;Norte;Colisão Traseira;1;4;1;;;;1
18/04/2017;05:33:00;81;sem vítima;483;BR-381/MG;Sul;Choque - Defensa, barreira ou "submarino";1;1;;;;;1
18/04/2017;05:40:00;82;com vítima;15,8;BR-381/SP;Sul;Colisão Traseira;1;1;1;;;;1
18/04/2017;08:32:00;153;com vítima;88,6;BR-381/SP;Sul;Engavetamento;1;3;;1;;;2
18/04/2017;22:03:00;472;sem vítima;942;BR-381/MG;Sul;Colisão Lateral;1;2;;;;;1
18/04/2017;22:14:00;475;sem vítima;7,5;BR-381/SP;Norte;Colisão Traseira;2;2;;;;;1
19/04/2017;01:53:00;40;sem vítima;14;BR-381/SP;Sul;Colisão Traseira;2;2;;;;;1
19/04/2017;10:17:00;178;com vítima;863,1;BR-381/MG;Sul;Tombamento;1;0;1;;;;1
19/04/2017;15:44:00;309;sem vítima;621,7;BR-381/MG;Sul;Colisão Lateral;2;3;;;;;1
19/04/2017;19:23:00;388;com vítima;480;BR-381/MG;Sul;Colisão Lateral;1;1;1;;;;1
20/04/2017;09:11:00;178;sem vítima;481,2;BR-381/MG;Sul;Colisão Traseira;1;2;;;;;1
20/04/2017;19:08:00;496;sem vítima;38;BR-381/SP;Norte;Engavetamento;1;5;;;;;1
21/04/2017;00:17:00;17;sem vítima;614,9;BR-381/MG;Norte;Colisão Traseira;2;2;;;;;1
21/04/2017;07:37:00;139;sem vítima;818;BR-381/MG;Norte;Colisão Traseira;1;2;;;;;1
21/04/2017;08:15:00;154;sem vítima;796;BR-381/MG;Norte;Colisão Traseira;1;2;;;;;1
21/04/2017;09:53:00;198;sem vítima;540;BR-381/MG;Norte;Choque - Elemento de Drenagem;1;1;;;;;1
22/04/2017;09:19:00;127;sem vítima;688,1;BR-381/MG;Norte;Choque - Defensa, barreira ou "submarino";1;1;;;;;1
22/04/2017;12:05:00;184;sem vítima;797,5;BR-381/MG;Sul;Tombamento;1;1;;;;;1
22/04/2017;15:22:00;252;com vítima;533,3;BR-381/MG;Sul;Colisão Transversal;1;2;1;;;;1
23/04/2017;14:24:00;193;sem vítima;7;BR-381/SP;Sul;Colisão Traseira;1;2;;;;;1
23/04/2017;19:47:00;333;sem vítima;526,7;BR-381/MG;Norte;Colisão Traseira;1;2;;;;;1
24/04/2017;03:03:00;45;sem vítima;50;BR-381/SP;Sul;Colisão Traseira;2;2;;;;;1
24/04/2017;05:12:00;66;sem vítima;847;BR-381/MG;Sul;Colisão Traseira;1;2;;;;;1
24/04/2017;08:37:00;166;com vítima;480;BR-381/MG;Norte;Tombamento;1;1;;;1;;2
24/04/2017;12:01:00;219;sem vítima;478,5;BR-381/MG;Sul;Engavetamento;1;3;;;;;1
24/04/2017;16:59:00;344;sem vítima;685;BR-381/MG;Norte;Colisão Lateral;1;3;;;;;1
24/04/2017;23:08:00;452;sem vítima;773,5;BR-381/MG;Sul;Atropelamento de Animal;1;1;;;;;1
25/04/2017;02:29:00;48;sem vítima;915;BR-381/MG;Norte;Atropelamento de Animal;1;1;;;;;1
25/04/2017;03:54:00;61;com vítima;523;BR-381/MG;Norte;Choque - Defensa, barreira ou "submarino";1;1;1;;;;1
25/04/2017;05:30:00;74;com vítima;600,85;BR-381/MG;Sul;Colisão Traseira;1;1;1;;;;1
25/04/2017;15:44:00;316;com vítima;873,9;BR-381/MG;Norte;Tombamento;1;0;;1;;;2
25/04/2017;16:04:00;324;sem vítima;943,5;BR-381/MG;Norte;Choque - Defensa, barreira ou "submarino";1;1;;;;;1
26/04/2017;09:27:00;142;sem vítima;494,5;BR-381/MG;Sul;Colisão Lateral;1;3;;;;;1
26/04/2017;13:20:00;232;com vítima;839,45;BR-381/MG;Norte;Tombamento;1;0;1;;;;1
26/04/2017;14:09:00;246;sem vítima;504;BR-381/MG;Sul;Colisão Traseira;1;2;;;;;1
26/04/2017;14:12:00;248;sem vítima;11;BR-381/SP;Sul;Choque - Elemento de Drenagem;1;1;;;;;1
26/04/2017;16:23:00;315;com vítima;849;BR-381/MG;Sul;Colisão Traseira;1;3;1;;;;1
26/04/2017;19:34:00;403;sem vítima;704,5;BR-381/MG;Norte;Outros;1;1;;;;;1
26/04/2017;19:57:00;407;sem vítima;704,5;BR-381/MG;Norte;Colisão Lateral;2;2;;;;;1
26/04/2017;21:28:00;433;sem vítima;68;BR-381/SP;Norte;Colisão Lateral;1;2;;;;;1
27/04/2017;00:26:00;26;sem vítima;8;BR-381/SP;Sul;Tombamento;1;3;;;;;1
27/04/2017;01:38:00;38;sem vítima;518,9;BR-381/MG;Sul;Choque - Talude;1;1;;;;;1
27/04/2017;03:02:00;50;sem vítima;731;BR-381/MG;Norte;Choque - Defensa, barreira ou "submarino";1;2;;;;;1
27/04/2017;03:09:00;52;sem vítima;528;BR-381/MG;Sul;Saida de Pista;1;1;;;;;1
27/04/2017;08:25:00;135;sem vítima;496;BR-381/MG;Norte;Choque - Poste;1;1;;;;;1
27/04/2017;10:17:00;182;com vítima;90;BR-381/SP;Sul;Engavetamento;1;3;2;;;;1
27/04/2017;14:12:00;247;sem vítima;52,6;BR-381/SP;Norte;Engavetamento;2;4;;;;;1
27/04/2017;16:01:00;303;sem vítima;89,7;BR-381/SP;Sul;Engavetamento;1;3;;;;;1
28/04/2017;00:28:00;24;sem vítima;831;BR-381/MG;Norte;Tombamento;3;3;;;;;1
28/04/2017;06:49:00;101;sem vítima;536,8;BR-381/MG;Norte;Tombamento;1;1;;;;;1
28/04/2017;10:44:00;197;sem vítima;927,7;BR-381/MG;Sul;Colisão Lateral;1;2;;;;;1
28/04/2017;15:04:00;267;com vítima;702;BR-381/MG;Norte;Colisão Traseira;1;2;1;;;;1
28/04/2017;19:23:00;394;sem vítima;695;BR-381/MG;Sul;Colisão Lateral;2;2;;;;;1
28/04/2017;21:44:00;448;sem vítima;18;BR-381/SP;Norte;Colisão Lateral;1;2;;;;;1
28/04/2017;21:47:00;450;sem vítima;670;BR-381/MG;Norte;Tombamento;1;1;;;;;1
29/04/2017;07:57:00;115;sem vítima;501;BR-381/MG;Norte;Colisão Traseira;1;2;;;;;1
29/04/2017;10:05:00;165;com vítima;487,5;BR-381/MG;Sul;Colisão Lateral;2;2;1;;;;1
29/04/2017;11:00:00;191;com vítima;86,1;BR-381/SP;Sul;Colisão Traseira;1;1;2;;;;1
29/04/2017;11:12:00;196;sem vítima;661;BR-381/MG;Norte;Colisão Traseira;1;2;;;;;1
29/04/2017;20:42:00;403;com vítima;795;BR-381/MG;Norte;Atropelamento - Morador;1;1;;;1;;2
30/04/2017;07:55:00;98;com vítima;708,7;BR-381/MG;Sul;Colisão Traseira;1;1;1;;;;1
30/04/2017;10:53:00;136;sem vítima;935;BR-381/MG;Norte;Colisão Traseira;1;2;;;;;1
30/04/2017;11:30:00;145;com vítima;794,3;BR-381/MG;Sul;Choque - Defensa, barreira ou "submarino";1;0;;1;;;2
30/04/2017;15:54:00;238;sem vítima;761,5;BR-381/MG;Sul;Tombamento;1;1;;;;;1
01/05/2017;02:17:00;25;com vítima;540;BR-381/MG;Norte;Capotamento;1;0;1;;;;1
01/05/2017;20:14:00;372;sem vítima;529,7;BR-381/MG;Norte;Colisão Lateral;1;2;;;;;1
02/05/2017;03:49:00;47;sem vítima;873,8;BR-381/MG;Sul;Tombamento;1;1;;;;;1
02/05/2017;06:27:00;84;com vítima;564;BR-381/MG;Norte;Tombamento;1;0;1;;;;1
02/05/2017;09:45:00;181;sem vítima;545,95;BR-381/MG;Norte;Choque - Outros;1;1;;;;;1
02/05/2017;19:21:00;420;com vítima;494;BR-381/MG;Norte;Colisão Traseira;1;1;1;;;;1
03/05/2017;02:24:00;32;sem vítima;88;BR-381/SP;Sul;Colisão Traseira;1;2;;;;;1
03/05/2017;07:23:00;95;sem vítima;7,57;BR-381/SP;Norte;Choque - Defensa, barreira ou "submarino";1;1;;;;;1
03/05/2017;10:03:00;184;sem vítima;558;BR-381/MG;Sul;Colisão Traseira;1;4;;;;;1
03/05/2017;14:00:00;263;sem vítima;725;BR-381/MG;Sul;Colisão Traseira;1;2;;;;;1
03/05/2017;15:30:00;296;sem vítima;793;BR-381/MG;Sul;Colisão Lateral;1;2;;;;;1
03/05/2017;17:16:00;339;com vítima;484;BR-381/MG;Sul;Colisão Traseira;1;1;;1;;;2
03/05/2017;17:54:00;354;sem vítima;504,5;BR-381/MG;Sul;Choque - Defensa, barreira ou "submarino";1;1;;;;;1
03/05/2017;17:57:00;357;sem vítima;85,3;BR-381/SP;Norte;Colisão Lateral;1;2;;;;;1
04/05/2017;00:29:00;16;sem vítima;665,1;BR-381/MG;Norte;Tombamento;1;1;;;;;1
04/05/2017;06:52:00;74;sem vítima;497;BR-381/MG;Norte;Colisão Traseira;1;2;;;;;1
04/05/2017;06:55:00;75;sem vítima;480,5;BR-381/MG;Norte;Engavetamento;2;3;;;;;1
04/05/2017;09:11:00;132;com vítima;62;BR-381/SP;Norte;Colisão Lateral;1;1;1;;;;1
04/05/2017;12:52:00;218;sem vítima;699,8;BR-381/MG;Norte;Tombamento;1;1;;;;;1
04/05/2017;16:29:00;291;sem vítima;707,4;BR-381/MG;Norte;Colisão Traseira;1;3;;;;;1
05/05/2017;01:43:00;23;sem vítima;34;BR-381/SP;Norte;Choque - Defensa, barreira ou "submarino";1;1;;;;;1
05/05/2017;03:40:00;46;sem vítima;940,6;BR-381/MG;Norte;Choque - Elemento de Drenagem;1;2;;;;;1
05/05/2017;05:52:00;70;sem vítima;889,5;BR-381/MG;Norte;Colisão Traseira;1;2;;;;;1
05/05/2017;08:43:00;114;com vítima;478,3;BR-381/MG;Norte;Engavetamento;1;3;1;;;;1
05/05/2017;13:18:00;213;com vítima;496;BR-381/MG;Sul;Choque - Talude;1;0;1;;;;1
05/05/2017;13:47:00;221;sem vítima;490,6;BR-381/MG;Norte;Colisão Traseira;1;2;;;;;1
05/05/2017;14:36:00;236;sem vítima;947;BR-381/MG;Norte;Colisão Lateral;1;2;;;;;1
05/05/2017;14:41:00;239;com vítima;61;BR-381/SP;Norte;Colisão Lateral;1;1;1;;;;1
05/05/2017;14:49:00;246;sem vítima;908;BR-381/MG;Sul;Colisão Lateral;1;2;;;;;1
05/05/2017;20:31:00;390;sem vítima;41;BR-381/SP;Norte;Colisão Traseira;1;3;;;;;1
05/05/2017;22:28:00;428;com vítima;75;BR-381/SP;Norte;Choque - Talude;1;0;1;;;;1
05/05/2017;23:52:00;455;sem vítima;484;BR-381/MG;Norte;Colisão Lateral;1;2;;;;;1
06/05/2017;00:20:00;11;sem vítima;80;BR-381/SP;Norte;Colisão Traseira;1;2;;;;;1
06/05/2017;14:02:00;234;sem vítima;519;BR-381/MG;Norte;Colisão Lateral;1;2;;;;;1
06/05/2017;14:43:00;255;sem vítima;931,358;BR-381/MG;Sul;Tombamento;1;1;;;;;1
06/05/2017;18:17:00;357;com vítima;83,83;BR-381/SP;Sul;Engavetamento;1;3;1;;;;1
06/05/2017;22:55:00;417;sem vítima;638;BR-381/MG;Norte;Tombamento;1;1;;;;;1
07/05/2017;05:52:00;73;com vítima;908,2;BR-381/MG;Norte;Tombamento;1;0;1;;;;1
07/05/2017;09:54:00;130;com vítima;528;BR-381/MG;Sul;Tombamento;1;0;2;;;;1
07/05/2017;10:49:00;148;com vítima;817,7;BR-381/MG;Norte;Colisão Traseira;1;1;;;1;;2
08/05/2017;06:50:00;83;sem vítima;800;BR-381/MG;Sul;Colisão Traseira;1;3;;;;;1
08/05/2017;07:53:00;110;sem vítima;592,5;BR-381/MG;Sul;Colisão Traseira;1;2;;;;;1
08/05/2017;12:42:00;247;sem vítima;901;BR-381/MG;Norte;Colisão Traseira;1;2;;;;;1
08/05/2017;13:55:00;274;com vítima;525,6;BR-381/MG;Sul;Tombamento;1;0;;1;;;2
08/05/2017;15:48:00;315;sem vítima;42;BR-381/SP;Norte;Colisão Lateral;1;2;;;;;1
08/05/2017;16:10:00;322;com vítima;849,1;BR-381/MG;Norte;Tombamento;1;0;1;;;;1
08/05/2017;22:45:00;452;com vítima;517;BR-381/MG;Norte;Tombamento;1;1;1;1;;;2
09/05/2017;02:02:00;34;com vítima;695,8;BR-381/MG;Sul;Tombamento;1;0;1;;;;1
09/05/2017;03:05:00;42;com vítima;78,7;BR-381/SP;Norte;Choque - Defensa, barreira ou "submarino";1;0;;;1;;2
09/05/2017;05:59:00;78;sem vítima;627,5;BR-381/MG;Norte;Choque - Defensa, barreira ou "submarino";1;2;;;;;1
09/05/2017;06:19:00;84;sem vítima;929,1;BR-381/MG;Norte;Choque - Defensa, barreira ou "submarino";1;1;;;;;1
09/05/2017;14:40:00;273;sem vítima;34,7;BR-381/SP;Sul;Tombamento;1;1;;;;;1
09/05/2017;17:08:00;346;sem vítima;749,4;BR-381/MG;Norte;Colisão Traseira;1;2;;;;;1
09/05/2017;21:02:00;449;sem vítima;70,2;BR-381/SP;Sul;Colisão Traseira;2;2;;;;;1
09/05/2017;21:23:00;454;sem vítima;829,6;BR-381/MG;Norte;Tombamento;1;1;;;;;1
09/05/2017;22:04:00;461;sem vítima;49;BR-381/SP;Norte;Colisão Lateral;1;2;;;;;1
10/05/2017;00:57:00;27;sem vítima;930;BR-381/MG;Sul;Tombamento;2;6;;;;;1
10/05/2017;05:13:00;70;sem vítima;65;BR-381/SP;Norte;Colisão Traseira;2;3;;;;;1
10/05/2017;07:10:00;111;sem vítima;478,6;BR-381/MG;Norte;Engavetamento;1;4;;;;;1
10/05/2017;10:28:00;197;sem vítima;50;BR-381/SP;Norte;Colisão Traseira;1;2;;;;;1
10/05/2017;19:06:00;392;com vítima;508;BR-381/MG;Sul;Colisão Lateral;1;0;3;;;;1
10/05/2017;22:50:00;454;sem vítima;508,3;BR-381/MG;Norte;Colisão Traseira;2;2;;;;;1
11/05/2017;07:30:00;102;sem vítima;543;BR-381/MG;Norte;Colisão Traseira;1;2;;;;;1
11/05/2017;18:22:00;367;com vítima;486,5;BR-381/MG;Norte;Colisão Lateral;1;1;1;;;;1
12/05/2017;02:38:00;38;com vítima;781,7;BR-381/MG;Sul;Tombamento;1;0;2;;;;1
12/05/2017;08:42:00;136;sem vítima;628,5;BR-381/MG;Norte;Choque - Defensa, barreira ou "submarino";1;1;;;;;1
12/05/2017;11:34:00;212;sem vítima;34;BR-381/SP;Sul;Engavetamento;2;3;;;;;1
12/05/2017;12:02:00;218;sem vítima;25,8;BR-381/SP;Norte;Colisão Traseira;2;2;;;;;1
12/05/2017;12:44:00;230;sem vítima;834,3;BR-381/MG;Sul;Choque - Defensa, barreira ou "submarino";1;1;;;;;1
12/05/2017;14:40:00;293;com vítima;519;BR-381/MG;Sul;Colisão Traseira;1;1;1;;;;1
12/05/2017;15:28:00;323;sem vítima;81,8;BR-381/SP;Sul;Colisão Lateral;1;2;;;;;1
12/05/2017;19:43:00;442;com vítima;33,1;BR-381/SP;Norte;Engavetamento;1;2;;1;;;2
12/05/2017;20:03:00;449;com vítima;946;BR-381/MG;Sul;Tombamento;1;0;;;1;;2
12/05/2017;21:02:00;472;sem vítima;505;BR-381/MG;Sul;Colisão Lateral;1;2;;;;;1
12/05/2017;22:34:00;497;com vítima;853,2;BR-381/MG;Sul;Tombamento;1;0;1;;;;1
13/05/2017;03:50:00;52;com vítima;905;BR-381/MG;Norte;Tombamento;2;1;2;;1;;2
13/05/2017;05:42:00;69;sem vítima;83;BR-381/SP;Norte;Colisão Traseira;1;3;;;;;1
13/05/2017;07:05:00;87;sem vítima;905,5;BR-381/MG;Norte;Engavetamento;1;9;;;;;1
13/05/2017;08:34:00;123;sem vítima;491,8;BR-381/MG-CONT;Sul;Colisão Lateral;1;2;;;;;1
13/05/2017;16:16:00;298;sem vítima;695;BR-381/MG;Sul;Colisão Lateral;1;2;;;;;1
13/05/2017;16:38:00;306;sem vítima;944;BR-381/MG;Sul;Choque - Defensa, barreira ou "submarino";1;1;;;;;1
13/05/2017;16:58:00;314;sem vítima;735,5;BR-381/MG;Sul;Choque - Defensa, barreira ou "submarino";1;1;;;;;1
13/05/2017;20:30:00;386;sem vítima;722;BR-381/MG;Norte;Tombamento;1;1;;;;;1
13/05/2017;22:05:00;414;sem vítima;853;BR-381/MG;Sul;Choque - Elemento de Drenagem;1;2;;;;;1
14/05/2017;23:11:00;403;com vítima;744;BR-381/MG;Sul;Colisão Traseira;1;1;1;;;;1
15/05/2017;04:33:00;58;sem vítima;866,5;BR-381/MG;Sul;Engavetamento;1;3;;;;;1
15/05/2017;08:06:00;113;com vítima;494;BR-381/MG;Norte;Colisão Lateral;1;1;1;;;;1
15/05/2017;11:48:00;206;sem vítima;564;BR-381/MG;Sul;Choque - Suporte de Sinalização;1;1;;;;;1
15/05/2017;13:13:00;236;sem vítima;639,8;BR-381/MG;Norte;Colisão Traseira;1;2;;;;;1
15/05/2017;14:02:00;252;sem vítima;480,5;BR-381/MG;Norte;Colisão Traseira;1;2;;;;;1
16/05/2017;00:04:00;6;sem vítima;649,5;BR-381/MG;Norte;Atropelamento de Animal;1;1;;;;;1
16/05/2017;05:12:00;69;sem vítima;528;BR-381/MG;Sul;Choque - Talude;1;1;;;;;1
16/05/2017;05:37:00;81;com vítima;832,3;BR-381/MG;Norte;Tombamento;1;2;4;;;;1
16/05/2017;08:43:00;136;sem vítima;756;BR-381/MG;Norte;Choque - Defensa, barreira ou "submarino";1;1;;;;;1
16/05/2017;13:19:00;236;sem vítima;841;BR-381/MG;Norte;Colisão Lateral;2;2;;;;;1
16/05/2017;19:35:00;363;sem vítima;942,2;BR-381/MG;Norte;Choque - Elemento de Drenagem;1;1;;;;;1
16/05/2017;20:19:00;374;sem vítima;81,5;BR-381/SP;Sul;Choque - Defensa, barreira ou "submarino";1;1;;;;;1
17/05/2017;00:04:00;12;com vítima;72,9;BR-381/SP;Norte;Colisão Traseira;1;1;1;;;;1
17/05/2017;18:03:00;364;sem vítima;730,2;BR-381/MG;Norte;Capotamento;1;4;;;;;1
17/05/2017;18:09:00;369;com vítima;889,7;BR-381/MG;Sul;Atropelamento - Ciclista;1;1;;2;;;2
18/05/2017;07:56:00;108;com vítima;526;BR-381/MG;Sul;Capotamento;1;0;;1;;;2
18/05/2017;12:03:00;213;sem vítima;69,5;BR-381/SP;Norte;Tombamento;1;1;;;;;1
18/05/2017;17:15:00;303;sem vítima;939;BR-381/MG;Sul;Engavetamento;1;3;;;;;1
18/05/2017;19:33:00;360;com vítima;24;BR-381/SP;Sul;Colisão Traseira;1;1;;;1;1;3
19/05/2017;06:50:00;87;sem vítima;717;BR-381/MG;Sul;Choque - Defensa, barreira ou "submarino";1;1;;;;;1
19/05/2017;07:10:00;94;com vítima;716,4;BR-381/MG;Sul;Tombamento;1;0;;;;1;3
19/05/2017;09:33:00;163;sem vítima;711,2;BR-381/MG;Sul;Choque - Talude;1;1;;;;;1
19/05/2017;11:44:00;229;sem vítima;716,2;BR-381/MG;Sul;Engavetamento;1;3;;;;;1
19/05/2017;14:22:00;279;sem vítima;727,4;BR-381/MG;Sul;Colisão Traseira;1;2;;;;;1
19/05/2017;14:41:00;288;sem vítima;37;BR-381/SP;Norte;Engavetamento;1;3;;;;;1
19/05/2017;14:56:00;296;sem vítima;911,1;BR-381/MG;Norte;Tombamento;1;1;;;;;1
19/05/2017;15:27:00;313;com vítima;36,7;BR-381/SP;Norte;Engavetamento;1;2;;1;;;2
19/05/2017;16:01:00;331;sem vítima;36;BR-381/SP;Norte;Choque - Elemento de Drenagem;1;1;;;;;1
19/05/2017;16:15:00;339;com vítima;39;BR-381/SP;Norte;Engavetamento;1;3;2;;1;;2
19/05/2017;16:17:00;341;sem vítima;908,4;BR-381/MG;Norte;Colisão Traseira;2;2;;;;;1
19/05/2017;18:03:00;391;sem vítima;726;BR-381/MG;Norte;Tombamento;1;2;;;;;1
19/05/2017;20:58:00;465;com vítima;721,5;BR-381/MG;Sul;Engavetamento;1;4;1;;;;1
19/05/2017;22:53:00;498;sem vítima;549,5;BR-381/MG;Norte;Colisão Traseira;2;2;;;;;1
20/05/2017;03:07:00;47;sem vítima;794;BR-381/MG;Norte;Tombamento;1;1;;;;;1
20/05/2017;04:20:00;61;sem vítima;770,1;BR-381/MG;Norte;Choque - Defensa, barreira ou "submarino";1;2;;;;;1
20/05/2017;06:09:00;88;sem vítima;485,7;BR-381/MG;Sul;Colisão Traseira;1;2;;;;;1
20/05/2017;07:42:00;109;com vítima;627;BR-381/MG;Norte;Choque - Defensa, barreira ou "submarino";1;4;1;;;;1
20/05/2017;10:39:00;170;sem vítima;932,2;BR-381/MG;Norte;Tombamento;1;1;;;;;1
21/05/2017;15:37:00;258;sem vítima;532,8;BR-381/MG;Norte;Colisão Traseira;1;2;;;;;1
21/05/2017;16:43:00;283;sem vítima;495,2;BR-381/MG;Norte;Colisão Traseira;1;2;;;;;1
21/05/2017;21:32:00;394;com vítima;923;BR-381/MG;Norte;Colisão Lateral;1;1;2;;;;1
22/05/2017;04:44:00;61;sem vítima;54;BR-381/SP;Sul;Atropelamento de Animal;1;3;;;;;1
22/05/2017;06:24:00;93;sem vítima;779,9;BR-381/MG;Sul;Saida de Pista;1;1;;;;;1
22/05/2017;07:29:00;113;sem vítima;776,7;BR-381/MG;Sul;Tombamento;1;1;;;;;1
22/05/2017;09:04:00;159;sem vítima;924,6;BR-381/MG;Sul;Engavetamento;1;4;;;;;1
22/05/2017;09:15:00;165;com vítima;894;BR-381/MG;Sul;Tombamento;1;0;;1;;;2
22/05/2017;09:37:00;174;sem vítima;924,4;BR-381/MG;Sul;Colisão Lateral;1;2;;;;;1
22/05/2017;22:24:00;429;sem vítima;751,5;BR-381/MG;Sul;Tombamento;1;1;;;;;1
23/05/2017;01:10:00;12;sem vítima;763,4;BR-381/MG;Sul;Choque - Elemento de Drenagem;1;1;;;;;1
23/05/2017;04:05:00;51;sem vítima;60;BR-381/SP;Sul;Tombamento;1;1;;;;;1
23/05/2017;06:16:00;68;com vítima;585;BR-381/MG;Norte;Choque - Defensa, barreira ou "submarino";1;0;1;;;;1
23/05/2017;09:00:00;119;sem vítima;790,4;BR-381/MG;Sul;Colisão Lateral;1;2;;;;;1
23/05/2017;09:47:00;133;sem vítima;52;BR-381/SP;Norte;Colisão Traseira;1;2;;;;;1