data;horario;n_da_ocorrencia;tipo_de_ocorrencia;km;trecho;sentido;tipo_de_acidente;caminhao;ilesos;levemente_feridos;moderadamente_feridos;gravemente_feridos;mortos;3
23/05/2017;12:56:00;200;com vítima;491,8;BR-381/MG-CONT;Sul;Colisão Traseira;1;2;2;;;;1
23/05/2017;16:13:00;277;sem vítima;882;BR-381/MG;Norte;Colisão Traseira;2;2;;;;;1
23/05/2017;22:51:00;406;sem vítima;907;BR-381/MG;Norte;Colisão Traseira;2;2;;;;;1
24/05/2017;06:29:00;100;com vítima;79,9;BR-381/SP;Norte;Outros;1;1;1;;;;1
24/05/2017;06:58:00;108;sem vítima;589,5;BR-381/MG;Norte;Choque - Elemento de Drenagem;1;1;;;;;1
24/05/2017;07:53:00;125;sem vítima;492;BR-381/MG;Norte;Colisão Lateral;1;2;;;;;1
24/05/2017;07:58:00;128;sem vítima;545,5;BR-381/MG;Norte;Choque - Cancela de Pedagio;1;1;;;;;1
24/05/2017;16:13:00;338;sem vítima;46,7;BR-381/SP;Norte;Colisão Traseira;1;2;;;;;1
24/05/2017;16:24:00;341;com vítima;56,2;BR-381/SP;Norte;Colisão Lateral;1;1;;1;;;2
24/05/2017;20:31:00;430;sem vítima;863,05;BR-381/MG;Sul;Choque - Defensa, barreira ou "submarino";1;1;;;;;1
25/05/2017;03:20:00;45;com vítima;567,2;BR-381/MG;Norte;Colisão Traseira;1;1;;1;;;2
25/05/2017;03:58:00;53;sem vítima;637;BR-381/MG;Sul;Colisão Traseira;2;2;;;;;1
25/05/2017;04:46:00;59;sem vítima;747;BR-381/MG;Norte;Colisão Traseira;2;2;;;;;1
25/05/2017;07:55:00;95;sem vítima;905;BR-381/MG;Sul;Colisão Traseira;2;2;;;;;1
25/05/2017;09:21:00;123;sem vítima;913;BR-381/MG;Sul;Tombamento;1;1;;;;;1
25/05/2017;11:47:00;190;sem vítima;564;BR-381/MG;Sul;Choque - Talude;1;1;;;;;1
25/05/2017;12:12:00;200;com vítima;86;BR-381/SP;Sul;Colisão Traseira;1;1;1;;;;1
25/05/2017;13:24:00;229;com vítima;734,4;BR-381/MG;Sul;Colisão Traseira;1;2;1;;;;1
26/05/2017;05:11:00;89;sem vítima;44;BR-381/SP;Norte;Tombamento;1;1;;;;;1
26/05/2017;07:52:00;124;sem vítima;925;BR-381/MG;Sul;Tombamento;1;1;;;;;1
26/05/2017;08:38:00;147;com vítima;737,6;BR-381/MG;Sul;Capotamento;1;0;;1;;;2
26/05/2017;08:52:00;159;sem vítima;478,6;BR-381/MG;Norte;Colisão Lateral;1;2;;;;;1
26/05/2017;09:06:00;165;sem vítima;871;BR-381/MG;Norte;Choque - Elemento de Drenagem;1;1;;;;;1
26/05/2017;15:34:00;305;sem vítima;87,7;BR-381/SP;Sul;Colisão Lateral;1;2;;;;;1
26/05/2017;19:04:00;402;sem vítima;545,8;BR-381/MG;Sul;Colisão Traseira;1;2;;;;;1
26/05/2017;23:40:00;492;sem vítima;696,1;BR-381/MG;Norte;Colisão Traseira;1;2;;;;;1
26/05/2017;23:59:00;499;sem vítima;900;BR-381/MG;Norte;Colisão Traseira;1;2;;;;;1
27/05/2017;03:28:00;51;sem vítima;510;BR-381/MG;Sul;Colisão Traseira;1;2;;;;;1
27/05/2017;08:10:00;112;sem vítima;85,95;BR-381/SP;Norte;Colisão Traseira;1;2;;;;;1
27/05/2017;08:22:00;115;sem vítima;723;BR-381/MG;Norte;Choque - Outros;1;1;;;;;1
27/05/2017;15:12:00;261;sem vítima;484;BR-381/MG;Norte;Colisão Traseira;2;2;;;;;1
27/05/2017;22:02:00;376;sem vítima;783,8;BR-381/MG;Sul;Choque - Defensa, barreira ou "submarino";1;1;;;;;1
28/05/2017;11:16:00;152;com vítima;567;BR-381/MG;Sul;Choque - Elemento de Drenagem;1;0;1;;;;1
28/05/2017;11:34:00;157;sem vítima;700,6;BR-381/MG;Sul;Choque - Elemento de Drenagem;1;2;;;;;1
28/05/2017;14:46:00;204;sem vítima;704;BR-381/MG;Sul;Outros;1;1;;;;;1
28/05/2017;17:45:00;287;sem vítima;632,3;BR-381/MG;Norte;Choque - Elemento de Drenagem;1;1;;;;;1
29/05/2017;06:53:00;87;sem vítima;477,2;BR-381/MG;Norte;Engavetamento;1;3;;;;;1
29/05/2017;12:40:00;211;com vítima;481,5;BR-381/MG;Sul;Colisão Lateral;1;1;;1;;;2
29/05/2017;19:44:00;356;sem vítima;526,6;BR-381/MG;Sul;Choque - Talude;2;2;;;;;1
30/05/2017;06:46:00;85;sem vítima;477,2;BR-381/MG;Norte;Colisão Lateral;1;2;;;;;1
30/05/2017;08:01:00;109;sem vítima;735,9;BR-381/MG;Sul;Colisão Traseira;1;2;;;;;1
30/05/2017;20:47:00;387;sem vítima;672;BR-381/MG;Sul;Colisão Traseira;1;2;;;;;1
30/05/2017;21:55:00;402;sem vítima;672;BR-381/MG;Norte;Tombamento;1;1;;;;;1
31/05/2017;01:46:00;38;com vítima;671,3;BR-381/MG;Sul;Tombamento;2;2;1;;;;1
31/05/2017;07:16:00;96;sem vítima;676,5;BR-381/MG;Norte;Choque - Defensa, barreira ou "submarino";1;1;;;;;1
31/05/2017;07:29:00;101;com vítima;36;BR-381/SP;Norte;Colisão Lateral;1;1;1;;;;1
31/05/2017;08:01:00;112;sem vítima;502,4;BR-381/MG;Norte;Colisão Lateral;1;2;;;;;1
31/05/2017;09:06:00;150;sem vítima;0;BR-381/SP;Sul;Colisão Lateral;1;2;;;;;1
31/05/2017;10:28:00;190;sem vítima;805,6;BR-381/MG;Sul;Colisão Traseira;2;2;;;;;1
31/05/2017;14:18:00;253;sem vítima;748,5;BR-381/MG;Norte;Colisão Traseira;1;2;;;;;1
31/05/2017;21:53:00;424;com vítima;534,9;BR-381/MG;Sul;Tombamento;1;1;1;;;;1
01/06/2017;00:13:00;8;com vítima;905,4;BR-381/MG;Norte;Engavetamento;3;2;;;;1;3
01/06/2017;07:21:00;80;sem vítima;949;BR-381/MG;Norte;Colisão Traseira;1;2;;;;;1
01/06/2017;09:20:00;137;com vítima;477,5;BR-381/MG;Norte;Tombamento;1;1;1;;;;1
01/06/2017;10:02:00;158;sem vítima;820,2;BR-381/MG;Sul;Colisão Lateral;1;2;;;;;1
01/06/2017;13:30:00;235;com vítima;934,2;BR-381/MG;Sul;Colisão Traseira;1;1;1;;;;1
01/06/2017;13:40:00;236;sem vítima;76,2;BR-381/SP;Sul;Colisão Lateral;1;2;;;;;1
01/06/2017;14:40:00;255;sem vítima;626,4;BR-381/MG;Sul;Tombamento;1;1;;;;;1
01/06/2017;22:03:00;404;com vítima;60,3;BR-381/SP;Sul;Tombamento;1;0;1;;;;1
01/06/2017;23:03:00;425;sem vítima;795;BR-381/MG;Norte;Colisão Traseira;1;2;;;;;1
02/06/2017;07:04:00;101;com vítima;678,8;BR-381/MG;Norte;Colisão Traseira;2;2;1;;;;1
02/06/2017;07:32:00;112;com vítima;793;BR-381/MG;Norte;Colisão Traseira;1;1;1;;;;1
02/06/2017;14:07:00;257;sem vítima;481,8;BR-381/MG;Norte;Colisão Lateral;1;2;;;;;1
02/06/2017;15:07:00;278;com vítima;528,4;BR-381/MG;Sul;Choque - Defensa, barreira ou "submarino";1;0;2;;;;1
02/06/2017;16:07:00;301;sem vítima;691;BR-381/MG;Norte;Colisão Traseira;1;2;;;;;1
02/06/2017;16:16:00;306;sem vítima;767;BR-381/MG;Sul;Colisão Lateral;1;2;;;;;1
02/06/2017;16:23:00;309;sem vítima;509,6;BR-381/MG;Sul;Colisão Lateral;2;2;;;;;1
02/06/2017;20:45:00;434;com vítima;937;BR-381/MG;Norte;Tombamento;1;0;1;;;;1
02/06/2017;21:46:00;453;com vítima;914,8;BR-381/MG;Sul;Choque - Defensa, barreira ou "submarino";1;0;1;;1;;2
03/06/2017;11:21:00;229;com vítima;80,5;BR-381/SP;Sul;Atropelamento - Ciclista;1;1;;;;1;3
03/06/2017;12:17:00;249;com vítima;807,3;BR-381/MG;Norte;Tombamento;1;0;1;;;;1
03/06/2017;15:59:00;341;sem vítima;900,9;BR-381/MG;Norte;Colisão Traseira;2;2;;;;;1
03/06/2017;16:13:00;349;com vítima;728,7;BR-381/MG;Norte;Tombamento;1;0;1;;;;1
04/06/2017;14:24:00;190;sem vítima;649;BR-381/MG;Norte;Choque - Elemento de Drenagem;1;1;;;;;1
04/06/2017;17:48:00;277;sem vítima;516,8;BR-381/MG;Sul;Colisão Lateral;1;2;;;;;1
04/06/2017;21:08:00;343;com vítima;863,4;BR-381/MG;Sul;Choque - Elemento de Drenagem;1;0;1;;;;1
05/06/2017;07:10:00;81;com vítima;491;BR-381/MG;Norte;Engavetamento;1;2;;;;1;3
05/06/2017;07:48:00;97;com vítima;500,9;BR-381/MG;Norte;Colisão Lateral;2;1;1;;;;1
05/06/2017;09:29:00;138;sem vítima;500,9;BR-381/MG;Norte;Engavetamento;1;4;;;;;1
05/06/2017;09:52:00;152;sem vítima;492,2;BR-381/MG-CONT;Norte;Outros;1;1;;;;;1
05/06/2017;15:07:00;284;sem vítima;559;BR-381/MG;Sul;Choque - Talude;1;1;;;;;1
05/06/2017;17:02:00;327;sem vítima;87,55;BR-381/SP;Sul;Colisão Lateral;1;2;;;;;1
05/06/2017;19:05:00;371;sem vítima;89,6;BR-381/SP;Sul;Colisão Traseira;1;2;;;;;1
06/06/2017;01:14:00;30;sem vítima;682,8;BR-381/MG;Sul;Choque - Defensa, barreira ou "submarino";1;1;;;;;1
06/06/2017;13:35:00;231;sem vítima;68;BR-381/SP;Norte;Colisão Lateral;1;3;;;;;1
06/06/2017;17:46:00;334;sem vítima;489,5;BR-381/MG;Sul;Colisão Lateral;1;2;;;;;1
06/06/2017;17:47:00;335;sem vítima;756;BR-381/MG;Sul;Tombamento;1;1;;;;;1
07/06/2017;05:15:00;75;sem vítima;627,6;BR-381/MG;Sul;Choque - Elemento de Drenagem;1;1;;;;;1
07/06/2017;07:24:00;110;com vítima;532;BR-381/MG;Norte;Tombamento;1;0;;;;1;3
07/06/2017;08:47:00;140;com vítima;832,6;BR-381/MG;Sul;Colisão Lateral;2;1;;;;1;3
07/06/2017;22:27:00;411;sem vítima;637,5;BR-381/MG;Norte;Tombamento;1;1;;;;;1
08/06/2017;07:03:00;83;com vítima;34,5;BR-381/SP;Sul;Colisão Lateral;1;1;1;;;;1
08/06/2017;13:22:00;244;sem vítima;857,5;BR-381/MG;Norte;Choque - Defensa, barreira ou "submarino";1;1;;;;;1
08/06/2017;16:00:00;319;sem vítima;907;BR-381/MG;Norte;Colisão Traseira;1;2;;;;;1
08/06/2017;16:23:00;328;com vítima;557;BR-381/MG;Sul;Capotamento;1;1;;;;1;3
08/06/2017;17:21:00;350;sem vítima;698,3;BR-381/MG;Sul;Choque - Elemento de Drenagem;1;1;;;;;1
08/06/2017;20:41:00;412;sem vítima;840,2;BR-381/MG;Sul;Colisão Traseira;2;2;;;;;1
09/06/2017;04:01:00;57;sem vítima;671;BR-381/MG;Norte;Tombamento;1;1;;;;;1
09/06/2017;04:50:00;66;sem vítima;777,1;BR-381/MG;Sul;Colisão Traseira;1;2;;;;;1
09/06/2017;05:10:00;71;com vítima;689;BR-381/MG;Norte;Tombamento;1;1;1;;;;1
09/06/2017;06:10:00;77;sem vítima;925;BR-381/MG;Sul;Choque - Talude;1;1;;;;;1
09/06/2017;07:55:00;122;com vítima;23;BR-381/SP;Norte;Colisão Traseira;2;2;1;;;;1
09/06/2017;08:35:00;137;sem vítima;480,8;BR-381/MG;Norte;Choque - Defensa, barreira ou "submarino";1;1;;;;;1
09/06/2017;10:02:00;172;sem vítima;937;BR-381/MG;Norte;Colisão Lateral;1;2;;;;;1
09/06/2017;13:01:00;233;sem vítima;516,5;BR-381/MG;Sul;Outros;1;1;;;;;1
09/06/2017;13:35:00;250;sem vítima;920,6;BR-381/MG;Norte;Colisão Traseira;1;2;;;;;1
09/06/2017;21:55:00;443;sem vítima;559;BR-381/MG;Sul;Colisão Traseira;2;2;;;;;1
09/06/2017;23:16:00;469;sem vítima;847,6;BR-381/MG;Norte;Colisão Lateral;1;2;;;;;1
10/06/2017;08:33:00;127;com vítima;485,5;BR-381/MG;Sul;Colisão Lateral;1;1;1;;;;1
10/06/2017;10:02:00;158;sem vítima;785,1;BR-381/MG;Norte;Choque - Defensa, barreira ou "submarino";1;1;;;;;1
11/06/2017;01:42:00;19;sem vítima;32,5;BR-381/SP;Sul;Tombamento;1;2;;;;;1
11/06/2017;07:44:00;95;sem vítima;533;BR-381/MG;Norte;Colisão Lateral;1;4;;;;;1
11/06/2017;11:35:00;161;com vítima;87,4;BR-381/SP;Sul;Colisão Lateral;1;2;1;;;;1
11/06/2017;12:45:00;181;sem vítima;843;BR-381/MG;Sul;Choque - Elemento de Drenagem;1;1;;;;;1
12/06/2017;00:20:00;18;com vítima;582;BR-381/MG;Sul;Colisão Lateral;2;1;1;;;;1
12/06/2017;02:55:00;37;sem vítima;487;BR-381/MG;Norte;Tombamento;1;1;;;;;1
12/06/2017;04:07:00;56;sem vítima;66,6;BR-381/SP;Sul;Choque - Defensa, barreira ou "submarino";1;1;;;;;1
12/06/2017;12:40:00;223;sem vítima;894;BR-381/MG;Sul;Colisão Lateral;1;2;;;;;1
12/06/2017;15:28:00;287;sem vítima;507,3;BR-381/MG;Norte;Choque - Defensa, barreira ou "submarino";1;1;;;;;1
12/06/2017;19:54:00;392;sem vítima;477,2;BR-381/MG;Sul;Colisão Traseira;1;2;;;;;1
13/06/2017;05:07:00;74;com vítima;711;BR-381/MG;Sul;Tombamento;1;1;1;;;;1
13/06/2017;06:19:00;85;sem vítima;893,2;BR-381/MG;Norte;Choque - Defensa, barreira ou "submarino";1;1;;;;;1
13/06/2017;06:58:00;91;sem vítima;606,8;BR-381/MG;Norte;Colisão Lateral;1;2;;;;;1
13/06/2017;07:31:00;95;sem vítima;934,8;BR-381/MG;Norte;Choque - Defensa, barreira ou "submarino";1;1;;;;;1
13/06/2017;10:25:00;167;sem vítima;75;BR-381/SP;Norte;Choque - Elemento de Drenagem;1;1;;;;;1
13/06/2017;11:13:00;187;sem vítima;35;BR-381/SP;Norte;Colisão Traseira;2;2;;;;;1
13/06/2017;16:00:00;295;sem vítima;500;BR-381/MG;Norte;Colisão Lateral;1;2;;;;;1
13/06/2017;23:02:00;438;com vítima;775;BR-381/MG;Norte;Choque - Elemento de Drenagem;1;0;1;1;;;2
14/06/2017;01:54:00;32;sem vítima;926,3;BR-381/MG;Sul;Colisão Traseira;1;2;;;;;1
14/06/2017;02:38:00;39;sem vítima;882;BR-381/MG;Sul;Atropelamento de Animal;1;1;;;;;1
14/06/2017;02:56:00;42;sem vítima;749;BR-381/MG;Norte;Choque - Elemento de Drenagem;1;1;;;;;1
14/06/2017;04:15:00;54;sem vítima;708,8;BR-381/MG;Norte;Tombamento;1;2;;;;;1
14/06/2017;05:52:00;79;com vítima;485,9;BR-381/MG;Sul;Engavetamento;1;2;1;;;;1
14/06/2017;06:19:00;86;com vítima;549;BR-381/MG;Norte;Colisão Traseira;2;0;3;;;;1
14/06/2017;15:58:00;304;sem vítima;480,1;BR-381/MG;Sul;Colisão Traseira;1;2;;;;;1
14/06/2017;19:04:00;392;sem vítima;727,4;BR-381/MG;Sul;Choque - Defensa, barreira ou "submarino";1;1;;;;;1
14/06/2017;22:45:00;464;com vítima;558;BR-381/MG;Sul;Colisão Traseira;1;2;2;;;;1
14/06/2017;22:58:00;469;sem vítima;573;BR-381/MG;Norte;Colisão Lateral;1;2;;;;;1
15/06/2017;02:23:00;51;sem vítima;560;BR-381/MG;Norte;Colisão Lateral;1;4;;;;;1
15/06/2017;05:03:00;94;sem vítima;936,8;BR-381/MG;Norte;Choque - Defensa, barreira ou "submarino";1;3;;;;;1
15/06/2017;08:42:00;149;sem vítima;689;BR-381/MG;Sul;Colisão Lateral;3;3;;;;;1
15/06/2017;10:36:00;201;sem vítima;620;BR-381/MG;Sul;Choque - Talude;1;1;;;;;1
15/06/2017;14:22:00;281;sem vítima;773,4;BR-381/MG;Sul;Choque - Elemento de Drenagem;1;1;;;;;1
15/06/2017;18:11:00;387;sem vítima;6,4;BR-381/SP;Norte;Colisão Frontal;1;2;;;;;1
15/06/2017;20:51:00;442;sem vítima;482,9;BR-381/MG;Norte;Colisão Traseira;1;2;;;;;1
16/06/2017;03:37:00;55;sem vítima;688,3;BR-381/MG;Sul;Capotamento;1;2;;;;;1
16/06/2017;08:18:00;127;com vítima;565;BR-381/MG;Sul;Colisão Traseira;1;1;1;;;;1
16/06/2017;08:41:00;139;com vítima;500;BR-381/MG;Norte;Colisão Traseira;1;1;1;;;;1
16/06/2017;10:48:00;192;sem vítima;491,9;BR-381/MG;Sul;Colisão Lateral;1;4;;;;;1
17/06/2017;08:30:00;105;com vítima;492;BR-381/MG;Sul;Colisão Lateral;1;1;1;;;;1
17/06/2017;09:03:00;116;sem vítima;948;BR-381/MG;Norte;Colisão Traseira;2;2;;;;;1
17/06/2017;09:22:00;123;com vítima;936,1;BR-381/MG;Sul;Tombamento;1;0;1;;;;1
17/06/2017;13:24:00;200;com vítima;766,9;BR-381/MG;Norte;Colisão Traseira;2;2;1;;;;1
17/06/2017;14:56:00;235;com vítima;54;BR-381/SP;Norte;Tombamento;1;0;1;;;;1
18/06/2017;11:51:00;161;com vítima;14;BR-381/SP;Sul;Engavetamento;1;7;1;;;;1
18/06/2017;15:24:00;259;sem vítima;8,8;BR-381/SP;Sul;Colisão Traseira;1;2;;;;;1
18/06/2017;19:38:00;392;com vítima;69,8;BR-381/SP;Sul;Colisão Traseira;1;1;1;;;;1
18/06/2017;22:04:00;435;sem vítima;14;BR-381/SP;Sul;Colisão Traseira;1;2;;;;;1
18/06/2017;23:09:00;454;sem vítima;498,9;BR-381/MG;Sul;Choque - Defensa, barreira ou "submarino";1;1;;;;;1
19/06/2017;13:20:00;288;sem vítima;526;BR-381/MG;Norte;Choque - Defensa, barreira ou "submarino";1;1;;;;;1
19/06/2017;15:24:00;348;sem vítima;747;BR-381/MG;Norte;Choque - Talude;1;1;;;;;1
19/06/2017;20:57:00;474;sem vítima;663;BR-381/MG;Sul;Colisão Traseira;2;3;;;;;1
20/06/2017;01:37:00;34;sem vítima;664,5;BR-381/MG;Sul;Colisão Traseira;2;2;;;;;1
20/06/2017;05:36:00;69;com vítima;941;BR-381/MG;Sul;Choque - Defensa, barreira ou "submarino";1;0;1;;;;1
20/06/2017;06:42:00;82;sem vítima;489,7;BR-381/MG;Sul;Colisão Lateral;1;2;;;;;1
20/06/2017;08:18:00;126;sem vítima;558;BR-381/MG;Sul;Colisão Traseira;1;4;;;;;1
20/06/2017;12:05:00;232;com vítima;78,5;BR-381/SP;Norte;Tombamento;1;0;1;;;;1
20/06/2017;16:46:00;337;com vítima;900,9;BR-381/MG;Norte;Colisão Traseira;2;1;2;;;;1
20/06/2017;22:35:00;424;sem vítima;854;BR-381/MG;Norte;Colisão Lateral;2;2;;;;;1
21/06/2017;07:25:00;108;sem vítima;478,7;BR-381/MG;Norte;Engavetamento;2;3;;;;;1
21/06/2017;18:47:00;384;sem vítima;613,9;BR-381/MG;Norte;Engavetamento;2;3;;;;;1
21/06/2017;20:47:00;429;sem vítima;948;BR-381/MG;Sul;Colisão Lateral;1;2;;;;;1
21/06/2017;22:05:00;451;sem vítima;43,5;BR-381/SP;Norte;Tombamento;1;2;;;;;1
22/06/2017;08:32:00;143;sem vítima;74;BR-381/SP;Norte;Colisão Lateral;1;2;;;;;1
22/06/2017;19:51:00;424;sem vítima;518,5;BR-381/MG;Sul;Colisão Traseira;1;2;;;;;1
23/06/2017;02:17:00;51;com vítima;830;BR-381/MG;Norte;Capotamento;1;2;10;1;;1;3
23/06/2017;06:05:00;91;sem vítima;905,5;BR-381/MG;Norte;Colisão Traseira;1;2;;;;;1
23/06/2017;06:48:00;98;com vítima;480;BR-381/MG;Norte;Colisão Traseira;1;1;1;;;;1
23/06/2017;07:06:00;104;sem vítima;846,7;BR-381/MG;Norte;Tombamento;1;1;;;;;1
23/06/2017;11:36:00;196;com vítima;502;BR-381/MG;Norte;Colisão Traseira;1;1;2;;;;1
23/06/2017;22:41:00;428;sem vítima;703;BR-381/MG;Norte;Choque - Elemento de Drenagem;1;1;;;;;1
24/06/2017;08:27:00;132;sem vítima;900;BR-381/MG;Norte;Engavetamento;1;3;;;;;1
24/06/2017;09:01:00;141;com vítima;649,9;BR-381/MG;Sul;Choque - Defensa, barreira ou "submarino";1;0;1;;;;1
24/06/2017;11:53:00;198;sem vítima;572;BR-381/MG;Norte;Colisão Lateral;1;2;;;;;1
24/06/2017;12:02:00;201;sem vítima;477,8;BR-381/MG;Sul;Colisão Traseira;1;2;;;;;1
24/06/2017;21:09:00;365;sem vítima;652,1;BR-381/MG;Norte;Tombamento;1;1;;;;;1
25/06/2017;18:03:00;294;sem vítima;484;BR-381/MG;Norte;Colisão Traseira;1;3;;;;;1
26/06/2017;00:19:00;25;com vítima;689,2;BR-381/MG;Sul;Colisão Traseira;2;2;2;;;;1
26/06/2017;09:46:00;174;sem vítima;756;BR-381/MG;Sul;Tombamento;1;1;;;;;1
26/06/2017;09:57:00;178;sem vítima;747;BR-381/MG;Norte;Colisão Traseira;2;2;;;;;1
26/06/2017;14:36:00;270;sem vítima;37;BR-381/SP;Sul;Tombamento;1;1;;;;;1
26/06/2017;18:18:00;363;sem vítima;495;BR-381/MG;Norte;Engavetamento;1;2;;;;;1
27/06/2017;02:13:00;39;sem vítima;493,2;BR-381/MG;Norte;Colisão Traseira;1;6;;;;;1
27/06/2017;06:16:00;81;sem vítima;843;BR-381/MG;Sul;Colisão Traseira;2;2;;;;;1
27/06/2017;12:30:00;246;com vítima;491;BR-381/MG;Sul;Choque - Defensa, barreira ou "submarino";1;1;1;;;;1
27/06/2017;13:05:00;256;sem vítima;517,3;BR-381/MG;Norte;Colisão Lateral;2;4;;;;;1
27/06/2017;18:20:00;379;sem vítima;66,6;BR-381/SP;Sul;Choque - Outros;1;1;;;;;1
28/06/2017;01:37:00;41;sem vítima;671,6;BR-381/MG;Sul;Tombamento;1;1;;;;;1
28/06/2017;02:58:00;56;sem vítima;499,8;BR-381/MG;Norte;Colisão Traseira;2;2;;;;;1
28/06/2017;04:03:00;70;sem vítima;581;BR-381/MG;Norte;Colisão Traseira;1;2;;;;;1
28/06/2017;04:12:00;73;sem vítima;928;BR-381/MG;Norte;Atropelamento de Animal;1;3;;;;;1
28/06/2017;04:48:00;80;sem vítima;495;BR-381/MG;Norte;Colisão Lateral;1;2;;;;;1
28/06/2017;23:18:00;499;sem vítima;87;BR-381/SP;Norte;Colisão Traseira;1;2;;;;;1
28/06/2017;23:32:00;501;sem vítima;903,9;BR-381/MG;Norte;Colisão Traseira;2;2;;;;;1
29/06/2017;05:07:00;73;com vítima;824,9;BR-381/MG;Sul;Capotamento;1;0;;;;1;3
29/06/2017;07:23:00;105;sem vítima;477,4;BR-381/MG;Norte;Colisão Traseira;1;2;;;;;1
29/06/2017;13:04:00;235;com vítima;926,4;BR-381/MG;Sul;Atropelamento - Usuário;1;0;;1;;;2
29/06/2017;15:14:00;286;sem vítima;690;BR-381/MG;Sul;Choque - Defensa, barreira ou "submarino";1;1;;;;;1
29/06/2017;15:41:00;303;sem vítima;70,5;BR-381/SP;Sul;Colisão Traseira;1;2;;;;;1
29/06/2017;18:50:00;381;com vítima;489;BR-381/MG;Norte;Colisão Lateral;1;1;1;1;;;2
30/06/2017;05:34:00;98;com vítima;934;BR-381/MG;Norte;Tombamento;1;0;;1;;;2
30/06/2017;09:59:00;182;sem vítima;735,9;BR-381/MG;Norte;Tombamento;1;1;;;;;1
30/06/2017;14:10:00;278;sem vítima;57;BR-381/SP;Sul;Colisão Lateral;1;2;;;;;1
30/06/2017;17:30:00;381;sem vítima;521,5;BR-381/MG;Sul;Colisão Lateral;1;2;;;;;1
30/06/2017;17:52:00;392;sem vítima;50,8;BR-381/SP;Norte;Colisão Traseira;2;2;;;;;1
30/06/2017;18:33:00;420;sem vítima;486,3;BR-381/MG;Sul;Engavetamento;1;5;;;;;1
30/06/2017;22:26:00;511;sem vítima;494,5;BR-381/MG;Norte;Colisão Lateral;1;2;;;;;1
01/07/2017;07:16:00;135;sem vítima;844;BR-381/MG;Norte;Engavetamento;3;3;;;;;1
01/07/2017;11:44:00;246;com vítima;506,8;BR-381/MG;Sul;Engavetamento;1;5;3;;;;1
01/07/2017;13:06:00;278;sem vítima;814;BR-381/MG;Sul;Colisão Lateral;1;2;;;;;1
01/07/2017;15:32:00;334;sem vítima;724;BR-381/MG;Norte;Tombamento;1;1;;;;;1
02/07/2017;17:01:00;297;sem vítima;929,1;BR-381/MG;Sul;Colisão Traseira;2;2;;;;;1
02/07/2017;17:08:00;302;com vítima;658,25;BR-381/MG;Norte;Colisão Traseira;1;3;1;;;;1
02/07/2017;18:43:00;344;sem vítima;839,5;BR-381/MG;Sul;Colisão Lateral;1;2;;;;;1
03/07/2017;04:54:00;72;com vítima;631;BR-381/MG;Norte;Colisão Traseira;2;2;1;;;;1
03/07/2017;09:38:00;186;com vítima;477,5;BR-381/MG;Norte;Colisão Traseira;1;1;1;;;;1
03/07/2017;11:02:00;227;sem vítima;86,1;BR-381/SP;Sul;Choque - Outros;1;1;;;;;1
03/07/2017;12:01:00;247;com vítima;521,2;BR-381/MG;Sul;Colisão Traseira;1;2;2;;;;1
03/07/2017;16:29:00;354;sem vítima;900,9;BR-381/MG;Norte;Colisão Traseira;1;2;;;;;1
04/07/2017;08:31:00;134;sem vítima;865;BR-381/MG;Sul;Colisão Traseira;2;2;;;;;1
04/07/2017;12:22:00;200;com vítima;737;BR-381/MG;Norte;Colisão Traseira;2;1;;1;;;2
05/07/2017;12:00:00;231;com vítima;79;BR-381/SP;Sul;Engavetamento;2;2;1;;;;1
05/07/2017;14:52:00;275;com vítima;518;BR-381/MG;Norte;Colisão Lateral;1;3;2;;;;1
05/07/2017;19:01:00;377;com vítima;908,4;BR-381/MG;Norte;Tombamento;1;0;1;;;;1
05/07/2017;19:49:00;393;com vítima;83,6;BR-381/SP;Norte;Atropelamento - Morador;1;1;;1;;;2
06/07/2017;00:45:00;40;com vítima;720,2;BR-381/MG;Sul;Engavetamento;3;1;2;2;;;2
06/07/2017;07:43:00;142;sem vítima;597,5;BR-381/MG;Norte;Colisão Traseira;1;2;;;;;1
06/07/2017;08:36:00;165;com vítima;481;BR-381/MG;Sul;Colisão Lateral;1;1;1;;;;1
06/07/2017;12:21:00;283;com vítima;532;BR-381/MG;Norte;Tombamento;1;0;1;;;;1
06/07/2017;16:50:00;375;sem vítima;858;BR-381/MG;Norte;Outros;1;1;;;;;1
06/07/2017;17:33:00;393;sem vítima;725;BR-381/MG;Sul;Colisão Lateral;1;2;;;;;1
06/07/2017;20:54:00;458;sem vítima;518,4;BR-381/MG;Sul;Colisão Lateral;1;3;;;;;1
06/07/2017;21:40:00;480;sem vítima;550;BR-381/MG;Sul;Choque - Defensa, barreira ou "submarino";1;2;;;;;1
07/07/2017;08:13:00;143;com vítima;529;BR-381/MG;Norte;Tombamento;1;0;1;;;;1
07/07/2017;14:08:00;286;sem vítima;827;BR-381/MG;Norte;Colisão Traseira;1;2;;;;;1
07/07/2017;19:27:00;442;com vítima;839;BR-381/MG;Norte;Engavetamento;1;2;1;;;;1
07/07/2017;20:19:00;460;sem vítima;88,5;BR-381/SP;Sul;Engavetamento;2;4;;;;;1
08/07/2017;01:43:00;52;com vítima;623,6;BR-381/MG;Sul;Tombamento;1;0;1;;;;1
08/07/2017;03:20:00;69;com vítima;799,2;BR-381/MG;Norte;Capotamento;1;0;;1;;;2
08/07/2017;05:21:00;97;com vítima;498,1;BR-381/MG;Norte;Colisão Traseira;1;1;;;;2;3
08/07/2017;11:34:00;222;com vítima;78,7;BR-381/SP;Norte;Tombamento;1;0;1;;;;1
08/07/2017;12:15:00;238;sem vítima;557,2;BR-381/MG;Sul;Colisão Traseira;1;2;;;;;1
09/07/2017;04:36:00;81;sem vítima;741,95;BR-381/MG;Norte;Atropelamento de Animal;1;4;;;;;1