data;horario;n_da_ocorrencia;tipo_de_ocorrencia;km;trecho;sentido;tipo_de_acidente;caminhao;ilesos;levemente_feridos;moderadamente_feridos;gravemente_feridos;mortos;3
09/07/2017;16:06:00;267;sem vítima;619;BR-381/MG;Sul;Colisão Traseira;2;2;;;;;1
09/07/2017;16:35:00;287;sem vítima;947;BR-381/MG;Sul;Colisão Traseira;1;2;;;;;1
09/07/2017;16:55:00;299;com vítima;507;BR-381/MG;Norte;Colisão Lateral;1;2;1;;;;1
09/07/2017;18:58:00;349;sem vítima;497;BR-381/MG;Norte;Colisão Lateral;1;2;;;;;1
10/07/2017;04:52:00;65;sem vítima;683;BR-381/MG;Norte;Colisão Traseira;2;2;;;;;1
10/07/2017;07:43:00;123;sem vítima;837;BR-381/MG;Norte;Colisão Lateral;2;2;;;;;1
10/07/2017;08:41:00;149;sem vítima;65,5;BR-381/SP;Norte;Colisão Traseira;2;2;;;;;1
10/07/2017;16:44:00;338;sem vítima;537;BR-381/MG;Sul;Colisão Traseira;1;2;;;;;1
10/07/2017;19:34:00;396;com vítima;478,3;BR-381/MG;Sul;Choque - Defensa, barreira ou "submarino";1;1;1;;;;1
10/07/2017;19:44:00;398;sem vítima;36,4;BR-381/SP;Norte;Colisão Lateral;1;2;;;;;1
10/07/2017;20:56:00;420;sem vítima;681,3;BR-381/MG;Sul;Tombamento;1;1;;;;;1
11/07/2017;00:21:00;4;com vítima;600;BR-381/MG;Sul;Colisão Traseira;2;1;1;;;;1
11/07/2017;03:57:00;62;com vítima;627,5;BR-381/MG;Sul;Colisão Traseira;1;1;2;1;;;2
11/07/2017;04:45:00;71;sem vítima;885,9;BR-381/MG;Sul;Colisão Lateral;1;2;;;;;1
12/07/2017;04:25:00;77;sem vítima;671,5;BR-381/MG;Norte;Tombamento;1;1;;;;;1
12/07/2017;08:08:00;145;sem vítima;90,2;BR-381/SP;Sul;Colisão Lateral;1;2;;;;;1
12/07/2017;10:57:00;224;sem vítima;488;BR-381/MG;Norte;Colisão Traseira;1;3;;;;;1
12/07/2017;16:32:00;362;sem vítima;655,4;BR-381/MG;Sul;Choque - Defensa, barreira ou "submarino";1;1;;;;;1
13/07/2017;02:17:00;50;com vítima;864;BR-381/MG;Sul;Tombamento;1;0;1;;;;1
13/07/2017;09:38:00;185;com vítima;876;BR-381/MG;Sul;Colisão Traseira;1;1;1;;;;1
13/07/2017;19:19:00;415;sem vítima;524,5;BR-381/MG;Sul;Colisão Traseira;2;2;;;;;1
13/07/2017;22:48:00;466;sem vítima;570,9;BR-381/MG;Norte;Colisão Traseira;1;3;;;;;1
14/07/2017;17:36:00;384;sem vítima;49,4;BR-381/SP;Sul;Colisão Traseira;1;2;;;;;1
14/07/2017;18:25:00;412;sem vítima;510;BR-381/MG;Norte;Colisão Lateral;1;2;;;;;1
14/07/2017;20:19:00;462;sem vítima;481;BR-381/MG;Norte;Colisão Traseira;1;2;;;;;1
15/07/2017;07:56:00;129;sem vítima;49,8;BR-381/SP;Norte;Engavetamento;1;3;;;;;1
15/07/2017;09:25:00;160;sem vítima;503,9;BR-381/MG;Sul;Colisão Lateral;1;2;;;;;1
15/07/2017;13:05:00;239;com vítima;686,5;BR-381/MG;Norte;Tombamento;1;0;;1;;;2
16/07/2017;06:19:00;81;sem vítima;58,4;BR-381/SP;Sul;Colisão Traseira;1;2;;;;;1
16/07/2017;14:50:00;241;sem vítima;492;BR-381/MG;Sul;Colisão Traseira;1;2;;;;;1
16/07/2017;16:11:00;283;com vítima;535,8;BR-381/MG;Sul;Choque - Defensa, barreira ou "submarino";1;0;1;;;;1
16/07/2017;16:39:00;295;com vítima;486;BR-381/MG;Norte;Colisão Traseira;1;1;1;;;;1
17/07/2017;00:16:00;31;sem vítima;726,2;BR-381/MG;Sul;Colisão Traseira;1;2;;;;;1
17/07/2017;02:08:00;56;sem vítima;946,8;BR-381/MG;Sul;Atropelamento de Animal;1;1;;;;;1
17/07/2017;05:17:00;96;com vítima;540,9;BR-381/MG;Norte;Colisão Traseira;2;2;;;;1;3
17/07/2017;06:49:00;114;com vítima;521,7;BR-381/MG;Sul;Tombamento;1;0;1;;;;1
17/07/2017;09:11:00;169;sem vítima;529;BR-381/MG;Norte;Tombamento;1;1;;;;;1
17/07/2017;14:38:00;314;sem vítima;498,9;BR-381/MG;Sul;Colisão Traseira;1;2;;;;;1
18/07/2017;09:04:00;145;sem vítima;714,1;BR-381/MG;Sul;Colisão Lateral;1;2;;;;;1
19/07/2017;00:45:00;23;com vítima;925;BR-381/MG;Sul;Tombamento;1;0;;1;;;2
19/07/2017;04:51:00;81;com vítima;771;BR-381/MG;Sul;Choque - Defensa, barreira ou "submarino";1;0;1;;;;1
19/07/2017;07:50:00;132;com vítima;68;BR-381/SP;Norte;Choque - Veiculo parado no acostamento;1;0;1;;;1;3
19/07/2017;15:29:00;279;sem vítima;497;BR-381/MG;Norte;Colisão Traseira;1;2;;;;;1
20/07/2017;01:06:00;43;com vítima;826,3;BR-381/MG;Norte;Capotamento;1;0;1;;;;1
20/07/2017;07:05:00;97;com vítima;478;BR-381/MG;Norte;Colisão Lateral;1;1;1;;;;1
20/07/2017;09:13:00;143;sem vítima;14;BR-381/SP;Sul;Colisão Lateral;1;2;;;;;1
20/07/2017;13:33:00;257;com vítima;28;BR-381/SP;Sul;Atropelamento - Usuário;1;2;;;;1;3
20/07/2017;16:47:00;337;sem vítima;16;BR-381/SP;Norte;Colisão Traseira;1;2;;;;;1
20/07/2017;21:39:00;429;sem vítima;743;BR-381/MG;Norte;Colisão Lateral;2;2;;;;;1
21/07/2017;10:30:00;214;sem vítima;7,7;BR-381/SP;Sul;Colisão Traseira;1;2;;;;;1
21/07/2017;15:36:00;361;com vítima;65,1;BR-381/SP;Norte;Colisão Traseira;1;2;1;;;;1
21/07/2017;16:27:00;383;com vítima;496;BR-381/MG;Norte;Colisão Traseira;1;1;2;;;;1
21/07/2017;20:50:00;493;sem vítima;7,5;BR-381/SP;Norte;Colisão Traseira;2;2;;;;;1
22/07/2017;08:30:00;161;com vítima;721,1;BR-381/MG;Norte;Tombamento;1;0;1;;;;1
22/07/2017;08:40:00;164;sem vítima;721,1;BR-381/MG;Norte;Colisão Lateral;2;2;;;;;1
22/07/2017;08:58:00;169;sem vítima;721,2;BR-381/MG;Norte;Choque - Defensa, barreira ou "submarino";1;1;;;;;1
22/07/2017;12:16:00;231;com vítima;89;BR-381/SP;Norte;Tombamento;1;1;1;;;;1
22/07/2017;15:18:00;299;sem vítima;524,5;BR-381/MG;Sul;Choque - Defensa, barreira ou "submarino";1;1;;;;;1
22/07/2017;15:50:00;311;com vítima;927;BR-381/MG;Norte;Colisão Traseira;1;1;1;;;;1
22/07/2017;21:28:00;436;sem vítima;788,1;BR-381/MG;Norte;Choque - Elemento de Drenagem;1;1;;;;;1
23/07/2017;00:19:00;25;sem vítima;919;BR-381/MG;Sul;Colisão Lateral;2;4;;;;;1
23/07/2017;07:00:00;113;sem vítima;37;BR-381/SP;Norte;Colisão Lateral;1;2;;;;;1
23/07/2017;10:18:00;178;sem vítima;735;BR-381/MG;Sul;Colisão Traseira;1;2;;;;;1
23/07/2017;15:48:00;295;com vítima;744,1;BR-381/MG;Norte;Tombamento;3;2;;1;;;2
24/07/2017;01:25:00;53;com vítima;501,8;BR-381/MG;Norte;Tombamento;1;0;3;;;;1
24/07/2017;14:01:00;288;sem vítima;65,5;BR-381/SP;Norte;Choque - Defensa, barreira ou "submarino";2;2;;;;;1
24/07/2017;16:10:00;341;sem vítima;87,3;BR-381/SP;Sul;Colisão Lateral;1;2;;;;;1
24/07/2017;17:14:00;369;sem vítima;17;BR-381/SP;Norte;Colisão Traseira;1;2;;;;;1
25/07/2017;02:59:00;64;com vítima;627;BR-381/MG;Sul;Colisão Traseira;2;2;;1;;;2
25/07/2017;10:08:00;205;com vítima;949,5;BR-381/MG;Sul;Tombamento;1;0;;2;;;2
25/07/2017;11:02:00;232;sem vítima;498;BR-381/MG;Sul;Colisão Lateral;1;2;;;;;1
25/07/2017;15:09:00;321;sem vítima;59;BR-381/SP;Norte;Colisão Lateral;1;2;;;;;1
25/07/2017;19:26:00;421;sem vítima;477,8;BR-381/MG;Norte;Colisão Traseira;2;2;;;;;1
25/07/2017;20:44:00;456;sem vítima;895,2;BR-381/MG;Sul;Engavetamento;1;3;;;;;1
25/07/2017;21:26:00;470;sem vítima;817,7;BR-381/MG;Norte;Colisão Lateral;2;2;;;;;1
26/07/2017;02:28:00;48;com vítima;713;BR-381/MG;Norte;Atropelamento - Outros;1;1;;;;1;3
27/07/2017;05:15:00;68;sem vítima;711,3;BR-381/MG;Norte;Colisão Lateral;2;2;;;;;1
27/07/2017;06:54:00;96;sem vítima;537;BR-381/MG;Norte;Colisão Lateral;2;4;;;;;1
27/07/2017;08:01:00;123;com vítima;563,7;BR-381/MG;Norte;Tombamento;1;0;2;;;;1
27/07/2017;08:49:00;138;sem vítima;736;BR-381/MG;Norte;Colisão Lateral;1;2;;;;;1
27/07/2017;09:39:00;163;sem vítima;708,8;BR-381/MG;Sul;Colisão Traseira;1;2;;;;;1
27/07/2017;14:05:00;270;sem vítima;926,7;BR-381/MG;Sul;Choque - Veiculo parado no acostamento;1;4;;;;;1
27/07/2017;17:34:00;354;sem vítima;499;BR-381/MG;Sul;Colisão Lateral;1;2;;;;;1
27/07/2017;18:26:00;379;sem vítima;73,5;BR-381/SP;Norte;Tombamento;1;1;;;;;1
27/07/2017;20:54:00;434;com vítima;58;BR-381/SP;Sul;Atropelamento - Andarilho;1;1;1;;;;1
27/07/2017;21:12:00;441;com vítima;532;BR-381/MG;Norte;Tombamento;1;0;;;;1;3
27/07/2017;23:28:00;474;com vítima;770,4;BR-381/MG;Sul;Tombamento;1;0;1;;;;1
27/07/2017;23:58:00;481;sem vítima;896,2;BR-381/MG;Norte;Colisão Lateral;1;3;;;;;1
28/07/2017;06:07:00;103;com vítima;719;BR-381/MG;Norte;Choque - Arvore;1;0;1;;;;1
28/07/2017;06:42:00;116;sem vítima;683;BR-381/MG;Norte;Choque - Elemento de Drenagem;1;1;;;;;1
28/07/2017;06:48:00;120;sem vítima;66,6;BR-381/SP;Sul;Colisão Traseira;1;2;;;;;1
28/07/2017;08:36:00;166;sem vítima;58,5;BR-381/SP;Sul;Engavetamento;1;5;;;;;1
28/07/2017;12:16:00;268;sem vítima;750;BR-381/MG;Norte;Colisão Traseira;1;2;;;;;1
28/07/2017;17:00:00;381;com vítima;814;BR-381/MG;Norte;Tombamento;1;0;1;;;;1
28/07/2017;19:29:00;454;sem vítima;869;BR-381/MG;Norte;Colisão Traseira;1;2;;;;;1
28/07/2017;19:31:00;457;sem vítima;547,3;BR-381/MG;Sul;Colisão Lateral;1;2;;;;;1
28/07/2017;21:18:00;496;sem vítima;479,6;BR-381/MG;Norte;Choque - Defensa, barreira ou "submarino";1;1;;;;;1
29/07/2017;00:41:00;26;sem vítima;865,1;BR-381/MG;Norte;Choque - Defensa, barreira ou "submarino";1;1;;;;;1
29/07/2017;06:26:00;110;sem vítima;901;BR-381/MG;Norte;Colisão Traseira;2;2;;;;;1
29/07/2017;07:24:00;128;sem vítima;826,5;BR-381/MG;Sul;Colisão Traseira;2;2;;;;;1
29/07/2017;11:39:00;226;com vítima;499;BR-381/MG;Sul;Colisão Traseira;1;0;3;;;;1
29/07/2017;13:27:00;271;com vítima;496,7;BR-381/MG;Sul;Engavetamento;3;2;3;;;;1
30/07/2017;08:30:00;144;sem vítima;774;BR-381/MG;Sul;Colisão Lateral;2;3;;;;;1
30/07/2017;14:52:00;284;sem vítima;757,5;BR-381/MG;Norte;Choque - Defensa, barreira ou "submarino";1;1;;;;;1
30/07/2017;18:06:00;371;sem vítima;813;BR-381/MG;Sul;Engavetamento;3;3;;;;;1
31/07/2017;07:33:00;114;sem vítima;65,5;BR-381/SP;Norte;Colisão Traseira;1;2;;;;;1
31/07/2017;08:36:00;143;com vítima;502;BR-381/MG;Norte;Choque - Defensa, barreira ou "submarino";1;0;1;;;;1
31/07/2017;09:11:00;167;sem vítima;493;BR-381/MG-CONT;Sul;Colisão Traseira;1;6;;;;;1
31/07/2017;13:32:00;269;com vítima;86,1;BR-381/SP;Sul;Tombamento;1;0;1;;;;1
31/07/2017;17:13:00;374;sem vítima;86,1;BR-381/SP;Sul;Colisão Traseira;1;2;;;;;1
31/07/2017;18:06:00;402;com vítima;707;BR-381/MG;Sul;Tombamento;1;0;;;;1;3
31/07/2017;18:35:00;415;sem vítima;85,5;BR-381/SP;Sul;Choque - Defensa, barreira ou "submarino";1;1;;;;;1
01/08/2017;00:59:00;46;sem vítima;736,2;BR-381/MG;Norte;Choque - Defensa, barreira ou "submarino";2;3;;;;;1
01/08/2017;10:45:00;224;com vítima;9;BR-381/SP;Norte;Colisão Lateral;1;2;;1;;;2
01/08/2017;10:51:00;226;sem vítima;519;BR-381/MG;Norte;Tombamento;1;1;;;;;1
01/08/2017;11:32:00;240;sem vítima;480,1;BR-381/MG;Norte;Colisão Lateral;1;2;;;;;1
01/08/2017;22:26:00;414;sem vítima;603,5;BR-381/MG;Sul;Tombamento;2;2;;;;;1
01/08/2017;22:26:00;433;sem vítima;603,5;BR-381/MG;Sul;Tombamento;1;2;;;;;1
02/08/2017;04:52:00;83;com vítima;567;BR-381/MG;Norte;Colisão Lateral;1;2;1;1;;;2
02/08/2017;10:43:00;215;sem vítima;33;BR-381/SP;Norte;Colisão Traseira;1;2;;;;;1
02/08/2017;14:46:00;303;sem vítima;55;BR-381/SP;Sul;Colisão Traseira;1;2;;;;;1
02/08/2017;17:14:00;361;sem vítima;900,9;BR-381/MG;Norte;Colisão Traseira;1;2;;;;;1
03/08/2017;00:43:00;32;sem vítima;81,8;BR-381/SP;Sul;Colisão Lateral;1;2;;;;;1
03/08/2017;10:26:00;178;sem vítima;485,1;BR-381/MG;Sul;Engavetamento;1;3;;;;;1
03/08/2017;11:54:00;205;sem vítima;61,1;BR-381/SP;Norte;Colisão Traseira;1;2;;;;;1
03/08/2017;13:57:00;260;sem vítima;934;BR-381/MG;Norte;Engavetamento;1;4;;;;;1
03/08/2017;17:18:00;331;sem vítima;498,7;BR-381/MG;Sul;Colisão Traseira;1;2;;;;;1
03/08/2017;19:10:00;377;sem vítima;63;BR-381/SP;Norte;Colisão Traseira;1;2;;;;;1
03/08/2017;23:11:00;462;sem vítima;23;BR-381/SP;Norte;Colisão Traseira;2;2;;;;;1
04/08/2017;10:53:00;230;sem vítima;493;BR-381/MG;Norte;Colisão Lateral;1;2;;;;;1
04/08/2017;13:40:00;289;sem vítima;680;BR-381/MG;Norte;Choque - Elemento de Drenagem;1;1;;;;;1
05/08/2017;01:29:00;46;com vítima;678,5;BR-381/MG;Sul;Colisão Traseira;2;0;2;;;;1
05/08/2017;02:46:00;60;sem vítima;876,6;BR-381/MG;Norte;Tombamento;1;1;;;;;1
05/08/2017;05:01:00;95;com vítima;576,4;BR-381/MG;Norte;Colisão Traseira;2;1;;;1;;2
05/08/2017;06:39:00;128;sem vítima;481;BR-381/MG;Sul;Colisão Traseira;1;3;;;;;1
05/08/2017;09:31:00;177;sem vítima;793,2;BR-381/MG;Sul;Colisão Traseira;1;2;;;;;1
05/08/2017;09:40:00;183;com vítima;478,3;BR-381/MG;Norte;Colisão Lateral;1;1;;2;;;2
05/08/2017;10:50:00;207;sem vítima;65,5;BR-381/SP;Norte;Atropelamento de Animal;1;1;;;;;1
05/08/2017;18:13:00;346;sem vítima;37,5;BR-381/SP;Norte;Colisão Lateral;1;2;;;;;1
05/08/2017;18:33:00;352;sem vítima;37,5;BR-381/SP;Norte;Engavetamento;1;3;;;;;1
06/08/2017;19:53:00;317;sem vítima;784,5;BR-381/MG;Sul;Colisão Lateral;1;2;;;;;1
07/08/2017;05:27:00;75;com vítima;895,5;BR-381/MG;Sul;Tombamento;1;0;1;;;;1
07/08/2017;11:40:00;209;com vítima;535;BR-381/MG;Norte;Colisão Traseira;1;1;2;;;;1
07/08/2017;12:12:00;216;sem vítima;602,5;BR-381/MG;Sul;Choque - Defensa, barreira ou "submarino";1;1;;;;;1
08/08/2017;18:56:00;407;sem vítima;601;BR-381/MG;Sul;Colisão Traseira;2;2;;;;;1
08/08/2017;19:30:00;425;sem vítima;934,4;BR-381/MG;Norte;Choque - Elemento de Drenagem;1;1;;;;;1
08/08/2017;19:33:00;426;sem vítima;847;BR-381/MG;Sul;Atropelamento de Animal;1;1;;;;;1
09/08/2017;02:10:00;50;sem vítima;805,1;BR-381/MG;Sul;Choque - Defensa, barreira ou "submarino";1;1;;;;;1
09/08/2017;08:02:00;136;com vítima;598;BR-381/MG;Norte;Choque - Defensa, barreira ou "submarino";1;0;1;;;;1
09/08/2017;16:11:00;329;sem vítima;937;BR-381/MG;Norte;Colisão Traseira;1;2;;;;;1
10/08/2017;00:51:00;29;sem vítima;672,9;BR-381/MG;Sul;Choque - Defensa, barreira ou "submarino";1;1;;;;;1
10/08/2017;02:37:00;58;sem vítima;89;BR-381/SP;Norte;Tombamento;1;1;;;;;1
10/08/2017;07:17:00;112;sem vítima;70,5;BR-381/SP;Sul;Colisão Lateral;1;2;;;;;1
10/08/2017;15:25:00;318;sem vítima;914;BR-381/MG;Sul;Colisão Lateral;1;2;;;;;1
10/08/2017;16:05:00;343;com vítima;499;BR-381/MG;Norte;Colisão Traseira;1;1;1;;;;1
10/08/2017;16:53:00;361;sem vítima;478,3;BR-381/MG;Norte;Engavetamento;1;3;;;;;1
10/08/2017;17:22:00;372;com vítima;734,5;BR-381/MG;Sul;Choque - Defensa, barreira ou "submarino";1;0;1;;;;1
10/08/2017;19:02:00;407;sem vítima;75,9;BR-381/SP;Norte;Colisão Lateral;2;2;;;;;1
10/08/2017;19:12:00;411;sem vítima;912;BR-381/MG;Sul;Engavetamento;1;3;;;;;1
10/08/2017;20:09:00;426;com vítima;922,1;BR-381/MG;Norte;Choque - Talude;1;2;1;;;;1
10/08/2017;21:25:00;452;sem vítima;491;BR-381/MG;Sul;Colisão Lateral;1;3;;;;;1
10/08/2017;23:03:00;474;sem vítima;0;BR-381/SP;Sul;Colisão Traseira;1;2;;;;;1
10/08/2017;23:51:00;484;sem vítima;760;BR-381/MG;Norte;Colisão Traseira;2;2;;;;;1
11/08/2017;01:42:00;35;sem vítima;837;BR-381/MG;Norte;Colisão Traseira;1;2;;;;;1
11/08/2017;05:29:00;74;com vítima;532;BR-381/MG;Norte;Choque - Defensa, barreira ou "submarino";1;0;1;;;;1
11/08/2017;09:19:00;148;sem vítima;882,7;BR-381/MG;Sul;Choque - Veiculo parado no acostamento;2;2;;;;;1
11/08/2017;20:31:00;423;sem vítima;85,5;BR-381/SP;Sul;Engavetamento;1;3;;;;;1
11/08/2017;20:57:00;433;sem vítima;595;BR-381/MG;Sul;Choque - Veiculo parado no acostamento;1;5;;;;;1
12/08/2017;00:40:00;26;sem vítima;0;BR-381/SP;Norte;Capotamento;1;1;;;;;1
12/08/2017;03:18:00;48;com vítima;673,7;BR-381/MG;Norte;Colisão Traseira;1;1;1;;;;1
12/08/2017;09:55:00;168;com vítima;491,2;BR-381/MG;Sul;Engavetamento;1;2;1;;;;1
12/08/2017;10:59:00;189;sem vítima;484;BR-381/MG;Norte;Colisão Traseira;2;2;;;;;1
12/08/2017;17:33:00;368;sem vítima;931;BR-381/MG;Norte;Choque - Defensa, barreira ou "submarino";1;1;;;;;1
13/08/2017;16:58:00;293;sem vítima;921,5;BR-381/MG;Sul;Choque - Defensa, barreira ou "submarino";1;1;;;;;1
14/08/2017;02:02:00;37;sem vítima;78,6;BR-381/SP;Norte;Choque - Defensa, barreira ou "submarino";1;1;;;;;1
14/08/2017;12:26:00;202;com vítima;688;BR-381/MG;Norte;Engavetamento;3;2;;1;;2;3
14/08/2017;12:36:00;206;com vítima;506;BR-381/MG;Sul;Colisão Traseira;1;3;1;;;;1
14/08/2017;13:27:00;221;com vítima;928,7;BR-381/MG;Norte;Atropelamento - Morador;1;1;;1;1;;2
14/08/2017;20:38:00;404;sem vítima;560,8;BR-381/MG;Sul;Colisão Traseira;2;2;;;;;1
14/08/2017;22:26:00;440;sem vítima;7,5;BR-381/SP;Norte;Colisão Traseira;2;2;;;;;1
14/08/2017;23:48:00;462;sem vítima;89,8;BR-381/SP;Sul;Colisão Traseira;2;3;;;;;1
15/08/2017;05:22:00;87;com vítima;494,5;BR-381/MG;Norte;Capotamento;1;1;2;;;;1
15/08/2017;07:53:00;139;sem vítima;865,5;BR-381/MG;Sul;Colisão Lateral;2;2;;;;;1
15/08/2017;09:49:00;193;sem vítima;75,5;BR-381/SP;Norte;Tombamento;1;1;;;;;1
15/08/2017;14:27:00;313;sem vítima;21;BR-381/SP;Norte;Colisão Lateral;2;2;;;;;1
15/08/2017;14:45:00;324;sem vítima;876,3;BR-381/MG;Norte;Colisão Lateral;1;2;;;;;1
15/08/2017;16:13:00;376;sem vítima;68;BR-381/SP;Norte;Choque - Defensa, barreira ou "submarino";1;1;;;;;1
16/08/2017;00:03:00;24;sem vítima;936;BR-381/MG;Sul;Choque - Defensa, barreira ou "submarino";1;1;;;;;1
16/08/2017;01:39:00;43;com vítima;704,3;BR-381/MG;Norte;Tombamento;1;0;1;;;;1
16/08/2017;03:01:00;56;sem vítima;848,9;BR-381/MG;Norte;Choque - Defensa, barreira ou "submarino";1;1;;;;;1
16/08/2017;11:52:00;231;sem vítima;0,5;BR-381/SP;Sul;Colisão Traseira;2;2;;;;;1
16/08/2017;14:34:00;283;sem vítima;61;BR-381/SP;Norte;Colisão Traseira;1;2;;;;;1
16/08/2017;19:32:00;400;sem vítima;675;BR-381/MG;Norte;Colisão Lateral;2;2;;;;;1
17/08/2017;03:32:00;64;sem vítima;58;BR-381/SP;Sul;Colisão Traseira;2;2;;;;;1
17/08/2017;13:31:00;283;sem vítima;33,5;BR-381/SP;Norte;Tombamento;1;2;;;;;1
17/08/2017;16:49:00;367;com vítima;33;BR-381/SP;Norte;Tombamento;1;1;1;;;;1
17/08/2017;17:09:00;373;sem vítima;2;BR-381/SP;Sul;Choque - Poste;1;1;;;;;1
17/08/2017;17:52:00;398;sem vítima;907,5;BR-381/MG;Sul;Colisão Lateral;1;2;;;;;1
17/08/2017;18:35:00;414;sem vítima;2,5;BR-381/SP;Sul;Colisão Traseira;1;2;;;;;1
18/08/2017;01:48:00;40;sem vítima;751,5;BR-381/MG;Sul;Tombamento;1;1;;;;;1
18/08/2017;05:10:00;78;com vítima;562,5;BR-381/MG;Norte;Colisão Traseira;2;1;1;;;;1
18/08/2017;05:49:00;83;sem vítima;20;BR-381/SP;Norte;Colisão Traseira;1;2;;;;;1
18/08/2017;05:57:00;84;sem vítima;653,2;BR-381/MG;Sul;Colisão Traseira;2;2;;;;;1
18/08/2017;12:28:00;230;sem vítima;872,5;BR-381/MG;Sul;Engavetamento;2;3;;;;;1
18/08/2017;13:02:00;239;sem vítima;913;BR-381/MG;Sul;Tombamento;1;1;;;;;1
18/08/2017;14:11:00;265;sem vítima;52;BR-381/SP;Sul;Tombamento;1;1;;;;;1
18/08/2017;16:35:00;323;sem vítima;482,6;BR-381/MG;Norte;Colisão Lateral;1;2;;;;;1
19/08/2017;03:28:00;58;com vítima;492;BR-381/MG;Sul;Colisão Traseira;1;2;1;;;;1
19/08/2017;08:05:00;107;sem vítima;737,5;BR-381/MG;Sul;Choque - Defensa, barreira ou "submarino";1;1;;;;;1
19/08/2017;11:01:00;177;sem vítima;73;BR-381/SP;Sul;Colisão Traseira;1;2;;;;;1
19/08/2017;17:08:00;323;com vítima;479;BR-381/MG;Norte;Colisão Lateral;1;1;;;1;;2
19/08/2017;20:07:00;371;com vítima;847,8;BR-381/MG;Norte;Engavetamento;1;5;;;1;;2
19/08/2017;21:28:00;394;com vítima;887,8;BR-381/MG;Sul;Atropelamento - Andarilho;1;1;;;;1;3
19/08/2017;22:58:00;417;sem vítima;505;BR-381/MG;Sul;Colisão Lateral;1;2;;;;;1
19/08/2017;22:59:00;419;sem vítima;501,9;BR-381/MG;Sul;Choque - Talude;1;1;;;;;1
20/08/2017;01:31:00;30;sem vítima;10;BR-381/SP;Sul;Choque - Defensa, barreira ou "submarino";1;1;;;;;1
20/08/2017;03:04:00;42;sem vítima;494,3;BR-381/MG-CONT;Sul;Choque - Elemento de Drenagem;2;2;;;;;1
20/08/2017;04:53:00;57;com vítima;768;BR-381/MG;Sul;Colisão Traseira;2;2;1;;;;1
20/08/2017;11:05:00;143;sem vítima;949,5;BR-381/MG;Sul;Colisão Lateral;2;2;;;;;1
20/08/2017;15:11:00;229;com vítima;82;BR-381/SP;Sul;Colisão Traseira;1;1;2;;;;1
20/08/2017;15:14:00;232;sem vítima;597,6;BR-381/MG;Norte;Colisão Traseira;1;2;;;;;1
20/08/2017;21:00:00;380;com vítima;948,5;BR-381/MG;Sul;Colisão Traseira;2;1;2;;;;1
21/08/2017;06:39:00;78;sem vítima;54;BR-381/SP;Norte;Engavetamento;1;9;;;;;1
21/08/2017;07:54:00;102;sem vítima;936,4;BR-381/MG;Sul;Colisão Traseira;1;2;;;;;1
21/08/2017;12:28:00;209;com vítima;526,8;BR-381/MG;Norte;Tombamento;1;0;1;;;;1
21/08/2017;18:46:00;352;sem vítima;920,7;BR-381/MG;Sul;Choque - Defensa, barreira ou "submarino";1;1;;;;;1
21/08/2017;19:38:00;377;com vítima;525;BR-381/MG;Sul;Tombamento;3;2;;;;1;3
21/08/2017;22:42:00;421;sem vítima;936,95;BR-381/MG;Sul;Choque - Elemento de Drenagem;1;1;;;;;1
22/08/2017;08:32:00;119;sem vítima;76;BR-381/SP;Sul;Tombamento;1;1;;;;;1
22/08/2017;16:13:00;322;sem vítima;480,5;BR-381/MG;Norte;Colisão Traseira;1;2;;;;;1
22/08/2017;18:42:00;396;com vítima;839,95;BR-381/MG;Sul;Colisão Traseira;1;1;;;1;;2
23/08/2017;01:21:00;43;sem vítima;925,1;BR-381/MG;Norte;Tombamento;1;2;;;;;1
23/08/2017;02:06:00;47;sem vítima;66,6;BR-381/SP;Sul;Colisão Traseira;2;2;;;;;1
23/08/2017;23:11:00;469;sem vítima;85;BR-381/SP;Sul;Colisão Traseira;1;2;;;;;1
23/08/2017;23:43:00;477;com vítima;514;BR-381/MG;Norte;Colisão Traseira;3;16;4;1;;;2
24/08/2017;00:26:00;24;com vítima;570,2;BR-381/MG;Norte;Tombamento;1;0;1;;;;1
24/08/2017;08:02:00;107;sem vítima;505,5;BR-381/MG;Sul;Colisão Traseira;1;2;;;;;1
25/08/2017;01:45:00;57;sem vítima;64;BR-381/SP;Norte;Choque - Defensa, barreira ou "submarino";1;1;;;;;1
25/08/2017;02:52:00;66;com vítima;531,9;BR-381/MG;Norte;Tombamento;1;3;1;;;;1
25/08/2017;03:47:00;74;com vítima;772,95;BR-381/MG;Sul;Engavetamento;1;0;5;;;1;3
25/08/2017;06:59:00;112;com vítima;484;BR-381/MG;Norte;Colisão Lateral;1;1;1;;;;1
25/08/2017;14:52:00;304;sem vítima;0;BR-381/SP;Norte;Colisão Lateral;2;2;;;;;1
25/08/2017;19:50:00;416;sem vítima;597,5;BR-381/MG;Norte;Choque - Defensa, barreira ou "submarino";1;1;;;;;1
25/08/2017;20:38:00;428;sem vítima;53;BR-381/SP;Sul;Colisão Traseira;1;2;;;;;1
26/08/2017;01:52:00;56;com vítima;853,6;BR-381/MG;Norte;Colisão Traseira;1;1;;;;1;3
26/08/2017;11:01:00;230;com vítima;882,2;BR-381/MG;Sul;Engavetamento;3;3;2;;;;1
26/08/2017;14:56:00;306;sem vítima;529,6;BR-381/MG;Norte;Colisão Lateral;1;2;;;;;1
26/08/2017;20:45:00;419;sem vítima;900;BR-381/MG;Norte;Colisão Traseira;1;2;;;;;1
27/08/2017;10:33:00;145;sem vítima;892,8;BR-381/MG;Sul;Choque - Defensa, barreira ou "submarino";1;1;;;;;1