data;horario;n_da_ocorrencia;tipo_de_ocorrencia;km;trecho;sentido;tipo_de_acidente;caminhao;ilesos;levemente_feridos;moderadamente_feridos;gravemente_feridos;mortos;3
27/08/2017;15:10:00;231;sem vítima;925;BR-381/MG;Sul;Tombamento;1;1;;;;;1
27/08/2017;15:47:00;249;sem vítima;655,3;BR-381/MG;Sul;Tombamento;1;1;;;;;1
27/08/2017;17:10:00;283;com vítima;487,5;BR-381/MG;Norte;Colisão Traseira;1;1;4;;;;1
27/08/2017;19:31:00;342;sem vítima;743,6;BR-381/MG;Norte;Colisão Traseira;1;2;;;;;1
27/08/2017;22:18:00;408;sem vítima;677,5;BR-381/MG;Norte;Choque - Elemento de Drenagem;1;1;;;;;1
28/08/2017;06:05:00;88;sem vítima;5;BR-381/SP;Sul;Choque - Defensa, barreira ou "submarino";1;1;;;;;1
28/08/2017;08:06:00;132;com vítima;707;BR-381/MG;Norte;Tombamento;1;0;1;;;;1
28/08/2017;11:13:00;208;sem vítima;477,5;BR-381/MG;Sul;Colisão Lateral;1;2;;;;;1
28/08/2017;13:28:00;259;sem vítima;491,9;BR-381/MG;Norte;Colisão Lateral;1;2;;;;;1
28/08/2017;14:52:00;298;sem vítima;478;BR-381/MG;Sul;Colisão Lateral;1;2;;;;;1
28/08/2017;15:03:00;305;com vítima;520;BR-381/MG;Norte;Colisão Traseira;1;1;1;;;;1
28/08/2017;15:37:00;320;com vítima;941,5;BR-381/MG;Norte;Colisão Traseira;2;1;;;;2;3
28/08/2017;16:01:00;327;sem vítima;491;BR-381/MG;Norte;Colisão Traseira;1;2;;;;;1
29/08/2017;00:10:00;31;sem vítima;704,4;BR-381/MG;Sul;Choque - Defensa, barreira ou "submarino";1;1;;;;;1
29/08/2017;00:41:00;37;sem vítima;945;BR-381/MG;Norte;Colisão Traseira;2;2;;;;;1
29/08/2017;08:04:00;128;com vítima;687,95;BR-381/MG;Norte;Tombamento;1;0;1;;;;1
29/08/2017;10:18:00;189;sem vítima;815,3;BR-381/MG;Sul;Colisão Traseira;1;3;;;;;1
30/08/2017;06:42:00;113;sem vítima;901;BR-381/MG;Norte;Choque - Suporte de Sinalização;1;1;;;;;1
30/08/2017;15:23:00;330;com vítima;36,5;BR-381/SP;Norte;Tombamento;1;0;1;;;;1
30/08/2017;15:32:00;339;sem vítima;628;BR-381/MG;Sul;Colisão Lateral;1;2;;;;;1
30/08/2017;16:08:00;354;com vítima;942,3;BR-381/MG;Norte;Colisão Lateral;1;1;1;;;;1
30/08/2017;22:23:00;497;sem vítima;928;BR-381/MG;Sul;Choque - Defensa, barreira ou "submarino";1;2;;;;;1
31/08/2017;00:07:00;34;sem vítima;921;BR-381/MG;Norte;Colisão Traseira;2;2;;;;;1
31/08/2017;03:23:00;68;com vítima;45;BR-381/SP;Sul;Tombamento;1;6;1;;;;1
31/08/2017;05:06:00;101;com vítima;600;BR-381/MG;Norte;Tombamento;1;0;1;;;;1
31/08/2017;11:39:00;234;com vítima;80;BR-381/SP;Norte;Colisão Lateral;1;1;1;;;;1
31/08/2017;16:49:00;350;com vítima;745,95;BR-381/MG;Sul;Colisão Traseira;2;1;1;;;;1
31/08/2017;23:39:00;490;sem vítima;765,2;BR-381/MG;Sul;Choque - Talude;1;1;;;;;1
01/09/2017;00:38:00;35;sem vítima;761,4;BR-381/MG;Sul;Tombamento;1;1;;;;;1
01/09/2017;06:33:00;106;sem vítima;657,5;BR-381/MG;Norte;Choque - Outros;1;1;;;;;1
01/09/2017;15:53:00;304;sem vítima;484,3;BR-381/MG;Norte;Colisão Lateral;1;2;;;;;1
01/09/2017;17:32:00;336;sem vítima;505;BR-381/MG;Sul;Colisão Lateral;1;2;;;;;1
01/09/2017;20:50:00;411;sem vítima;907;BR-381/MG;Norte;Choque - Elemento de Drenagem;1;1;;;;;1
02/09/2017;10:24:00;155;sem vítima;807;BR-381/MG;Norte;Colisão Traseira;1;2;;;;;1
02/09/2017;14:14:00;218;sem vítima;512;BR-381/MG;Sul;Colisão Lateral;1;2;;;;;1
02/09/2017;21:27:00;371;sem vítima;868;BR-381/MG;Sul;Colisão Traseira;1;2;;;;;1
03/09/2017;00:13:00;23;sem vítima;478;BR-381/MG;Sul;;1;2;;;;;1
03/09/2017;06:54:00;91;com vítima;934,3;BR-381/MG;Norte;Capotamento;1;0;1;;;;1
03/09/2017;20:37:00;385;com vítima;789,8;BR-381/MG;Norte;Capotamento;1;1;1;;;;1
04/09/2017;05:24:00;61;com vítima;842;BR-381/MG;Sul;Colisão Traseira;2;2;1;;;;1
04/09/2017;07:07:00;94;com vítima;37;BR-381/SP;Sul;Atropelamento - Andarilho;1;1;1;;;;1
04/09/2017;09:41:00;152;sem vítima;925,3;BR-381/MG;Norte;Tombamento;1;1;;;;;1
04/09/2017;18:15:00;351;sem vítima;842;BR-381/MG;Norte;Saida de Pista;1;1;;;;;1
05/09/2017;01:56:00;38;sem vítima;889,1;BR-381/MG;Sul;Tombamento;1;1;;;;;1
05/09/2017;04:01:00;50;com vítima;558;BR-381/MG;Norte;Colisão Traseira;2;1;;1;;;2
05/09/2017;04:43:00;55;sem vítima;938;BR-381/MG;Norte;Atropelamento de Animal;1;1;;;;;1
05/09/2017;05:34:00;62;sem vítima;54,3;BR-381/SP;Norte;Choque - Defensa, barreira ou "submarino";1;1;;;;;1
05/09/2017;06:53:00;93;com vítima;592;BR-381/MG;Sul;Colisão Lateral;1;1;;;1;;2
05/09/2017;10:26:00;184;sem vítima;6,9;BR-381/SP;Sul;Colisão Traseira;1;2;;;;;1
05/09/2017;14:52:00;282;com vítima;10;BR-381/SP;Sul;Tombamento;1;0;1;;;;1
05/09/2017;17:05:00;343;sem vítima;577;BR-381/MG;Sul;Colisão Lateral;2;2;;;;;1
05/09/2017;21:49:00;446;sem vítima;12;BR-381/SP;Sul;Choque - Elemento de Drenagem;1;1;;;;;1
06/09/2017;02:01:00;49;sem vítima;592,5;BR-381/MG;Sul;Choque - Defensa, barreira ou "submarino";1;1;;;;;1
06/09/2017;08:07:00;124;sem vítima;783,4;BR-381/MG;Norte;Choque - Elemento de Drenagem;1;1;;;;;1
06/09/2017;08:54:00;133;sem vítima;755;BR-381/MG;Norte;Colisão Traseira;2;2;;;;;1
06/09/2017;09:45:00;153;sem vítima;844,5;BR-381/MG;Norte;Colisão Lateral;2;2;;;;;1
06/09/2017;11:14:00;197;sem vítima;499;BR-381/MG;Norte;Engavetamento;3;3;;;;;1
06/09/2017;12:02:00;220;sem vítima;906,1;BR-381/MG;Sul;Choque - Veiculo parado no acostamento;2;2;;;;;1
06/09/2017;21:46:00;455;com vítima;700,9;BR-381/MG;Sul;Tombamento;1;0;;;1;;2
08/09/2017;14:31:00;269;sem vítima;601,7;BR-381/MG;Sul;Colisão Traseira;1;2;;;;;1
08/09/2017;14:33:00;270;sem vítima;906;BR-381/MG;Norte;Colisão Traseira;1;4;;;;;1
08/09/2017;23:47:00;444;sem vítima;568;BR-381/MG;Norte;Choque - Talude;1;1;;;;;1
09/09/2017;01:15:00;35;sem vítima;881;BR-381/MG;Norte;Colisão Lateral;1;2;;;;;1
09/09/2017;06:34:00;92;com vítima;652;BR-381/MG;Norte;Tombamento;1;0;;1;;;2
09/09/2017;10:05:00;137;com vítima;500;BR-381/MG;Norte;Engavetamento;1;2;1;;;;1
09/09/2017;12:57:00;200;sem vítima;506;BR-381/MG;Norte;Colisão Traseira;1;2;;;;;1
09/09/2017;13:53:00;217;sem vítima;597,6;BR-381/MG;Sul;Choque - Defensa, barreira ou "submarino";1;1;;;;;1
09/09/2017;17:41:00;303;sem vítima;937;BR-381/MG;Norte;Choque - Talude;1;1;;;;;1
10/09/2017;16:59:00;318;sem vítima;20,45;BR-381/SP;Sul;Colisão Lateral;2;2;;;;;1
11/09/2017;01:34:00;35;com vítima;15;BR-381/SP;Norte;Atropelamento de Animal;1;0;1;;;;1
11/09/2017;03:53:00;50;sem vítima;887;BR-381/MG;Sul;Choque - Defensa, barreira ou "submarino";1;2;;;;;1
11/09/2017;06:35:00;96;com vítima;1,2;BR-381/SP;Norte;Colisão Traseira;2;1;;1;;;2
11/09/2017;07:06:00;107;sem vítima;756;BR-381/MG;Sul;Tombamento;1;1;;;;;1
11/09/2017;13:59:00;268;sem vítima;858,5;BR-381/MG;Sul;Engavetamento;1;5;;;;;1
11/09/2017;15:10:00;299;sem vítima;631;BR-381/MG;Norte;Colisão Traseira;2;2;;;;;1
11/09/2017;17:21:00;368;com vítima;492;BR-381/MG;Sul;Colisão Lateral;1;2;1;;;;1
11/09/2017;21:34:00;458;sem vítima;680;BR-381/MG;Sul;Tombamento;2;2;;;;;1
12/09/2017;01:06:00;28;sem vítima;913,558;BR-381/MG;Sul;Atropelamento de Animal;1;2;;;;;1
12/09/2017;07:08:00;96;sem vítima;481,2;BR-381/MG;Sul;Colisão Lateral;1;2;;;;;1
12/09/2017;08:01:00;123;sem vítima;907;BR-381/MG;Sul;Choque - Defensa, barreira ou "submarino";1;1;;;;;1
12/09/2017;08:14:00;128;sem vítima;89;BR-381/SP;Sul;Colisão Lateral;1;2;;;;;1
12/09/2017;17:53:00;388;sem vítima;25;BR-381/SP;Norte;Choque - Defensa, barreira ou "submarino";1;1;;;;;1
12/09/2017;19:23:00;413;sem vítima;938,2;BR-381/MG;Sul;Choque - Elemento de Drenagem;1;1;;;;;1
12/09/2017;23:00:00;478;com vítima;795;BR-381/MG;Sul;Atropelamento - Andarilho;1;1;;;;1;3
12/09/2017;23:50:00;495;sem vítima;814,5;BR-381/MG;Norte;Tombamento;1;1;;;;;1
13/09/2017;01:08:00;29;com vítima;722,5;BR-381/MG;Norte;Choque - Defensa, barreira ou "submarino";1;1;1;;;;1
13/09/2017;06:45:00;102;sem vítima;946,1;BR-381/MG;Norte;Colisão Lateral;2;2;;;;;1
13/09/2017;07:23:00;113;sem vítima;925,2;BR-381/MG;Sul;Choque - Defensa, barreira ou "submarino";1;1;;;;;1
13/09/2017;15:48:00;310;sem vítima;42,8;BR-381/SP;Norte;Tombamento;1;1;;;;;1
13/09/2017;18:22:00;376;sem vítima;546,2;BR-381/MG;Norte;Choque - Talude;1;1;;;;;1
14/09/2017;01:16:00;44;com vítima;594,3;BR-381/MG;Norte;Tombamento;1;0;1;1;;;2
14/09/2017;14:49:00;283;sem vítima;873,4;BR-381/MG;Norte;Choque - Defensa, barreira ou "submarino";1;1;;;;;1
14/09/2017;15:39:00;311;sem vítima;624,6;BR-381/MG;Sul;Choque - Talude;1;1;;;;;1
14/09/2017;23:39:00;487;com vítima;778,8;BR-381/MG;Norte;Tombamento;1;2;1;;;;1
15/09/2017;02:11:00;53;sem vítima;947;BR-381/MG;Norte;Colisão Lateral;2;2;;;;;1
15/09/2017;05:46:00;90;sem vítima;793,1;BR-381/MG;Norte;Colisão Traseira;2;4;;;;;1
15/09/2017;06:42:00;111;sem vítima;485;BR-381/MG;Norte;Colisão Traseira;1;2;;;;;1
15/09/2017;09:36:00;190;com vítima;781,98;BR-381/MG;Norte;Engavetamento;1;2;5;;;;1
15/09/2017;16:55:00;399;com vítima;13;BR-381/SP;Sul;Colisão Lateral;1;1;;1;;;2
16/09/2017;08:57:00;166;sem vítima;658;BR-381/MG;Norte;Colisão Lateral;1;2;;;;;1
16/09/2017;10:22:00;198;sem vítima;677,5;BR-381/MG;Norte;Tombamento;1;1;;;;;1
16/09/2017;12:37:00;257;sem vítima;921,8;BR-381/MG;Sul;Choque - Defensa, barreira ou "submarino";1;1;;;;;1
16/09/2017;12:37:00;258;com vítima;657,6;BR-381/MG;Norte;Engavetamento;2;2;1;;;;1
16/09/2017;13:48:00;288;com vítima;932;BR-381/MG;Norte;Tombamento;1;0;1;;;;1
16/09/2017;16:49:00;383;com vítima;905;BR-381/MG;Sul;Colisão Lateral;1;1;1;1;2;;2
16/09/2017;18:48:00;428;sem vítima;900,88;BR-381/MG;Norte;Colisão Traseira;2;2;;;;;1
16/09/2017;20:40:00;459;com vítima;13,8;BR-381/SP;Sul;Capotamento;1;3;1;;;;1
17/09/2017;17:21:00;284;com vítima;501;BR-381/MG;Norte;Colisão Lateral;1;1;1;;;;1
17/09/2017;21:53:00;379;sem vítima;929,5;BR-381/MG;Sul;Colisão Traseira;2;2;;;;;1
17/09/2017;23:12:00;396;sem vítima;496;BR-381/MG;Sul;Colisão Lateral;1;2;;;;;1
18/09/2017;00:46:00;35;sem vítima;940;BR-381/MG;Sul;Tombamento;1;1;;;;;1
18/09/2017;05:10:00;85;sem vítima;620,4;BR-381/MG;Norte;Colisão Traseira;1;3;;;;;1
18/09/2017;07:30:00;141;sem vítima;601,95;BR-381/MG;Sul;Choque - Elemento de Drenagem;1;1;;;;;1
18/09/2017;20:11:00;470;com vítima;490;BR-381/MG;Sul;Engavetamento;1;4;1;;;;1
18/09/2017;21:30:00;499;com vítima;670,8;BR-381/MG;Norte;Colisão Traseira;2;2;1;;;;1
19/09/2017;08:52:00;131;sem vítima;544;BR-381/MG;Norte;Colisão Traseira;2;2;;;;;1
19/09/2017;20:04:00;379;com vítima;830,7;BR-381/MG;Norte;Colisão Traseira;2;1;;;;1;3
20/09/2017;04:39:00;84;sem vítima;622,5;BR-381/MG;Norte;Colisão Traseira;2;2;;;;;1
20/09/2017;10:19:00;191;sem vítima;935,9;BR-381/MG;Sul;Engavetamento;1;3;;;;;1
20/09/2017;13:10:00;260;sem vítima;78,8;BR-381/SP;Norte;Tombamento;1;1;;;;;1
20/09/2017;17:15:00;367;sem vítima;86,3;BR-381/SP;Norte;Choque - Defensa, barreira ou "submarino";1;1;;;;;1
20/09/2017;22:42:00;461;com vítima;556,5;BR-381/MG;Sul;Colisão Traseira;2;1;;1;;;2
21/09/2017;07:21:00;107;com vítima;720,7;BR-381/MG;Norte;Tombamento;1;0;;;1;;2
21/09/2017;09:24:00;143;sem vítima;65,5;BR-381/SP;Norte;Choque - Defensa, barreira ou "submarino";1;1;;;;;1
21/09/2017;10:12:00;166;com vítima;701,3;BR-381/MG;Norte;Colisão Traseira;2;1;1;;;;1
21/09/2017;11:06:00;193;sem vítima;496,2;BR-381/MG;Norte;Choque - Defensa, barreira ou "submarino";1;1;;;;;1
21/09/2017;21:01:00;429;sem vítima;601,5;BR-381/MG;Sul;Colisão Traseira;2;2;;;;;1
22/09/2017;06:53:00;106;com vítima;50,9;BR-381/SP;Sul;Colisão Lateral;1;1;1;;;;1
22/09/2017;07:01:00;109;com vítima;684,3;BR-381/MG;Sul;Colisão Transversal;1;1;1;;;;1
22/09/2017;10:26:00;189;sem vítima;496,2;BR-381/MG;Norte;Colisão Lateral;1;2;;;;;1
22/09/2017;10:30:00;190;com vítima;478,3;BR-381/MG;Norte;Colisão Lateral;1;1;1;;;;1
22/09/2017;12:08:00;229;sem vítima;9,4;BR-381/SP;Norte;Colisão Lateral;1;2;;;;;1
22/09/2017;13:36:00;263;sem vítima;619,3;BR-381/MG;Norte;Colisão Lateral;1;2;;;;;1
22/09/2017;19:19:00;412;sem vítima;478,3;BR-381/MG;Norte;Colisão Traseira;1;2;;;;;1
22/09/2017;20:20:00;436;sem vítima;852;BR-381/MG;Norte;Colisão Traseira;2;2;;;;;1
22/09/2017;21:31:00;465;sem vítima;66,7;BR-381/SP;Sul;Colisão Traseira;1;2;;;;;1
23/09/2017;01:20:00;35;com vítima;640,9;BR-381/MG;Norte;Tombamento;1;0;1;;;;1
23/09/2017;04:17:00;66;sem vítima;864;BR-381/MG;Sul;Choque - Elemento de Drenagem;1;1;;;;;1
23/09/2017;10:05:00;181;sem vítima;771;BR-381/MG;Sul;Colisão Traseira;2;2;;;;;1
23/09/2017;15:05:00;302;sem vítima;547,8;BR-381/MG;Norte;Choque - Suporte de Sinalização;1;1;;;;;1
23/09/2017;17:49:00;381;com vítima;511,2;BR-381/MG;Norte;Colisão Lateral;1;1;;;;1;3
23/09/2017;22:11:00;454;sem vítima;64;BR-381/SP;Norte;Engavetamento;1;3;;;;;1
24/09/2017;07:40:00;118;sem vítima;740;BR-381/MG;Norte;Colisão Lateral;1;3;;;;;1
24/09/2017;13:13:00;218;sem vítima;617,9;BR-381/MG;Sul;Tombamento;1;1;;;;;1
24/09/2017;14:12:00;229;sem vítima;684,05;BR-381/MG;Sul;Choque - Elemento de Drenagem;1;1;;;;;1
24/09/2017;17:27:00;332;com vítima;704,3;BR-381/MG;Norte;Tombamento;1;0;;1;;;2
24/09/2017;23:25:00;448;sem vítima;864;BR-381/MG;Sul;Tombamento;1;1;;;;;1
25/09/2017;05:08:00;81;com vítima;836;BR-381/MG;Sul;Colisão Traseira;2;1;;;;1;3
25/09/2017;07:23:00;118;sem vítima;57,1;BR-381/SP;Sul;Colisão Lateral;1;2;;;;;1
25/09/2017;08:39:00;152;sem vítima;722;BR-381/MG;Sul;Tombamento;1;1;;;;;1
25/09/2017;21:36:00;462;sem vítima;477,8;BR-381/MG;Sul;Engavetamento;1;3;;;;;1
26/09/2017;00:56:00;44;sem vítima;921,5;BR-381/MG;Sul;Tombamento;1;1;;;;;1
26/09/2017;05:41:00;85;sem vítima;906,5;BR-381/MG;Sul;Colisão Lateral;1;2;;;;;1
26/09/2017;06:35:00;100;sem vítima;539,5;BR-381/MG;Norte;Choque - Defensa, barreira ou "submarino";1;1;;;;;1
26/09/2017;08:26:00;146;sem vítima;658;BR-381/MG;Norte;Choque - Outros;1;1;;;;;1
26/09/2017;10:09:00;193;sem vítima;491,6;BR-381/MG;Norte;Colisão Traseira;1;2;;;;;1
26/09/2017;12:37:00;234;sem vítima;658;BR-381/MG;Norte;Colisão Traseira;1;2;;;;;1
27/09/2017;08:35:00;154;sem vítima;892,8;BR-381/MG;Sul;Colisão Lateral;1;3;;;;;1
27/09/2017;15:07:00;285;sem vítima;478,3;BR-381/MG;Norte;Colisão Lateral;1;2;;;;;1
27/09/2017;15:44:00;305;com vítima;803,8;BR-381/MG;Sul;Colisão Lateral;1;1;1;;;;1
27/09/2017;18:52:00;390;sem vítima;581;BR-381/MG;Sul;Colisão Lateral;2;2;;;;;1
28/09/2017;01:23:00;46;com vítima;776;BR-381/MG;Sul;Tombamento;1;0;1;;;;1
28/09/2017;04:48:00;77;sem vítima;780,5;BR-381/MG;Norte;Tombamento;1;1;;;;;1
28/09/2017;06:37:00;106;com vítima;721,9;BR-381/MG;Norte;Tombamento;1;0;1;;;;1
28/09/2017;07:12:00;116;sem vítima;940,7;BR-381/MG;Sul;Colisão Lateral;1;2;;;;;1
28/09/2017;08:26:00;151;sem vítima;901;BR-381/MG;Norte;Colisão Traseira;1;2;;;;;1
28/09/2017;10:38:00;214;sem vítima;496;BR-381/MG-CONT;Sul;Colisão Traseira;2;2;;;;;1
28/09/2017;14:53:00;330;sem vítima;634,85;BR-381/MG;Norte;Colisão Lateral;2;2;;;;;1
28/09/2017;17:07:00;413;sem vítima;850,2;BR-381/MG;Norte;Choque - Outros;1;1;;;;;1
28/09/2017;20:31:00;490;sem vítima;487,5;BR-381/MG;Norte;Colisão Traseira;1;2;;;;;1
29/09/2017;10:33:00;190;sem vítima;735,5;BR-381/MG;Norte;Colisão Traseira;1;2;;;;;1
29/09/2017;11:07:00;203;sem vítima;782,5;BR-381/MG;Sul;Choque - Outros;1;1;;;;;1
29/09/2017;14:19:00;271;sem vítima;936;BR-381/MG;Sul;Choque - Elemento de Drenagem;1;2;;;;;1
29/09/2017;16:03:00;317;sem vítima;771,5;BR-381/MG;Sul;Tombamento;1;1;;;;;1
29/09/2017;21:41:00;470;com vítima;873;BR-381/MG;Sul;Tombamento;1;2;1;;;;1
29/09/2017;22:25:00;483;sem vítima;16;BR-381/SP;Norte;Choque - Defensa, barreira ou "submarino";1;1;;;;;1
29/09/2017;22:25:00;484;sem vítima;886;BR-381/MG;Sul;Choque - Defensa, barreira ou "submarino";1;1;;;;;1
29/09/2017;23:06:00;506;sem vítima;851;BR-381/MG;Sul;Choque - Defensa, barreira ou "submarino";1;1;;;;;1
30/09/2017;03:17:00;59;sem vítima;757;BR-381/MG;Sul;Choque - Elemento de Drenagem;1;1;;;;;1
30/09/2017;04:22:00;70;sem vítima;839,6;BR-381/MG;Sul;Colisão Traseira;1;2;;;;;1
30/09/2017;09:01:00;171;com vítima;636,8;BR-381/MG;Norte;Colisão Traseira;1;1;;1;;;2
30/09/2017;09:03:00;172;com vítima;726,7;BR-381/MG;Norte;Engavetamento;1;2;1;;;;1
30/09/2017;09:46:00;187;sem vítima;732;BR-381/MG;Norte;Colisão Lateral;1;2;;;;;1
30/09/2017;10:51:00;211;sem vítima;707;BR-381/MG;Sul;Choque - Defensa, barreira ou "submarino";1;2;;;;;1
30/09/2017;15:57:00;312;sem vítima;704,5;BR-381/MG;Norte;Choque - Talude;1;3;;;;;1
30/09/2017;19:22:00;399;com vítima;934,3;BR-381/MG;Norte;Tombamento;1;0;;1;;;2
30/09/2017;20:03:00;410;sem vítima;55;BR-381/SP;Norte;Colisão Lateral;1;2;;;;;1
30/09/2017;22:05:00;442;sem vítima;38;BR-381/SP;Norte;Colisão Traseira;1;2;;;;;1
01/10/2017;10:13:00;155;sem vítima;57;BR-381/SP;Norte;Colisão Traseira;1;2;;;;;1
01/10/2017;11:07:00;178;com vítima;652;BR-381/MG;Norte;Tombamento;1;0;2;;;;1
01/10/2017;13:49:00;243;sem vítima;501,4;BR-381/MG;Norte;Colisão Lateral;1;2;;;;;1
02/10/2017;01:48:00;48;sem vítima;48,6;BR-381/SP;Sul;Colisão Traseira;2;2;;;;;1
02/10/2017;04:14:00;57;sem vítima;713,9;BR-381/MG;Sul;Choque - Defensa, barreira ou "submarino";1;2;;;;;1
02/10/2017;08:51:00;144;sem vítima;540,3;BR-381/MG;Norte;Outros;1;1;;;;;1
02/10/2017;08:59:00;151;sem vítima;722,2;BR-381/MG;Norte;Choque - Defensa, barreira ou "submarino";1;1;;;;;1
02/10/2017;13:22:00;259;sem vítima;873,9;BR-381/MG;Sul;Choque - Elemento de Drenagem;1;1;;;;;1
02/10/2017;14:30:00;286;com vítima;775,5;BR-381/MG;Norte;Engavetamento;3;3;1;2;;;2
02/10/2017;14:51:00;300;sem vítima;550,8;BR-381/MG;Sul;Choque - Suporte de Sinalização;1;1;;;;;1
02/10/2017;20:12:00;434;sem vítima;532;BR-381/MG;Norte;Engavetamento;2;3;;;;;1
03/10/2017;00:08:00;29;sem vítima;82,7;BR-381/SP;Norte;Choque - Defensa, barreira ou "submarino";1;1;;;;;1
03/10/2017;03:18:00;73;sem vítima;927,3;BR-381/MG;Norte;Colisão Traseira;2;2;;;;;1
03/10/2017;04:08:00;83;sem vítima;563,9;BR-381/MG;Norte;Colisão Lateral;2;2;;;;;1
03/10/2017;06:31:00;103;sem vítima;528;BR-381/MG;Sul;Colisão Traseira;1;2;;;;;1
03/10/2017;14:36:00;268;com vítima;849;BR-381/MG;Norte;Tombamento;1;0;;1;;;2
03/10/2017;15:22:00;295;sem vítima;605;BR-381/MG;Sul;Capotamento;1;2;;;;;1
03/10/2017;16:02:00;316;sem vítima;909;BR-381/MG;Norte;Colisão Lateral;2;3;;;;;1
03/10/2017;19:04:00;385;com vítima;89;BR-381/SP;Sul;Colisão Lateral;1;1;1;;;;1
03/10/2017;21:29:00;437;sem vítima;55,1;BR-381/SP;Norte;Tombamento;1;2;;;;;1
04/10/2017;04:40:00;78;com vítima;911;BR-381/MG;Sul;Colisão Traseira;2;1;1;;;;1
04/10/2017;07:10:00;110;sem vítima;70;BR-381/SP;Sul;Colisão Traseira;1;2;;;;;1
04/10/2017;11:57:00;234;sem vítima;585;BR-381/MG;Norte;Colisão Traseira;1;6;;;;;1
04/10/2017;23:05:00;451;com vítima;934,3;BR-381/MG;Norte;Tombamento;1;1;;1;;;2
05/10/2017;00:10:00;43;sem vítima;673,5;BR-381/MG;Norte;Colisão Traseira;2;2;;;;;1
05/10/2017;03:00:00;70;sem vítima;501;BR-381/MG;Norte;Choque - Defensa, barreira ou "submarino";1;1;;;;;1
05/10/2017;03:16:00;73;com vítima;796;BR-381/MG;Norte;Colisão Traseira;2;2;1;;;;1
05/10/2017;18:10:00;402;sem vítima;650;BR-381/MG;Norte;Colisão Lateral;1;2;;;;;1
05/10/2017;19:34:00;439;com vítima;13,5;BR-381/SP;Sul;Colisão Traseira;1;1;1;;;;1
05/10/2017;19:46:00;445;sem vítima;948,7;BR-381/MG;Norte;Colisão Traseira;1;2;;;;;1
06/10/2017;03:45:00;65;sem vítima;59;BR-381/SP;Sul;Colisão Traseira;1;2;;;;;1
06/10/2017;08:17:00;151;sem vítima;679;BR-381/MG;Norte;Colisão Traseira;1;2;;;;;1
06/10/2017;09:52:00;189;com vítima;936,5;BR-381/MG;Sul;Tombamento;1;0;1;;;;1
06/10/2017;17:07:00;393;sem vítima;34,5;BR-381/SP;Norte;Colisão Lateral;1;2;;;;;1
07/10/2017;01:41:00;49;sem vítima;714;BR-381/MG;Sul;Colisão Traseira;2;2;;;;;1
07/10/2017;07:13:00;113;sem vítima;873,5;BR-381/MG;Norte;Tombamento;2;2;;;;;1
07/10/2017;16:20:00;329;com vítima;25,8;BR-381/SP;Norte;Colisão Traseira;1;2;1;;;;1
08/10/2017;01:12:00;53;sem vítima;673,5;BR-381/MG;Norte;Colisão Traseira;2;2;;;;;1
08/10/2017;13:06:00;200;com vítima;83,5;BR-381/SP;Sul;Colisão Lateral;1;2;1;;;;1
08/10/2017;18:02:00;322;com vítima;925;BR-381/MG;Sul;Tombamento;1;0;1;;;;1
08/10/2017;20:34:00;393;sem vítima;480,3;BR-381/MG;Norte;Colisão Traseira;1;2;;;;;1
08/10/2017;21:14:00;404;com vítima;511;BR-381/MG;Norte;Colisão Frontal;1;1;1;;;;1
08/10/2017;23:19:00;428;com vítima;490,9;BR-381/MG;Norte;Atropelamento - Morador;1;1;;;1;;2
09/10/2017;00:20:00;48;sem vítima;65,6;BR-381/SP;Sul;Colisão Lateral;1;2;;;;;1
09/10/2017;01:11:00;58;com vítima;526,2;BR-381/MG;Sul;Choque - Defensa, barreira ou "submarino";1;0;;;1;1;3
09/10/2017;07:13:00;118;com vítima;491;BR-381/MG;Norte;Colisão Lateral;1;2;1;;;;1
09/10/2017;07:32:00;131;sem vítima;900;BR-381/MG;Norte;Colisão Lateral;1;2;;;;;1
09/10/2017;09:12:00;176;com vítima;889,1;BR-381/MG;Sul;Tombamento;1;0;1;;;;1
09/10/2017;11:07:00;218;sem vítima;69,8;BR-381/SP;Sul;Colisão Lateral;2;2;;;;;1
09/10/2017;13:21:00;270;com vítima;781,5;BR-381/MG;Norte;Colisão Lateral;2;1;1;1;;;2
09/10/2017;15:38:00;338;sem vítima;660,2;BR-381/MG;Norte;Colisão Traseira;1;2;;;;;1
09/10/2017;16:38:00;360;sem vítima;884;BR-381/MG;Sul;Colisão Traseira;3;3;;;;;1
10/10/2017;06:58:00;107;sem vítima;849,1;BR-381/MG;Norte;Tombamento;1;1;;;;;1
10/10/2017;14:30:00;289;sem vítima;40,8;BR-381/SP;Sul;Colisão Traseira;2;2;;;;;1
10/10/2017;15:02:00;305;sem vítima;699;BR-381/MG;Norte;Colisão Traseira;1;2;;;;;1
10/10/2017;16:27:00;341;sem vítima;947;BR-381/MG;Sul;Choque - Defensa, barreira ou "submarino";1;2;;;;;1
10/10/2017;16:59:00;358;sem vítima;54,8;BR-381/SP;Norte;Choque - Defensa, barreira ou "submarino";1;1;;;;;1
10/10/2017;17:39:00;384;com vítima;494;BR-381/MG;Norte;Colisão Lateral;1;2;2;;;;1
10/10/2017;20:28:00;461;sem vítima;57;BR-381/SP;Norte;Colisão Traseira;2;2;;;;;1
10/10/2017;21:11:00;474;sem vítima;31,5;BR-381/SP;Norte;Colisão Traseira;2;2;;;;;1
11/10/2017;04:46:00;92;sem vítima;516;BR-381/MG;Norte;Outros;1;1;;;;;1
11/10/2017;04:51:00;93;com vítima;516;BR-381/MG;Norte;Engavetamento;2;2;1;;1;;2