data;horario;n_da_ocorrencia;tipo_de_ocorrencia;km;trecho;sentido;tipo_de_acidente;caminhao;ilesos;levemente_feridos;moderadamente_feridos;gravemente_feridos;mortos;3
11/10/2017;08:15:00;155;sem vítima;519;BR-381/MG;Norte;Engavetamento;1;3;;;;;1
11/10/2017;09:02:00;178;sem vítima;484;BR-381/MG;Norte;Engavetamento;3;3;;;;;1
11/10/2017;15:16:00;331;sem vítima;920;BR-381/MG;Sul;Choque - Defensa, barreira ou "submarino";1;1;;;;;1
11/10/2017;16:10:00;359;sem vítima;524,5;BR-381/MG;Sul;Colisão Traseira;1;2;;;;;1
11/10/2017;19:12:00;446;com vítima;616,5;BR-381/MG;Sul;Tombamento;1;0;1;;;;1
12/10/2017;00:03:00;26;com vítima;652,9;BR-381/MG;Sul;Tombamento;1;0;3;;;;1
12/10/2017;10:03:00;224;sem vítima;801,9;BR-381/MG;Sul;Colisão Traseira;2;7;;;;;1
12/10/2017;11:44:00;280;sem vítima;60;BR-381/SP;Sul;Tombamento;1;1;;;;;1
12/10/2017;13:46:00;343;sem vítima;545,9;BR-381/MG;Norte;Choque - Elemento de Drenagem;1;1;;;;;1
13/10/2017;06:43:00;86;sem vítima;636,8;BR-381/MG;Norte;Tombamento;1;1;;;;;1
13/10/2017;11:21:00;187;sem vítima;504,8;BR-381/MG;Sul;Colisão Traseira;1;2;;;;;1
14/10/2017;02:56:00;43;sem vítima;759,5;BR-381/MG;Sul;Choque - Elemento de Drenagem;1;1;;;;;1
14/10/2017;04:15:00;61;com vítima;816;BR-381/MG;Norte;Choque - Outros;1;1;1;;;;1
14/10/2017;04:46:00;64;com vítima;87,7;BR-381/SP;Norte;Colisão Traseira;1;1;3;1;;;2
14/10/2017;16:51:00;290;com vítima;873,9;BR-381/MG;Norte;Tombamento;1;0;1;;;;1
14/10/2017;17:50:00;305;sem vítima;943;BR-381/MG;Norte;Colisão Traseira;1;2;;;;;1
14/10/2017;19:07:00;336;sem vítima;925;BR-381/MG;Sul;Tombamento;1;2;;;;;1
14/10/2017;20:52:00;357;sem vítima;499;BR-381/MG;Sul;Colisão Traseira;2;2;;;;;1
15/10/2017;10:10:00;141;sem vítima;769,5;BR-381/MG;Sul;Tombamento;1;1;;;;;1
15/10/2017;11:56:00;182;sem vítima;940,7;BR-381/MG;Norte;Tombamento;1;3;;;;;1
15/10/2017;13:26:00;221;sem vítima;941;BR-381/MG;Norte;Colisão Traseira;2;2;;;;;1
15/10/2017;23:36:00;510;com vítima;892,8;BR-381/MG;Norte;Colisão Lateral;1;6;1;;;;1
16/10/2017;01:21:00;53;sem vítima;488,7;BR-381/MG;Norte;Colisão Lateral;1;2;;;;;1
16/10/2017;09:30:00;170;sem vítima;853,2;BR-381/MG;Norte;Colisão Traseira;1;3;;;;;1
16/10/2017;16:20:00;350;com vítima;14,6;BR-381/SP;Norte;Choque - Elemento de Drenagem;1;0;;;1;;2
17/10/2017;09:08:00;169;sem vítima;942,2;BR-381/MG;Sul;Colisão Lateral;1;2;;;;;1
17/10/2017;17:16:00;385;sem vítima;64,5;BR-381/SP;Sul;Choque - Defensa, barreira ou "submarino";1;1;;;;;1
18/10/2017;02:48:00;66;sem vítima;766,9;BR-381/MG;Norte;Colisão Traseira;2;2;;;;;1
18/10/2017;08:42:00;132;sem vítima;583,7;BR-381/MG;Norte;Tombamento;1;1;;;;;1
18/10/2017;19:57:00;430;sem vítima;570,1;BR-381/MG;Sul;Atropelamento de Animal;1;1;;;;;1
18/10/2017;22:48:00;474;com vítima;936;BR-381/MG;Norte;Colisão Traseira;2;0;2;;;;1
19/10/2017;02:07:00;68;sem vítima;7,57;BR-381/SP;Sul;Choque - Defensa, barreira ou "submarino";1;1;;;;;1
19/10/2017;04:25:00;88;sem vítima;728;BR-381/MG;Sul;Choque - Elemento de Drenagem;1;1;;;;;1
19/10/2017;06:13:00;99;sem vítima;485,8;BR-381/MG;Sul;Colisão Lateral;1;2;;;;;1
19/10/2017;15:56:00;316;com vítima;618;BR-381/MG;Sul;Colisão Traseira;1;1;2;;;;1
19/10/2017;19:57:00;435;sem vítima;64,5;BR-381/SP;Norte;Engavetamento;1;4;;;;;1
20/10/2017;04:02:00;81;sem vítima;524;BR-381/MG;Norte;Choque - Defensa, barreira ou "submarino";1;1;;;;;1
20/10/2017;05:38:00;96;sem vítima;742;BR-381/MG;Sul;Choque - Elemento de Drenagem;1;1;;;;;1
20/10/2017;06:45:00;116;com vítima;907,3;BR-381/MG;Norte;Tombamento;1;1;;1;;;2
20/10/2017;12:49:00;244;sem vítima;764;BR-381/MG;Norte;Choque - Defensa, barreira ou "submarino";1;1;;;;;1
21/10/2017;08:22:00;134;sem vítima;929,5;BR-381/MG;Norte;Capotamento;1;1;;;;;1
21/10/2017;21:38:00;433;sem vítima;663;BR-381/MG;Sul;Colisão Lateral;1;2;;;;;1
22/10/2017;07:06:00;94;sem vítima;912,8;BR-381/MG;Sul;Colisão Traseira;1;2;;;;;1
22/10/2017;07:21:00;97;sem vítima;908,1;BR-381/MG;Norte;Choque - Talude;1;1;;;;;1
22/10/2017;08:53:00;128;com vítima;30,7;BR-381/SP;Sul;Engavetamento;1;3;1;;;;1
22/10/2017;09:33:00;138;sem vítima;732,1;BR-381/MG;Norte;Colisão Lateral;1;3;;;;;1
22/10/2017;10:25:00;152;com vítima;934,4;BR-381/MG;Norte;Colisão Traseira;1;2;;1;;;2
22/10/2017;12:47:00;212;sem vítima;60,2;BR-381/SP;Sul;Colisão Traseira;1;2;;;;;1
22/10/2017;15:33:00;285;sem vítima;927;BR-381/MG;Norte;Capotamento;1;1;;;;;1
22/10/2017;16:24:00;304;com vítima;70;BR-381/SP;Norte;Colisão Lateral;1;1;;1;;;2
22/10/2017;19:55:00;396;sem vítima;88,5;BR-381/SP;Sul;Capotamento;1;2;;;;;1
23/10/2017;01:38:00;42;sem vítima;750;BR-381/MG;Sul;Choque - Defensa, barreira ou "submarino";1;1;;;;;1
23/10/2017;06:16:00;89;sem vítima;525,9;BR-381/MG;Sul;Choque - Talude;1;1;;;;;1
23/10/2017;06:48:00;96;sem vítima;580,5;BR-381/MG;Sul;Colisão Traseira;1;2;;;;;1
23/10/2017;08:37:00;140;sem vítima;686,7;BR-381/MG;Sul;Choque - Veiculo parado na pista;1;3;;;;;1
23/10/2017;09:33:00;166;sem vítima;797,5;BR-381/MG;Sul;Choque - Veiculo parado no acostamento;2;2;;;;;1
23/10/2017;16:25:00;326;sem vítima;68;BR-381/SP;Norte;Colisão Lateral;1;2;;;;;1
23/10/2017;18:28:00;375;sem vítima;7;BR-381/SP;Norte;Colisão Lateral;1;2;;;;;1
23/10/2017;21:50:00;435;com vítima;525,5;BR-381/MG;Sul;Capotamento;1;0;;;;1;3
24/10/2017;06:46:00;108;com vítima;721,5;BR-381/MG;Norte;Capotamento;1;0;;;1;;2
24/10/2017;10:33:00;196;com vítima;519,2;BR-381/MG;Norte;Tombamento;1;0;1;;;;1
24/10/2017;12:22:00;238;com vítima;686;BR-381/MG;Norte;Colisão Lateral;1;1;1;;;;1
24/10/2017;22:56:00;473;sem vítima;21;BR-381/SP;Sul;Colisão Traseira;1;2;;;;;1
25/10/2017;03:43:00;65;sem vítima;794;BR-381/MG;Norte;Tombamento;1;1;;;;;1
25/10/2017;09:31:00;150;sem vítima;929,8;BR-381/MG;Sul;Tombamento;1;1;;;;;1
25/10/2017;09:31:00;151;sem vítima;495,5;BR-381/MG;Sul;Colisão Lateral;1;2;;;;;1
25/10/2017;11:48:00;213;com vítima;84;BR-381/SP;Norte;Choque - Defensa, barreira ou "submarino";2;1;;1;;;2
25/10/2017;15:07:00;289;com vítima;631,4;BR-381/MG;Norte;Colisão Traseira;1;1;2;1;;;2
25/10/2017;17:03:00;336;sem vítima;770;BR-381/MG;Norte;Engavetamento;3;3;;;;;1
25/10/2017;22:12:00;456;sem vítima;21;BR-381/SP;Sul;Choque - Defensa, barreira ou "submarino";1;1;;;;;1
26/10/2017;00:13:00;47;com vítima;649,1;BR-381/MG;Sul;Colisão Traseira;2;1;1;;;;1
26/10/2017;00:37:00;49;com vítima;627,5;BR-381/MG;Sul;Colisão Traseira;2;1;;;;1;3
26/10/2017;07:49:00;125;sem vítima;907;BR-381/MG;Norte;Colisão Lateral;1;2;;;;;1
26/10/2017;08:02:00;137;sem vítima;925;BR-381/MG;Sul;Colisão Traseira;1;2;;;;;1
26/10/2017;08:43:00;159;com vítima;845;BR-381/MG;Norte;Capotamento;1;1;1;;;;1
26/10/2017;15:47:00;338;sem vítima;499;BR-381/MG;Sul;Colisão Lateral;1;2;;;;;1
26/10/2017;19:46:00;424;sem vítima;80;BR-381/SP;Norte;Capotamento;1;2;;;;;1
26/10/2017;20:14:00;434;sem vítima;79,5;BR-381/SP;Norte;Colisão Traseira;1;2;;;;;1
26/10/2017;21:42:00;457;sem vítima;733;BR-381/MG;Sul;Tombamento;1;1;;;;;1
26/10/2017;23:29:00;486;sem vítima;714,2;BR-381/MG;Sul;Atropelamento de Animal;1;1;;;;;1
26/10/2017;23:33:00;488;sem vítima;521;BR-381/MG;Sul;Choque - Elemento de Drenagem;1;1;;;;;1
26/10/2017;23:51:00;495;sem vítima;725;BR-381/MG;Sul;Colisão Traseira;2;2;;;;;1
26/10/2017;23:58:00;497;sem vítima;568,5;BR-381/MG;Sul;Atropelamento de Animal;1;1;;;;;1
27/10/2017;00:39:00;49;com vítima;946;BR-381/MG;Norte;Colisão Traseira;1;1;1;1;;;2
27/10/2017;19:49:00;436;sem vítima;489,9;BR-381/MG;Sul;Colisão Lateral;1;2;;;;;1
27/10/2017;20:36:00;456;com vítima;78;BR-381/SP;Sul;Colisão Traseira;2;1;1;;;;1
27/10/2017;21:40:00;482;sem vítima;908;BR-381/MG;Norte;Choque - Defensa, barreira ou "submarino";1;1;;;;;1
27/10/2017;22:38:00;504;sem vítima;737;BR-381/MG;Norte;Colisão Traseira;2;2;;;;;1
27/10/2017;23:45:00;517;sem vítima;798,1;BR-381/MG;Norte;Choque - Outros;1;1;;;;;1
28/10/2017;04:58:00;84;sem vítima;507,6;BR-381/MG;Sul;Choque - Defensa, barreira ou "submarino";1;1;;;;;1
28/10/2017;06:44:00;101;sem vítima;519,1;BR-381/MG;Norte;Choque - Defensa, barreira ou "submarino";1;1;;;;;1
28/10/2017;06:48:00;104;sem vítima;491;BR-381/MG;Sul;Colisão Lateral;1;2;;;;;1
28/10/2017;07:58:00;133;sem vítima;478;BR-381/MG;Norte;Engavetamento;1;6;;;;;1
28/10/2017;09:25:00;170;sem vítima;65,5;BR-381/SP;Norte;Colisão Traseira;1;2;;;;;1
28/10/2017;12:13:00;232;sem vítima;43,3;BR-381/SP;Sul;Colisão Traseira;1;2;;;;;1
28/10/2017;12:49:00;242;sem vítima;604;BR-381/MG;Sul;Choque - Talude;1;1;;;;;1
29/10/2017;12:03:00;188;com vítima;881,3;BR-381/MG;Norte;Colisão Traseira;2;1;;1;;;2
29/10/2017;22:31:00;416;sem vítima;631,2;BR-381/MG;Norte;Tombamento;1;1;;;;;1
30/10/2017;05:48:00;82;com vítima;506,5;BR-381/MG;Norte;Colisão Traseira;1;1;1;;;;1
30/10/2017;06:29:00;89;com vítima;706,7;BR-381/MG;Sul;Colisão Traseira;1;4;;1;;;2
30/10/2017;08:13:00;120;com vítima;516;BR-381/MG;Norte;Engavetamento;1;3;1;;;;1
30/10/2017;08:30:00;130;com vítima;705,8;BR-381/MG;Sul;Tombamento;1;0;;1;;;2
30/10/2017;14:00:00;268;com vítima;753,7;BR-381/MG;Sul;Colisão Lateral;2;3;1;1;;;2
30/10/2017;14:45:00;286;sem vítima;612;BR-381/MG;Norte;Choque - Talude;1;1;;;;;1
30/10/2017;16:25:00;326;com vítima;630,3;BR-381/MG;Norte;Tombamento;1;0;1;;;;1
30/10/2017;19:16:00;393;com vítima;723;BR-381/MG;Norte;Choque - Defensa, barreira ou "submarino";1;0;1;;;;1
31/10/2017;00:15:00;21;sem vítima;749,1;BR-381/MG;Sul;Choque - Elemento de Drenagem;2;2;;;;;1
31/10/2017;05:41:00;87;sem vítima;721,1;BR-381/MG;Sul;Colisão Traseira;2;2;;;;;1
31/10/2017;05:52:00;92;sem vítima;548;BR-381/MG;Norte;Tombamento;1;1;;;;;1
31/10/2017;07:05:00;109;sem vítima;78,5;BR-381/SP;Sul;Engavetamento;3;3;;;;;1
31/10/2017;15:00:00;287;sem vítima;78;BR-381/SP;Sul;Engavetamento;3;5;;;;;1
31/10/2017;21:31:00;430;sem vítima;879;BR-381/MG;Norte;Choque - Talude;1;1;;;;;1
31/10/2017;21:48:00;436;sem vítima;905;BR-381/MG;Sul;Colisão Traseira;1;2;;;;;1
01/11/2017;00:42:00;54;sem vítima;69,8;BR-381/SP;Sul;Choque - Defensa, barreira ou "submarino";1;1;;;;;1
01/11/2017;02:58:00;78;sem vítima;638,5;BR-381/MG;Sul;Choque - Elemento de Drenagem;1;1;;;;;1
01/11/2017;04:28:00;90;sem vítima;66,6;BR-381/SP;Sul;Colisão Traseira;1;3;;;;;1
01/11/2017;14:23:00;271;sem vítima;487,6;BR-381/MG;Norte;Colisão Traseira;1;2;;;;;1
01/11/2017;15:57:00;311;sem vítima;491,5;BR-381/MG;Norte;Colisão Lateral;1;2;;;;;1
01/11/2017;16:08:00;316;com vítima;54;BR-381/SP;Norte;Colisão Traseira;1;2;1;;;;1
01/11/2017;16:48:00;339;com vítima;627,9;BR-381/MG;Sul;Colisão Traseira;2;1;1;;;;1
01/11/2017;19:04:00;399;sem vítima;79,95;BR-381/SP;Norte;Colisão Lateral;1;2;;;;;1
01/11/2017;20:20:00;425;sem vítima;68;BR-381/SP;Norte;Colisão Lateral;1;2;;;;;1
01/11/2017;22:10:00;453;sem vítima;880,8;BR-381/MG;Norte;Colisão Traseira;2;2;;;;;1
02/11/2017;00:02:00;10;sem vítima;880;BR-381/MG;Norte;Colisão Lateral;1;2;;;;;1
02/11/2017;00:33:00;28;sem vítima;748;BR-381/MG;Sul;Atropelamento de Animal;1;1;;;;;1
02/11/2017;04:16:00;83;sem vítima;59;BR-381/SP;Sul;Colisão Traseira;1;2;;;;;1
02/11/2017;08:53:00;162;com vítima;699,95;BR-381/MG;Norte;Tombamento;1;0;;1;;;2
02/11/2017;09:40:00;178;com vítima;533,4;BR-381/MG;Sul;Colisão Traseira;1;1;1;;;;1
02/11/2017;14:30:00;254;sem vítima;857;BR-381/MG;Norte;Tombamento;1;1;;;;;1
02/11/2017;20:37:00;382;sem vítima;1;BR-381/SP;Norte;Atropelamento de Animal;1;1;;;;;1
03/11/2017;16:02:00;255;com vítima;481;BR-381/MG;Norte;Colisão Lateral;1;1;1;;;;1
03/11/2017;20:11:00;362;sem vítima;505,5;BR-381/MG;Norte;Colisão Lateral;1;2;;;;;1
03/11/2017;22:35:00;406;sem vítima;90;BR-381/SP;Norte;Colisão Transversal;1;2;;;;;1
03/11/2017;23:15:00;413;sem vítima;776;BR-381/MG;Norte;Tombamento;1;1;;;;;1
03/11/2017;23:29:00;418;com vítima;666,5;BR-381/MG;Sul;Choque - Outros;1;0;1;;;;1
03/11/2017;23:48:00;421;com vítima;943,2;BR-381/MG;Sul;Engavetamento;1;6;2;1;1;;2
05/11/2017;00:04:00;18;sem vítima;908;BR-381/MG;Norte;Tombamento;1;1;;;;;1
05/11/2017;14:50:00;316;sem vítima;61;BR-381/SP;Norte;Colisão Traseira;1;1;;;;;1
06/11/2017;00:03:00;28;sem vítima;494,5;BR-381/MG-CONT;Norte;Colisão Lateral;1;2;;;;;1
06/11/2017;14:33:00;242;com vítima;513;BR-381/MG;Sul;Atropelamento - Morador;1;1;;;1;;2
06/11/2017;14:36:00;246;sem vítima;698,7;BR-381/MG;Sul;Choque - Elemento de Drenagem;1;1;;;;;1
06/11/2017;16:11:00;288;sem vítima;37;BR-381/SP;Sul;Colisão Traseira;1;2;;;;;1
06/11/2017;19:16:00;371;sem vítima;79,8;BR-381/SP;Norte;Colisão Traseira;1;2;;;;;1
07/11/2017;05:59:00;83;com vítima;683,2;BR-381/MG;Norte;Choque - Elemento de Drenagem;1;0;;1;;;2
07/11/2017;09:23:00;147;sem vítima;85,7;BR-381/SP;Sul;Colisão Traseira;1;2;;;;;1
07/11/2017;10:19:00;176;com vítima;86,7;BR-381/SP;Sul;Colisão Lateral;1;1;1;;;;1
07/11/2017;10:33:00;178;com vítima;89,2;BR-381/SP;Sul;Colisão Traseira;1;1;1;;;;1
07/11/2017;21:28:00;392;com vítima;639,3;BR-381/MG;Norte;Atropelamento - Andarilho;1;2;;;;1;3
07/11/2017;23:35:00;415;sem vítima;616;BR-381/MG;Norte;Colisão Traseira;2;2;;;;;1
07/11/2017;23:43:00;418;sem vítima;724;BR-381/MG;Sul;Colisão Traseira;2;2;;;;;1
08/11/2017;03:26:00;53;com vítima;517;BR-381/MG;Norte;Tombamento;1;1;1;;;;1
08/11/2017;06:38:00;84;sem vítima;716,5;BR-381/MG;Sul;Colisão Traseira;1;2;;;;;1
08/11/2017;06:48:00;91;com vítima;487,9;BR-381/MG;Sul;Colisão Traseira;1;1;;1;;;2
08/11/2017;17:32:00;328;sem vítima;4;BR-381/SP;Sul;Colisão Lateral;1;2;;;;;1
09/11/2017;02:10:00;45;sem vítima;34;BR-381/SP;Norte;Colisão Traseira;2;2;;;;;1
09/11/2017;06:55:00;95;sem vítima;494;BR-381/MG;Sul;Tombamento;1;1;;;;;1
09/11/2017;14:13:00;238;sem vítima;545,9;BR-381/MG;Sul;Colisão Traseira;2;2;;;;;1
09/11/2017;14:35:00;248;com vítima;87;BR-381/SP;Sul;Colisão Traseira;1;1;;1;;;2
09/11/2017;14:43:00;254;sem vítima;66,7;BR-381/SP;Sul;Colisão Traseira;2;2;;;;;1
09/11/2017;18:08:00;331;sem vítima;54;BR-381/SP;Norte;Engavetamento;2;3;;;;;1
10/11/2017;01:10:00;48;sem vítima;814;BR-381/MG;Sul;Choque - Outros;1;1;;;;;1
10/11/2017;02:35:00;64;sem vítima;52;BR-381/SP;Sul;Capotamento;1;2;;;;;1
10/11/2017;12:53:00;274;com vítima;537;BR-381/MG;Sul;Colisão Traseira;2;1;1;;;;1
10/11/2017;14:38:00;306;com vítima;638,7;BR-381/MG;Sul;Tombamento;1;0;1;;;;1
10/11/2017;15:20:00;327;sem vítima;513,5;BR-381/MG;Norte;Choque - Defensa, barreira ou "submarino";1;1;;;;;1
10/11/2017;17:28:00;387;com vítima;7;BR-381/SP;Sul;Choque - Talude;1;0;1;;;;1
10/11/2017;17:43:00;413;com vítima;607;BR-381/MG;Sul;Engavetamento;1;2;1;;;;1
10/11/2017;19:24:00;430;sem vítima;755;BR-381/MG;Sul;Choque - Elemento de Drenagem;1;1;;;;;1
10/11/2017;20:45:00;460;sem vítima;60;BR-381/SP;Norte;Colisão Traseira;1;2;;;;;1
10/11/2017;21:41:00;477;sem vítima;525;BR-381/MG;Sul;Engavetamento;3;4;;;;;1
11/11/2017;03:09:00;71;sem vítima;788;BR-381/MG;Sul;Colisão Traseira;1;2;;;;;1
11/11/2017;08:39:00;159;com vítima;540,3;BR-381/MG;Norte;Tombamento;2;2;2;1;;;2
11/11/2017;10:40:00;208;sem vítima;907;BR-381/MG;Norte;Engavetamento;3;3;;;;;1
11/11/2017;15:03:00;277;sem vítima;528,1;BR-381/MG;Sul;Colisão Lateral;1;2;;;;;1
11/11/2017;15:05:00;278;sem vítima;529;BR-381/MG;Norte;Colisão Traseira;1;3;;;;;1
11/11/2017;17:56:00;364;sem vítima;489,8;BR-381/MG;Sul;Colisão Lateral;1;2;;;;;1
11/11/2017;20:55:00;422;sem vítima;540;BR-381/MG;Norte;Tombamento;1;1;;;;;1
11/11/2017;20:59:00;424;sem vítima;496;BR-381/MG;Norte;Tombamento;1;1;;;;;1
11/11/2017;21:41:00;434;com vítima;491;BR-381/MG;Norte;Engavetamento;1;3;1;;;;1
12/11/2017;00:15:00;15;com vítima;825,2;BR-381/MG;Norte;Colisão Traseira;2;1;1;;;;1
12/11/2017;04:02:00;52;sem vítima;501;BR-381/MG;Norte;Choque - Elemento de Drenagem;1;1;;;;;1
12/11/2017;11:45:00;156;sem vítima;792,9;BR-381/MG;Norte;Colisão Traseira;1;2;;;;;1
12/11/2017;12:12:00;164;com vítima;593;BR-381/MG;Norte;Tombamento;1;0;;;;1;3
12/11/2017;15:13:00;212;sem vítima;527,2;BR-381/MG;Sul;Tombamento;1;1;;;;;1
12/11/2017;15:44:00;224;com vítima;488;BR-381/MG;Norte;Colisão Traseira;1;1;3;;;;1
12/11/2017;20:24:00;335;sem vítima;66;BR-381/SP;Sul;Colisão Lateral;1;2;;;;;1
12/11/2017;21:22:00;355;sem vítima;498;BR-381/MG;Norte;Colisão Lateral;1;2;;;;;1
12/11/2017;23:25:00;389;com vítima;525,5;BR-381/MG;Sul;Capotamento;1;0;;;;1;3
13/11/2017;02:05:00;43;com vítima;828,2;BR-381/MG;Sul;Colisão Traseira;1;2;1;;;;1
13/11/2017;02:51:00;48;com vítima;517,5;BR-381/MG;Norte;Colisão Traseira;2;1;1;;;;1
13/11/2017;03:22:00;51;sem vítima;72,3;BR-381/SP;Norte;Colisão Traseira;1;2;;;;;1
13/11/2017;06:31:00;84;sem vítima;807,4;BR-381/MG;Sul;Choque - Elemento de Drenagem;1;1;;;;;1
13/11/2017;06:57:00;94;com vítima;597,6;BR-381/MG;Norte;Colisão Traseira;1;1;1;;;;1
13/11/2017;08:19:00;127;sem vítima;704;BR-381/MG;Norte;Tombamento;1;1;;;;;1
13/11/2017;12:04:00;200;sem vítima;510,2;BR-381/MG;Sul;Colisão Traseira;1;2;;;;;1
13/11/2017;12:49:00;219;com vítima;527,2;BR-381/MG;Sul;Colisão Traseira;2;1;1;;;;1
13/11/2017;15:30:00;298;sem vítima;856;BR-381/MG;Norte;Engavetamento;1;3;;;;;1
13/11/2017;17:11:00;342;sem vítima;798;BR-381/MG;Norte;Engavetamento;3;3;;;;;1
13/11/2017;23:07:00;446;sem vítima;826;BR-381/MG;Norte;Colisão Traseira;1;2;;;;;1
14/11/2017;00:56:00;43;sem vítima;901;BR-381/MG;Norte;Colisão Traseira;2;2;;;;;1
14/11/2017;05:06:00;83;sem vítima;656,3;BR-381/MG;Norte;Tombamento;1;1;;;;;1
14/11/2017;05:17:00;85;sem vítima;630,5;BR-381/MG;Norte;Tombamento;1;1;;;;;1
14/11/2017;05:23:00;89;sem vítima;804,9;BR-381/MG;Sul;Choque - Elemento de Drenagem;1;1;;;;;1
14/11/2017;08:34:00;146;com vítima;502,6;BR-381/MG;Sul;Tombamento;1;0;1;;;;1
14/11/2017;09:17:00;163;sem vítima;88,5;BR-381/SP;Sul;Engavetamento;1;3;;;;;1
14/11/2017;17:52:00;394;sem vítima;794,9;BR-381/MG;Norte;Colisão Traseira;2;2;;;;;1
14/11/2017;18:27:00;415;com vítima;501;BR-381/MG;Sul;Colisão Traseira;2;2;;1;;;2
14/11/2017;21:22:00;471;com vítima;874;BR-381/MG;Norte;Colisão Traseira;1;1;;;;1;3
14/11/2017;23:50:00;506;sem vítima;600;BR-381/MG;Sul;Colisão Traseira;2;2;;;;;1
15/11/2017;00:23:00;16;com vítima;716,5;BR-381/MG;Sul;Engavetamento;3;2;1;;;;1
15/11/2017;00:28:00;18;sem vítima;745;BR-381/MG;Sul;Colisão Lateral;2;2;;;;;1
15/11/2017;03:05:00;55;sem vítima;659,5;BR-381/MG;Norte;Choque - Elemento de Drenagem;1;1;;;;;1
15/11/2017;05:18:00;74;sem vítima;589,4;BR-381/MG;Sul;Atropelamento de Animal;1;1;;;;;1
15/11/2017;10:48:00;188;sem vítima;490;BR-381/MG;Sul;Colisão Traseira;1;3;;;;;1
15/11/2017;12:32:00;229;com vítima;802;BR-381/MG;Norte;Colisão Traseira;1;1;1;;;;1
15/11/2017;16:56:00;340;sem vítima;792;BR-381/MG;Sul;Colisão Lateral;1;2;;;;;1
15/11/2017;18:52:00;395;sem vítima;496,6;BR-381/MG;Norte;Colisão Traseira;1;2;;;;;1
15/11/2017;20:40:00;435;sem vítima;496,6;BR-381/MG;Norte;Colisão Lateral;1;2;;;;;1
15/11/2017;21:15:00;445;sem vítima;551;BR-381/MG;Sul;Colisão Lateral;1;2;;;;;1
16/11/2017;08:17:00;104;sem vítima;88,1;BR-381/SP;Sul;Colisão Traseira;1;2;;;;;1
16/11/2017;09:17:00;130;com vítima;495;BR-381/MG;Norte;Colisão Lateral;1;4;2;;;;1
16/11/2017;16:59:00;309;sem vítima;26;BR-381/SP;Norte;Colisão Traseira;1;2;;;;;1
16/11/2017;19:04:00;361;sem vítima;494,5;BR-381/MG-CONT;Sul;Colisão Lateral;2;3;;;;;1
16/11/2017;19:41:00;378;sem vítima;71,3;BR-381/SP;Sul;Choque - Elemento de Drenagem;1;1;;;;;1
16/11/2017;22:29:00;426;com vítima;883,5;BR-381/MG;Sul;Colisão Traseira;2;1;1;;;;1
17/11/2017;00:00:00;16;sem vítima;717,2;BR-381/MG;Sul;Colisão Traseira;1;2;;;;;1
17/11/2017;02:25:00;52;sem vítima;797,7;BR-381/MG;Sul;Colisão Traseira;2;2;;;;;1
17/11/2017;03:46:00;68;sem vítima;787,9;BR-381/MG;Sul;Choque - Elemento de Drenagem;1;1;;;;;1
17/11/2017;09:15:00;144;sem vítima;89,4;BR-381/SP;Sul;Engavetamento;1;3;;;;;1
17/11/2017;09:39:00;160;sem vítima;33,5;BR-381/SP;Norte;Tombamento;1;2;;;;;1
17/11/2017;11:18:00;199;com vítima;31,7;BR-381/SP;Sul;Colisão Lateral;1;1;1;;;;1
17/11/2017;14:56:00;263;sem vítima;916;BR-381/MG;Sul;Tombamento;1;1;;;;;1
17/11/2017;15:35:00;286;sem vítima;83;BR-381/SP;Sul;Colisão Traseira;1;2;;;;;1
17/11/2017;18:00:00;363;sem vítima;73,4;BR-381/SP;Norte;Choque - Defensa, barreira ou "submarino";1;2;;;;;1
17/11/2017;18:30:00;385;com vítima;52;BR-381/SP;Sul;Colisão Traseira;1;3;1;;;;1
17/11/2017;21:43:00;463;com vítima;727,4;BR-381/MG;Sul;Tombamento;1;0;1;;;;1
18/11/2017;08:05:00;126;sem vítima;901;BR-381/MG;Norte;Colisão Traseira;2;2;;;;;1
18/11/2017;08:35:00;142;sem vítima;817,5;BR-381/MG;Norte;Colisão Traseira;2;2;;;;;1
18/11/2017;15:07:00;294;sem vítima;707;BR-381/MG;Norte;Choque - Defensa, barreira ou "submarino";1;2;;;;;1
18/11/2017;17:18:00;351;sem vítima;933;BR-381/MG;Sul;Colisão Traseira;2;2;;;;;1
18/11/2017;17:20:00;354;sem vítima;560;BR-381/MG;Norte;Colisão Traseira;1;3;;;;;1
18/11/2017;18:07:00;380;sem vítima;560;BR-381/MG;Sul;Choque - Defensa, barreira ou "submarino";1;1;;;;;1
19/11/2017;02:29:00;63;sem vítima;75,5;BR-381/SP;Norte;Choque - Defensa, barreira ou "submarino";1;1;;;;;1
19/11/2017;06:13:00;96;sem vítima;521;BR-381/MG;Sul;Capotamento;1;1;;;;;1
19/11/2017;09:09:00;155;sem vítima;908;BR-381/MG;Norte;Tombamento;1;1;;;;;1
19/11/2017;09:53:00;167;sem vítima;33;BR-381/SP;Sul;Tombamento;1;1;;;;;1
19/11/2017;18:21:00;358;sem vítima;686,5;BR-381/MG;Sul;Engavetamento;2;35;;;;;1
19/11/2017;18:24:00;360;sem vítima;65;BR-381/SP;Sul;Engavetamento;1;3;;;;;1
20/11/2017;02:10:00;63;sem vítima;518;BR-381/MG;Sul;Choque - Elemento de Drenagem;1;1;;;;;1
20/11/2017;08:50:00;145;sem vítima;478;BR-381/MG;Norte;Colisão Lateral;1;2;;;;;1
20/11/2017;09:00:00;148;sem vítima;557;BR-381/MG;Sul;Choque - Veiculo parado no acostamento;2;2;;;;;1
20/11/2017;13:00:00;233;sem vítima;28,3;BR-381/SP;Sul;Colisão Traseira;1;2;;;;;1
20/11/2017;22:36:00;466;com vítima;691,2;BR-381/MG;Sul;Colisão Traseira;2;1;1;;;;1