data;horario;n_da_ocorrencia;tipo_de_ocorrencia;km;trecho;sentido;tipo_de_acidente;caminhao;ilesos;levemente_feridos;moderadamente_feridos;gravemente_feridos;mortos;3
21/11/2017;03:21:00;69;sem vítima;753,2;BR-381/MG;Sul;Tombamento;2;2;;;;;1
21/11/2017;07:12:00;124;com vítima;649,95;BR-381/MG;Sul;Colisão Lateral;1;1;1;;;;1
21/11/2017;07:33:00;131;sem vítima;86,3;BR-381/SP;Sul;Engavetamento;1;3;;;;;1
21/11/2017;13:57:00;297;sem vítima;598;BR-381/MG;Sul;Tombamento;1;1;;;;;1
21/11/2017;14:48:00;308;sem vítima;484;BR-381/MG;Norte;Colisão Lateral;1;2;;;;;1
21/11/2017;16:45:00;357;sem vítima;599,3;BR-381/MG;Sul;Tombamento;1;1;;;;;1
21/11/2017;17:36:00;382;com vítima;484;BR-381/MG;Sul;Colisão Traseira;2;2;1;;;;1
22/11/2017;00:29:00;37;com vítima;38,2;BR-381/SP;Norte;Tombamento;1;1;1;;;;1
22/11/2017;05:54:00;92;sem vítima;73;BR-381/SP;Sul;Engavetamento;1;3;;;;;1
22/11/2017;10:30:00;201;sem vítima;85,4;BR-381/SP;Sul;Engavetamento;2;3;;;;;1
22/11/2017;10:37:00;204;sem vítima;597;BR-381/MG;Norte;Colisão Traseira;1;2;;;;;1
23/11/2017;00:03:00;10;sem vítima;722,7;BR-381/MG;Sul;Choque - Defensa, barreira ou "submarino";1;1;;;;;1
23/11/2017;07:14:00;106;sem vítima;571;BR-381/MG;Norte;Choque - Elemento de Drenagem;1;1;;;;;1
23/11/2017;16:54:00;356;sem vítima;38;BR-381/SP;Norte;Colisão Traseira;1;3;;;;;1
23/11/2017;18:34:00;404;sem vítima;857;BR-381/MG;Norte;Colisão Lateral;2;2;;;;;1
23/11/2017;22:29:00;470;com vítima;627;BR-381/MG;Sul;Colisão Traseira;2;1;1;;;;1
24/11/2017;02:30:00;46;sem vítima;700,2;BR-381/MG;Sul;Choque - Defensa, barreira ou "submarino";1;1;;;;;1
24/11/2017;05:19:00;74;com vítima;552;BR-381/MG;Norte;Colisão Traseira;2;1;1;;;;1
24/11/2017;05:23:00;75;com vítima;760;BR-381/MG;Sul;Colisão Traseira;2;1;1;;;;1
24/11/2017;18:07:00;365;com vítima;494;BR-381/MG;Sul;Colisão Traseira;1;2;1;;;;1
24/11/2017;21:08:00;429;com vítima;510,4;BR-381/MG;Norte;Colisão Lateral;2;2;1;1;;;2
25/11/2017;04:41:00;96;sem vítima;668,5;BR-381/MG;Sul;Tombamento;1;1;;;;;1
25/11/2017;10:22:00;209;sem vítima;949,7;BR-381/MG;Norte;Colisão Traseira;2;2;;;;;1
25/11/2017;13:10:00;267;sem vítima;727,7;BR-381/MG;Norte;Colisão Traseira;1;2;;;;;1
25/11/2017;13:11:00;268;sem vítima;658;BR-381/MG;Norte;Colisão Traseira;1;2;;;;;1
25/11/2017;14:54:00;313;sem vítima;498;BR-381/MG;Norte;Colisão Traseira;2;2;;;;;1
25/11/2017;15:21:00;329;sem vítima;507;BR-381/MG;Norte;Colisão Lateral;1;2;;;;;1
25/11/2017;19:01:00;423;sem vítima;769;BR-381/MG;Norte;Choque - Talude;1;1;;;;;1
25/11/2017;20:53:00;463;sem vítima;897,6;BR-381/MG;Sul;Colisão Traseira;1;2;;;;;1
26/11/2017;11:23:00;155;sem vítima;560,5;BR-381/MG;Sul;Colisão Traseira;2;2;;;;;1
26/11/2017;14:09:00;188;sem vítima;927;BR-381/MG;Sul;Choque - Defensa, barreira ou "submarino";1;1;;;;;1
26/11/2017;15:13:00;222;sem vítima;7,6;BR-381/SP;Norte;Engavetamento;1;3;;;;;1
26/11/2017;15:33:00;231;com vítima;817,5;BR-381/MG;Sul;Colisão Lateral;2;1;;1;;;2
26/11/2017;16:29:00;248;sem vítima;85;BR-381/SP;Sul;Engavetamento;1;5;;;;;1
26/11/2017;21:19:00;351;com vítima;776,9;BR-381/MG;Sul;Colisão Traseira;1;2;1;4;1;1;3
27/11/2017;03:27:00;65;sem vítima;38;BR-381/SP;Sul;Colisão Traseira;2;2;;;;;1
27/11/2017;05:32:00;78;com vítima;544;BR-381/MG;Sul;Colisão Traseira;1;2;1;1;;1;3
27/11/2017;05:37:00;79;sem vítima;54,385;BR-381/SP;Norte;Engavetamento;5;23;;;;;1
27/11/2017;06:19:00;85;com vítima;54,5;BR-381/SP;Norte;Choque - Defensa, barreira ou "submarino";2;2;2;;;;1
27/11/2017;07:09:00;97;sem vítima;49;BR-381/SP;Sul;Colisão Lateral;1;2;;;;;1
27/11/2017;12:20:00;215;sem vítima;66,5;BR-381/SP;Sul;Choque - Suporte de Sinalização;1;1;;;;;1
27/11/2017;18:45:00;373;sem vítima;82;BR-381/SP;Sul;Colisão Traseira;1;2;;;;;1
27/11/2017;18:46:00;374;sem vítima;59;BR-381/SP;Sul;Tombamento;1;1;;;;;1
27/11/2017;19:13:00;397;com vítima;86;BR-381/SP;Norte;Tombamento;1;1;1;;;;1
27/11/2017;21:43:00;430;sem vítima;593,9;BR-381/MG;Norte;Tombamento;1;1;;;;;1
28/11/2017;17:35:00;395;com vítima;480;BR-381/MG;Norte;Engavetamento;1;2;1;;;;1
28/11/2017;17:41:00;398;com vítima;490;BR-381/MG;Norte;Atropelamento - Outros;1;1;2;;;;1
28/11/2017;19:10:00;428;com vítima;503;BR-381/MG;Norte;Colisão Traseira;1;1;2;;1;;2
28/11/2017;19:15:00;430;sem vítima;808;BR-381/MG;Sul;Engavetamento;1;5;;;;;1
29/11/2017;00:29:00;30;sem vítima;807;BR-381/MG;Norte;Colisão Traseira;2;2;;;;;1
29/11/2017;04:23:00;64;sem vítima;708,8;BR-381/MG;Norte;Colisão Traseira;2;2;;;;;1
29/11/2017;04:51:00;73;sem vítima;943;BR-381/MG;Norte;Colisão Traseira;2;2;;;;;1
29/11/2017;06:27:00;84;com vítima;716;BR-381/MG;Sul;Choque - Defensa, barreira ou "submarino";1;5;1;;;;1
29/11/2017;08:54:00;181;sem vítima;87,8;BR-381/SP;Norte;Colisão Lateral;1;2;;;;;1
29/11/2017;10:05:00;203;sem vítima;573,5;BR-381/MG;Sul;Choque - Defensa, barreira ou "submarino";1;1;;;;;1
29/11/2017;16:17:00;343;com vítima;690;BR-381/MG;Sul;Colisão Traseira;1;4;;1;;;2
29/11/2017;17:48:00;389;sem vítima;583;BR-381/MG;Sul;Colisão Lateral;1;1;;;;;1
29/11/2017;20:43:00;464;com vítima;593;BR-381/MG;Norte;Colisão Traseira;1;1;;1;1;;2
29/11/2017;20:48:00;465;sem vítima;493;BR-381/MG;Norte;Colisão Lateral;1;2;;;;;1
30/11/2017;00:10:00;21;sem vítima;809;BR-381/MG;Sul;Colisão Traseira;2;2;;;;;1
30/11/2017;02:32:00;53;sem vítima;650,5;BR-381/MG;Sul;Choque - Objeto sobre a pista;1;1;;;;;1
30/11/2017;03:07:00;57;sem vítima;1;BR-381/SP;Sul;Colisão Traseira;1;2;;;;;1
30/11/2017;09:42:00;184;com vítima;947;BR-381/MG;Sul;Atropelamento - Usuário;2;2;;;;1;3
30/11/2017;11:27:00;232;sem vítima;946;BR-381/MG;Sul;Choque - Elemento de Drenagem;1;1;;;;;1
30/11/2017;12:30:00;263;sem vítima;89,4;BR-381/SP;Sul;Colisão Lateral;1;2;;;;;1
30/11/2017;13:43:00;288;sem vítima;658,25;BR-381/MG;Sul;Choque - Outros;2;2;;;;;1
30/11/2017;14:40:00;315;sem vítima;894;BR-381/MG;Norte;Colisão Traseira;1;4;;;;;1
30/11/2017;18:19:00;408;sem vítima;729,9;BR-381/MG;Sul;Choque - Defensa, barreira ou "submarino";1;1;;;;;1
30/11/2017;22:26:00;492;com vítima;524;BR-381/MG;Sul;Choque - Defensa, barreira ou "submarino";1;0;;1;;;2
30/11/2017;22:38:00;497;com vítima;524;BR-381/MG;Sul;Colisão Traseira;1;1;;1;;;2
30/11/2017;23:50:00;512;com vítima;840,1;BR-381/MG;Sul;Colisão Traseira;2;1;;;1;;2
01/12/2017;07:06:00;88;sem vítima;518;BR-381/MG;Norte;Choque - Defensa, barreira ou "submarino";1;1;;;;;1
01/12/2017;07:47:00;106;sem vítima;497;BR-381/MG;Sul;Colisão Traseira;1;2;;;;;1
01/12/2017;09:46:00;162;sem vítima;948;BR-381/MG;Norte;Choque - Defensa, barreira ou "submarino";1;1;;;;;1
01/12/2017;10:55:00;187;sem vítima;598;BR-381/MG;Norte;Choque - Defensa, barreira ou "submarino";1;1;;;;;1
01/12/2017;11:12:00;196;com vítima;671,6;BR-381/MG;Norte;Colisão Traseira;1;1;1;;;;1
01/12/2017;14:36:00;282;com vítima;844;BR-381/MG;Sul;Engavetamento;1;4;1;;;;1
01/12/2017;14:44:00;290;sem vítima;716,9;BR-381/MG;Sul;Tombamento;1;2;;;;;1
01/12/2017;15:53:00;324;sem vítima;536,7;BR-381/MG;Sul;Tombamento;1;1;;;;;1
01/12/2017;17:45:00;386;sem vítima;689,6;BR-381/MG;Sul;Choque - Defensa, barreira ou "submarino";1;1;;;;;1
01/12/2017;22:34:00;491;sem vítima;599,2;BR-381/MG;Sul;Colisão Traseira;2;2;;;;;1
01/12/2017;23:20:00;505;com vítima;595,1;BR-381/MG;Norte;Tombamento;1;1;1;;;;1
02/12/2017;00:05:00;8;sem vítima;595;BR-381/MG;Norte;Colisão Traseira;2;2;;;;;1
02/12/2017;03:03:00;60;sem vítima;22,5;BR-381/SP;Norte;Choque - Defensa, barreira ou "submarino";1;1;;;;;1
02/12/2017;05:39:00;81;sem vítima;620,2;BR-381/MG;Norte;Tombamento;1;2;;;;;1
02/12/2017;06:24:00;95;sem vítima;865,5;BR-381/MG;Sul;Capotamento;1;1;;;;;1
02/12/2017;08:57:00;157;sem vítima;733;BR-381/MG;Norte;Colisão Lateral;1;2;;;;;1
03/12/2017;00:49:00;41;sem vítima;483;BR-381/MG;Sul;Colisão Traseira;1;2;;;;;1
03/12/2017;11:37:00;169;sem vítima;76;BR-381/SP;Sul;Tombamento;1;1;;;;;1
03/12/2017;11:45:00;174;sem vítima;523;BR-381/MG;Norte;Colisão Traseira;1;2;;;;;1
03/12/2017;12:20:00;184;sem vítima;590,1;BR-381/MG;Norte;Colisão Lateral;1;2;;;;;1
03/12/2017;19:54:00;372;sem vítima;849,7;BR-381/MG;Sul;Colisão Lateral;1;5;;;;;1
03/12/2017;20:26:00;384;sem vítima;923;BR-381/MG;Norte;Colisão Lateral;1;2;;;;;1
03/12/2017;21:08:00;403;sem vítima;848;BR-381/MG;Sul;Choque - Defensa, barreira ou "submarino";1;1;;;;;1
04/12/2017;02:57:00;71;com vítima;941;BR-381/MG;Sul;Tombamento;1;0;1;;;;1
04/12/2017;10:40:00;200;sem vítima;636,8;BR-381/MG;Norte;Choque - Defensa, barreira ou "submarino";1;1;;;;;1
04/12/2017;18:45:00;395;com vítima;646,3;BR-381/MG;Sul;Colisão Lateral;1;1;;1;;;2
04/12/2017;20:47:00;444;sem vítima;68;BR-381/SP;Sul;Colisão Traseira;2;2;;;;;1
04/12/2017;23:10:00;489;sem vítima;58,5;BR-381/SP;Sul;Colisão Traseira;1;2;;;;;1
05/12/2017;15:35:00;303;sem vítima;926;BR-381/MG;Norte;Choque - Defensa, barreira ou "submarino";1;1;;;;;1
05/12/2017;17:31:00;357;sem vítima;26;BR-381/SP;Norte;Choque - Talude;1;1;;;;;1
05/12/2017;17:57:00;374;sem vítima;932;BR-381/MG;Norte;Colisão Traseira;1;2;;;;;1
05/12/2017;18:06:00;383;com vítima;27,5;BR-381/SP;Norte;Engavetamento;1;3;2;;;;1
05/12/2017;18:19:00;396;com vítima;517,5;BR-381/MG;Sul;Colisão Traseira;1;0;2;;;;1
06/12/2017;00:27:00;37;sem vítima;58;BR-381/SP;Sul;Colisão Traseira;1;2;;;;;1
06/12/2017;10:09:00;199;com vítima;928,2;BR-381/MG;Sul;Engavetamento;3;0;3;;;;1
06/12/2017;16:16:00;357;sem vítima;908,4;BR-381/MG;Norte;Choque - Defensa, barreira ou "submarino";1;4;;;;;1
06/12/2017;17:37:00;385;sem vítima;678;BR-381/MG;Sul;Choque - Defensa, barreira ou "submarino";1;1;;;;;1
06/12/2017;19:41:00;435;sem vítima;737,8;BR-381/MG;Norte;Colisão Lateral;1;4;;;;;1
06/12/2017;22:31:00;491;com vítima;757;BR-381/MG;Sul;Colisão Traseira;2;1;1;1;;;2
06/12/2017;23:58:00;524;sem vítima;549;BR-381/MG;Norte;Choque - Elemento de Drenagem;1;1;;;;;1
07/12/2017;06:25:00;103;sem vítima;22,4;BR-381/SP;Norte;Colisão Traseira;1;3;;;;;1
07/12/2017;08:10:00;150;sem vítima;735,5;BR-381/MG;Norte;Colisão Traseira;1;2;;;;;1
07/12/2017;12:05:00;271;sem vítima;50;BR-381/SP;Norte;Engavetamento;2;5;;;;;1
07/12/2017;12:22:00;280;sem vítima;738;BR-381/MG;Norte;Colisão Traseira;2;2;;;;;1
07/12/2017;15:41:00;347;sem vítima;540;BR-381/MG;Norte;Choque - Outros;1;1;;;;;1
07/12/2017;17:48:00;417;sem vítima;702,5;BR-381/MG;Norte;Tombamento;1;1;;;;;1
07/12/2017;17:55:00;421;sem vítima;54,1;BR-381/SP;Norte;Tombamento;1;1;;;;;1
08/12/2017;00:26:00;32;sem vítima;66,8;BR-381/SP;Norte;Colisão Traseira;1;2;;;;;1
08/12/2017;06:55:00;95;com vítima;558;BR-381/MG;Sul;Choque - Defensa, barreira ou "submarino";1;0;1;;;;1
08/12/2017;08:43:00;145;com vítima;28;BR-381/SP;Sul;Choque - Defensa, barreira ou "submarino";1;0;1;;;;1
08/12/2017;10:20:00;197;sem vítima;567,6;BR-381/MG;Norte;Choque - Talude;1;1;;;;;1
08/12/2017;11:54:00;239;com vítima;533,5;BR-381/MG;Sul;Tombamento;1;0;1;;;;1
08/12/2017;12:03:00;243;sem vítima;51;BR-381/SP;Norte;Engavetamento;1;3;;;;;1
08/12/2017;12:26:00;254;sem vítima;943,5;BR-381/MG;Norte;Colisão Traseira;1;5;;;;;1
08/12/2017;13:16:00;280;sem vítima;48,9;BR-381/SP;Sul;Colisão Traseira;1;2;;;;;1
08/12/2017;14:13:00;308;sem vítima;613;BR-381/MG;Sul;Choque - Talude;1;3;;;;;1
08/12/2017;14:59:00;333;sem vítima;523,9;BR-381/MG;Sul;Colisão Traseira;2;3;;;;;1
08/12/2017;15:10:00;342;sem vítima;54,3;BR-381/SP;Norte;Colisão Lateral;1;2;;;;;1
08/12/2017;16:50:00;393;sem vítima;908;BR-381/MG;Sul;Tombamento;1;1;;;;;1
08/12/2017;18:15:00;446;sem vítima;925,2;BR-381/MG;Norte;Choque - Elemento de Drenagem;1;1;;;;;1
09/12/2017;02:07:00;54;com vítima;622,5;BR-381/MG;Norte;Choque - Defensa, barreira ou "submarino";1;1;1;;;;1
09/12/2017;08:43:00;175;sem vítima;658,25;BR-381/MG;Norte;Colisão Traseira;1;2;;;;;1
09/12/2017;19:02:00;456;sem vítima;580,6;BR-381/MG;Sul;Colisão Lateral;1;2;;;;;1
10/12/2017;10:21:00;163;sem vítima;551;BR-381/MG;Sul;Colisão Lateral;1;2;;;;;1
11/12/2017;00:37:00;39;sem vítima;745,7;BR-381/MG;Sul;Colisão Traseira;2;2;;;;;1
11/12/2017;02:31:00;59;sem vítima;28,9;BR-381/SP;Norte;Colisão Traseira;1;2;;;;;1
11/12/2017;10:58:00;246;sem vítima;52,4;BR-381/SP;Sul;Colisão Lateral;1;2;;;;;1
11/12/2017;11:15:00;251;sem vítima;528;BR-381/MG;Sul;Colisão Lateral;1;2;;;;;1
11/12/2017;17:28:55;428;sem vítima;49,301;BR-381/SP;Sul;Engavetamento;1;4;;;;;1
11/12/2017;23:09:00;563;sem vítima;807;BR-381/MG;Norte;Colisão Traseira;2;2;;;;;1
12/12/2017;02:33:00;62;sem vítima;886;BR-381/MG;Sul;Choque - Defensa, barreira ou "submarino";1;1;;;;;1
12/12/2017;02:49:00;64;com vítima;2;BR-381/SP;Norte;Atropelamento - Outros;2;2;;;;1;3
12/12/2017;05:00:00;83;sem vítima;707,7;BR-381/MG;Sul;Choque - Elemento de Drenagem;1;1;;;;;1
12/12/2017;07:28:00;128;com vítima;679,4;BR-381/MG;Norte;Colisão Lateral;1;1;1;;;;1
12/12/2017;09:26:00;185;sem vítima;907,7;BR-381/MG;Sul;Colisão Traseira;2;2;;;;;1
12/12/2017;10:13:00;201;com vítima;869;BR-381/MG;Norte;Atropelamento - Outros;1;0;2;;;;1
12/12/2017;14:00:00;288;sem vítima;489,8;BR-381/MG;Sul;Colisão Lateral;1;2;;;;;1
13/12/2017;01:06:00;45;sem vítima;724,3;BR-381/MG;Sul;Colisão Traseira;1;2;;;;;1
13/12/2017;04:54:00;86;com vítima;623;BR-381/MG;Norte;Tombamento;1;0;1;;;;1
13/12/2017;10:49:00;206;sem vítima;34;BR-381/SP;Norte;Engavetamento;2;3;;;;;1
13/12/2017;11:15:00;221;com vítima;691;BR-381/MG;Norte;Engavetamento;1;6;1;;;;1
13/12/2017;11:48:00;237;sem vítima;10,5;BR-381/SP;Sul;Colisão Traseira;1;2;;;;;1
13/12/2017;16:47:00;368;sem vítima;597,6;BR-381/MG;Sul;Choque - Defensa, barreira ou "submarino";1;1;;;;;1
13/12/2017;16:59:00;372;sem vítima;805;BR-381/MG;Norte;Outros;1;1;;;;;1
13/12/2017;19:05:00;435;com vítima;37;BR-381/SP;Sul;Colisão Lateral;1;2;1;;;;1
13/12/2017;23:08:00;511;com vítima;85;BR-381/SP;Norte;Colisão Lateral;1;1;1;;;;1
14/12/2017;06:22:00;92;com vítima;829,3;BR-381/MG;Norte;Tombamento;2;1;2;1;;;2
14/12/2017;06:27:00;96;sem vítima;491,2;BR-381/MG;Sul;Engavetamento;1;3;;;;;1
14/12/2017;06:47:00;105;com vítima;486,55;BR-381/MG;Sul;Colisão Lateral;1;1;1;;;;1
14/12/2017;08:40:00;143;com vítima;934,4;BR-381/MG;Norte;Tombamento;1;0;1;;;;1
14/12/2017;13:16:00;253;sem vítima;511,4;BR-381/MG;Sul;Outros;1;1;;;;;1
14/12/2017;14:08:00;276;sem vítima;938,5;BR-381/MG;Norte;Choque - Elemento de Drenagem;1;5;;;;;1
14/12/2017;18:18:00;403;sem vítima;620;BR-381/MG;Norte;Colisão Traseira;1;3;;;;;1
14/12/2017;23:37:00;512;sem vítima;490,8;BR-381/MG;Sul;Colisão Lateral;1;3;;;;;1
14/12/2017;23:40:00;514;com vítima;761;BR-381/MG;Norte;Colisão Traseira;2;1;;1;;;2
15/12/2017;06:51:00;107;com vítima;752,4;BR-381/MG;Sul;Engavetamento;1;1;1;1;;;2
15/12/2017;06:51:00;133;com vítima;752,4;BR-381/MG;Sul;Engavetamento;2;2;;1;;;2
15/12/2017;14:24:00;260;sem vítima;492;BR-381/MG;Sul;Colisão Lateral;1;2;;;;;1
15/12/2017;17:59:00;379;sem vítima;745,8;BR-381/MG;Norte;Choque - Defensa, barreira ou "submarino";1;1;;;;;1
15/12/2017;18:46:00;411;com vítima;497;BR-381/MG;Norte;Colisão Lateral;1;1;1;;;;1
15/12/2017;23:13:00;508;sem vítima;759;BR-381/MG;Sul;Tombamento;1;1;;;;;1
16/12/2017;04:42:00;91;sem vítima;43,5;BR-381/SP;Sul;Choque - Defensa, barreira ou "submarino";1;1;;;;;1
16/12/2017;09:49:00;204;sem vítima;597,6;BR-381/MG;Norte;Colisão Traseira;2;2;;;;;1
16/12/2017;15:20:00;357;sem vítima;13;BR-381/SP;Sul;Colisão Traseira;2;2;;;;;1
16/12/2017;18:59:00;460;sem vítima;854,9;BR-381/MG;Norte;Choque - Suporte de Sinalização;1;1;;;;;1
16/12/2017;21:25:00;506;sem vítima;846;BR-381/MG;Sul;Colisão Traseira;1;2;;;;;1
16/12/2017;23:34:00;539;sem vítima;844;BR-381/MG;Norte;Tombamento;1;1;;;;;1
17/12/2017;02:18:00;52;com vítima;729,5;BR-381/MG;Norte;Capotamento;1;0;1;;;;1
17/12/2017;09:26:00;134;sem vítima;812;BR-381/MG;Norte;Colisão Lateral;1;3;;;;;1
18/12/2017;00:32:00;24;sem vítima;906;BR-381/MG;Sul;Colisão Traseira;2;2;;;;;1
18/12/2017;06:16:00;93;com vítima;512;BR-381/MG;Norte;Colisão Traseira;1;2;1;;;;1
18/12/2017;13:13:00;280;com vítima;477,6;BR-381/MG;Norte;Engavetamento;1;2;1;;;;1
18/12/2017;15:27:00;342;com vítima;781,9;BR-381/MG;Norte;Tombamento;1;0;1;;;;1
18/12/2017;19:32:00;475;sem vítima;52;BR-381/SP;Sul;Choque - Defensa, barreira ou "submarino";1;1;;;;;1
18/12/2017;21:30:00;533;sem vítima;66;BR-381/SP;Sul;Colisão Lateral;1;2;;;;;1
19/12/2017;01:46:00;56;sem vítima;724,1;BR-381/MG;Sul;Choque - Defensa, barreira ou "submarino";1;1;;;;;1
19/12/2017;11:11:00;237;sem vítima;761,5;BR-381/MG;Sul;Colisão Traseira;2;2;;;;;1
19/12/2017;12:18:00;260;sem vítima;20;BR-381/SP;Sul;Colisão Traseira;1;2;;;;;1
19/12/2017;17:13:00;411;com vítima;46;BR-381/SP;Norte;Engavetamento;1;2;;1;;;2
19/12/2017;18:27:00;436;sem vítima;882;BR-381/MG;Norte;Colisão Lateral;1;2;;;;;1
19/12/2017;18:39:00;444;sem vítima;941,5;BR-381/MG;Norte;Tombamento;1;1;;;;;1
19/12/2017;18:44:00;450;com vítima;882;BR-381/MG;Sul;Colisão Traseira;1;2;;1;1;;2
19/12/2017;19:42:00;477;sem vítima;90;BR-381/SP;Norte;Colisão Traseira;1;2;;;;;1
19/12/2017;20:57:00;521;sem vítima;941;BR-381/MG;Sul;Choque - Elemento de Drenagem;1;1;;;;;1
20/12/2017;03:06:00;65;sem vítima;573;BR-381/MG;Sul;Colisão Lateral;2;2;;;;;1
20/12/2017;06:22:00;95;com vítima;529;BR-381/MG;Norte;Colisão Traseira;2;1;1;;;;1
20/12/2017;07:27:00;122;sem vítima;900,8;BR-381/MG;Norte;Colisão Traseira;2;2;;;;;1
20/12/2017;09:05:00;177;sem vítima;728;BR-381/MG;Norte;Choque - Defensa, barreira ou "submarino";1;2;;;;;1
20/12/2017;11:53:00;269;sem vítima;658,25;BR-381/MG;Norte;Colisão Traseira;1;2;;;;;1
20/12/2017;13:14:00;302;sem vítima;946;BR-381/MG;Norte;Colisão Traseira;2;2;;;;;1
20/12/2017;15:43:00;372;sem vítima;7,57;BR-381/SP;Sul;Colisão Traseira;1;2;;;;;1
20/12/2017;18:50:00;467;sem vítima;86,5;BR-381/SP;Sul;Tombamento;1;2;;;;;1
20/12/2017;23:05:00;579;sem vítima;900,88;BR-381/MG;Norte;Colisão Traseira;1;2;;;;;1
21/12/2017;02:16:00;54;sem vítima;13;BR-381/SP;Sul;Colisão Traseira;1;2;;;;;1
21/12/2017;02:26:00;57;com vítima;669,2;BR-381/MG;Sul;Colisão Traseira;2;1;;;;1;3
21/12/2017;05:26:00;89;com vítima;745,5;BR-381/MG;Sul;Colisão Traseira;1;3;2;;;;1
21/12/2017;06:14:00;97;com vítima;632,5;BR-381/MG;Sul;Colisão Lateral;2;1;4;;;;1
21/12/2017;10:13:00;205;sem vítima;735,5;BR-381/MG;Norte;Choque - Defensa, barreira ou "submarino";1;1;;;;;1
21/12/2017;13:12:00;295;sem vítima;709;BR-381/MG;Sul;Tombamento;1;2;;;;;1
21/12/2017;14:57:00;342;sem vítima;925;BR-381/MG;Sul;Objeto lançado contra veículo;1;2;;;;;1
21/12/2017;15:13:00;349;com vítima;908;BR-381/MG;Norte;Choque - Suporte de Sinalização;1;0;1;;;;1
21/12/2017;16:34:00;399;sem vítima;941;BR-381/MG;Norte;Choque - Talude;1;1;;;;;1
21/12/2017;16:52:00;411;sem vítima;921,5;BR-381/MG;Sul;Choque - Defensa, barreira ou "submarino";1;1;;;;;1
21/12/2017;19:07:00;490;sem vítima;689,4;BR-381/MG;Sul;Colisão Traseira;1;1;;;;;1
21/12/2017;21:18:00;540;sem vítima;82;BR-381/SP;Sul;Colisão Lateral;1;2;;;;;1
21/12/2017;21:20:00;542;com vítima;882,5;BR-381/MG;Sul;Engavetamento;1;3;;2;;;2
21/12/2017;21:26:00;545;sem vítima;561;BR-381/MG;Sul;Choque - Defensa, barreira ou "submarino";1;2;;;;;1
21/12/2017;22:17:00;559;sem vítima;943;BR-381/MG;Norte;Colisão Traseira;1;2;;;;;1
21/12/2017;22:33:00;565;sem vítima;881,2;BR-381/MG;Sul;Colisão Traseira;3;3;;;;;1
21/12/2017;22:47:00;569;sem vítima;905,3;BR-381/MG;Sul;Tombamento;1;1;;;;;1
21/12/2017;23:35:00;589;sem vítima;878;BR-381/MG;Sul;Colisão Traseira;2;2;;;;;1
22/12/2017;00:21:00;25;sem vítima;767;BR-381/MG;Sul;Colisão Traseira;1;2;;;;;1
22/12/2017;03:02:00;76;sem vítima;819;BR-381/MG;Sul;Colisão Traseira;2;2;;;;;1
22/12/2017;04:19:00;93;sem vítima;948;BR-381/MG;Norte;Choque - Suporte de Sinalização;1;1;;;;;1
22/12/2017;06:47:00;135;sem vítima;784,1;BR-381/MG;Sul;Choque - Defensa, barreira ou "submarino";1;1;;;;;1
22/12/2017;07:07:00;148;sem vítima;597,6;BR-381/MG;Norte;Colisão Traseira;1;2;;;;;1
22/12/2017;07:59:00;171;com vítima;684,6;BR-381/MG;Norte;Colisão Traseira;1;5;1;;;;1
22/12/2017;08:02:00;172;sem vítima;696;BR-381/MG;Norte;Tombamento;1;1;;;;;1
22/12/2017;09:56:00;238;sem vítima;597;BR-381/MG;Norte;Colisão Traseira;1;2;;;;;1
22/12/2017;11:32:00;274;sem vítima;79;BR-381/SP;Sul;Choque - Elemento de Drenagem;1;1;;;;;1
22/12/2017;14:33:00;362;sem vítima;572;BR-381/MG;Sul;Colisão Lateral;1;2;;;;;1
22/12/2017;14:53:00;379;sem vítima;54;BR-381/SP;Sul;Choque - Defensa, barreira ou "submarino";1;1;;;;;1
22/12/2017;15:48:00;412;sem vítima;495,7;BR-381/MG;Sul;Tombamento;1;1;;;;;1
22/12/2017;16:11:00;424;sem vítima;70,3;BR-381/SP;Sul;Choque - Defensa, barreira ou "submarino";1;1;;;;;1
22/12/2017;16:40:00;439;sem vítima;948;BR-381/MG;Norte;Colisão Traseira;2;2;;;;;1
23/12/2017;03:35:00;88;com vítima;765,5;BR-381/MG;Norte;Colisão Traseira;1;42;9;;;;1
23/12/2017;11:44:00;252;com vítima;519,2;BR-381/MG;Norte;Tombamento;1;1;1;2;;;2
23/12/2017;13:17:00;294;sem vítima;807;BR-381/MG;Norte;Colisão Lateral;1;2;;;;;1
23/12/2017;13:47:00;314;sem vítima;652;BR-381/MG;Sul;Colisão Lateral;1;2;;;;;1
23/12/2017;15:37:00;394;sem vítima;493;BR-381/MG;Sul;Colisão Lateral;1;2;;;;;1
23/12/2017;19:20:00;519;sem vítima;863,3;BR-381/MG;Norte;Colisão Traseira;2;2;;;;;1
24/12/2017;06:17:00;77;sem vítima;497;BR-381/MG;Norte;Choque - Talude;1;1;;;;;1
24/12/2017;13:17:00;199;sem vítima;935;BR-381/MG;Sul;Colisão Lateral;1;2;;;;;1
25/12/2017;15:20:00;206;sem vítima;805,1;BR-381/MG;Sul;Choque - Defensa, barreira ou "submarino";1;1;;;;;1
25/12/2017;17:13:00;261;sem vítima;45;BR-381/SP;Norte;Tombamento;1;1;;;;;1
25/12/2017;18:58:00;321;sem vítima;20;BR-381/SP;Sul;Choque - Defensa, barreira ou "submarino";1;1;;;;;1
26/12/2017;06:16:00;83;com vítima;528,2;BR-381/MG;Sul;Choque - Defensa, barreira ou "submarino";1;0;1;;;;1