data;horario;n_da_ocorrencia;tipo_de_ocorrencia;km;trecho;sentido;tipo_de_acidente;caminhao;ilesos;levemente_feridos;moderadamente_feridos;gravemente_feridos;mortos;3
06/02/2018;16:25:00;295;sem vítima;888,7;BR-381/MG;Norte;Colisão Traseira;1;2;;;;;1
07/02/2018;06:13:00;73;sem vítima;527,5;BR-381/MG;Sul;Colisão Traseira;2;2;;;;;1
07/02/2018;07:08:00;89;sem vítima;597,67;BR-381/MG;Sul;Colisão Traseira;2;2;;;;;1
07/02/2018;07:49:00;108;sem vítima;680,4;BR-381/MG;Sul;Choque - Defensa, barreira ou "submarino";1;1;;;;;1
07/02/2018;11:38:00;188;sem vítima;79,8;BR-381/SP;Norte;Colisão Lateral;1;2;;;;;1
07/02/2018;14:05:00;238;sem vítima;480,6;BR-381/MG;Sul;Engavetamento;1;3;;;;;1
07/02/2018;14:14:00;240;sem vítima;503;BR-381/MG;Norte;Colisão Traseira;1;2;;;;;1
07/02/2018;14:29:00;244;com vítima;757;BR-381/MG;Norte;Tombamento;1;0;1;;;;1
07/02/2018;19:12:00;352;sem vítima;590,5;BR-381/MG;Sul;Colisão Lateral;2;2;;;;;1
07/02/2018;19:41:00;368;sem vítima;491,9;BR-381/MG;Sul;Choque - Defensa, barreira ou "submarino";1;1;;;;;1
07/02/2018;21:39:00;398;sem vítima;762;BR-381/MG;Norte;Colisão Traseira;1;2;;;;;1
08/02/2018;06:10:00;75;com vítima;478,5;BR-381/MG;Sul;Colisão Lateral;1;1;1;;;;1
08/02/2018;11:08:00;196;sem vítima;568,5;BR-381/MG;Sul;Colisão Traseira;2;2;;;;;1
08/02/2018;12:57:00;238;com vítima;805,1;BR-381/MG;Sul;Colisão Traseira;1;3;1;;;;1
08/02/2018;13:31:00;253;com vítima;493;BR-381/MG-CONT;Norte;Colisão Traseira;1;3;2;;;;1
08/02/2018;14:50:00;280;sem vítima;7,9;BR-381/SP;Norte;Colisão Traseira;2;2;;;;;1
08/02/2018;16:07:00;310;sem vítima;615;BR-381/MG;Norte;Colisão Traseira;1;2;;;;;1
08/02/2018;18:04:00;353;com vítima;559,6;BR-381/MG;Norte;Colisão Traseira;1;1;1;;;;1
09/02/2018;08:23:00;121;com vítima;722,8;BR-381/MG;Norte;Tombamento;1;0;1;;;;1
09/02/2018;08:34:00;126;sem vítima;844,5;BR-381/MG;Sul;Colisão Lateral;2;3;;;;;1
09/02/2018;10:42:00;173;sem vítima;722,6;BR-381/MG;Norte;Choque - Talude;1;1;;;;;1
09/02/2018;10:49:00;177;sem vítima;935;BR-381/MG;Norte;Engavetamento;2;4;;;;;1
09/02/2018;11:31:00;190;sem vítima;39;BR-381/SP;Sul;Choque - Outros;1;4;;;;;1
09/02/2018;13:22:00;218;sem vítima;658,25;BR-381/MG;Norte;Choque - Suporte de Sinalização;1;1;;;;;1
10/02/2018;02:48:00;48;sem vítima;800;BR-381/MG;Sul;Colisão Traseira;2;2;;;;;1
10/02/2018;10:58:00;208;sem vítima;65,2;BR-381/SP;Norte;Colisão Lateral;1;2;;;;;1
10/02/2018;14:30:00;296;sem vítima;817,5;BR-381/MG;Sul;Colisão Traseira;1;2;;;;;1
10/02/2018;14:45:00;307;sem vítima;689,6;BR-381/MG;Sul;Tombamento;1;2;;;;;1
10/02/2018;15:24:00;327;sem vítima;525,5;BR-381/MG;Norte;Tombamento;1;1;;;;;1
11/02/2018;12:00:00;161;sem vítima;938,4;BR-381/MG;Sul;Choque - Elemento de Drenagem;1;1;;;;;1
11/02/2018;15:58:00;250;sem vítima;78,8;BR-381/SP;Norte;Tombamento;1;1;;;;;1
12/02/2018;04:32:00;59;sem vítima;839;BR-381/MG;Sul;Tombamento;1;1;;;;;1
12/02/2018;12:08:00;180;sem vítima;745;BR-381/MG;Sul;Choque - Defensa, barreira ou "submarino";1;1;;;;;1
12/02/2018;19:51:00;326;com vítima;519,1;BR-381/MG;Norte;Tombamento;1;0;1;;;;1
12/02/2018;21:19:00;357;com vítima;84,283;BR-381/SP;Norte;Atropelamento - Morador;1;1;;1;2;;2
13/02/2018;02:16:00;43;sem vítima;882,3;BR-381/MG;Sul;Colisão Traseira;1;2;;;;;1
13/02/2018;11:49:00;150;sem vítima;829,4;BR-381/MG;Norte;Tombamento;1;1;;;;;1
13/02/2018;13:42:00;186;com vítima;600,6;BR-381/MG;Sul;Colisão Traseira;2;1;;1;;;2
14/02/2018;04:27:00;41;com vítima;852,95;BR-381/MG;Norte;Choque - Defensa, barreira ou "submarino";1;1;1;;;;1
14/02/2018;11:21:00;147;sem vítima;497,3;BR-381/MG-CONT;Norte;Colisão Transversal;1;2;;;;;1
15/02/2018;07:46:00;97;com vítima;479;BR-381/MG;Norte;Colisão Traseira;1;1;;1;;;2
15/02/2018;18:22:00;359;sem vítima;524,1;BR-381/MG;Sul;Colisão Lateral;3;3;;;;;1
16/02/2018;00:22:00;27;com vítima;525,4;BR-381/MG;Sul;Capotamento;1;0;1;;;;1
16/02/2018;02:39:00;45;com vítima;531;BR-381/MG;Norte;Tombamento;1;0;;1;;;2
16/02/2018;04:49:00;58;com vítima;714,5;BR-381/MG;Sul;Colisão Traseira;1;1;1;;;1;3
16/02/2018;07:41:00;97;com vítima;509;BR-381/MG;Norte;Colisão Traseira;1;2;1;;;;1
16/02/2018;11:53:00;198;sem vítima;504;BR-381/MG;Norte;Colisão Traseira;1;2;;;;;1
16/02/2018;14:18:00;246;com vítima;55,1;BR-381/SP;Norte;Choque - Defensa, barreira ou "submarino";1;2;2;;;;1
16/02/2018;15:15:00;266;sem vítima;767;BR-381/MG;Norte;Choque - Talude;1;3;;;;;1
17/02/2018;12:57:00;220;sem vítima;890,2;BR-381/MG;Norte;Colisão Lateral;1;4;;;;;1
17/02/2018;21:26:00;359;sem vítima;648,9;BR-381/MG;Sul;Atropelamento de Animal;1;1;;;;;1
18/02/2018;17:45:00;308;sem vítima;615,5;BR-381/MG;Norte;Colisão Traseira;2;2;;;;;1
19/02/2018;02:12:00;36;com vítima;844;BR-381/MG;Sul;Colisão Lateral;1;1;1;;;;1
19/02/2018;05:38:00;62;sem vítima;854,1;BR-381/MG;Sul;Choque - Defensa, barreira ou "submarino";1;1;;;;;1
19/02/2018;07:18:00;93;sem vítima;514,8;BR-381/MG;Sul;Colisão Traseira;1;2;;;;;1
19/02/2018;09:52:00;166;com vítima;668,4;BR-381/MG;Sul;Engavetamento;1;6;1;;;;1
19/02/2018;19:39:00;356;com vítima;905,7;BR-381/MG;Norte;Colisão Traseira;2;1;1;;;;1
19/02/2018;22:30:00;401;sem vítima;664;BR-381/MG;Sul;Engavetamento;2;3;;;;;1
19/02/2018;23:48:00;416;com vítima;540,3;BR-381/MG;Norte;Colisão Transversal;1;1;3;1;;;2
20/02/2018;00:39:00;24;sem vítima;37,1;BR-381/SP;Sul;Colisão Lateral;1;2;;;;;1
20/02/2018;13:59:00;272;com vítima;525,1;BR-381/MG;Sul;Colisão Traseira;2;4;1;;;;1
20/02/2018;15:05:00;302;com vítima;524,5;BR-381/MG;Sul;Colisão Traseira;2;0;3;;;;1
20/02/2018;17:55:00;361;sem vítima;69;BR-381/SP;Norte;Colisão Lateral;1;2;;;;;1
20/02/2018;22:29:00;438;com vítima;524,6;BR-381/MG;Sul;Colisão Traseira;2;4;1;;;;1
20/02/2018;23:53:00;466;sem vítima;524,6;BR-381/MG;Sul;Colisão Traseira;1;2;;;;;1
21/02/2018;02:19:00;43;sem vítima;889;BR-381/MG;Sul;Tombamento;1;1;;;;;1
21/02/2018;02:46:00;44;sem vítima;724;BR-381/MG;Norte;Choque - Defensa, barreira ou "submarino";1;1;;;;;1
21/02/2018;09:41:00;163;sem vítima;885,5;BR-381/MG;Sul;Engavetamento;1;3;;;;;1
21/02/2018;15:36:00;311;com vítima;507,6;BR-381/MG;Sul;Engavetamento;1;6;1;;;;1
21/02/2018;16:27:00;338;sem vítima;817;BR-381/MG;Norte;Choque - Elemento de Drenagem;1;1;;;;;1
21/02/2018;17:17:00;358;com vítima;529;BR-381/MG;Norte;Choque - Defensa, barreira ou "submarino";2;1;;;1;;2
21/02/2018;18:47:00;394;sem vítima;88;BR-381/SP;Sul;Colisão Lateral;1;2;;;;;1
22/02/2018;11:01:00;202;sem vítima;773,2;BR-381/MG;Norte;Choque - Defensa, barreira ou "submarino";1;2;;;;;1
22/02/2018;17:11:00;332;sem vítima;65,5;BR-381/SP;Norte;Colisão Traseira;2;2;;;;;1
22/02/2018;18:15:00;363;com vítima;707,1;BR-381/MG;Norte;Tombamento;1;0;;;;1;3
22/02/2018;18:32:00;370;com vítima;765;BR-381/MG;Norte;Colisão Lateral;1;1;1;;;;1
22/02/2018;19:37:00;395;sem vítima;487,6;BR-381/MG;Norte;Colisão Traseira;1;2;;;;;1
22/02/2018;21:19:00;432;com vítima;33;BR-381/SP;Sul;Colisão Frontal;1;1;2;;;;1
23/02/2018;11:46:00;222;sem vítima;602;BR-381/MG;Sul;Colisão Lateral;1;2;;;;;1
23/02/2018;12:17:00;233;sem vítima;56,7;BR-381/SP;Sul;Engavetamento;1;3;;;;;1
23/02/2018;16:21:00;324;sem vítima;883,6;BR-381/MG;Norte;Colisão Lateral;2;2;;;;;1
23/02/2018;16:48:00;338;sem vítima;25,8;BR-381/SP;Norte;Engavetamento;1;5;;;;;1
23/02/2018;17:11:00;350;sem vítima;28,4;BR-381/SP;Norte;Colisão Traseira;1;2;;;;;1
23/02/2018;18:54:00;395;sem vítima;28;BR-381/SP;Sul;Colisão Traseira;1;2;;;;;1
23/02/2018;20:07:00;421;com vítima;563;BR-381/MG;Sul;Atropelamento - Morador;1;1;;1;;;2
24/02/2018;00:14:00;28;sem vítima;901,6;BR-381/MG;Norte;Colisão Lateral;1;2;;;;;1
24/02/2018;01:08:00;38;sem vítima;30;BR-381/SP;Norte;Colisão Traseira;1;2;;;;;1
24/02/2018;05:55:00;73;sem vítima;479,2;BR-381/MG;Sul;Capotamento;1;1;;;;;1
24/02/2018;15:52:00;263;sem vítima;711;BR-381/MG;Norte;Tombamento;1;1;;;;;1
24/02/2018;20:59:00;373;sem vítima;613,2;BR-381/MG;Norte;Tombamento;1;1;;;;;1
24/02/2018;22:44:00;403;com vítima;633,6;BR-381/MG;Sul;Tombamento;1;0;2;;;;1
26/02/2018;06:28:00;67;sem vítima;737,2;BR-381/MG;Norte;Colisão Traseira;2;2;;;;;1
26/02/2018;14:08:00;255;sem vítima;780;BR-381/MG;Norte;Colisão Lateral;1;3;;;;;1
26/02/2018;14:12:00;257;sem vítima;60;BR-381/SP;Norte;Choque - Defensa, barreira ou "submarino";1;1;;;;;1
26/02/2018;14:16:00;259;sem vítima;674,6;BR-381/MG;Norte;Tombamento;1;1;;;;;1
26/02/2018;15:02:00;277;sem vítima;503,7;BR-381/MG;Norte;Choque - Defensa, barreira ou "submarino";1;1;;;;;1
26/02/2018;15:14:00;283;sem vítima;907,5;BR-381/MG;Sul;Colisão Lateral;1;2;;;;;1
26/02/2018;17:16:00;344;sem vítima;61;BR-381/SP;Norte;Engavetamento;2;7;;;;;1
26/02/2018;22:19:00;464;sem vítima;486;BR-381/MG;Sul;Colisão Lateral;1;2;;;;;1
27/02/2018;00:40:00;25;sem vítima;937,4;BR-381/MG;Norte;Choque - Defensa, barreira ou "submarino";1;1;;;;;1
27/02/2018;01:33:00;43;sem vítima;819;BR-381/MG;Sul;Choque - Defensa, barreira ou "submarino";1;1;;;;;1
27/02/2018;08:02:00;116;com vítima;478,1;BR-381/MG;Norte;Colisão Lateral;1;2;;;1;;2
27/02/2018;11:54:00;220;com vítima;494,3;BR-381/MG-CONT;Norte;Tombamento;1;1;1;;;;1
27/02/2018;15:29:00;303;com vítima;709,3;BR-381/MG;Norte;Choque - Defensa, barreira ou "submarino";1;0;1;;;;1
27/02/2018;15:38:00;307;sem vítima;828;BR-381/MG;Sul;Tombamento;1;2;;;;;1
27/02/2018;19:14:00;414;sem vítima;491,2;BR-381/MG;Sul;Colisão Lateral;1;2;;;;;1
27/02/2018;19:53:00;427;sem vítima;39,8;BR-381/SP;Norte;Colisão Lateral;1;2;;;;;1
27/02/2018;22:39:00;468;sem vítima;900,88;BR-381/MG;Sul;Colisão Traseira;1;2;;;;;1
28/02/2018;08:29:00;122;sem vítima;846;BR-381/MG;Norte;Choque - Defensa, barreira ou "submarino";1;1;;;;;1
28/02/2018;14:34:00;259;sem vítima;85,8;BR-381/SP;Sul;Colisão Lateral;1;2;;;;;1
28/02/2018;18:20:00;366;com vítima;41;BR-381/SP;Norte;Colisão Traseira;1;1;;;;1;3
28/02/2018;18:49:00;383;sem vítima;58;BR-381/SP;Norte;Colisão Traseira;1;2;;;;;1
28/02/2018;21:24:00;421;com vítima;694,9;BR-381/MG;Sul;Colisão Traseira;2;1;;;;1;3
28/02/2018;23:08:00;452;sem vítima;6,5;BR-381/SP;Norte;Atropelamento de Animal;1;1;;;;;1
01/03/2018;04:07:00;77;sem vítima;23,8;BR-381/SP;Norte;Tombamento;1;1;;;;;1
01/03/2018;10:23:00;204;sem vítima;61;BR-381/SP;Sul;Colisão Traseira;1;2;;;;;1
01/03/2018;14:33:00;307;com vítima;672,6;BR-381/MG;Norte;Colisão Traseira;1;12;6;9;4;1;3
01/03/2018;15:52:00;346;sem vítima;774;BR-381/MG;Norte;Colisão Lateral;1;2;;;;;1
01/03/2018;18:35:00;433;sem vítima;35;BR-381/SP;Sul;Colisão Traseira;1;2;;;;;1
02/03/2018;03:21:00;54;sem vítima;33,5;BR-381/SP;Sul;Colisão Traseira;2;2;;;;;1
02/03/2018;04:10:00;62;sem vítima;816;BR-381/MG;Sul;Choque - Outros;1;1;;;;;1
02/03/2018;07:46:00;103;sem vítima;28,5;BR-381/SP;Sul;Colisão Traseira;2;3;;;;;1
02/03/2018;11:11:00;216;sem vítima;25;BR-381/SP;Sul;Engavetamento;3;4;;;;;1
02/03/2018;14:35:00;288;sem vítima;86,5;BR-381/SP;Sul;Colisão Traseira;1;2;;;;;1
02/03/2018;15:19:00;316;sem vítima;521,4;BR-381/MG;Sul;Choque - Talude;1;1;;;;;1
02/03/2018;19:04:00;409;com vítima;48;BR-381/SP;Sul;Colisão Traseira;1;1;1;;1;;2
03/03/2018;00:06:00;24;com vítima;599,2;BR-381/MG;Sul;Colisão Traseira;2;2;1;;;;1
03/03/2018;00:17:00;29;com vítima;599,2;BR-381/MG;Sul;Colisão Traseira;1;1;1;;;;1
03/03/2018;02:23:00;53;sem vítima;518;BR-381/MG;Sul;Choque - Outros;1;1;;;;;1
03/03/2018;08:27:00;122;sem vítima;829;BR-381/MG;Norte;Tombamento;1;1;;;;;1
03/03/2018;11:30:00;207;sem vítima;75,4;BR-381/SP;Norte;Colisão Traseira;1;2;;;;;1
03/03/2018;13:55:00;265;sem vítima;816;BR-381/MG;Norte;Colisão Lateral;1;3;;;;;1
03/03/2018;13:58:00;266;sem vítima;86;BR-381/SP;Norte;Tombamento;1;1;;;;;1
03/03/2018;18:42:00;380;sem vítima;39;BR-381/SP;Norte;Colisão Traseira;1;2;;;;;1
05/03/2018;00:50:00;35;sem vítima;540,8;BR-381/MG;Norte;Colisão Traseira;1;2;;;;;1
05/03/2018;04:38:00;58;sem vítima;611,8;BR-381/MG;Norte;Tombamento;1;1;;;;;1
05/03/2018;06:38:00;78;sem vítima;598;BR-381/MG;Norte;Colisão Lateral;2;2;;;;;1
05/03/2018;09:05:00;136;com vítima;28,3;BR-381/SP;Sul;Tombamento;1;1;1;;1;;2
05/03/2018;14:17:00;264;sem vítima;88;BR-381/SP;Norte;Choque - Defensa, barreira ou "submarino";1;1;;;;;1
05/03/2018;15:19:00;294;sem vítima;493;BR-381/MG;Norte;Engavetamento;1;3;;;;;1
05/03/2018;16:27:00;323;com vítima;536;BR-381/MG;Sul;Colisão Lateral;1;2;1;;;;1
05/03/2018;16:47:00;334;sem vítima;484;BR-381/MG;Norte;Colisão Lateral;1;2;;;;;1
05/03/2018;17:30:00;351;com vítima;60,5;BR-381/SP;Sul;Engavetamento;1;22;4;;;;1
05/03/2018;18:21:00;374;sem vítima;71;BR-381/SP;Norte;Choque - Defensa, barreira ou "submarino";1;1;;;;;1
05/03/2018;21:04:00;425;com vítima;700,8;BR-381/MG;Sul;Capotamento;1;0;;1;;;2
05/03/2018;22:07:00;443;sem vítima;905;BR-381/MG;Norte;Colisão Traseira;2;3;;;;;1
06/03/2018;00:36:00;27;com vítima;627,6;BR-381/MG;Sul;Colisão Traseira;2;1;1;;;;1
06/03/2018;08:29:00;104;sem vítima;491;BR-381/MG;Sul;Colisão Lateral;1;2;;;;;1
06/03/2018;08:59:00;124;sem vítima;766,2;BR-381/MG;Norte;Engavetamento;2;4;;;;;1
06/03/2018;09:12:00;133;com vítima;490,08;BR-381/MG;Sul;Colisão Traseira;1;1;1;;;;1
06/03/2018;09:38:00;146;sem vítima;489;BR-381/MG;Sul;Engavetamento;1;4;;;;;1
06/03/2018;11:45:00;203;com vítima;16,1;BR-381/SP;Sul;Colisão Traseira;1;1;;;;1;3
06/03/2018;14:48:00;268;com vítima;921;BR-381/MG;Sul;Tombamento;1;0;;;1;;2
06/03/2018;21:12:00;415;sem vítima;900,8;BR-381/MG;Sul;Choque - Objeto não identificado;1;1;;;;;1
06/03/2018;21:40:00;427;sem vítima;863;BR-381/MG;Sul;Choque - Veiculo parado na pista;1;2;;;;;1
06/03/2018;23:06:00;467;sem vítima;57;BR-381/SP;Sul;Colisão Lateral;1;3;;;;;1
07/03/2018;02:05:00;51;sem vítima;818;BR-381/MG;Norte;Colisão Traseira;2;2;;;;;1
07/03/2018;08:41:00;143;com vítima;767,3;BR-381/MG;Sul;Tombamento;1;0;1;;;;1
07/03/2018;11:07:00;183;sem vítima;754,7;BR-381/MG;Sul;Colisão Traseira;1;2;;;;;1
07/03/2018;12:07:00;206;sem vítima;26,1;BR-381/SP;Sul;Choque - Defensa, barreira ou "submarino";1;1;;;;;1
07/03/2018;12:44:00;225;sem vítima;785;BR-381/MG;Sul;Choque - Elemento de Drenagem;1;1;;;;;1
07/03/2018;15:48:00;276;sem vítima;766;BR-381/MG;Norte;Colisão Traseira;2;2;;;;;1
08/03/2018;00:45:00;22;com vítima;724;BR-381/MG;Sul;Colisão Traseira;2;1;1;;;;1
08/03/2018;06:34:00;79;sem vítima;490,6;BR-381/MG;Norte;Colisão Traseira;1;2;;;;;1
08/03/2018;09:06:00;144;sem vítima;929,5;BR-381/MG;Norte;Choque - Outros;1;1;;;;;1
08/03/2018;17:00:00;341;sem vítima;71,4;BR-381/SP;Norte;Choque - Defensa, barreira ou "submarino";1;1;;;;;1
08/03/2018;22:02:00;443;com vítima;59,8;BR-381/SP;Norte;Colisão Traseira;1;1;1;;;;1
09/03/2018;04:44:00;77;sem vítima;746,5;BR-381/MG;Norte;Tombamento;1;4;;;;;1
09/03/2018;10:48:00;198;sem vítima;658,2;BR-381/MG;Norte;Choque - Suporte de Sinalização;1;1;;;;;1
09/03/2018;15:47:00;296;sem vítima;489,4;BR-381/MG;Sul;Choque - Veiculo parado no acostamento;1;2;;;;;1
10/03/2018;00:12:00;26;sem vítima;709,7;BR-381/MG;Norte;Colisão Traseira;2;2;;;;;1
10/03/2018;01:07:00;33;sem vítima;70;BR-381/SP;Norte;Choque - Defensa, barreira ou "submarino";1;1;;;;;1
10/03/2018;04:48:00;62;sem vítima;621;BR-381/MG;Norte;Tombamento;2;2;;;;;1
10/03/2018;07:14:00;93;sem vítima;638,1;BR-381/MG;Sul;Colisão Traseira;1;4;;;;;1
10/03/2018;09:09:00;136;sem vítima;509,5;BR-381/MG;Norte;Colisão Lateral;1;2;;;;;1
10/03/2018;12:43:00;219;sem vítima;611,9;BR-381/MG;Norte;Choque - Elemento de Drenagem;1;1;;;;;1
10/03/2018;19:10:00;347;com vítima;949,9;BR-381/MG;Norte;Colisão Lateral;1;4;1;;;;1
11/03/2018;03:15:00;54;sem vítima;946;BR-381/MG;Sul;Tombamento;1;1;;;;;1
11/03/2018;08:10:00;99;sem vítima;935;BR-381/MG;Norte;Choque - Elemento de Drenagem;1;1;;;;;1
11/03/2018;16:58:00;280;com vítima;522;BR-381/MG;Sul;Tombamento;1;1;1;1;;;2
11/03/2018;22:21:00;391;sem vítima;727,3;BR-381/MG;Sul;Colisão Traseira;1;3;;;;;1
12/03/2018;20:54:00;393;sem vítima;76,7;BR-381/SP;Norte;Colisão Lateral;1;2;;;;;1
13/03/2018;00:11:00;32;sem vítima;636;BR-381/MG;Sul;Choque - Elemento de Drenagem;1;1;;;;;1
13/03/2018;06:46:00;90;com vítima;734;BR-381/MG;Sul;Choque - Outros;1;1;1;;;;1
13/03/2018;12:19:00;232;sem vítima;503,5;BR-381/MG;Sul;Colisão Lateral;2;2;;;;;1
13/03/2018;13:41:00;258;sem vítima;649,3;BR-381/MG;Sul;Colisão Traseira;2;2;;;;;1
13/03/2018;16:32:00;332;sem vítima;931;BR-381/MG;Norte;Colisão Traseira;2;2;;;;;1
13/03/2018;16:52:00;341;sem vítima;519;BR-381/MG;Sul;Colisão Traseira;1;2;;;;;1
13/03/2018;17:03:00;350;sem vítima;921;BR-381/MG;Sul;Choque - Defensa, barreira ou "submarino";1;1;;;;;1
13/03/2018;17:19:00;359;sem vítima;920;BR-381/MG;Sul;Colisão Traseira;1;2;;;;;1
13/03/2018;17:28:00;367;sem vítima;906;BR-381/MG;Sul;Choque - Defensa, barreira ou "submarino";1;1;;;;;1
14/03/2018;02:36:00;60;sem vítima;782,7;BR-381/MG;Norte;Tombamento;1;1;;;;;1
14/03/2018;04:50:00;81;com vítima;58;BR-381/SP;Sul;Engavetamento;1;2;1;;;;1
14/03/2018;10:29:00;206;sem vítima;78,7;BR-381/SP;Sul;Colisão Traseira;2;2;;;;;1
14/03/2018;20:15:00;441;com vítima;25;BR-381/SP;Norte;Colisão Traseira;2;1;;;1;;2
15/03/2018;03:18:00;50;sem vítima;15;BR-381/SP;Sul;Colisão Traseira;2;2;;;;;1
15/03/2018;08:37:00;129;sem vítima;838;BR-381/MG;Norte;Colisão Lateral;1;2;;;;;1
15/03/2018;12:00:00;213;sem vítima;760,6;BR-381/MG;Norte;Colisão Traseira;2;2;;;;;1
15/03/2018;13:46:00;247;sem vítima;545;BR-381/MG;Norte;Colisão Traseira;1;2;;;;;1
15/03/2018;17:25:00;354;sem vítima;722,5;BR-381/MG;Norte;Choque - Defensa, barreira ou "submarino";1;1;;;;;1
15/03/2018;21:47:00;438;com vítima;482,1;BR-381/MG;Sul;Colisão Traseira;1;2;2;1;;;2
16/03/2018;09:29:00;185;sem vítima;479;BR-381/MG;Sul;Colisão Lateral;1;2;;;;;1
16/03/2018;09:57:00;211;sem vítima;692;BR-381/MG;Norte;Colisão Lateral;1;3;;;;;1
16/03/2018;12:55:00;285;sem vítima;920,5;BR-381/MG;Sul;Tombamento;1;1;;;;;1
16/03/2018;12:58:00;288;com vítima;908,3;BR-381/MG;Norte;Colisão Traseira;1;2;;1;;;2
16/03/2018;15:01:00;341;sem vítima;727;BR-381/MG;Sul;Choque - Defensa, barreira ou "submarino";1;2;;;;;1
16/03/2018;15:15:00;345;com vítima;934,5;BR-381/MG;Norte;Colisão Lateral;1;3;1;;;;1
16/03/2018;15:53:00;365;com vítima;705,8;BR-381/MG;Sul;Choque - Elemento de Drenagem;1;4;2;;;;1
16/03/2018;18:00:00;423;sem vítima;478;BR-381/MG;Norte;Colisão Traseira;1;2;;;;;1
16/03/2018;18:51:00;443;sem vítima;36;BR-381/SP;Norte;Colisão Lateral;1;2;;;;;1
16/03/2018;20:03:00;472;com vítima;540;BR-381/MG;Sul;Tombamento;1;1;2;;;;1
16/03/2018;20:18:00;479;com vítima;811,6;BR-381/MG;Sul;Capotamento;1;1;1;;;;1
17/03/2018;04:05:00;88;sem vítima;512,8;BR-381/MG;Norte;Colisão Traseira;2;2;;;;;1
17/03/2018;08:23:00;159;sem vítima;545,95;BR-381/MG;Sul;Choque - Defensa, barreira ou "submarino";1;1;;;;;1
17/03/2018;08:31:00;162;sem vítima;882,6;BR-381/MG;Norte;Colisão Lateral;2;2;;;;;1
17/03/2018;08:36:00;175;com vítima;883;BR-381/MG;Norte;Engavetamento;3;4;;1;;;2
17/03/2018;12:08:00;246;sem vítima;559,6;BR-381/MG;Sul;Colisão Traseira;2;2;;;;;1
17/03/2018;13:09:00;274;sem vítima;808,5;BR-381/MG;Norte;Colisão Traseira;2;2;;;;;1
17/03/2018;13:57:00;292;sem vítima;487;BR-381/MG;Sul;Engavetamento;1;3;;;;;1
17/03/2018;15:07:00;315;sem vítima;604;BR-381/MG;Norte;Choque - Talude;1;1;;;;;1
17/03/2018;15:18:00;318;sem vítima;658,25;BR-381/MG;Norte;Choque - Suporte de Sinalização;1;1;;;;;1
18/03/2018;04:00:00;69;com vítima;592,1;BR-381/MG;Norte;Tombamento;1;0;;;;1;3
18/03/2018;07:27:00;104;sem vítima;58;BR-381/SP;Norte;Engavetamento;1;7;;;;;1
18/03/2018;18:53:00;319;sem vítima;488,7;BR-381/MG;Sul;Colisão Lateral;1;2;;;;;1
19/03/2018;02:38:00;58;sem vítima;53,26;BR-381/SP;Norte;Atropelamento de Animal;1;1;;;;;1
19/03/2018;02:38:00;62;sem vítima;53,26;BR-381/SP;Norte;Atropelamento de Animal;1;1;;;;;1
19/03/2018;03:45:00;64;com vítima;941,2;BR-381/MG;Norte;Atropelamento - Andarilho;1;2;;;;1;3
19/03/2018;07:15:00;116;com vítima;490,8;BR-381/MG;Norte;Colisão Lateral;1;1;1;;;;1
19/03/2018;07:35:00;125;sem vítima;597,6;BR-381/MG;Norte;Colisão Traseira;2;2;;;;;1
19/03/2018;17:20:00;345;sem vítima;488,7;BR-381/MG;Sul;Engavetamento;2;3;;;;;1
19/03/2018;18:49:00;381;sem vítima;7,57;BR-381/SP;Sul;Colisão Traseira;2;2;;;;;1
20/03/2018;00:23:00;32;sem vítima;486;BR-381/MG;Sul;Colisão Lateral;2;3;;;;;1
20/03/2018;13:19:00;243;sem vítima;490;BR-381/MG;Norte;Colisão Lateral;1;2;;;;;1
20/03/2018;15:39:00;300;sem vítima;481,6;BR-381/MG;Norte;Colisão Lateral;1;2;;;;;1
20/03/2018;16:01:00;311;sem vítima;869,5;BR-381/MG;Sul;Choque - Defensa, barreira ou "submarino";1;1;;;;;1
20/03/2018;16:18:00;316;com vítima;494,2;BR-381/MG;Sul;Colisão Traseira;1;1;1;;;;1
20/03/2018;17:15:00;340;sem vítima;489;BR-381/MG;Norte;Colisão Traseira;2;2;;;;;1
21/03/2018;07:45:00;110;com vítima;479,3;BR-381/MG;Sul;Colisão Lateral;1;1;1;;;;1
21/03/2018;14:46:00;283;sem vítima;938,8;BR-381/MG;Norte;Colisão Traseira;1;2;;;;;1
21/03/2018;16:11:00;327;sem vítima;677,8;BR-381/MG;Norte;Choque - Elemento de Drenagem;1;1;;;;;1
21/03/2018;16:20:00;330;sem vítima;844,8;BR-381/MG;Sul;Tombamento;1;2;;;;;1
21/03/2018;19:44:00;421;sem vítima;849,4;BR-381/MG;Norte;Colisão Lateral;1;3;;;;;1
21/03/2018;19:59:00;428;com vítima;491;BR-381/MG;Norte;Colisão Traseira;1;1;1;;;;1
22/03/2018;03:31:00;63;com vítima;795,8;BR-381/MG;Norte;Colisão Traseira;2;1;1;;;;1
22/03/2018;05:15:00;76;sem vítima;519;BR-381/MG;Sul;Choque - Defensa, barreira ou "submarino";1;2;;;;;1
22/03/2018;06:49:00;96;sem vítima;0,9;BR-381/SP;Sul;Colisão Traseira;1;5;;;;;1
22/03/2018;11:20:00;219;sem vítima;672,5;BR-381/MG;Sul;Colisão Lateral;1;2;;;;;1
22/03/2018;15:48:00;326;sem vítima;487;BR-381/MG;Norte;Colisão Traseira;1;2;;;;;1
22/03/2018;16:04:00;333;sem vítima;517;BR-381/MG;Norte;Choque - Defensa, barreira ou "submarino";1;1;;;;;1