data;horario;n_da_ocorrencia;tipo_de_ocorrencia;km;trecho;sentido;tipo_de_acidente;caminhao;ilesos;levemente_feridos;moderadamente_feridos;gravemente_feridos;mortos;3
22/03/2018;17:40:00;373;sem vítima;528;BR-381/MG;Sul;Colisão Traseira;1;2;;;;;1
23/03/2018;04:04:00;70;sem vítima;919,47;BR-381/MG;Sul;Colisão Traseira;2;4;;;;;1
23/03/2018;07:53:00;131;com vítima;485,4;BR-381/MG;Sul;Colisão Lateral;1;2;;;;1;3
23/03/2018;11:42:00;233;sem vítima;494,9;BR-381/MG;Sul;Choque - Elemento de Drenagem;1;1;;;;;1
23/03/2018;16:17:00;342;com vítima;525,4;BR-381/MG;Sul;Tombamento;1;0;1;;;;1
23/03/2018;16:53:00;358;sem vítima;496;BR-381/MG;Norte;Colisão Lateral;1;2;;;;;1
23/03/2018;17:39:00;382;sem vítima;703;BR-381/MG;Norte;Colisão Traseira;1;2;;;;;1
24/03/2018;08:35:00;134;sem vítima;597,67;BR-381/MG;Sul;Choque - Defensa, barreira ou "submarino";1;1;;;;;1
24/03/2018;12:41:00;227;sem vítima;66,4;BR-381/SP;Sul;Colisão Traseira;1;2;;;;;1
24/03/2018;14:07:00;247;sem vítima;845;BR-381/MG;Norte;Colisão Traseira;1;2;;;;;1
24/03/2018;14:10:00;249;sem vítima;29;BR-381/SP;Norte;Colisão Traseira;2;2;;;;;1
24/03/2018;20:55:00;389;sem vítima;725;BR-381/MG;Sul;Colisão Traseira;2;2;;;;;1
25/03/2018;05:24:00;63;sem vítima;636,7;BR-381/MG;Norte;Choque - Defensa, barreira ou "submarino";1;1;;;;;1
25/03/2018;12:40:00;166;sem vítima;500,5;BR-381/MG;Sul;Engavetamento;1;4;;;;;1
25/03/2018;13:58:00;187;sem vítima;658,2;BR-381/MG;Sul;Choque - Suporte de Sinalização;1;1;;;;;1
25/03/2018;17:28:00;268;com vítima;816;BR-381/MG;Norte;Colisão Lateral;2;1;;;;1;3
25/03/2018;18:11:00;283;sem vítima;900;BR-381/MG;Norte;Colisão Traseira;2;2;;;;;1
25/03/2018;19:14:00;309;sem vítima;900;BR-381/MG;Norte;Choque - Outros;1;1;;;;;1
25/03/2018;22:00:00;364;sem vítima;557;BR-381/MG;Norte;Choque - Defensa, barreira ou "submarino";1;1;;;;;1
25/03/2018;22:20:00;369;com vítima;767;BR-381/MG;Sul;Colisão Traseira;2;1;1;;;;1
25/03/2018;22:58:00;384;sem vítima;919,3;BR-381/MG;Sul;Colisão Traseira;2;2;;;;;1
26/03/2018;22:58:00;411;com vítima;491;BR-381/MG;Sul;Colisão Traseira;1;1;;1;;;2
27/03/2018;05:04:00;66;sem vítima;57,9;BR-381/SP;Norte;Colisão Traseira;1;2;;;;;1
27/03/2018;09:47:00;167;sem vítima;54;BR-381/SP;Sul;Colisão Traseira;1;2;;;;;1
27/03/2018;10:26:00;191;sem vítima;66,6;BR-381/SP;Sul;Engavetamento;2;3;;;;;1
27/03/2018;19:36:00;409;com vítima;494,5;BR-381/MG;Sul;Engavetamento;1;2;1;1;;;2
27/03/2018;20:23:00;426;sem vítima;855;BR-381/MG;Norte;Choque - Elemento de Drenagem;1;2;;;;;1
28/03/2018;07:16:00;93;com vítima;787,1;BR-381/MG;Norte;Choque - Defensa, barreira ou "submarino";1;0;1;;;;1
28/03/2018;07:32:00;98;sem vítima;945,7;BR-381/MG;Norte;Colisão Traseira;1;2;;;;;1
28/03/2018;09:08:00;142;sem vítima;492;BR-381/MG;Norte;Colisão Traseira;1;2;;;;;1
28/03/2018;13:23:00;256;sem vítima;506,8;BR-381/MG;Sul;Colisão Traseira;2;2;;;;;1
28/03/2018;14:31:00;271;sem vítima;71,2;BR-381/SP;Sul;Choque - Defensa, barreira ou "submarino";1;1;;;;;1
28/03/2018;15:34:00;302;sem vítima;61,1;BR-381/SP;Sul;Engavetamento;1;3;;;;;1
28/03/2018;15:42:00;307;com vítima;856;BR-381/MG;Norte;Colisão Traseira;1;1;1;;;;1
28/03/2018;20:48:00;421;sem vítima;693;BR-381/MG;Sul;Choque - Arvore;1;1;;;;;1
29/03/2018;00:56:00;37;sem vítima;789,9;BR-381/MG;Norte;Choque - Defensa, barreira ou "submarino";1;1;;;;;1
29/03/2018;02:06:00;54;com vítima;649,1;BR-381/MG;Norte;Choque - Defensa, barreira ou "submarino";1;0;1;;;;1
29/03/2018;04:43:00;70;sem vítima;696;BR-381/MG;Norte;Colisão Traseira;2;2;;;;;1
29/03/2018;21:39:00;441;sem vítima;820,8;BR-381/MG;Norte;Choque - Veiculo parado na pista;1;3;;;;;1
30/03/2018;00:08:00;21;sem vítima;13,1;BR-381/SP;Sul;Colisão Traseira;2;2;;;;;1
30/03/2018;05:30:00;63;sem vítima;28;BR-381/SP;Norte;Colisão Lateral;1;2;;;;;1
30/03/2018;07:02:00;86;sem vítima;603,7;BR-381/MG;Norte;Colisão Lateral;2;2;;;;;1
30/03/2018;17:37:00;340;sem vítima;754,6;BR-381/MG;Sul;Tombamento;1;1;;;;;1
30/03/2018;19:51:00;380;sem vítima;71;BR-381/SP;Sul;Choque - Defensa, barreira ou "submarino";1;3;;;;;1
31/03/2018;11:33:00;135;com vítima;498;BR-381/MG;Norte;Colisão Traseira;1;3;1;1;;;2
31/03/2018;19:29:00;278;sem vítima;68;BR-381/SP;Norte;Engavetamento;1;12;;;;;1
01/04/2018;06:03:00;65;sem vítima;63,5;BR-381/SP;Norte;Colisão Lateral;1;4;;;;;1
01/04/2018;11:03:00;146;sem vítima;60;BR-381/SP;Norte;Choque - Defensa, barreira ou "submarino";1;1;;;;;1
01/04/2018;12:37:00;173;sem vítima;786,7;BR-381/MG;Sul;Colisão Traseira;1;3;;;;;1
01/04/2018;19:14:00;357;com vítima;478,7;BR-381/MG;Norte;Engavetamento;1;2;1;;;;1
01/04/2018;23:28:00;462;com vítima;802;BR-381/MG;Norte;Colisão Lateral;1;2;2;;;;1
02/04/2018;01:29:00;40;com vítima;830,5;BR-381/MG;Sul;Tombamento;1;0;;1;;;2
02/04/2018;09:41:00;151;sem vítima;66,6;BR-381/SP;Sul;Colisão Traseira;1;2;;;;;1
02/04/2018;12:15:00;213;sem vítima;896,5;BR-381/MG;Norte;Tombamento;1;1;;;;;1
02/04/2018;13:21:00;232;sem vítima;722;BR-381/MG;Sul;Colisão Lateral;1;2;;;;;1
02/04/2018;14:15:00;257;com vítima;852;BR-381/MG;Sul;Choque - Defensa, barreira ou "submarino";1;0;1;;;;1
02/04/2018;15:23:00;296;sem vítima;796,8;BR-381/MG;Norte;Colisão Traseira;1;2;;;;;1
02/04/2018;17:51:00;366;sem vítima;760,3;BR-381/MG;Norte;Colisão Lateral;1;3;;;;;1
02/04/2018;21:51:00;421;sem vítima;900;BR-381/MG;Sul;Colisão Traseira;1;2;;;;;1
03/04/2018;00:56:00;34;com vítima;883,3;BR-381/MG;Norte;Tombamento;1;0;1;;;;1
03/04/2018;01:31:00;39;sem vítima;82;BR-381/SP;Sul;Tombamento;1;1;;;;;1
03/04/2018;02:38:00;45;sem vítima;766,3;BR-381/MG;Norte;Colisão Traseira;2;2;;;;;1
03/04/2018;04:22:00;56;sem vítima;712,8;BR-381/MG;Norte;Colisão Traseira;2;2;;;;;1
03/04/2018;13:17:00;227;sem vítima;509;BR-381/MG;Norte;Colisão Traseira;1;5;;;;;1
03/04/2018;15:53:00;286;sem vítima;735,5;BR-381/MG;Norte;Choque - Suporte de Sinalização;1;1;;;;;1
03/04/2018;16:04:00;290;com vítima;542,5;BR-381/MG;Norte;Colisão Traseira;2;1;;2;;;2
03/04/2018;16:05:00;291;com vítima;937;BR-381/MG;Norte;Choque - Talude;1;0;1;;;;1
03/04/2018;16:34:00;297;com vítima;595;BR-381/MG;Sul;Colisão Frontal;2;1;1;1;;;2
03/04/2018;17:17:00;311;sem vítima;597;BR-381/MG;Norte;Engavetamento;3;3;;;;;1
03/04/2018;19:07:00;355;sem vítima;483,2;BR-381/MG;Sul;Choque - Defensa, barreira ou "submarino";1;1;;;;;1
03/04/2018;19:15:00;361;sem vítima;487;BR-381/MG;Norte;Colisão Traseira;2;2;;;;;1
03/04/2018;21:22:00;388;sem vítima;831,5;BR-381/MG;Norte;Colisão Traseira;2;3;;;;;1
03/04/2018;23:39:00;427;sem vítima;761;BR-381/MG;Norte;Choque - Suporte de Sinalização;2;5;;;;;1
04/04/2018;12:14:00;231;sem vítima;480;BR-381/MG;Sul;Colisão Traseira;1;2;;;;;1
04/04/2018;13:49:00;269;sem vítima;543;BR-381/MG;Sul;Colisão Lateral;1;2;;;;;1
04/04/2018;14:16:00;277;sem vítima;543;BR-381/MG;Sul;Colisão Lateral;1;2;;;;;1
04/04/2018;14:59:00;290;com vítima;7,5;BR-381/SP;Norte;Colisão Frontal;1;1;1;;;;1
04/04/2018;20:34:00;418;sem vítima;521;BR-381/MG;Sul;Colisão Lateral;1;3;;;;;1
04/04/2018;21:16:00;430;com vítima;559,9;BR-381/MG;Sul;Engavetamento;3;2;2;;;;1
04/04/2018;23:13:00;462;sem vítima;864;BR-381/MG;Sul;Choque - Elemento de Drenagem;1;1;;;;;1
05/04/2018;04:43:00;59;sem vítima;893,7;BR-381/MG;Sul;Tombamento;1;1;;;;;1
05/04/2018;04:44:00;60;sem vítima;817,4;BR-381/MG;Norte;Colisão Traseira;2;2;;;;;1
05/04/2018;08:29:00;136;com vítima;497,2;BR-381/MG;Norte;Colisão Traseira;1;1;;;;2;3
05/04/2018;08:31:00;140;com vítima;835,5;BR-381/MG;Sul;Colisão Traseira;1;4;1;;;;1
05/04/2018;08:29:00;142;sem vítima;497;BR-381/MG;Norte;Engavetamento;2;3;;;;;1
05/04/2018;09:40:00;164;sem vítima;896;BR-381/MG;Sul;Choque - Arvore;1;1;;;;;1
05/04/2018;10:32:00;181;sem vítima;893,3;BR-381/MG;Sul;Colisão Traseira;1;2;;;;;1
05/04/2018;11:31:00;206;sem vítima;19;BR-381/SP;Sul;Choque - Defensa, barreira ou "submarino";1;1;;;;;1
05/04/2018;18:55:00;360;sem vítima;478;BR-381/MG;Sul;Colisão Traseira;1;2;;;;;1
06/04/2018;00:44:00;38;sem vítima;497;BR-381/MG;Norte;Choque - Elemento de Drenagem;1;1;;;;;1
06/04/2018;04:34:00;72;sem vítima;554,9;BR-381/MG;Norte;Tombamento;1;1;;;;;1
06/04/2018;10:30:00;205;sem vítima;943,6;BR-381/MG;Sul;Choque - Suporte de Sinalização;1;1;;;;;1
06/04/2018;13:49:00;282;sem vítima;748,2;BR-381/MG;Norte;Choque - Defensa, barreira ou "submarino";1;1;;;;;1
06/04/2018;14:37:00;297;sem vítima;605,5;BR-381/MG;Sul;Choque - Elemento de Drenagem;1;1;;;;;1
06/04/2018;15:16:00;324;com vítima;701;BR-381/MG;Sul;Colisão Lateral;1;0;1;;;;1
06/04/2018;15:47:00;337;sem vítima;602;BR-381/MG;Sul;Choque - Elemento de Drenagem;1;2;;;;;1
06/04/2018;20:21:00;423;com vítima;80;BR-381/SP;Norte;Colisão Lateral;1;2;;1;;;2
07/04/2018;02:36:00;49;sem vítima;754,1;BR-381/MG;Sul;Tombamento;1;1;;;;;1
07/04/2018;03:40:00;58;sem vítima;858;BR-381/MG;Norte;Colisão Traseira;2;2;;;;;1
07/04/2018;10:19:00;170;com vítima;496;BR-381/MG;Norte;Colisão Lateral;1;1;2;;;;1
07/04/2018;15:15:00;276;sem vítima;701;BR-381/MG;Sul;Tombamento;1;1;;;;;1
08/04/2018;21:30:00;343;sem vítima;793;BR-381/MG;Norte;Colisão Traseira;1;4;;;;;1
09/04/2018;09:48:00;157;sem vítima;22;BR-381/SP;Norte;Colisão Lateral;1;2;;;;;1
09/04/2018;15:34:00;304;sem vítima;85;BR-381/SP;Sul;Engavetamento;1;3;;;;;1
09/04/2018;18:28:00;378;sem vítima;827,2;BR-381/MG;Norte;Colisão Traseira;2;2;;;;;1
10/04/2018;08:03:00;122;sem vítima;929,9;BR-381/MG;Norte;Choque - Defensa, barreira ou "submarino";1;1;;;;;1
11/04/2018;00:12:00;29;sem vítima;580;BR-381/MG;Norte;Choque - Elemento de Drenagem;1;1;;;;;1
11/04/2018;01:19:00;44;sem vítima;44,5;BR-381/SP;Sul;Tombamento;2;3;;;;;1
12/04/2018;01:12:00;31;sem vítima;519,7;BR-381/MG;Sul;Colisão Lateral;2;2;;;;;1
12/04/2018;03:52:00;54;sem vítima;71,4;BR-381/SP;Sul;Colisão Traseira;1;2;;;;;1
12/04/2018;05:18:00;70;com vítima;505;BR-381/MG;Norte;Colisão Lateral;1;1;1;;;;1
12/04/2018;06:20:00;80;sem vítima;817;BR-381/MG;Norte;Colisão Traseira;2;2;;;;;1
12/04/2018;18:36:00;367;sem vítima;82,3;BR-381/SP;Sul;Colisão Traseira;1;2;;;;;1
12/04/2018;21:08:00;414;sem vítima;766,1;BR-381/MG;Sul;Colisão Traseira;2;2;;;;;1
13/04/2018;05:13:00;80;sem vítima;709,2;BR-381/MG;Norte;Tombamento;1;1;;;;;1
13/04/2018;06:37:00;97;com vítima;673,2;BR-381/MG;Norte;Colisão Traseira;1;1;2;;;;1
13/04/2018;08:47:00;153;sem vítima;495,7;BR-381/MG;Sul;Colisão Lateral;1;2;;;;;1
13/04/2018;09:15:00;167;sem vítima;912,5;BR-381/MG;Norte;Colisão Traseira;2;2;;;;;1
13/04/2018;14:36:00;315;sem vítima;26,5;BR-381/SP;Sul;Colisão Traseira;1;2;;;;;1
13/04/2018;16:00:00;354;sem vítima;680;BR-381/MG;Norte;Colisão Traseira;2;2;;;;;1
13/04/2018;18:47:00;427;com vítima;481,6;BR-381/MG;Norte;Engavetamento;1;2;1;;;;1
13/04/2018;19:15:00;441;sem vítima;480,5;BR-381/MG;Sul;Engavetamento;2;3;;;;;1
13/04/2018;20:06:00;456;com vítima;685,2;BR-381/MG;Sul;Colisão Traseira;1;2;1;;;;1
14/04/2018;11:16:00;183;sem vítima;492;BR-381/MG;Sul;Colisão Lateral;1;2;;;;;1
15/04/2018;12:07:00;168;com vítima;82;BR-381/SP;Sul;Engavetamento;1;4;1;;;;1
15/04/2018;18:39:00;284;sem vítima;754;BR-381/MG;Sul;Colisão Lateral;1;2;;;;;1
16/04/2018;07:57:00;84;sem vítima;60,7;BR-381/SP;Sul;Choque - Talude;1;1;;;;;1
16/04/2018;11:55:00;175;com vítima;478,5;BR-381/MG;Sul;Colisão Lateral;1;2;1;;;;1
16/04/2018;13:47:00;203;com vítima;939;BR-381/MG;Sul;Tombamento;1;0;1;;;;1
16/04/2018;15:25:00;242;sem vítima;84;BR-381/SP;Sul;Colisão Traseira;1;2;;;;;1
16/04/2018;17:12:00;288;sem vítima;528;BR-381/MG;Sul;Choque - Defensa, barreira ou "submarino";1;3;;;;;1
17/04/2018;04:40:00;52;sem vítima;685,9;BR-381/MG;Norte;Choque - Defensa, barreira ou "submarino";1;1;;;;;1
17/04/2018;09:54:00;145;sem vítima;760,4;BR-381/MG;Sul;Choque - Elemento de Drenagem;1;1;;;;;1
17/04/2018;10:02:00;149;sem vítima;39;BR-381/SP;Sul;Colisão Traseira;1;2;;;;;1
17/04/2018;11:50:00;191;sem vítima;481,2;BR-381/MG;Sul;Colisão Traseira;2;2;;;;;1
17/04/2018;18:45:00;328;sem vítima;38;BR-381/SP;Norte;Colisão Traseira;1;2;;;;;1
17/04/2018;21:29:00;377;com vítima;725,9;BR-381/MG;Sul;Atropelamento - Morador;1;1;;;1;;2
18/04/2018;07:39:00;108;sem vítima;710;BR-381/MG;Norte;Choque - Defensa, barreira ou "submarino";1;1;;;;;1
18/04/2018;07:56:00;114;sem vítima;721,3;BR-381/MG;Norte;Colisão Traseira;2;2;;;;;1
18/04/2018;22:10:00;430;com vítima;487,5;BR-381/MG;Sul;Engavetamento;2;11;4;;;2;3
19/04/2018;00:53:00;35;sem vítima;868;BR-381/MG;Norte;Choque - Elemento de Drenagem;1;1;;;;;1
19/04/2018;01:36:00;44;com vítima;605;BR-381/MG;Sul;Capotamento;1;1;1;;;;1
19/04/2018;03:55:00;58;sem vítima;943,5;BR-381/MG;Norte;Colisão Traseira;1;2;;;;;1
19/04/2018;08:50:00;139;com vítima;477,8;BR-381/MG;Norte;Engavetamento;1;3;1;;;;1
19/04/2018;09:59:00;170;com vítima;0;BR-381/SP;Sul;Engavetamento;2;3;;1;;;2
19/04/2018;10:13:00;179;sem vítima;949,8;BR-381/MG;Sul;Colisão Traseira;1;2;;;;;1
19/04/2018;19:32:00;396;sem vítima;880;BR-381/MG;Norte;Colisão Lateral;1;2;;;;;1
20/04/2018;03:04:00;57;sem vítima;549;BR-381/MG;Norte;Tombamento;1;1;;;;;1
20/04/2018;14:09:00;261;sem vítima;593,1;BR-381/MG;Sul;Colisão Lateral;1;3;;;;;1
20/04/2018;14:16:00;264;com vítima;752;BR-381/MG;Sul;Engavetamento;1;3;1;;;;1
20/04/2018;15:10:00;284;sem vítima;906,7;BR-381/MG;Norte;Colisão Lateral;1;2;;;;;1
20/04/2018;19:51:00;386;sem vítima;939;BR-381/MG;Norte;Colisão Traseira;1;2;;;;;1
20/04/2018;20:00:00;389;sem vítima;529;BR-381/MG;Norte;Colisão Lateral;1;6;;;;;1
20/04/2018;21:32:00;422;com vítima;818;BR-381/MG;Norte;Colisão Lateral;2;0;2;;;;1
21/04/2018;02:02:00;49;sem vítima;834,6;BR-381/MG;Norte;Colisão Traseira;2;2;;;;;1
21/04/2018;16:32:00;285;com vítima;501,3;BR-381/MG;Norte;Colisão Lateral;1;1;1;;;;1
21/04/2018;16:34:00;287;com vítima;763;BR-381/MG;Sul;Tombamento;1;0;1;;;;1
21/04/2018;21:57:00;381;sem vítima;580;BR-381/MG;Sul;Outros;1;2;;;;;1
22/04/2018;16:17:00;220;com vítima;506;BR-381/MG;Norte;Colisão Lateral;1;2;1;;;;1
22/04/2018;20:15:00;303;sem vítima;699,3;BR-381/MG;Sul;Colisão Traseira;1;2;;;;;1
23/04/2018;04:50:00;62;sem vítima;578;BR-381/MG;Norte;Choque - Elemento de Drenagem;1;1;;;;;1
23/04/2018;14:51:00;250;sem vítima;624,8;BR-381/MG;Sul;Tombamento;1;1;;;;;1
23/04/2018;15:37:00;266;sem vítima;726,7;BR-381/MG;Norte;Tombamento;1;1;;;;;1
23/04/2018;17:37:00;305;sem vítima;90;BR-381/SP;Norte;Engavetamento;1;3;;;;;1
24/04/2018;01:30:00;31;sem vítima;805;BR-381/MG;Norte;Colisão Traseira;1;2;;;;;1
24/04/2018;07:24:00;75;com vítima;554;BR-381/MG;Sul;Colisão Traseira;1;1;1;;;;1
24/04/2018;10:05:00;137;sem vítima;868;BR-381/MG;Sul;Colisão Traseira;1;3;;;;;1
24/04/2018;12:39:00;184;com vítima;86,2;BR-381/SP;Sul;Engavetamento;2;4;1;;;;1
24/04/2018;23:22:00;344;sem vítima;68;BR-381/SP;Norte;Tombamento;1;1;;;;;1
25/04/2018;00:06:00;13;com vítima;39,5;BR-381/SP;Norte;Colisão Lateral;1;1;1;;;;1
25/04/2018;00:54:00;28;sem vítima;519,3;BR-381/MG;Sul;Colisão Traseira;2;2;;;;;1
25/04/2018;06:11:00;67;sem vítima;68,3;BR-381/SP;Norte;Colisão Traseira;2;2;;;;;1
25/04/2018;06:56:00;78;sem vítima;938;BR-381/MG;Norte;Colisão Lateral;1;3;;;;;1
25/04/2018;07:34:00;94;sem vítima;22;BR-381/SP;Norte;Colisão Traseira;1;2;;;;;1
25/04/2018;08:04:00;101;sem vítima;598;BR-381/MG;Norte;Engavetamento;6;6;;;;;1
25/04/2018;15:53:00;297;com vítima;862;BR-381/MG;Norte;Colisão Lateral;1;1;1;;;;1
26/04/2018;00:45:00;36;sem vítima;768,2;BR-381/MG;Sul;Tombamento;1;2;;;;;1
26/04/2018;05:09:00;72;com vítima;550,5;BR-381/MG;Norte;Colisão Traseira;1;20;1;;;;1
26/04/2018;11:48:00;231;sem vítima;631,9;BR-381/MG;Norte;Choque - Elemento de Drenagem;1;1;;;;;1
26/04/2018;15:26:00;310;sem vítima;674,6;BR-381/MG;Norte;Choque - Defensa, barreira ou "submarino";1;1;;;;;1
26/04/2018;15:54:00;320;sem vítima;721,7;BR-381/MG;Norte;Tombamento;1;1;;;;;1
26/04/2018;18:30:00;396;sem vítima;518;BR-381/MG;Norte;Colisão Lateral;1;3;;;;;1
26/04/2018;22:57:00;482;com vítima;561;BR-381/MG;Sul;Engavetamento;3;1;;1;1;;2
27/04/2018;10:58:00;187;sem vítima;805;BR-381/MG;Sul;Colisão Traseira;1;2;;;;;1
27/04/2018;19:25:00;427;sem vítima;41;BR-381/SP;Norte;Colisão Lateral;1;2;;;;;1
28/04/2018;04:04:00;81;sem vítima;707,5;BR-381/MG;Sul;Choque - Elemento de Drenagem;1;2;;;;;1
28/04/2018;06:22:00;113;sem vítima;825;BR-381/MG;Sul;Colisão Lateral;1;2;;;;;1
28/04/2018;09:27:00;189;com vítima;873,5;BR-381/MG;Norte;Tombamento;1;1;;1;;;2
28/04/2018;10:21:00;216;sem vítima;84;BR-381/SP;Norte;Engavetamento;1;5;;;;;1
29/04/2018;06:11:00;80;sem vítima;486,8;BR-381/MG;Sul;Colisão Traseira;1;2;;;;;1
29/04/2018;15:41:00;251;com vítima;721;BR-381/MG;Norte;Tombamento;1;0;1;;;;1
29/04/2018;16:45:00;275;sem vítima;883;BR-381/MG;Sul;Colisão Lateral;1;2;;;;;1
30/04/2018;01:11:00;34;sem vítima;54,25;BR-381/SP;Sul;Choque - Defensa, barreira ou "submarino";2;2;;;;;1
30/04/2018;05:44:00;54;sem vítima;806;BR-381/MG;Sul;Colisão Lateral;2;2;;;;;1
30/04/2018;10:12:00;128;sem vítima;77;BR-381/SP;Norte;Colisão Lateral;1;2;;;;;1
30/04/2018;14:22:00;221;sem vítima;57;BR-381/SP;Sul;Colisão Traseira;1;2;;;;;1
30/04/2018;23:09:00;404;com vítima;691,3;BR-381/MG;Norte;Tombamento;2;1;1;;1;;2
30/04/2018;23:24:00;409;sem vítima;481,4;BR-381/MG;Sul;Colisão Traseira;1;2;;;;;1
01/05/2018;00:40:00;30;com vítima;58,7;BR-381/SP;Sul;Colisão Traseira;2;1;;1;;;2
01/05/2018;08:37:00;94;sem vítima;934;BR-381/MG;Norte;Tombamento;1;1;;;;;1
01/05/2018;21:18:00;376;sem vítima;866,9;BR-381/MG;Sul;Colisão Traseira;1;2;;;;;1
02/05/2018;19:31:00;392;sem vítima;683,5;BR-381/MG;Norte;Colisão Lateral;1;2;;;;;1
03/05/2018;01:34:00;31;sem vítima;14;BR-381/SP;Sul;Choque - Elemento de Drenagem;1;1;;;;;1
03/05/2018;06:40:00;73;sem vítima;766,8;BR-381/MG;Norte;Tombamento;1;1;;;;;1
03/05/2018;09:18:00;143;sem vítima;631,5;BR-381/MG;Sul;Colisão Lateral;1;2;;;;;1
03/05/2018;14:52:00;260;com vítima;487,2;BR-381/MG;Sul;Colisão Lateral;1;1;1;;;;1
03/05/2018;15:19:00;271;com vítima;928;BR-381/MG;Norte;Tombamento;1;1;1;;;;1
03/05/2018;20:49:00;393;com vítima;843;BR-381/MG;Sul;Engavetamento;3;1;1;1;;;2
03/05/2018;22:02:00;418;com vítima;649,2;BR-381/MG;Sul;Atropelamento - Andarilho;1;1;;;;1;3
04/05/2018;02:39:00;44;sem vítima;865,1;BR-381/MG;Sul;Engavetamento;2;3;;;;;1
04/05/2018;08:18:00;112;com vítima;737,3;BR-381/MG;Sul;Choque - Defensa, barreira ou "submarino";1;1;1;;;;1
04/05/2018;11:09:00;175;com vítima;76,8;BR-381/SP;Norte;Colisão Traseira;1;1;1;;;;1
04/05/2018;19:04:00;363;com vítima;60;BR-381/SP;Sul;Tombamento;1;1;1;;;;1
04/05/2018;22:52:00;434;sem vítima;924,4;BR-381/MG;Norte;Tombamento;1;1;;;;;1
05/05/2018;07:42:00;80;sem vítima;81;BR-381/SP;Sul;Engavetamento;1;4;;;;;1
05/05/2018;10:36:00;144;sem vítima;597;BR-381/MG;Norte;Colisão Traseira;1;2;;;;;1
05/05/2018;12:06:00;182;sem vítima;700;BR-381/MG;Sul;Choque - Defensa, barreira ou "submarino";1;1;;;;;1
05/05/2018;15:23:00;242;sem vítima;540;BR-381/MG;Norte;Colisão Lateral;1;2;;;;;1
05/05/2018;16:30:00;274;sem vítima;908;BR-381/MG;Norte;Choque - Elemento de Drenagem;1;2;;;;;1
06/05/2018;07:45:00;73;com vítima;561,2;BR-381/MG;Sul;Tombamento;1;0;;1;;;2
06/05/2018;10:12:00;104;com vítima;852,9;BR-381/MG;Norte;Colisão Traseira;1;3;;1;;;2
06/05/2018;10:24:00;106;com vítima;559,9;BR-381/MG;Sul;Engavetamento;1;7;1;;;;1
06/05/2018;18:38:00;254;sem vítima;598;BR-381/MG;Norte;Choque - Defensa, barreira ou "submarino";1;1;;;;;1
06/05/2018;19:52:00;280;sem vítima;56,5;BR-381/SP;Sul;Colisão Lateral;1;2;;;;;1
06/05/2018;20:13:00;283;sem vítima;597,4;BR-381/MG;Sul;Colisão Lateral;1;2;;;;;1
07/05/2018;01:24:00;43;sem vítima;840;BR-381/MG;Sul;Tombamento;1;1;;;;;1
07/05/2018;07:59:00;98;sem vítima;87,8;BR-381/SP;Sul;Colisão Traseira;2;2;;;;;1
07/05/2018;09:57:00;154;sem vítima;848,8;BR-381/MG;Norte;Tombamento;1;1;;;;;1
07/05/2018;10:46:00;177;com vítima;479;BR-381/MG;Sul;Colisão Traseira;1;2;1;;;;1
07/05/2018;16:05:00;305;com vítima;85,9;BR-381/SP;Sul;Colisão Lateral;1;1;;1;;;2
07/05/2018;19:09:00;366;sem vítima;66,5;BR-381/SP;Sul;Colisão Traseira;2;2;;;;;1
07/05/2018;23:18:00;405;com vítima;36;BR-381/SP;Norte;Tombamento;2;1;;;1;;2
08/05/2018;10:16:00;174;sem vítima;498,5;BR-381/MG;Sul;Colisão Lateral;1;2;;;;;1
08/05/2018;13:59:00;247;sem vítima;68;BR-381/SP;Norte;Colisão Lateral;1;2;;;;;1
08/05/2018;15:55:00;289;sem vítima;776,5;BR-381/MG;Sul;Tombamento;1;2;;;;;1
08/05/2018;16:51:00;307;com vítima;828;BR-381/MG;Sul;Colisão Traseira;1;4;1;;;;1
08/05/2018;19:17:00;355;com vítima;909,9;BR-381/MG;Sul;Colisão Traseira;2;1;1;;1;1;3
09/05/2018;07:53:00;114;sem vítima;491;BR-381/MG;Sul;Colisão Lateral;1;2;;;;;1
09/05/2018;12:03:00;221;com vítima;748;BR-381/MG;Norte;Colisão Lateral;1;1;1;;;;1
09/05/2018;19:58:00;392;com vítima;486;BR-381/MG;Sul;Colisão Traseira;1;2;;1;;;2
09/05/2018;23:29:00;451;sem vítima;576,9;BR-381/MG;Norte;Tombamento;1;1;;;;;1
10/05/2018;09:57:00;147;com vítima;597,52;BR-381/MG;Norte;Colisão Traseira;2;1;;1;;;2
10/05/2018;10:47:00;163;sem vítima;546,2;BR-381/MG;Norte;Choque - Elemento de Drenagem;1;1;;;;;1
10/05/2018;11:31:00;183;sem vítima;687,5;BR-381/MG;Norte;Colisão Lateral;2;2;;;;;1
10/05/2018;20:03:00;384;sem vítima;504,5;BR-381/MG;Sul;Choque - Defensa, barreira ou "submarino";1;3;;;;;1
11/05/2018;06:04:00;59;com vítima;931,3;BR-381/MG;Sul;Tombamento;1;0;1;;;;1
11/05/2018;08:48:00;114;sem vítima;495,3;BR-381/MG;Norte;Engavetamento;2;3;;;;;1
11/05/2018;14:29:00;221;sem vítima;525;BR-381/MG;Sul;Colisão Traseira;2;2;;;;;1
11/05/2018;20:19:00;389;sem vítima;938;BR-381/MG;Norte;Colisão Traseira;1;2;;;;;1
11/05/2018;21:24:00;416;sem vítima;478;BR-381/MG;Sul;Colisão Traseira;1;2;;;;;1
11/05/2018;23:27:00;448;sem vítima;486,7;BR-381/MG;Norte;Colisão Lateral;1;2;;;;;1
11/05/2018;23:28:00;449;com vítima;86;BR-381/SP;Norte;Colisão Lateral;1;1;1;;;;1