data;horario;n_da_ocorrencia;tipo_de_ocorrencia;km;trecho;sentido;tipo_de_acidente;caminhao;ilesos;levemente_feridos;moderadamente_feridos;gravemente_feridos;mortos;3
12/05/2018;04:37:00;62;com vítima;670;BR-381/MG;Sul;Tombamento;1;0;1;;;;1
12/05/2018;09:26:00;133;com vítima;484,9;BR-381/MG;Norte;Colisão Lateral;1;2;1;;;;1
12/05/2018;11:45:00;185;sem vítima;590;BR-381/MG;Sul;Engavetamento;2;3;;;;;1
12/05/2018;19:46:00;362;com vítima;524,9;BR-381/MG;Sul;Colisão Traseira;2;1;;2;;;2
14/05/2018;04:41:00;61;sem vítima;20;BR-381/SP;Sul;Atropelamento de Animal;1;1;;;;;1
14/05/2018;10:16:00;133;sem vítima;686,5;BR-381/MG;Norte;Tombamento;1;1;;;;;1
14/05/2018;18:29:00;323;sem vítima;900,88;BR-381/MG;Sul;Colisão Traseira;1;2;;;;;1
14/05/2018;22:42:00;382;com vítima;853,1;BR-381/MG;Norte;Tombamento;2;1;;1;;;2
15/05/2018;04:48:00;64;sem vítima;725;BR-381/MG;Sul;Colisão Traseira;1;2;;;;;1
15/05/2018;08:44:00;128;com vítima;907,4;BR-381/MG;Norte;Tombamento;1;0;2;;;;1
15/05/2018;10:14:00;162;sem vítima;61,8;BR-381/SP;Sul;Colisão Traseira;2;2;;;;;1
15/05/2018;20:06:00;354;sem vítima;566,4;BR-381/MG;Sul;Choque - Elemento de Drenagem;1;1;;;;;1
15/05/2018;22:25:00;395;sem vítima;935,5;BR-381/MG;Norte;Objeto lançado contra veículo;1;1;;;;;1
15/05/2018;22:30:00;396;sem vítima;742,9;BR-381/MG;Sul;Colisão Lateral;2;2;;;;;1
15/05/2018;23:39:00;408;sem vítima;737,4;BR-381/MG;Norte;Colisão Traseira;1;2;;;;;1
16/05/2018;09:18:00;126;sem vítima;761,6;BR-381/MG;Sul;Choque - Suporte de Sinalização;1;1;;;;;1
16/05/2018;20:49:00;362;sem vítima;654,9;BR-381/MG;Sul;Colisão Traseira;2;2;;;;;1
16/05/2018;22:40:00;383;sem vítima;73;BR-381/SP;Sul;Choque - Defensa, barreira ou "submarino";1;1;;;;;1
17/05/2018;02:36:00;54;com vítima;888,8;BR-381/MG;Norte;Capotamento;1;2;;1;;;2
17/05/2018;09:19:00;130;com vítima;482,7;BR-381/MG;Norte;Colisão Lateral;1;1;1;;;;1
17/05/2018;10:52:00;156;sem vítima;917;BR-381/MG;Sul;Colisão Traseira;1;3;;;;;1
17/05/2018;10:40:00;162;com vítima;558;BR-381/MG;Norte;Choque - Defensa, barreira ou "submarino";1;0;1;;;;1
17/05/2018;12:13:00;192;com vítima;580;BR-381/MG;Sul;Colisão Traseira;1;1;;1;;;2
17/05/2018;14:39:00;240;sem vítima;921,5;BR-381/MG;Sul;Colisão Lateral;2;2;;;;;1
17/05/2018;21:24:00;404;sem vítima;65,5;BR-381/SP;Norte;Colisão Traseira;1;2;;;;;1
17/05/2018;21:28:00;405;sem vítima;658,25;BR-381/MG;Norte;Choque - Suporte de Sinalização;1;2;;;;;1
17/05/2018;21:40:00;409;sem vítima;529;BR-381/MG;Norte;Colisão Traseira;1;3;;;;;1
17/05/2018;23:09:00;434;com vítima;36,4;BR-381/SP;Norte;Tombamento;3;2;1;;;;1
17/05/2018;23:17:00;436;sem vítima;603;BR-381/MG;Sul;Tombamento;1;2;;;;;1
18/05/2018;03:11:00;33;sem vítima;37;BR-381/SP;Norte;Engavetamento;3;5;;;;;1
18/05/2018;08:19:00;89;sem vítima;57,5;BR-381/SP;Sul;Engavetamento;3;4;;;;;1
18/05/2018;11:50:00;163;sem vítima;900;BR-381/MG;Norte;Colisão Traseira;1;2;;;;;1
18/05/2018;14:33:00;212;com vítima;33;BR-381/SP;Norte;Colisão Traseira;1;0;2;;;;1
18/05/2018;18:18:00;305;sem vítima;36,8;BR-381/SP;Norte;Colisão Lateral;1;3;;;;;1
18/05/2018;19:22:00;333;sem vítima;946,5;BR-381/MG;Sul;Colisão Lateral;1;2;;;;;1
19/05/2018;02:33:00;45;com vítima;670,9;BR-381/MG;Norte;Colisão Traseira;1;2;1;;;;1
19/05/2018;02:51:00;51;sem vítima;834;BR-381/MG;Norte;Colisão Traseira;2;3;;;;;1
19/05/2018;02:59:00;52;sem vítima;607,3;BR-381/MG;Norte;Choque - Defensa, barreira ou "submarino";1;1;;;;;1
19/05/2018;03:21:00;55;sem vítima;628,4;BR-381/MG;Norte;Choque - Defensa, barreira ou "submarino";1;1;;;;;1
19/05/2018;11:23:00;185;sem vítima;874;BR-381/MG;Sul;Choque - Elemento de Drenagem;1;1;;;;;1
19/05/2018;11:54:00;199;sem vítima;815;BR-381/MG;Norte;Colisão Lateral;1;3;;;;;1
19/05/2018;13:33:00;247;com vítima;940,5;BR-381/MG;Norte;Tombamento;1;0;;;;1;3
19/05/2018;16:39:00;305;com vítima;705,8;BR-381/MG;Sul;Choque - Defensa, barreira ou "submarino";1;0;2;1;;;2
19/05/2018;17:00:00;311;sem vítima;521,6;BR-381/MG;Norte;Choque - Outros;1;2;;;;;1
19/05/2018;21:53:00;416;com vítima;530;BR-381/MG;Norte;Colisão Traseira;1;1;1;;;;1
20/05/2018;02:46:00;50;sem vítima;674,5;BR-381/MG;Norte;Tombamento;1;1;;;;;1
20/05/2018;05:45:00;75;sem vítima;793;BR-381/MG;Sul;Choque - Defensa, barreira ou "submarino";1;1;;;;;1
20/05/2018;13:30:00;179;sem vítima;722,1;BR-381/MG;Norte;Tombamento;1;1;;;;;1
20/05/2018;22:48:00;381;sem vítima;788;BR-381/MG;Norte;Choque - Elemento de Drenagem;1;2;;;;;1
24/05/2018;01:06:00;52;com vítima;487;BR-381/MG;Norte;Engavetamento;1;2;2;;;;1
26/05/2018;03:36:00;64;com vítima;508;BR-381/MG;Sul;Colisão Traseira;1;1;;;;1;3
29/05/2018;00:39:00;53;com vítima;485;BR-381/MG;Sul;Colisão Traseira;2;1;1;;;;1
29/05/2018;18:46:00;190;sem vítima;842,65;BR-381/MG;Norte;Colisão Traseira;2;2;;;;;1
30/05/2018;21:24:00;312;sem vítima;29,5;BR-381/SP;Norte;Colisão Traseira;1;2;;;;;1
31/05/2018;06:26:00;54;com vítima;82,5;BR-381/SP;Sul;Engavetamento;2;2;;1;;;2
31/05/2018;07:59:00;66;sem vítima;921,2;BR-381/MG;Sul;Tombamento;1;1;;;;;1
31/05/2018;17:59:00;243;sem vítima;76;BR-381/SP;Norte;Colisão Traseira;2;2;;;;;1
31/05/2018;20:29:00;276;sem vítima;849,9;BR-381/MG;Sul;Colisão Traseira;1;2;;;;;1
01/06/2018;09:16:00;109;sem vítima;925;BR-381/MG;Sul;Tombamento;1;1;;;;;1
01/06/2018;12:11:00;148;sem vítima;70;BR-381/SP;Sul;Colisão Lateral;2;2;;;;;1
01/06/2018;15:08:00;197;sem vítima;491;BR-381/MG;Norte;Colisão Lateral;1;2;;;;;1
01/06/2018;16:34:00;236;sem vítima;847,9;BR-381/MG;Sul;Colisão Lateral;1;2;;;;;1
01/06/2018;23:42:00;380;com vítima;705,5;BR-381/MG;Norte;Colisão Frontal;1;1;;;;1;3
02/06/2018;05:01:00;68;sem vítima;870,2;BR-381/MG;Sul;Choque - Defensa, barreira ou "submarino";1;1;;;;;1
02/06/2018;07:06:00;94;com vítima;529,3;BR-381/MG;Norte;Capotamento;1;0;1;;;;1
02/06/2018;07:25:00;106;sem vítima;785,1;BR-381/MG;Norte;Colisão Lateral;1;2;;;;;1
03/06/2018;12:06:00;151;com vítima;883,1;BR-381/MG;Sul;Colisão Traseira;1;1;1;;;;1
03/06/2018;14:29:00;175;com vítima;903;BR-381/MG;Norte;Tombamento;1;0;;1;;;2
03/06/2018;15:30:00;203;com vítima;545,7;BR-381/MG;Sul;Colisão Traseira;2;0;2;;;;1
03/06/2018;17:07:00;235;com vítima;65,2;BR-381/SP;Norte;Colisão Traseira;1;2;;;1;;2
04/06/2018;05:48:00;56;sem vítima;904,4;BR-381/MG;Norte;Colisão Traseira;1;3;;;;;1
04/06/2018;08:04:00;97;sem vítima;506,4;BR-381/MG;Norte;Engavetamento;1;3;;;;;1
04/06/2018;11:34:00;165;sem vítima;7;BR-381/SP;Sul;Colisão Traseira;1;2;;;;;1
04/06/2018;14:03:00;216;com vítima;543,8;BR-381/MG;Sul;Colisão Lateral;1;2;2;;;;1
04/06/2018;18:18:00;321;com vítima;483,6;BR-381/MG;Norte;Colisão Traseira;1;1;1;;;;1
04/06/2018;18:19:00;323;sem vítima;35;BR-381/SP;Sul;Colisão Lateral;1;3;;;;;1
04/06/2018;18:52:00;345;sem vítima;524,8;BR-381/MG;Sul;Choque - Talude;1;1;;;;;1
05/06/2018;07:58:00;84;sem vítima;33,5;BR-381/SP;Sul;Engavetamento;1;3;;;;;1
05/06/2018;08:09:00;87;sem vítima;671,7;BR-381/MG;Norte;Colisão Lateral;1;4;;;;;1
05/06/2018;10:16:00;140;sem vítima;918;BR-381/MG;Norte;Colisão Traseira;1;2;;;;;1
05/06/2018;10:44:00;148;com vítima;72,2;BR-381/SP;Norte;Atropelamento - Usuário;1;1;;1;;;2
05/06/2018;11:10:00;155;sem vítima;490;BR-381/MG;Norte;Engavetamento;1;3;;;;;1
05/06/2018;16:30:00;279;sem vítima;73;BR-381/SP;Sul;Colisão Lateral;3;3;;;;;1
05/06/2018;18:16:00;321;sem vítima;925,5;BR-381/MG;Norte;Choque - Talude;1;1;;;;;1
05/06/2018;18:52:00;336;sem vítima;905;BR-381/MG;Sul;Choque - Defensa, barreira ou "submarino";1;1;;;;;1
05/06/2018;22:12:00;390;sem vítima;796;BR-381/MG;Norte;Colisão Traseira;2;2;;;;;1
05/06/2018;23:26:00;419;sem vítima;942;BR-381/MG;Sul;Colisão Traseira;1;2;;;;;1
06/06/2018;02:21:00;42;com vítima;526,8;BR-381/MG;Sul;Choque - Talude;1;0;1;;;;1
06/06/2018;06:56:00;89;sem vítima;922;BR-381/MG;Sul;Tombamento;1;1;;;;;1
06/06/2018;07:01:00;91;sem vítima;906;BR-381/MG;Sul;Colisão Traseira;1;2;;;;;1
06/06/2018;07:59:00;114;sem vítima;556;BR-381/MG;Norte;Colisão Lateral;1;2;;;;;1
06/06/2018;08:33:00;121;com vítima;936;BR-381/MG;Norte;Colisão Traseira;1;1;1;;;;1
06/06/2018;09:38:00;151;sem vítima;844,5;BR-381/MG;Sul;Colisão Lateral;1;1;;;;;1
06/06/2018;10:03:00;158;sem vítima;482,9;BR-381/MG;Norte;Colisão Traseira;1;2;;;;;1
06/06/2018;10:09:00;163;com vítima;89,6;BR-381/SP;Sul;Colisão Lateral;1;2;;;;1;3
06/06/2018;11:28:00;195;sem vítima;907;BR-381/MG;Sul;Colisão Traseira;2;2;;;;;1
06/06/2018;14:29:00;255;sem vítima;17,9;BR-381/SP;Sul;Colisão Traseira;2;2;;;;;1
06/06/2018;18:22:00;339;sem vítima;61;BR-381/SP;Norte;Colisão Lateral;1;2;;;;;1
06/06/2018;19:50:00;365;com vítima;680;BR-381/MG;Sul;Tombamento;3;2;1;;;;1
06/06/2018;21:07:00;384;sem vítima;89;BR-381/SP;Norte;Colisão Traseira;1;2;;;;;1
07/06/2018;00:05:00;26;sem vítima;849;BR-381/MG;Norte;Tombamento;1;1;;;;;1
07/06/2018;02:07:00;46;com vítima;857,5;BR-381/MG;Norte;Tombamento;1;0;1;;;;1
07/06/2018;04:15:00;60;sem vítima;934,2;BR-381/MG;Norte;Outros;1;1;;;;;1
07/06/2018;04:58:00;65;sem vítima;516;BR-381/MG;Norte;Colisão Traseira;2;2;;;;;1
07/06/2018;04:58:00;66;sem vítima;613;BR-381/MG;Norte;Objeto lançado contra veículo;1;1;;;;;1
07/06/2018;05:20:00;73;sem vítima;516;BR-381/MG;Norte;Choque - Defensa, barreira ou "submarino";1;1;;;;;1
07/06/2018;09:15:00;151;sem vítima;713;BR-381/MG;Sul;Choque - Defensa, barreira ou "submarino";1;1;;;;;1
07/06/2018;09:59:00;168;sem vítima;87,5;BR-381/SP;Sul;Colisão Traseira;1;2;;;;;1
07/06/2018;10:06:00;172;sem vítima;0,8;BR-381/SP;Sul;Colisão Traseira;2;2;;;;;1
07/06/2018;11:13:00;208;sem vítima;846,5;BR-381/MG;Norte;Colisão Traseira;2;2;;;;;1
07/06/2018;11:37:00;215;sem vítima;481;BR-381/MG;Sul;Colisão Traseira;1;2;;;;;1
07/06/2018;12:47:00;236;sem vítima;656;BR-381/MG;Sul;Choque - Defensa, barreira ou "submarino";1;1;;;;;1
07/06/2018;14:28:00;267;sem vítima;559;BR-381/MG;Sul;Choque - Elemento de Drenagem;1;1;;;;;1
07/06/2018;19:41:00;395;sem vítima;53,6;BR-381/SP;Norte;Colisão Traseira;1;4;;;;;1
07/06/2018;19:57:00;404;sem vítima;617,5;BR-381/MG;Norte;Choque - Elemento de Drenagem;1;1;;;;;1
07/06/2018;20:11:00;411;com vítima;535;BR-381/MG;Sul;Atropelamento - Andarilho;1;1;;;;1;3
07/06/2018;21:56:00;442;sem vítima;755;BR-381/MG;Sul;Colisão Traseira;2;2;;;;;1
07/06/2018;22:37:00;454;sem vítima;597;BR-381/MG;Sul;Colisão Lateral;1;2;;;;;1
08/06/2018;01:00:00;36;com vítima;720,8;BR-381/MG;Norte;Tombamento;1;0;1;;;;1
08/06/2018;02:56:00;51;sem vítima;908;BR-381/MG;Norte;Choque - Elemento de Drenagem;1;1;;;;;1
08/06/2018;02:56:00;66;sem vítima;908;BR-381/MG;Norte;Outros;1;1;;;;;1
08/06/2018;07:57:00;106;sem vítima;926,5;BR-381/MG;Sul;Choque - Defensa, barreira ou "submarino";1;1;;;;;1
08/06/2018;09:07:00;131;sem vítima;478,4;BR-381/MG;Norte;Colisão Lateral;1;2;;;;;1
08/06/2018;13:52:00;236;sem vítima;940;BR-381/MG;Norte;Colisão Lateral;2;2;;;;;1
08/06/2018;21:45:00;414;sem vítima;864,5;BR-381/MG;Norte;Colisão Lateral;1;2;;;;;1
09/06/2018;01:00:00;40;sem vítima;749;BR-381/MG;Norte;Colisão Traseira;2;2;;;;;1
09/06/2018;01:16:00;45;sem vítima;49;BR-381/SP;Sul;Colisão Lateral;1;2;;;;;1
09/06/2018;12:12:00;196;sem vítima;33,5;BR-381/SP;Norte;Engavetamento;1;4;;;;;1
09/06/2018;17:09:00;308;sem vítima;722,3;BR-381/MG;Norte;Tombamento;1;1;;;;;1
09/06/2018;20:53:00;381;sem vítima;888;BR-381/MG;Sul;Colisão Lateral;1;2;;;;;1
09/06/2018;21:07:00;391;sem vítima;934;BR-381/MG;Norte;Colisão Lateral;1;2;;;;;1
09/06/2018;22:12:00;407;sem vítima;862;BR-381/MG;Norte;Colisão Traseira;2;3;;;;;1
10/06/2018;07:00:00;68;sem vítima;82,2;BR-381/SP;Norte;Choque - Defensa, barreira ou "submarino";1;1;;;;;1
10/06/2018;12:39:00;151;com vítima;545;BR-381/MG;Norte;Colisão Traseira;2;1;1;;;;1
10/06/2018;23:51:00;370;sem vítima;799;BR-381/MG;Sul;Choque - Talude;1;1;;;;;1
11/06/2018;08:18:00;95;sem vítima;735,1;BR-381/MG;Sul;Engavetamento;1;4;;;;;1
11/06/2018;16:14:00;282;com vítima;502,5;BR-381/MG;Sul;Engavetamento;4;4;1;;;;1
11/06/2018;16:59:00;307;sem vítima;68,9;BR-381/SP;Norte;Colisão Traseira;1;3;;;;;1
12/06/2018;07:21:00;95;sem vítima;565;BR-381/MG;Norte;Colisão Traseira;2;2;;;;;1
12/06/2018;08:23:00;124;com vítima;865,9;BR-381/MG;Sul;Tombamento;1;0;1;;;;1
12/06/2018;09:04:00;146;sem vítima;0;BR-381/SP;Sul;Colisão Traseira;2;2;;;;;1
12/06/2018;09:08:00;149;com vítima;788,4;BR-381/MG;Norte;Colisão Traseira;2;2;;;1;;2
12/06/2018;09:16:00;158;sem vítima;543;BR-381/MG;Norte;Colisão Traseira;1;2;;;;;1
12/06/2018;13:12:00;253;sem vítima;491;BR-381/MG;Norte;Colisão Lateral;1;2;;;;;1
12/06/2018;16:42:00;354;com vítima;892;BR-381/MG;Norte;Colisão Traseira;1;1;3;;;;1
12/06/2018;17:51:00;387;sem vítima;2;BR-381/SP;Norte;Colisão Traseira;1;2;;;;;1
13/06/2018;05:08:00;74;sem vítima;705,5;BR-381/MG;Sul;Tombamento;1;1;;;;;1
13/06/2018;09:46:00;168;com vítima;493,2;BR-381/MG-CONT;Sul;Engavetamento;5;18;4;;;;1
13/06/2018;10:03:00;170;sem vítima;74;BR-381/SP;Sul;Choque - Talude;1;1;;;;;1
13/06/2018;12:15:00;212;com vítima;498;BR-381/MG-CONT;Norte;Engavetamento;1;4;1;1;2;;2
13/06/2018;14:00:00;253;sem vítima;683;BR-381/MG;Norte;Colisão Lateral;2;2;;;;;1
13/06/2018;18:22:00;373;sem vítima;44,8;BR-381/SP;Sul;Colisão Traseira;1;2;;;;;1
14/06/2018;00:29:00;33;sem vítima;63;BR-381/SP;Sul;Outros;1;1;;;;;1
14/06/2018;02:47:00;57;sem vítima;773,5;BR-381/MG;Sul;Choque - Elemento de Drenagem;1;1;;;;;1
14/06/2018;11:31:00;195;sem vítima;22,9;BR-381/SP;Norte;Tombamento;1;1;;;;;1
14/06/2018;13:16:00;233;com vítima;521,6;BR-381/MG;Sul;Tombamento;1;0;1;;;;1
14/06/2018;22:35:00;434;sem vítima;789,5;BR-381/MG;Norte;Tombamento;1;2;;;;;1
14/06/2018;23:28:00;469;com vítima;793,4;BR-381/MG;Norte;Colisão Traseira;2;1;;1;;;2
15/06/2018;04:36:00;62;com vítima;559,5;BR-381/MG;Norte;Choque - Defensa, barreira ou "submarino";1;0;1;;;;1
15/06/2018;06:12:00;69;sem vítima;812;BR-381/MG;Sul;Capotamento;1;1;;;;;1
15/06/2018;18:05:00;340;com vítima;677;BR-381/MG;Norte;Colisão Lateral;1;4;1;;;;1
15/06/2018;18:35:00;354;sem vítima;38,5;BR-381/SP;Norte;Engavetamento;2;3;;;;;1
16/06/2018;00:50:00;38;com vítima;682,5;BR-381/MG;Norte;Colisão Traseira;2;2;1;1;;;2
16/06/2018;05:42:00;79;com vítima;739,7;BR-381/MG;Norte;Colisão Traseira;1;1;1;;;;1
16/06/2018;06:31:00;87;sem vítima;720,8;BR-381/MG;Norte;Tombamento;1;1;;;;;1
16/06/2018;09:27:00;141;sem vítima;688;BR-381/MG;Norte;Colisão Traseira;1;2;;;;;1
17/06/2018;00:33:00;29;com vítima;850,5;BR-381/MG;Sul;Tombamento;1;0;1;;;;1
17/06/2018;01:59:00;46;sem vítima;928,7;BR-381/MG;Sul;Atropelamento de Animal;1;2;;;;;1
17/06/2018;02:42:00;54;com vítima;566,8;BR-381/MG;Sul;Choque - Defensa, barreira ou "submarino";1;0;1;;;;1
17/06/2018;08:09:00;109;sem vítima;828,9;BR-381/MG;Sul;Choque - Defensa, barreira ou "submarino";1;2;;;;;1
17/06/2018;09:03:00;115;sem vítima;66,4;BR-381/SP;Sul;Colisão Traseira;1;2;;;;;1
18/06/2018;00:09:00;28;sem vítima;818,8;BR-381/MG;Sul;Choque - Elemento de Drenagem;1;1;;;;;1
18/06/2018;02:32:00;55;sem vítima;939,85;BR-381/MG;Norte;Choque - Elemento de Drenagem;1;1;;;;;1
18/06/2018;15:27:00;300;com vítima;872,9;BR-381/MG;Norte;Tombamento;1;0;1;;;;1
19/06/2018;00:53:00;35;com vítima;801;BR-381/MG;Sul;Colisão Traseira;2;2;;;1;;2
19/06/2018;03:56:00;68;sem vítima;15;BR-381/SP;Sul;Engavetamento;3;3;;;;;1
19/06/2018;08:25:00;115;sem vítima;491,8;BR-381/MG;Sul;Colisão Traseira;1;2;;;;;1
19/06/2018;13:29:00;245;sem vítima;868,23;BR-381/MG;Sul;Colisão Traseira;1;3;;;;;1
19/06/2018;13:51:00;250;sem vítima;526;BR-381/MG;Sul;Colisão Traseira;1;4;;;;;1
19/06/2018;18:36:00;375;sem vítima;941,1;BR-381/MG;Norte;Colisão Traseira;1;2;;;;;1
19/06/2018;20:20:00;413;sem vítima;544;BR-381/MG;Sul;Colisão Traseira;2;2;;;;;1
20/06/2018;02:52:00;48;sem vítima;631,5;BR-381/MG;Norte;Choque - Defensa, barreira ou "submarino";1;1;;;;;1
20/06/2018;04:30:00;58;sem vítima;580,3;BR-381/MG;Norte;Choque - Elemento de Drenagem;1;2;;;;;1
20/06/2018;07:19:00;83;com vítima;921,3;BR-381/MG;Sul;Tombamento;1;1;1;;;;1
20/06/2018;11:57:00;173;com vítima;532;BR-381/MG;Norte;Engavetamento;1;6;1;;;;1
21/06/2018;04:50:00;76;sem vítima;781,7;BR-381/MG;Sul;Tombamento;1;1;;;;;1
21/06/2018;06:18:00;89;sem vítima;492;BR-381/MG;Norte;Choque - Poste;1;1;;;;;1
21/06/2018;06:51:00;97;sem vítima;70;BR-381/SP;Norte;Colisão Lateral;1;3;;;;;1
21/06/2018;10:27:00;185;sem vítima;849;BR-381/MG;Norte;Tombamento;1;1;;;;;1
21/06/2018;15:32:00;291;com vítima;523;BR-381/MG;Norte;Colisão Traseira;1;1;1;;;;1
21/06/2018;21:36:00;431;sem vítima;919,8;BR-381/MG;Sul;Colisão Traseira;1;2;;;;;1
22/06/2018;04:07:00;71;sem vítima;744;BR-381/MG;Sul;Choque - Elemento de Drenagem;1;1;;;;;1
22/06/2018;07:45:00;112;com vítima;511;BR-381/MG;Sul;Colisão Traseira;1;1;1;;;;1
22/06/2018;07:49:00;114;sem vítima;479;BR-381/MG;Norte;Engavetamento;1;5;;;;;1
22/06/2018;10:59:00;181;sem vítima;722;BR-381/MG;Norte;Tombamento;1;1;;;;;1
22/06/2018;13:14:00;235;sem vítima;499,6;BR-381/MG;Norte;Colisão Lateral;1;2;;;;;1
23/06/2018;00:28:00;33;com vítima;670,5;BR-381/MG;Norte;Colisão Traseira;1;5;9;;1;1;3
23/06/2018;09:28:00;142;com vítima;939;BR-381/MG;Norte;Choque - Talude;1;1;;1;;;2
23/06/2018;18:44:00;343;sem vítima;685;BR-381/MG;Norte;Colisão Lateral;1;6;;;;;1
23/06/2018;19:33:00;357;com vítima;760,9;BR-381/MG;Norte;Atropelamento - Andarilho;1;1;;;1;;2
24/06/2018;21:40:00;335;sem vítima;869;BR-381/MG;Sul;Colisão Traseira;2;2;;;;;1
25/06/2018;07:46:00;101;sem vítima;774;BR-381/MG;Sul;Tombamento;1;1;;;;;1
25/06/2018;08:01:00;108;sem vítima;58,1;BR-381/SP;Sul;Engavetamento;2;3;;;;;1
25/06/2018;12:51:00;205;sem vítima;25,4;BR-381/SP;Norte;Engavetamento;3;3;;;;;1
25/06/2018;14:20:00;219;sem vítima;478,1;BR-381/MG;Sul;Engavetamento;2;3;;;;;1
25/06/2018;17:04:00;286;sem vítima;584,3;BR-381/MG;Sul;Tombamento;1;1;;;;;1
25/06/2018;22:00:00;390;com vítima;864;BR-381/MG;Sul;Capotamento;1;0;1;;;;1
26/06/2018;14:24:00;234;sem vítima;723,6;BR-381/MG;Sul;Colisão Traseira;2;2;;;;;1
26/06/2018;18:26:00;337;sem vítima;817,5;BR-381/MG;Norte;Colisão Traseira;2;2;;;;;1
27/06/2018;05:58:00;89;sem vítima;697,6;BR-381/MG;Norte;Colisão Traseira;2;2;;;;;1
27/06/2018;11:18:00;193;com vítima;483;BR-381/MG;Norte;Colisão Traseira;1;2;1;;;;1
27/06/2018;17:05:00;332;sem vítima;612,1;BR-381/MG;Norte;Choque - Veiculo parado no acostamento;1;2;;;;;1
27/06/2018;19:36:00;380;sem vítima;529,2;BR-381/MG;Norte;Choque - Defensa, barreira ou "submarino";1;1;;;;;1
27/06/2018;20:24:00;392;com vítima;653,4;BR-381/MG;Norte;Tombamento;1;0;1;;;;1
27/06/2018;22:39:00;420;sem vítima;488,4;BR-381/MG;Sul;Colisão Traseira;1;2;;;;;1
28/06/2018;04:41:00;69;com vítima;718,5;BR-381/MG;Norte;Choque - Defensa, barreira ou "submarino";2;1;2;;;;1
28/06/2018;10:50:00;176;com vítima;510;BR-381/MG;Norte;Colisão Lateral;1;1;1;;;;1
28/06/2018;18:23:00;353;sem vítima;490;BR-381/MG;Sul;Engavetamento;1;3;;;;;1
29/06/2018;01:45:00;33;sem vítima;872;BR-381/MG;Sul;Colisão Traseira;2;2;;;;;1
29/06/2018;03:09:00;48;sem vítima;854,7;BR-381/MG;Sul;Choque - Elemento de Drenagem;1;1;;;;;1
29/06/2018;03:51:00;50;sem vítima;480,9;BR-381/MG;Norte;Colisão Lateral;1;3;;;;;1
29/06/2018;07:59:00;103;com vítima;89;BR-381/SP;Sul;Colisão Traseira;1;2;1;;;;1
29/06/2018;08:26:00;110;com vítima;618,8;BR-381/MG;Norte;Colisão Lateral;2;2;1;;;;1
29/06/2018;18:01:00;340;sem vítima;7;BR-381/SP;Norte;Colisão Lateral;1;2;;;;;1
29/06/2018;19:15:00;374;sem vítima;927,2;BR-381/MG;Norte;Colisão Lateral;1;3;;;;;1
30/06/2018;16:08:00;261;sem vítima;918,7;BR-381/MG;Norte;Tombamento;1;1;;;;;1
01/07/2018;10:28:00;122;sem vítima;907;BR-381/MG;Sul;Colisão Lateral;1;2;;;;;1
01/07/2018;19:34:00;317;com vítima;832;BR-381/MG;Sul;Colisão Traseira;1;1;1;;;;1
01/07/2018;23:35:00;407;sem vítima;863,9;BR-381/MG;Sul;Tombamento;1;1;;;;;1
02/07/2018;08:01:00;100;sem vítima;949;BR-381/MG;Sul;Colisão Traseira;1;2;;;;;1
02/07/2018;08:27:00;109;sem vítima;756,9;BR-381/MG;Sul;Tombamento;2;2;;;;;1
02/07/2018;15:46:00;267;sem vítima;825,5;BR-381/MG;Norte;Colisão Traseira;2;2;;;;;1
02/07/2018;16:01:00;276;sem vítima;506;BR-381/MG;Sul;Colisão Lateral;1;3;;;;;1
02/07/2018;22:13:00;382;sem vítima;678,3;BR-381/MG;Sul;Colisão Traseira;2;2;;;;;1
02/07/2018;23:12:00;401;sem vítima;864,5;BR-381/MG;Sul;Colisão Traseira;2;2;;;;;1
02/07/2018;23:22:00;405;sem vítima;767;BR-381/MG;Norte;Colisão Traseira;2;2;;;;;1
03/07/2018;04:51:00;60;com vítima;610;BR-381/MG;Norte;Tombamento;1;0;;1;;1;3
03/07/2018;11:19:00;160;sem vítima;507;BR-381/MG;Norte;Colisão Lateral;1;2;;;;;1
03/07/2018;16:06:00;264;sem vítima;704,5;BR-381/MG;Norte;Tombamento;1;1;;;;;1
03/07/2018;23:44:00;392;com vítima;562;BR-381/MG;Norte;Colisão Traseira;2;0;1;;;1;3
04/07/2018;00:37:00;31;com vítima;599,8;BR-381/MG;Norte;Colisão Traseira;2;2;;;;1;3
04/07/2018;07:10:00;84;sem vítima;752,8;BR-381/MG;Sul;Colisão Traseira;1;3;;;;;1
04/07/2018;07:57:00;103;sem vítima;545,5;BR-381/MG;Norte;Colisão Lateral;2;2;;;;;1
04/07/2018;10:16:00;151;sem vítima;54,7;BR-381/SP;Sul;Colisão Lateral;1;2;;;;;1
04/07/2018;21:57:00;423;com vítima;62;BR-381/SP;Norte;Tombamento;1;0;1;;;;1
05/07/2018;06:19:00;63;sem vítima;26,1;BR-381/SP;Norte;Tombamento;1;1;;;;;1
05/07/2018;08:46:00;110;sem vítima;944;BR-381/MG;Norte;Choque - Elemento de Drenagem;1;1;;;;;1
05/07/2018;09:13:00;122;sem vítima;55,5;BR-381/SP;Norte;Colisão Traseira;1;2;;;;;1
05/07/2018;10:13:00;146;sem vítima;823,5;BR-381/MG;Norte;Colisão Traseira;1;3;;;;;1
05/07/2018;15:14:00;259;sem vítima;16;BR-381/SP;Norte;Choque - Defensa, barreira ou "submarino";1;1;;;;;1
05/07/2018;18:59:00;348;com vítima;668;BR-381/MG;Norte;Atropelamento de Animal;1;0;1;;;;1
06/07/2018;02:20:00;48;com vítima;793;BR-381/MG;Sul;Colisão Traseira;1;1;1;;;;1