data;horario;n_da_ocorrencia;tipo_de_ocorrencia;km;trecho;sentido;tipo_de_acidente;caminhao;ilesos;levemente_feridos;moderadamente_feridos;gravemente_feridos;mortos;3
06/07/2018;11:36:00;205;sem vítima;894;BR-381/MG;Norte;Colisão Traseira;2;2;;;;;1
06/07/2018;13:27:00;245;com vítima;484,5;BR-381/MG;Norte;Engavetamento;1;2;1;;;;1
06/07/2018;18:04:00;346;sem vítima;30;BR-381/SP;Norte;Engavetamento;2;3;;;;;1
06/07/2018;22:03:00;421;com vítima;905,5;BR-381/MG;Norte;Colisão Traseira;2;1;;;1;1;3
07/07/2018;03:44:00;59;sem vítima;486,4;BR-381/MG;Norte;Colisão Traseira;1;2;;;;;1
07/07/2018;11:26:00;178;com vítima;946;BR-381/MG;Sul;Colisão Lateral;1;1;1;;;;1
07/07/2018;15:13:00;243;sem vítima;82,2;BR-381/SP;Sul;Colisão Traseira;1;2;;;;;1
08/07/2018;07:16:00;78;sem vítima;660,2;BR-381/MG;Norte;Colisão Lateral;2;2;;;;;1
09/07/2018;01:01:00;35;sem vítima;629,5;BR-381/MG;Norte;Tombamento;1;1;;;;;1
09/07/2018;08:38:00;113;sem vítima;510,7;BR-381/MG;Sul;Choque - Poste;1;1;;;;;1
09/07/2018;08:51:00;117;com vítima;532,1;BR-381/MG;Norte;Tombamento;1;0;1;;;;1
09/07/2018;14:24:00;221;sem vítima;531;BR-381/MG;Sul;Engavetamento;1;3;;;;;1
09/07/2018;19:22:00;345;sem vítima;49;BR-381/SP;Sul;Colisão Lateral;1;2;;;;;1
10/07/2018;10:01:00;185;sem vítima;676,6;BR-381/MG;Sul;Colisão Traseira;2;2;;;;;1
10/07/2018;11:13:00;220;sem vítima;923;BR-381/MG;Norte;Colisão Lateral;1;2;;;;;1
10/07/2018;12:42:00;240;sem vítima;806;BR-381/MG;Sul;Choque - Defensa, barreira ou "submarino";1;1;;;;;1
11/07/2018;13:31:00;248;sem vítima;70;BR-381/SP;Norte;Colisão Traseira;2;2;;;;;1
12/07/2018;00:17:00;31;com vítima;927,5;BR-381/MG;Norte;Tombamento;1;0;;;;1;3
12/07/2018;09:07:00;145;sem vítima;735,2;BR-381/MG;Sul;Choque - Defensa, barreira ou "submarino";1;1;;;;;1
12/07/2018;10:46:00;185;sem vítima;57,6;BR-381/SP;Sul;Colisão Lateral;1;2;;;;;1
12/07/2018;10:57:00;192;com vítima;485;BR-381/MG;Sul;Colisão Traseira;1;1;1;;;;1
12/07/2018;11:02:00;195;sem vítima;496;BR-381/MG;Sul;Tombamento;1;1;;;;;1
12/07/2018;11:47:00;215;sem vítima;658,2;BR-381/MG;Norte;Colisão Traseira;1;4;;;;;1
12/07/2018;18:17:00;393;sem vítima;661,95;BR-381/MG;Sul;Tombamento;1;1;;;;;1
12/07/2018;18:27:00;398;sem vítima;557,5;BR-381/MG;Sul;Colisão Traseira;2;2;;;;;1
13/07/2018;02:03:00;40;sem vítima;581;BR-381/MG;Norte;Colisão Traseira;1;3;;;;;1
13/07/2018;03:58:00;56;sem vítima;540;BR-381/MG;Norte;Tombamento;1;1;;;;;1
13/07/2018;05:53:00;66;sem vítima;68,9;BR-381/SP;Norte;Colisão Lateral;1;2;;;;;1
13/07/2018;16:03:00;305;sem vítima;880,25;BR-381/MG;Sul;Tombamento;1;1;;;;;1
14/07/2018;00:20:00;23;com vítima;567;BR-381/MG;Norte;Colisão Traseira;2;1;1;;;;1
14/07/2018;04:07:00;63;sem vítima;888,8;BR-381/MG;Norte;Tombamento;1;1;;;;;1
14/07/2018;22:44:00;424;sem vítima;674,9;BR-381/MG;Sul;Choque - Talude;1;1;;;;;1
15/07/2018;06:28:00;74;com vítima;626;BR-381/MG;Norte;Tombamento;1;0;1;;;;1
15/07/2018;07:54:00;97;com vítima;807,8;BR-381/MG;Sul;Colisão Traseira;1;1;1;;;;1
15/07/2018;12:57:00;183;sem vítima;545,5;BR-381/MG;Sul;Choque - Defensa, barreira ou "submarino";1;1;;;;;1
15/07/2018;16:44:00;289;sem vítima;503;BR-381/MG;Norte;Colisão Lateral;1;2;;;;;1
15/07/2018;19:39:00;356;sem vítima;672;BR-381/MG;Sul;Engavetamento;2;12;;;;;1
15/07/2018;20:05:00;364;sem vítima;525;BR-381/MG;Norte;Colisão Traseira;1;2;;;;;1
16/07/2018;04:12:00;61;com vítima;734;BR-381/MG;Sul;Tombamento;1;0;;1;;;2
16/07/2018;05:51:00;70;com vítima;52,1;BR-381/SP;Norte;Atropelamento - Andarilho;1;1;;;;1;3
16/07/2018;06:53:00;83;com vítima;52,6;BR-381/SP;Norte;Engavetamento;3;11;2;;;;1
16/07/2018;12:01:00;195;com vítima;927,7;BR-381/MG;Norte;Tombamento;1;0;1;;;;1
17/07/2018;07:55:00;100;sem vítima;71,1;BR-381/SP;Norte;Colisão Lateral;1;3;;;;;1
17/07/2018;15:09:00;257;sem vítima;83;BR-381/SP;Sul;Colisão Traseira;1;2;;;;;1
17/07/2018;17:24:00;311;sem vítima;802;BR-381/MG;Sul;Colisão Traseira;1;5;;;;;1
17/07/2018;19:30:00;351;sem vítima;898,5;BR-381/MG;Norte;Colisão Traseira;1;2;;;;;1
17/07/2018;20:11:00;365;com vítima;870,7;BR-381/MG;Sul;Capotamento;1;0;;1;;;2
18/07/2018;00:52:00;39;sem vítima;879,2;BR-381/MG;Sul;Tombamento;1;1;;;;;1
18/07/2018;03:10:00;62;sem vítima;750,3;BR-381/MG;Sul;Tombamento;1;2;;;;;1
18/07/2018;03:20:00;66;sem vítima;586,2;BR-381/MG;Norte;Choque - Defensa, barreira ou "submarino";1;3;;;;;1
18/07/2018;03:30:00;72;sem vítima;750,3;BR-381/MG;Sul;Colisão Traseira;1;4;;;;;1
18/07/2018;05:53:00;89;sem vítima;692;BR-381/MG;Sul;Choque - Objeto sobre a pista;2;2;;;;;1
18/07/2018;06:12:00;92;com vítima;863,1;BR-381/MG;Sul;Choque - Defensa, barreira ou "submarino";1;0;1;;;;1
18/07/2018;08:07:00;123;sem vítima;633;BR-381/MG;Norte;Colisão Lateral;1;2;;;;;1
18/07/2018;13:13:00;260;sem vítima;7,5;BR-381/SP;Sul;Choque - Defensa, barreira ou "submarino";1;1;;;;;1
18/07/2018;14:31:00;299;sem vítima;36;BR-381/SP;Norte;Colisão Traseira;1;2;;;;;1
18/07/2018;15:02:00;313;sem vítima;71;BR-381/SP;Norte;Colisão Lateral;2;3;;;;;1
18/07/2018;18:19:00;394;sem vítima;547;BR-381/MG;Norte;Choque - Defensa, barreira ou "submarino";1;1;;;;;1
18/07/2018;20:33:00;442;sem vítima;89;BR-381/SP;Sul;Choque - Veiculo parado na pista;1;2;;;;;1
19/07/2018;00:43:00;41;sem vítima;508,2;BR-381/MG;Norte;Atropelamento de Animal;1;1;;;;;1
19/07/2018;02:16:00;58;com vítima;771,2;BR-381/MG;Norte;Colisão Traseira;2;1;;;1;;2
19/07/2018;04:51:00;85;sem vítima;938,2;BR-381/MG;Norte;Choque - Defensa, barreira ou "submarino";1;1;;;;;1
19/07/2018;07:19:00;117;sem vítima;795;BR-381/MG;Norte;Capotamento;1;2;;;;;1
19/07/2018;07:39:00;124;com vítima;600,2;BR-381/MG;Sul;Colisão Frontal;1;1;1;;;;1
19/07/2018;09:20:00;171;sem vítima;497;BR-381/MG;Norte;Colisão Lateral;1;2;;;;;1
19/07/2018;12:46:00;254;sem vítima;805,1;BR-381/MG;Sul;Colisão Traseira;1;2;;;;;1
19/07/2018;18:18:00;395;sem vítima;939;BR-381/MG;Norte;Colisão Traseira;1;2;;;;;1
19/07/2018;20:33:00;443;sem vítima;79;BR-381/SP;Sul;Colisão Lateral;1;2;;;;;1
19/07/2018;23:42:00;488;sem vítima;776;BR-381/MG;Sul;Colisão Traseira;2;2;;;;;1
20/07/2018;02:14:00;64;sem vítima;906;BR-381/MG;Norte;Colisão Traseira;1;2;;;;;1
20/07/2018;07:30:00;120;com vítima;683,3;BR-381/MG;Norte;Colisão Traseira;1;1;1;;;;1
20/07/2018;07:59:00;141;com vítima;500;BR-381/MG;Norte;Colisão Traseira;1;1;;;1;;2
20/07/2018;12:05:00;253;sem vítima;690,4;BR-381/MG;Norte;Colisão Traseira;2;2;;;;;1
20/07/2018;20:14:00;491;sem vítima;658;BR-381/MG;Norte;Choque - Defensa, barreira ou "submarino";1;1;;;;;1
20/07/2018;23:47:00;573;com vítima;906;BR-381/MG;Norte;Colisão Traseira;1;1;3;;1;;2
21/07/2018;01:47:00;58;sem vítima;906;BR-381/MG;Norte;Colisão Traseira;1;2;;;;;1
21/07/2018;06:16:00;87;sem vítima;848;BR-381/MG;Sul;Colisão Traseira;1;4;;;;;1
21/07/2018;10:13:00;184;com vítima;82,5;BR-381/SP;Norte;Tombamento;1;0;1;;;;1
21/07/2018;22:07:00;454;sem vítima;854;BR-381/MG;Norte;Colisão Traseira;1;4;;;;;1
22/07/2018;07:51:00;112;com vítima;632,3;BR-381/MG;Sul;Choque - Defensa, barreira ou "submarino";1;1;1;;;;1
23/07/2018;03:26:00;53;sem vítima;696,9;BR-381/MG;Norte;Atropelamento de Animal;1;1;;;;;1
23/07/2018;12:13:00;192;sem vítima;89,8;BR-381/SP;Sul;Colisão Lateral;1;2;;;;;1
23/07/2018;21:16:00;403;sem vítima;502;BR-381/MG;Sul;Atropelamento de Animal;1;2;;;;;1
23/07/2018;22:22:00;416;sem vítima;16,3;BR-381/SP;Sul;Tombamento;1;1;;;;;1
24/07/2018;00:40:00;40;com vítima;35;BR-381/SP;Norte;Atropelamento - Usuário;1;1;;;;1;3
24/07/2018;05:20:00;73;com vítima;532;BR-381/MG;Norte;Engavetamento;6;5;2;;;1;3
24/07/2018;06:53:00;88;com vítima;921,5;BR-381/MG;Sul;Tombamento;1;0;;1;;;2
24/07/2018;09:36:00;140;sem vítima;546;BR-381/MG;Norte;Colisão Traseira;2;2;;;;;1
24/07/2018;13:37:00;238;sem vítima;559;BR-381/MG;Norte;Colisão Lateral;2;2;;;;;1
24/07/2018;23:25:00;435;com vítima;943,2;BR-381/MG;Norte;Colisão Frontal;1;1;;;;2;3
25/07/2018;09:05:00;149;com vítima;491,1;BR-381/MG;Sul;Colisão Lateral;1;1;;1;;;2
25/07/2018;12:02:00;216;sem vítima;842;BR-381/MG;Norte;Choque - Defensa, barreira ou "submarino";1;2;;;;;1
25/07/2018;20:58:00;422;sem vítima;82;BR-381/SP;Norte;Choque - Defensa, barreira ou "submarino";1;1;;;;;1
26/07/2018;03:10:00;65;com vítima;921,5;BR-381/MG;Sul;Tombamento;1;0;;1;;;2
26/07/2018;04:05:00;76;sem vítima;755,4;BR-381/MG;Norte;Colisão Lateral;1;2;;;;;1
26/07/2018;07:56:00;130;com vítima;907,4;BR-381/MG;Norte;Tombamento;1;0;2;;;;1
26/07/2018;09:16:00;169;sem vítima;884,2;BR-381/MG;Sul;Choque - Outros;1;2;;;;;1
26/07/2018;09:55:00;186;sem vítima;881,7;BR-381/MG;Sul;Engavetamento;3;3;;;;;1
26/07/2018;15:11:00;331;sem vítima;65,7;BR-381/SP;Norte;Colisão Traseira;1;2;;;;;1
26/07/2018;17:02:00;381;sem vítima;821;BR-381/MG;Norte;Colisão Traseira;2;2;;;;;1
27/07/2018;10:58:00;219;sem vítima;883,2;BR-381/MG;Sul;Engavetamento;2;15;;;;;1
27/07/2018;16:21:00;337;com vítima;486;BR-381/MG;Sul;Atropelamento - Morador;1;1;;1;;;2
27/07/2018;22:44:00;489;sem vítima;613,9;BR-381/MG;Sul;Choque - Outros;3;3;;;;;1
28/07/2018;05:25:00;86;sem vítima;482;BR-381/MG;Sul;Colisão Lateral;1;3;;;;;1
28/07/2018;12:50:00;230;com vítima;737,4;BR-381/MG;Sul;Tombamento;1;0;;1;;;2
28/07/2018;16:06:00;290;sem vítima;579,2;BR-381/MG;Sul;Choque - Talude;1;1;;;;;1
28/07/2018;18:12:00;351;sem vítima;625;BR-381/MG;Sul;Engavetamento;2;6;;;;;1
28/07/2018;22:04:00;437;sem vítima;735,5;BR-381/MG;Sul;Choque - Defensa, barreira ou "submarino";1;1;;;;;1
29/07/2018;09:51:00;110;sem vítima;597,67;BR-381/MG;Norte;Colisão Traseira;1;2;;;;;1
29/07/2018;09:53:00;111;com vítima;535,8;BR-381/MG;Sul;Colisão Traseira;1;1;1;;;;1
29/07/2018;19:01:00;333;sem vítima;743,2;BR-381/MG;Sul;Engavetamento;1;3;;;;;1
29/07/2018;20:38:00;372;sem vítima;514;BR-381/MG;Norte;Engavetamento;2;3;;;;;1
30/07/2018;02:34:00;48;sem vítima;724,9;BR-381/MG;Norte;Choque - Suporte de Sinalização;1;1;;;;;1
30/07/2018;16:09:00;324;sem vítima;493,4;BR-381/MG;Norte;Colisão Lateral;1;2;;;;;1
30/07/2018;20:23:00;442;sem vítima;861;BR-381/MG;Sul;Atropelamento de Animal;1;1;;;;;1
30/07/2018;20:27:00;443;sem vítima;889;BR-381/MG;Sul;Colisão Lateral;1;2;;;;;1
30/07/2018;23:33:00;506;sem vítima;63,5;BR-381/SP;Sul;Choque - Talude;1;1;;;;;1
31/07/2018;00:18:00;37;sem vítima;575,8;BR-381/MG;Norte;Choque - Veiculo parado na pista;2;2;;;;;1
31/07/2018;04:36:00;77;sem vítima;948;BR-381/MG;Norte;Choque - Elemento de Drenagem;1;1;;;;;1
31/07/2018;07:06:00;108;sem vítima;853,9;BR-381/MG;Norte;Colisão Lateral;1;4;;;;;1
31/07/2018;07:08:00;109;sem vítima;757,3;BR-381/MG;Sul;Choque - Elemento de Drenagem;1;2;;;;;1
31/07/2018;08:30:00;144;sem vítima;85,5;BR-381/SP;Sul;Engavetamento;1;3;;;;;1
31/07/2018;09:43:00;175;sem vítima;936,2;BR-381/MG;Sul;Tombamento;1;1;;;;;1
31/07/2018;11:13:00;212;sem vítima;936,1;BR-381/MG;Sul;Choque - Defensa, barreira ou "submarino";1;1;;;;;1
31/07/2018;12:54:00;247;com vítima;934;BR-381/MG;Sul;Colisão Traseira;1;1;1;;;;1
31/07/2018;13:41:00;261;sem vítima;597,75;BR-381/MG;Norte;Choque - Defensa, barreira ou "submarino";1;1;;;;;1
31/07/2018;14:40:00;285;sem vítima;622;BR-381/MG;Norte;Choque - Defensa, barreira ou "submarino";1;1;;;;;1
31/07/2018;17:39:00;361;sem vítima;900,98;BR-381/MG;Norte;Colisão Traseira;1;2;;;;;1
31/07/2018;23:28:00;473;sem vítima;13;BR-381/SP;Sul;Colisão Traseira;1;2;;;;;1
31/07/2018;23:48:00;478;com vítima;768,2;BR-381/MG;Norte;Colisão Traseira;2;1;1;;;;1
01/08/2018;03:08:00;57;com vítima;708,3;BR-381/MG;Sul;Colisão Traseira;1;5;11;2;;;2
01/08/2018;07:12:00;97;com vítima;806,5;BR-381/MG;Norte;Colisão Traseira;2;1;1;;;1;3
01/08/2018;07:49:00;110;sem vítima;508,7;BR-381/MG;Norte;Colisão Lateral;1;5;;;;;1
01/08/2018;10:30:00;174;sem vítima;556,5;BR-381/MG;Norte;Colisão Traseira;2;2;;;;;1
01/08/2018;11:44:00;206;sem vítima;27;BR-381/SP;Sul;Engavetamento;1;3;;;;;1
01/08/2018;13:51:00;250;sem vítima;877,3;BR-381/MG;Norte;Choque - Defensa, barreira ou "submarino";1;1;;;;;1
01/08/2018;18:17:00;358;sem vítima;60;BR-381/SP;Sul;Choque - Elemento de Drenagem;1;1;;;;;1
02/08/2018;04:14:00;63;sem vítima;677,9;BR-381/MG;Norte;Tombamento;1;1;;;;;1
02/08/2018;04:14:00;64;sem vítima;705,8;BR-381/MG;Sul;Tombamento;1;1;;;;;1
02/08/2018;07:07:00;104;sem vítima;79;BR-381/SP;Sul;Colisão Traseira;1;2;;;;;1
02/08/2018;08:10:00;132;sem vítima;85,4;BR-381/SP;Sul;Engavetamento;1;4;;;;;1
02/08/2018;10:05:00;184;sem vítima;494,3;BR-381/MG;Norte;Colisão Lateral;1;2;;;;;1
03/08/2018;06:44:00;99;com vítima;500;BR-381/MG;Norte;Colisão Traseira;1;1;1;1;;;2
03/08/2018;08:18:00;131;sem vítima;936,2;BR-381/MG;Sul;Choque - Defensa, barreira ou "submarino";1;1;;;;;1
03/08/2018;10:47:00;183;sem vítima;18,5;BR-381/SP;Sul;Choque - Elemento de Drenagem;1;1;;;;;1
03/08/2018;12:15:00;208;sem vítima;20,2;BR-381/SP;Norte;Tombamento;1;1;;;;;1
03/08/2018;13:26:00;231;sem vítima;764,5;BR-381/MG;Norte;Choque - Defensa, barreira ou "submarino";1;1;;;;;1
03/08/2018;14:41:00;252;sem vítima;70,5;BR-381/SP;Sul;Choque - Defensa, barreira ou "submarino";1;1;;;;;1
03/08/2018;16:23:00;297;sem vítima;932;BR-381/MG;Norte;Engavetamento;1;5;;;;;1
03/08/2018;17:32:00;331;sem vítima;905,5;BR-381/MG;Sul;Choque - Defensa, barreira ou "submarino";1;1;;;;;1
03/08/2018;17:41:00;334;sem vítima;601;BR-381/MG;Sul;Colisão Traseira;2;2;;;;;1
03/08/2018;17:57:00;344;com vítima;65,5;BR-381/SP;Norte;Choque - Arvore;1;0;;1;;;2
03/08/2018;23:48:00;485;sem vítima;30;BR-381/SP;Norte;Choque - Talude;1;1;;;;;1
04/08/2018;00:31:00;32;sem vítima;837;BR-381/MG;Sul;Engavetamento;1;5;;;;;1
04/08/2018;04:56:00;76;com vítima;674;BR-381/MG;Norte;Tombamento;1;0;;1;;;2
04/08/2018;08:23:00;133;sem vítima;735,1;BR-381/MG;Sul;Colisão Traseira;1;2;;;;;1
04/08/2018;11:25:00;200;sem vítima;559,5;BR-381/MG;Sul;Colisão Lateral;1;2;;;;;1
04/08/2018;14:39:00;257;sem vítima;41,2;BR-381/SP;Norte;Colisão Traseira;1;2;;;;;1
04/08/2018;17:50:00;348;sem vítima;664;BR-381/MG;Norte;Colisão Traseira;1;2;;;;;1
05/08/2018;08:07:00;87;sem vítima;34,2;BR-381/SP;Norte;Colisão Traseira;1;2;;;;;1
05/08/2018;10:44:00;128;sem vítima;482,4;BR-381/MG;Norte;Choque - Veiculo parado na pista;1;2;;;;;1
05/08/2018;15:46:00;220;com vítima;508,5;BR-381/MG;Sul;Engavetamento;1;2;;1;;;2
05/08/2018;17:23:00;256;com vítima;529;BR-381/MG;Sul;Choque - Defensa, barreira ou "submarino";1;0;1;;;;1
05/08/2018;20:08:00;313;sem vítima;658,25;BR-381/MG;Sul;Choque - Defensa, barreira ou "submarino";1;1;;;;;1
06/08/2018;04:09:00;54;sem vítima;932,3;BR-381/MG;Sul;Tombamento;1;1;;;;;1
06/08/2018;11:47:00;188;sem vítima;755,8;BR-381/MG;Sul;Colisão Traseira;1;2;;;;;1
06/08/2018;14:56:00;266;sem vítima;908,4;BR-381/MG;Sul;Colisão Lateral;1;3;;;;;1
06/08/2018;18:49:00;349;sem vítima;12,7;BR-381/SP;Sul;Choque - Elemento de Drenagem;1;1;;;;;1
06/08/2018;19:43:00;365;sem vítima;884,5;BR-381/MG;Sul;Choque - Elemento de Drenagem;1;1;;;;;1
07/08/2018;00:57:00;36;sem vítima;769;BR-381/MG;Norte;Choque - Defensa, barreira ou "submarino";1;2;;;;;1
07/08/2018;04:29:00;67;com vítima;14;BR-381/SP;Sul;Colisão Traseira;2;1;1;;;;1
07/08/2018;07:33:00;101;sem vítima;921,3;BR-381/MG;Sul;Capotamento;1;1;;;;;1
07/08/2018;07:43:00;107;sem vítima;921,3;BR-381/MG;Sul;Colisão Lateral;2;2;;;;;1
07/08/2018;08:20:00;118;sem vítima;524,8;BR-381/MG;Sul;Choque - Defensa, barreira ou "submarino";1;1;;;;;1
07/08/2018;10:31:00;181;com vítima;485,5;BR-381/MG;Sul;Colisão Lateral;1;1;;1;;;2
07/08/2018;10:55:00;184;com vítima;911,1;BR-381/MG;Sul;Engavetamento;1;2;1;;;;1
07/08/2018;12:25:00;217;sem vítima;907,1;BR-381/MG;Sul;Tombamento;1;1;;;;;1
07/08/2018;17:19:00;337;com vítima;502;BR-381/MG;Sul;Capotamento;1;0;1;;;;1
08/08/2018;05:03:00;76;com vítima;26,1;BR-381/SP;Norte;Colisão Traseira;2;1;1;;;1;3
08/08/2018;07:23:00;101;com vítima;948,5;BR-381/MG;Sul;Colisão Traseira;1;3;1;;;;1
08/08/2018;08:23:00;121;sem vítima;873,5;BR-381/MG;Norte;Tombamento;1;1;;;;;1
08/08/2018;12:23:00;213;com vítima;563;BR-381/MG;Norte;Tombamento;1;0;3;;;;1
08/08/2018;18:41:00;357;sem vítima;597;BR-381/MG;Norte;Colisão Traseira;2;2;;;;;1
08/08/2018;20:09:00;382;sem vítima;551;BR-381/MG;Sul;Choque - Defensa, barreira ou "submarino";1;2;;;;;1
08/08/2018;20:38:00;394;sem vítima;866,9;BR-381/MG;Norte;Colisão Traseira;2;2;;;;;1
09/08/2018;04:57:00;80;com vítima;674;BR-381/MG;Norte;Tombamento;1;0;1;;;;1
09/08/2018;05:21:00;85;sem vítima;42,5;BR-381/SP;Sul;Tombamento;1;1;;;;;1
09/08/2018;07:47:00;126;com vítima;710;BR-381/MG;Sul;Choque - Defensa, barreira ou "submarino";1;0;1;;;;1
09/08/2018;09:11:00;161;sem vítima;761;BR-381/MG;Sul;Engavetamento;2;3;;;;;1
09/08/2018;15:28:00;284;sem vítima;735,5;BR-381/MG;Norte;Choque - Defensa, barreira ou "submarino";1;1;;;;;1
09/08/2018;19:24:00;385;sem vítima;759,95;BR-381/MG;Sul;Choque - Elemento de Drenagem;1;1;;;;;1
09/08/2018;23:37:00;449;com vítima;541;BR-381/MG;Norte;Colisão Traseira;2;1;1;;;;1
10/08/2018;04:22:00;69;sem vítima;496,3;BR-381/MG;Norte;Atropelamento de Animal;1;1;;;;;1
10/08/2018;06:58:00;99;sem vítima;917;BR-381/MG;Sul;Colisão Lateral;1;3;;;;;1
10/08/2018;08:31:00;128;com vítima;668,4;BR-381/MG;Sul;Colisão Lateral;1;2;1;;;;1
10/08/2018;15:03:00;289;com vítima;940,7;BR-381/MG;Norte;Tombamento;1;0;1;;;;1
10/08/2018;15:10:00;292;sem vítima;63,5;BR-381/SP;Norte;Colisão Traseira;1;2;;;;;1
10/08/2018;16:11:00;323;com vítima;563;BR-381/MG;Sul;Colisão Traseira;1;1;1;;;;1
10/08/2018;16:14:00;326;sem vítima;801,1;BR-381/MG;Sul;Choque - Elemento de Drenagem;1;2;;;;;1
10/08/2018;19:11:00;388;sem vítima;86,3;BR-381/SP;Sul;Engavetamento;1;10;;;;;1
10/08/2018;20:06:00;410;sem vítima;841;BR-381/MG;Norte;Choque - Arvore;1;1;;;;;1
11/08/2018;07:23:00;97;com vítima;729,4;BR-381/MG;Norte;Colisão Traseira;1;1;;1;1;;2
11/08/2018;07:27:00;101;com vítima;674,5;BR-381/MG;Norte;Choque - Veiculo parado na pista;2;1;1;;;;1
11/08/2018;07:44:00;113;sem vítima;849;BR-381/MG;Norte;Choque - Defensa, barreira ou "submarino";1;4;;;;;1
11/08/2018;10:54:00;189;sem vítima;3;BR-381/SP;Norte;Colisão Lateral;1;2;;;;;1
11/08/2018;12:08:00;215;sem vítima;660,2;BR-381/MG;Norte;Colisão Lateral;1;2;;;;;1
11/08/2018;14:35:00;270;sem vítima;485;BR-381/MG;Sul;Engavetamento;1;6;;;;;1
11/08/2018;14:59:00;281;com vítima;523,9;BR-381/MG;Sul;Colisão Lateral;1;1;1;;;;1
11/08/2018;15:37:00;297;com vítima;484;BR-381/MG;Norte;Colisão Lateral;1;1;;1;;;2
11/08/2018;16:35:00;318;sem vítima;886;BR-381/MG;Norte;Choque - Defensa, barreira ou "submarino";1;1;;;;;1
12/08/2018;06:15:00;64;sem vítima;889,2;BR-381/MG;Sul;Tombamento;1;1;;;;;1
12/08/2018;12:20:00;185;sem vítima;609;BR-381/MG;Norte;Colisão Traseira;1;2;;;;;1
13/08/2018;03:55:00;50;sem vítima;520;BR-381/MG;Norte;Choque - Outros;1;2;;;;;1
13/08/2018;12:54:00;228;sem vítima;484,2;BR-381/MG;Sul;Colisão Lateral;1;2;;;;;1
13/08/2018;15:49:00;296;sem vítima;658,25;BR-381/MG;Sul;Colisão Traseira;2;2;;;;;1
13/08/2018;16:20:00;307;sem vítima;735,5;BR-381/MG;Norte;Choque - Defensa, barreira ou "submarino";1;1;;;;;1
13/08/2018;18:22:00;356;sem vítima;90;BR-381/SP;Sul;Colisão Traseira;1;2;;;;;1
13/08/2018;19:04:00;372;sem vítima;900,5;BR-381/MG;Norte;Colisão Traseira;1;2;;;;;1
14/08/2018;11:17:00;169;com vítima;676,5;BR-381/MG;Sul;Colisão Lateral;1;1;;2;;;2
14/08/2018;13:44:00;230;com vítima;925,4;BR-381/MG;Sul;Tombamento;1;0;1;;;;1
14/08/2018;16:23:00;296;sem vítima;658,25;BR-381/MG;Norte;Colisão Traseira;2;2;;;;;1
14/08/2018;17:28:00;319;sem vítima;852;BR-381/MG;Norte;Colisão Lateral;1;2;;;;;1
14/08/2018;18:48:00;348;sem vítima;513,4;BR-381/MG;Norte;Tombamento;1;1;;;;;1
14/08/2018;20:16:00;377;com vítima;500;BR-381/MG;Sul;Colisão Lateral;1;2;1;;;;1
14/08/2018;20:25:00;381;sem vítima;554;BR-381/MG;Norte;Choque - Elemento de Drenagem;1;1;;;;;1
14/08/2018;22:13:00;422;sem vítima;508,7;BR-381/MG;Norte;Tombamento;1;1;;;;;1
14/08/2018;22:30:00;428;com vítima;660,8;BR-381/MG;Sul;Tombamento;1;0;1;;;;1
14/08/2018;23:25:00;440;sem vítima;734,9;BR-381/MG;Norte;Tombamento;1;1;;;;;1
15/08/2018;05:51:00;81;com vítima;519,2;BR-381/MG;Norte;Tombamento;1;0;1;;;;1
15/08/2018;07:36:00;105;sem vítima;22;BR-381/SP;Sul;Engavetamento;2;3;;;;;1
15/08/2018;10:59:00;181;com vítima;40,3;BR-381/SP;Sul;Colisão Traseira;1;1;1;;;;1
16/08/2018;00:18:00;35;sem vítima;797,8;BR-381/MG;Sul;Colisão Traseira;1;2;;;;;1
16/08/2018;01:30:00;44;sem vítima;746;BR-381/MG;Sul;Colisão Traseira;1;2;;;;;1
16/08/2018;05:12:00;61;sem vítima;742;BR-381/MG;Sul;Choque - Elemento de Drenagem;1;1;;;;;1
16/08/2018;06:04:00;67;com vítima;600,8;BR-381/MG;Sul;Colisão Traseira;2;0;2;;;;1
16/08/2018;10:21:00;161;sem vítima;924,5;BR-381/MG;Sul;Tombamento;1;1;;;;;1
16/08/2018;14:08:00;233;sem vítima;913;BR-381/MG;Sul;Colisão Traseira;1;2;;;;;1
16/08/2018;14:26:00;240;com vítima;524;BR-381/MG;Sul;Colisão Lateral;1;3;1;;;;1
16/08/2018;15:02:00;261;com vítima;83;BR-381/SP;Sul;Engavetamento;1;3;1;;;;1
16/08/2018;15:09:00;263;sem vítima;30,9;BR-381/SP;Norte;Tombamento;1;1;;;;;1
17/08/2018;05:11:00;63;sem vítima;665,7;BR-381/MG;Sul;Choque - Defensa, barreira ou "submarino";1;1;;;;;1
17/08/2018;14:54:00;262;sem vítima;707;BR-381/MG;Norte;Choque - Defensa, barreira ou "submarino";1;2;;;;;1
17/08/2018;16:41:00;302;sem vítima;777;BR-381/MG;Norte;Choque - Elemento de Drenagem;1;1;;;;;1
17/08/2018;19:17:00;376;sem vítima;488;BR-381/MG;Norte;Colisão Traseira;1;2;;;;;1
17/08/2018;20:12:00;398;com vítima;481;BR-381/MG;Sul;Engavetamento;1;2;1;;;;1
17/08/2018;20:15:00;399;com vítima;44,5;BR-381/SP;Norte;Atropelamento - Morador;1;1;;;1;;2
17/08/2018;21:29:00;422;sem vítima;486;BR-381/MG;Norte;Colisão Traseira;1;2;;;;;1
17/08/2018;23:41:00;456;sem vítima;823,5;BR-381/MG;Sul;Choque - Elemento de Drenagem;1;1;;;;;1