data;horario;n_da_ocorrencia;tipo_de_ocorrencia;km;trecho;sentido;tipo_de_acidente;caminhao;ilesos;levemente_feridos;moderadamente_feridos;gravemente_feridos;mortos;3
18/08/2018;05:00:00;64;sem vítima;671,6;BR-381/MG;Norte;Colisão Lateral;1;3;;;;;1
18/08/2018;15:38:00;255;sem vítima;533;BR-381/MG;Norte;Choque - Defensa, barreira ou "submarino";1;1;;;;;1
19/08/2018;00:05:00;23;sem vítima;524;BR-381/MG;Norte;Colisão Transversal;1;3;;;;;1
19/08/2018;09:36:00;116;com vítima;704;BR-381/MG;Norte;Tombamento;1;2;1;;;;1
19/08/2018;12:19:00;168;com vítima;521,5;BR-381/MG;Sul;Tombamento;1;0;1;;;;1
19/08/2018;21:14:00;351;com vítima;55,9;BR-381/SP;Norte;Tombamento;1;2;1;;;;1
20/08/2018;09:25:00;123;sem vítima;863,5;BR-381/MG;Sul;Colisão Traseira;1;4;;;;;1
20/08/2018;14:49:00;236;sem vítima;794,3;BR-381/MG;Norte;Colisão Lateral;2;4;;;;;1
20/08/2018;15:35:00;256;com vítima;938,2;BR-381/MG;Norte;Tombamento;1;0;1;;;;1
20/08/2018;18:53:00;314;sem vítima;12;BR-381/SP;Norte;Choque - Defensa, barreira ou "submarino";1;1;;;;;1
21/08/2018;00:35:00;40;sem vítima;728,6;BR-381/MG;Sul;Tombamento;1;1;;;;;1
21/08/2018;00:47:00;42;sem vítima;82,1;BR-381/SP;Norte;Choque - Defensa, barreira ou "submarino";1;1;;;;;1
21/08/2018;01:41:00;50;sem vítima;828;BR-381/MG;Norte;Tombamento;1;1;;;;;1
21/08/2018;02:09:00;52;sem vítima;589;BR-381/MG;Norte;Choque - Defensa, barreira ou "submarino";1;1;;;;;1
21/08/2018;04:27:00;73;sem vítima;628,3;BR-381/MG;Sul;Capotamento;1;1;;;;;1
21/08/2018;07:28:00;107;com vítima;807,7;BR-381/MG;Norte;Engavetamento;2;2;2;;;;1
21/08/2018;12:45:00;232;sem vítima;921,2;BR-381/MG;Sul;Choque - Defensa, barreira ou "submarino";1;1;;;;;1
21/08/2018;16:53:00;329;sem vítima;597,6;BR-381/MG;Norte;Colisão Traseira;1;2;;;;;1
21/08/2018;20:03:00;410;sem vítima;805,1;BR-381/MG;Sul;Choque - Outros;1;1;;;;;1
21/08/2018;22:01:00;448;sem vítima;926;BR-381/MG;Sul;Choque - Defensa, barreira ou "submarino";1;1;;;;;1
22/08/2018;02:59:00;62;sem vítima;86,27;BR-381/SP;Sul;Tombamento;1;1;;;;;1
22/08/2018;03:17:00;64;sem vítima;701,6;BR-381/MG;Norte;Colisão Traseira;1;2;;;;;1
22/08/2018;05:58:00;82;sem vítima;622;BR-381/MG;Sul;Choque - Elemento de Drenagem;1;1;;;;;1
22/08/2018;06:49:00;94;sem vítima;1,8;BR-381/SP;Sul;Colisão Traseira;1;2;;;;;1
22/08/2018;17:30:00;366;sem vítima;479,6;BR-381/MG;Sul;Colisão Lateral;1;2;;;;;1
22/08/2018;20:27:00;454;sem vítima;794,6;BR-381/MG;Sul;Colisão Lateral;2;2;;;;;1
22/08/2018;22:34:00;486;sem vítima;793;BR-381/MG;Norte;Colisão Lateral;2;2;;;;;1
23/08/2018;00:31:00;39;com vítima;897,05;BR-381/MG;Norte;Choque - Elemento de Drenagem;1;0;;1;;;2
23/08/2018;12:18:00;221;com vítima;526,1;BR-381/MG;Sul;Tombamento;1;0;1;;;;1
23/08/2018;18:53:00;373;sem vítima;35;BR-381/SP;Norte;Colisão Lateral;1;2;;;;;1
23/08/2018;19:47:00;390;sem vítima;477,2;BR-381/MG;Norte;Engavetamento;1;3;;;;;1
24/08/2018;02:28:00;61;sem vítima;693,5;BR-381/MG;Norte;Choque - Defensa, barreira ou "submarino";1;1;;;;;1
24/08/2018;04:03:00;74;sem vítima;729,2;BR-381/MG;Sul;Colisão Lateral;1;5;;;;;1
24/08/2018;07:28:00;114;sem vítima;65,9;BR-381/SP;Norte;Choque - Defensa, barreira ou "submarino";1;1;;;;;1
24/08/2018;10:15:00;194;sem vítima;750,2;BR-381/MG;Norte;Choque - Defensa, barreira ou "submarino";1;1;;;;;1
24/08/2018;15:21:00;317;sem vítima;892;BR-381/MG;Norte;Colisão Lateral;1;2;;;;;1
24/08/2018;18:04:00;401;com vítima;489,1;BR-381/MG;Sul;Engavetamento;1;6;;;1;1;3
25/08/2018;01:04:00;35;com vítima;670;BR-381/MG;Sul;Colisão Traseira;2;1;;1;;;2
25/08/2018;10:43:00;165;com vítima;62;BR-381/SP;Norte;Colisão Traseira;1;3;1;;;;1
25/08/2018;11:20:00;177;sem vítima;704;BR-381/MG;Sul;Tombamento;1;1;;;;;1
25/08/2018;14:40:00;238;sem vítima;913;BR-381/MG;Sul;Colisão Lateral;1;2;;;;;1
25/08/2018;18:41:00;340;com vítima;674;BR-381/MG;Sul;Capotamento;1;0;;;;1;3
26/08/2018;15:36:00;233;sem vítima;514,4;BR-381/MG;Norte;Choque - Elemento de Drenagem;1;1;;;;;1
26/08/2018;18:36:00;277;com vítima;507;BR-381/MG;Norte;Colisão Traseira;1;2;2;1;;;2
26/08/2018;21:17:00;325;sem vítima;41;BR-381/SP;Norte;Choque - Defensa, barreira ou "submarino";1;1;;;;;1
26/08/2018;22:21:00;342;sem vítima;623,6;BR-381/MG;Sul;Choque - Elemento de Drenagem;1;1;;;;;1
27/08/2018;04:58:00;59;sem vítima;86;BR-381/SP;Sul;Choque - Defensa, barreira ou "submarino";1;1;;;;;1
27/08/2018;05:34:00;62;sem vítima;75,3;BR-381/SP;Sul;Choque - Talude;1;1;;;;;1
27/08/2018;08:51:00;110;com vítima;501;BR-381/MG;Norte;Colisão Lateral;1;1;;1;;;2
27/08/2018;09:48:00;131;com vítima;936,1;BR-381/MG;Sul;Tombamento;1;0;1;;;;1
27/08/2018;19:18:00;344;com vítima;905,5;BR-381/MG;Norte;Colisão Traseira;1;1;;1;;;2
27/08/2018;20:24:00;357;sem vítima;923;BR-381/MG;Norte;Atropelamento de Animal;1;1;;;;;1
28/08/2018;15:24:00;297;com vítima;510,6;BR-381/MG;Sul;Colisão Traseira;1;1;1;;;;1
28/08/2018;17:00:00;328;sem vítima;590,1;BR-381/MG;Norte;Colisão Lateral;1;2;;;;;1
28/08/2018;23:40:00;431;sem vítima;36;BR-381/SP;Norte;Engavetamento;2;3;;;;;1
28/08/2018;23:59:00;438;sem vítima;479,6;BR-381/MG;Sul;Choque - Defensa, barreira ou "submarino";1;2;;;;;1
29/08/2018;03:31:00;60;sem vítima;498,6;BR-381/MG;Sul;Choque - Defensa, barreira ou "submarino";1;1;;;;;1
29/08/2018;09:16:00;153;com vítima;791,2;BR-381/MG;Sul;Choque - Defensa, barreira ou "submarino";1;0;2;;;;1
29/08/2018;18:24:00;385;com vítima;526;BR-381/MG;Sul;Engavetamento;3;2;1;;;;1
29/08/2018;19:37:00;413;sem vítima;907,7;BR-381/MG;Norte;Tombamento;1;1;;;;;1
29/08/2018;22:56:00;462;com vítima;601;BR-381/MG;Sul;Colisão Traseira;2;1;1;;;;1
30/08/2018;05:53:00;68;sem vítima;64;BR-381/SP;Norte;Colisão Lateral;1;2;;;;;1
30/08/2018;14:23:00;250;sem vítima;579;BR-381/MG;Sul;Colisão Lateral;2;2;;;;;1
30/08/2018;21:45:00;404;sem vítima;6;BR-381/MG-CONT;Sul;Colisão Traseira;2;2;;;;;1
30/08/2018;22:08:00;414;sem vítima;481,6;BR-381/MG;Sul;Colisão Lateral;1;2;;;;;1
31/08/2018;06:37:00;82;sem vítima;898,5;BR-381/MG;Sul;Choque - Defensa, barreira ou "submarino";1;1;;;;;1
31/08/2018;07:25:00;97;sem vítima;684,6;BR-381/MG;Norte;Colisão Traseira;1;5;;;;;1
31/08/2018;08:48:00;141;sem vítima;944,8;BR-381/MG;Norte;Colisão Lateral;1;2;;;;;1
31/08/2018;14:39:00;280;sem vítima;852,1;BR-381/MG;Norte;Colisão Traseira;1;2;;;;;1
31/08/2018;23:04:00;476;sem vítima;65,5;BR-381/SP;Norte;Colisão Traseira;2;2;;;;;1
01/09/2018;09:03:00;138;com vítima;785;BR-381/MG;Sul;Colisão Traseira;1;2;1;;;;1
01/09/2018;09:49:00;149;com vítima;700,5;BR-381/MG;Norte;Tombamento;1;0;1;;;;1
01/09/2018;13:15:00;224;com vítima;480,5;BR-381/MG;Sul;Colisão Lateral;1;1;1;;;;1
03/09/2018;05:07:00;68;sem vítima;921,5;BR-381/MG;Sul;Capotamento;1;1;;;;;1
03/09/2018;07:18:00;92;sem vítima;875,3;BR-381/MG;Sul;Tombamento;1;1;;;;;1
03/09/2018;13:09:00;201;sem vítima;59;BR-381/SP;Sul;Choque - Defensa, barreira ou "submarino";1;2;;;;;1
03/09/2018;14:18:00;224;sem vítima;4;BR-381/MG-CONT;Norte;Choque - Defensa, barreira ou "submarino";1;1;;;;;1
03/09/2018;15:14:00;248;com vítima;585;BR-381/MG;Sul;Engavetamento;2;8;2;;;;1
04/09/2018;04:27:00;67;sem vítima;529;BR-381/MG;Norte;Colisão Lateral;1;2;;;;;1
04/09/2018;06:43:00;86;com vítima;741,7;BR-381/MG;Sul;Choque - Talude;1;3;1;;;;1
04/09/2018;10:04:00;161;com vítima;491;BR-381/MG;Norte;Colisão Lateral;1;0;2;;;;1
04/09/2018;13:27:00;230;sem vítima;483,9;BR-381/MG;Sul;Colisão Lateral;1;2;;;;;1
04/09/2018;14:30:00;264;sem vítima;483,9;BR-381/MG;Sul;Engavetamento;2;4;;;;;1
04/09/2018;15:41:00;280;sem vítima;71,15;BR-381/SP;Sul;Choque - Elemento de Drenagem;1;1;;;;;1
04/09/2018;18:58:00;347;sem vítima;7,7;BR-381/SP;Sul;Colisão Traseira;2;2;;;;;1
04/09/2018;20:46:00;376;sem vítima;869;BR-381/MG;Sul;Colisão Traseira;2;2;;;;;1
04/09/2018;22:06:00;392;sem vítima;506;BR-381/MG;Norte;Colisão Lateral;1;2;;;;;1
05/09/2018;05:59:00;79;com vítima;616,915;BR-381/MG;Sul;Colisão Lateral;2;1;2;;;;1
05/09/2018;08:48:00;146;com vítima;736,2;BR-381/MG;Norte;Colisão Traseira;2;1;1;;;;1
05/09/2018;14:20:00;269;sem vítima;494,3;BR-381/MG;Sul;Colisão Traseira;1;2;;;;;1
05/09/2018;17:06:00;322;sem vítima;707;BR-381/MG;Norte;Colisão Lateral;2;3;;;;;1
05/09/2018;20:56:00;398;com vítima;649;BR-381/MG;Sul;Colisão Traseira;2;1;;1;;;2
06/09/2018;03:19:00;56;sem vítima;531;BR-381/MG;Sul;Choque - Suporte de Sinalização;1;1;;;;;1
06/09/2018;05:25:00;66;sem vítima;26;BR-381/SP;Norte;Colisão Lateral;1;2;;;;;1
06/09/2018;09:12:00;139;sem vítima;481;BR-381/MG;Sul;Colisão Lateral;1;2;;;;;1
06/09/2018;13:48:00;267;sem vítima;478,2;BR-381/MG;Sul;Colisão Lateral;1;6;;;;;1
06/09/2018;14:34:00;290;sem vítima;619;BR-381/MG;Norte;Colisão Lateral;1;2;;;;;1
06/09/2018;18:50:00;437;sem vítima;54;BR-381/SP;Norte;Colisão Traseira;1;2;;;;;1
06/09/2018;23:00:00;524;com vítima;727;BR-381/MG;Norte;Colisão Lateral;1;5;;1;;;2
07/09/2018;08:29:00;125;sem vítima;7,57;BR-381/SP;Norte;Colisão Traseira;1;2;;;;;1
07/09/2018;11:13:00;198;sem vítima;660,3;BR-381/MG;Norte;Engavetamento;1;3;;;;;1
07/09/2018;12:32:00;228;sem vítima;753,5;BR-381/MG;Norte;Choque - Defensa, barreira ou "submarino";1;2;;;;;1
07/09/2018;14:35:00;280;sem vítima;90,4;BR-381/SP;Norte;Tombamento;1;1;;;;;1
07/09/2018;17:04:00;367;sem vítima;496,5;BR-381/MG;Norte;Colisão Traseira;1;5;;;;;1
07/09/2018;21:45:00;468;sem vítima;697;BR-381/MG;Norte;Tombamento;1;1;;;;;1
07/09/2018;22:00:00;471;com vítima;481;BR-381/MG;Norte;Colisão Traseira;1;1;;1;;;2
08/09/2018;19:14:00;319;com vítima;46;BR-381/SP;Sul;Colisão Lateral;1;1;1;;;;1
09/09/2018;15:47:00;271;com vítima;558;BR-381/MG;Sul;Choque - Defensa, barreira ou "submarino";1;0;1;;;;1
09/09/2018;15:50:00;274;com vítima;561,1;BR-381/MG;Sul;Engavetamento;2;29;4;1;1;;2
09/09/2018;16:09:00;281;sem vítima;562,8;BR-381/MG;Sul;Choque - Defensa, barreira ou "submarino";1;1;;;;;1
09/09/2018;18:32:00;371;com vítima;599;BR-381/MG;Sul;Colisão Traseira;1;1;1;;;;1
09/09/2018;22:51:00;480;sem vítima;649;BR-381/MG;Sul;Engavetamento;1;7;;;;;1
10/09/2018;09:45:00;162;sem vítima;88;BR-381/SP;Sul;Colisão Lateral;1;2;;;;;1
10/09/2018;16:50:00;333;com vítima;479,7;BR-381/MG;Sul;Colisão Lateral;1;1;1;;;;1
11/09/2018;04:57:00;73;sem vítima;760;BR-381/MG;Sul;Colisão Traseira;2;2;;;;;1
11/09/2018;14:16:00;228;com vítima;498,5;BR-381/MG;Sul;Engavetamento;1;2;2;;;;1
11/09/2018;14:49:00;241;com vítima;34,8;BR-381/SP;Sul;Engavetamento;3;15;7;;1;;2
11/09/2018;14:59:00;248;com vítima;62;BR-381/SP;Sul;Choque - Talude;1;0;1;;;;1
11/09/2018;15:38:00;261;com vítima;725;BR-381/MG;Sul;Colisão Traseira;2;1;;;1;;2
11/09/2018;18:50:00;345;com vítima;817,7;BR-381/MG;Norte;Colisão Traseira;2;1;;1;;;2
12/09/2018;14:08:00;243;sem vítima;503;BR-381/MG;Sul;Atropelamento de Animal;1;1;;;;;1
12/09/2018;14:25:00;250;sem vítima;76;BR-381/SP;Sul;Colisão Lateral;1;2;;;;;1
12/09/2018;15:38:00;272;sem vítima;3;BR-381/MG-CONT;Norte;Colisão Traseira;2;2;;;;;1
12/09/2018;15:43:00;275;sem vítima;61,29;BR-381/SP;Norte;Colisão Lateral;2;2;;;;;1
12/09/2018;16:00:00;284;sem vítima;508;BR-381/MG;Sul;Colisão Traseira;1;4;;;;;1
12/09/2018;16:19:00;294;com vítima;4;BR-381/MG-CONT;Sul;Choque - Suporte de Sinalização;1;0;1;;;;1
12/09/2018;20:41:00;380;com vítima;889;BR-381/MG;Sul;Tombamento;1;0;1;;;;1
12/09/2018;21:16:00;385;com vítima;526,9;BR-381/MG;Norte;Tombamento;1;0;1;;;;1
13/09/2018;01:11:00;44;sem vítima;849;BR-381/MG;Norte;Colisão Lateral;3;3;;;;;1
13/09/2018;08:48:00;157;sem vítima;5;BR-381/SP;Sul;Colisão Traseira;1;2;;;;;1
13/09/2018;09:01:00;161;com vítima;720,7;BR-381/MG;Norte;Tombamento;1;0;;1;;;2
13/09/2018;11:52:00;225;sem vítima;901;BR-381/MG;Sul;Colisão Traseira;1;2;;;;;1
13/09/2018;12:23:00;238;com vítima;28;BR-381/SP;Norte;Colisão Traseira;1;1;;1;;;2
13/09/2018;12:27:00;239;sem vítima;907;BR-381/MG;Sul;Colisão Traseira;2;2;;;;;1
13/09/2018;16:46:00;358;com vítima;61;BR-381/SP;Norte;Colisão Lateral;1;1;1;;;;1
13/09/2018;18:06:00;387;sem vítima;509;BR-381/MG;Sul;Colisão Lateral;1;2;;;;;1
13/09/2018;20:19:00;427;com vítima;493,5;BR-381/MG;Norte;Colisão Lateral;1;1;;1;;;2
13/09/2018;23:14:00;483;sem vítima;562,6;BR-381/MG;Sul;Choque - Defensa, barreira ou "submarino";1;1;;;;;1
14/09/2018;01:39:00;53;sem vítima;872;BR-381/MG;Sul;Tombamento;1;1;;;;;1
14/09/2018;07:59:00;129;sem vítima;921,5;BR-381/MG;Sul;Choque - Defensa, barreira ou "submarino";1;1;;;;;1
14/09/2018;08:47:00;155;sem vítima;490,5;BR-381/MG;Sul;Colisão Traseira;1;2;;;;;1
14/09/2018;10:41:00;220;sem vítima;14;BR-381/SP;Sul;Colisão Traseira;2;2;;;;;1
14/09/2018;10:59:00;230;com vítima;22;BR-381/SP;Sul;Colisão Traseira;2;1;1;;;;1
14/09/2018;12:25:00;279;sem vítima;488,8;BR-381/MG;Norte;Engavetamento;2;3;;;;;1
14/09/2018;15:54:00;362;sem vítima;700;BR-381/MG;Norte;Tombamento;1;1;;;;;1
14/09/2018;17:01:00;401;com vítima;693;BR-381/MG;Sul;Choque - Defensa, barreira ou "submarino";1;0;;1;;;2
15/09/2018;10:42:00;170;com vítima;3,2;BR-381/SP;Norte;Colisão Traseira;1;1;1;;;;1
15/09/2018;20:35:00;377;sem vítima;564;BR-381/MG;Sul;Choque - Defensa, barreira ou "submarino";1;1;;;;;1
16/09/2018;09:43:00;127;sem vítima;506;BR-381/MG;Sul;Colisão Lateral;1;3;;;;;1
16/09/2018;15:02:00;231;sem vítima;36,8;BR-381/SP;Sul;Colisão Lateral;1;2;;;;;1
17/09/2018;01:38:00;51;sem vítima;789;BR-381/MG;Norte;Colisão Lateral;1;2;;;;;1
17/09/2018;06:33:00;86;sem vítima;486;BR-381/MG;Sul;Engavetamento;3;3;;;;;1
17/09/2018;10:35:00;181;com vítima;907;BR-381/MG;Norte;Choque - Arvore;1;0;1;;;;1
17/09/2018;12:26:00;219;sem vítima;921,3;BR-381/MG;Sul;Choque - Defensa, barreira ou "submarino";1;1;;;;;1
17/09/2018;12:36:00;225;com vítima;934;BR-381/MG;Norte;Colisão Traseira;1;2;1;;;;1
17/09/2018;15:25:00;272;sem vítima;799;BR-381/MG;Sul;Choque - Defensa, barreira ou "submarino";1;1;;;;;1
17/09/2018;16:49:00;308;sem vítima;799;BR-381/MG;Sul;Colisão Traseira;1;2;;;;;1
17/09/2018;21:35:00;417;com vítima;591;BR-381/MG;Norte;Colisão Traseira;1;1;1;;;;1
17/09/2018;22:35:00;428;sem vítima;75;BR-381/SP;Norte;Choque - Talude;1;1;;;;;1
18/09/2018;03:19:00;55;sem vítima;493;BR-381/MG;Norte;Atropelamento de Animal;1;1;;;;;1
18/09/2018;05:33:00;64;sem vítima;896,4;BR-381/MG;Norte;Colisão Traseira;1;2;;;;;1
18/09/2018;17:25:00;313;com vítima;710;BR-381/MG;Norte;Choque - Elemento de Drenagem;1;4;1;;;;1
18/09/2018;17:38:00;320;sem vítima;52,2;BR-381/SP;Sul;Colisão Traseira;1;2;;;;;1
18/09/2018;19:58:00;370;com vítima;54;BR-381/SP;Sul;Colisão Lateral;1;2;1;;;;1
18/09/2018;22:01:00;403;sem vítima;914;BR-381/MG;Sul;Colisão Traseira;1;4;;;;;1
19/09/2018;00:44:00;39;sem vítima;735,5;BR-381/MG;Sul;Choque - Defensa, barreira ou "submarino";1;1;;;;;1
19/09/2018;20:27:00;420;com vítima;940,5;BR-381/MG;Norte;Colisão Traseira;1;1;1;;;;1
20/09/2018;06:26:00;85;sem vítima;35,1;BR-381/SP;Norte;Colisão Lateral;1;2;;;;;1
20/09/2018;08:33:00;140;sem vítima;36;BR-381/SP;Sul;Colisão Traseira;1;2;;;;;1
20/09/2018;09:49:00;172;sem vítima;907,5;BR-381/MG;Sul;Colisão Traseira;1;2;;;;;1
20/09/2018;11:35:00;223;sem vítima;905;BR-381/MG;Sul;Choque - Defensa, barreira ou "submarino";1;1;;;;;1
20/09/2018;11:42:00;226;sem vítima;872,4;BR-381/MG;Sul;Choque - Defensa, barreira ou "submarino";1;2;;;;;1
20/09/2018;12:15:00;234;sem vítima;872,4;BR-381/MG;Sul;Choque - Talude;1;1;;;;;1
20/09/2018;14:08:00;272;com vítima;52;BR-381/SP;Sul;Tombamento;1;0;1;;;;1
20/09/2018;14:43:00;283;sem vítima;559;BR-381/MG;Sul;Colisão Lateral;1;2;;;;;1
20/09/2018;17:29:00;353;sem vítima;948;BR-381/MG;Norte;Colisão Traseira;2;2;;;;;1
20/09/2018;19:30:00;396;com vítima;486;BR-381/MG;Norte;Tombamento;2;3;;;;1;3
20/09/2018;19:32:00;398;sem vítima;58,8;BR-381/SP;Sul;Tombamento;1;2;;;;;1
20/09/2018;21:16:00;431;sem vítima;480;BR-381/MG;Norte;Colisão Traseira;1;2;;;;;1
20/09/2018;21:56:00;440;sem vítima;887,3;BR-381/MG;Norte;Tombamento;1;1;;;;;1
21/09/2018;07:22:00;99;com vítima;906,8;BR-381/MG;Norte;Tombamento;1;1;2;;2;;2
21/09/2018;12:20:00;237;sem vítima;901;BR-381/MG;Norte;Colisão Traseira;2;2;;;;;1
21/09/2018;15:17:00;312;sem vítima;878;BR-381/MG;Norte;Colisão Traseira;2;2;;;;;1
21/09/2018;16:29:00;344;sem vítima;482,5;BR-381/MG;Norte;Engavetamento;1;3;;;;;1
21/09/2018;16:59:00;354;com vítima;481,1;BR-381/MG;Sul;Atropelamento - Andarilho;1;1;1;;;;1
22/09/2018;02:30:00;58;com vítima;810,433;BR-381/MG;Norte;Tombamento;1;0;;;1;;2
22/09/2018;08:21:00;122;sem vítima;813,4;BR-381/MG;Norte;Colisão Traseira;1;2;;;;;1
22/09/2018;09:09:00;141;sem vítima;679,6;BR-381/MG;Norte;Colisão Traseira;2;2;;;;;1
22/09/2018;14:59:00;273;com vítima;803;BR-381/MG;Norte;Choque - Defensa, barreira ou "submarino";1;1;1;;;;1
22/09/2018;15:58:00;299;sem vítima;597,5;BR-381/MG;Norte;Colisão Traseira;1;2;;;;;1
22/09/2018;18:01:00;354;sem vítima;787,85;BR-381/MG;Sul;Choque - Suporte de Sinalização;1;1;;;;;1
23/09/2018;02:03:00;38;com vítima;888,8;BR-381/MG;Norte;Tombamento;1;0;;1;;;2
23/09/2018;18:42:00;338;com vítima;651;BR-381/MG;Sul;Tombamento;1;0;1;;;;1
24/09/2018;05:45:00;59;sem vítima;66,6;BR-381/SP;Sul;Colisão Traseira;2;2;;;;;1
24/09/2018;09:15:00;126;sem vítima;690;BR-381/MG;Sul;Colisão Traseira;1;2;;;;;1
24/09/2018;11:10:00;188;sem vítima;16,8;BR-381/SP;Sul;Colisão Lateral;1;4;;;;;1
24/09/2018;15:16:00;304;sem vítima;495;BR-381/MG;Sul;Colisão Lateral;1;2;;;;;1
24/09/2018;22:32:00;478;sem vítima;745,7;BR-381/MG;Sul;Colisão Traseira;1;6;;;;;1
24/09/2018;22:45:00;483;sem vítima;658,25;BR-381/MG;Norte;Colisão Traseira;1;2;;;;;1
25/09/2018;00:27:00;33;sem vítima;568,2;BR-381/MG;Norte;Choque - Defensa, barreira ou "submarino";1;1;;;;;1
25/09/2018;04:31:00;66;sem vítima;902;BR-381/MG;Sul;Atropelamento de Animal;1;1;;;;;1
25/09/2018;06:34:00;86;sem vítima;844;BR-381/MG;Sul;Tombamento;1;1;;;;;1
25/09/2018;14:08:00;265;sem vítima;65,5;BR-381/SP;Norte;Colisão Traseira;1;2;;;;;1
25/09/2018;17:12:00;376;sem vítima;510;BR-381/MG;Norte;Engavetamento;2;4;;;;;1
26/09/2018;05:10:00;69;com vítima;632;BR-381/MG;Norte;Colisão Traseira;2;1;;1;;;2
26/09/2018;05:48:00;73;sem vítima;883;BR-381/MG;Sul;Colisão Traseira;2;2;;;;;1
26/09/2018;11:11:00;205;sem vítima;36,7;BR-381/SP;Sul;Tombamento;1;1;;;;;1
26/09/2018;12:15:00;225;sem vítima;771;BR-381/MG;Sul;Colisão Traseira;1;2;;;;;1
27/09/2018;00:36:00;42;com vítima;570,8;BR-381/MG;Sul;Engavetamento;3;2;2;;;;1
27/09/2018;05:09:00;89;sem vítima;709,13;BR-381/MG;Norte;Choque - Defensa, barreira ou "submarino";1;1;;;;;1
27/09/2018;09:23:00;172;sem vítima;947;BR-381/MG;Sul;Engavetamento;1;5;;;;;1
27/09/2018;09:33:00;179;sem vítima;599;BR-381/MG;Norte;Choque - Talude;1;1;;;;;1
28/09/2018;01:20:00;52;com vítima;812,5;BR-381/MG;Norte;Colisão Traseira;2;1;;1;;;2
28/09/2018;12:09:00;237;sem vítima;854,5;BR-381/MG;Sul;Choque - Outros;1;1;;;;;1
28/09/2018;12:42:00;248;sem vítima;24,7;BR-381/SP;Norte;Choque - Defensa, barreira ou "submarino";1;1;;;;;1
28/09/2018;13:02:00;261;sem vítima;921;BR-381/MG;Sul;Choque - Defensa, barreira ou "submarino";1;3;;;;;1
28/09/2018;13:33:00;281;sem vítima;853;BR-381/MG;Norte;Colisão Traseira;1;4;;;;;1
28/09/2018;16:16:00;338;com vítima;479,8;BR-381/MG;Sul;Colisão Traseira;1;1;1;;;;1
28/09/2018;19:21:00;417;com vítima;5,5;BR-381/MG-CONT;Sul;Tombamento;1;0;1;;;;1
28/09/2018;20:44:00;443;sem vítima;81;BR-381/SP;Norte;Engavetamento;1;3;;;;;1
29/09/2018;02:32:00;54;sem vítima;488;BR-381/MG;Sul;Choque - Defensa, barreira ou "submarino";1;1;;;;;1
29/09/2018;07:19:00;96;sem vítima;643;BR-381/MG;Sul;Colisão Traseira;1;3;;;;;1
29/09/2018;12:19:00;216;sem vítima;563,8;BR-381/MG;Sul;Choque - Outros;1;1;;;;;1
29/09/2018;18:48:00;353;sem vítima;566,7;BR-381/MG;Sul;Choque - Defensa, barreira ou "submarino";1;1;;;;;1
29/09/2018;21:18:00;381;sem vítima;495,1;BR-381/MG;Sul;Colisão Lateral;1;4;;;;;1
29/09/2018;23:46:00;413;sem vítima;545,95;BR-381/MG;Norte;Colisão Lateral;2;2;;;;;1
29/09/2018;23:59:00;418;com vítima;896,5;BR-381/MG;Sul;Tombamento;1;2;1;;;;1
30/09/2018;00:37:00;27;sem vítima;757,3;BR-381/MG;Sul;Atropelamento de Animal;1;1;;;;;1
30/09/2018;01:18:00;30;sem vítima;484,5;BR-381/MG;Sul;Choque - Poste;1;1;;;;;1
30/09/2018;02:10:00;37;sem vítima;605,3;BR-381/MG;Sul;Choque - Defensa, barreira ou "submarino";1;1;;;;;1
30/09/2018;14:27:00;238;sem vítima;11;BR-381/SP;Norte;Tombamento;1;1;;;;;1
30/09/2018;14:49:00;249;sem vítima;873;BR-381/MG;Sul;Engavetamento;1;3;;;;;1
01/10/2018;04:26:00;63;sem vítima;770,7;BR-381/MG;Sul;Choque - Defensa, barreira ou "submarino";1;1;;;;;1
01/10/2018;06:09:00;74;sem vítima;694,8;BR-381/MG;Sul;Choque - Defensa, barreira ou "submarino";1;2;;;;;1
01/10/2018;08:36:00;124;com vítima;839,8;BR-381/MG;Sul;Capotamento;1;1;1;;;;1
01/10/2018;14:26:00;266;com vítima;85;BR-381/SP;Sul;Colisão Lateral;1;2;1;;;;1
01/10/2018;15:20:00;299;com vítima;89;BR-381/SP;Norte;Colisão Traseira;1;2;1;;;;1
01/10/2018;15:38:00;313;sem vítima;922;BR-381/MG;Norte;Colisão Lateral;1;2;;;;;1
01/10/2018;19:09:00;401;sem vítima;45,5;BR-381/SP;Norte;Colisão Lateral;1;2;;;;;1
02/10/2018;06:06:00;70;com vítima;575,5;BR-381/MG;Sul;Colisão Traseira;1;4;2;;;;1
02/10/2018;10:57:00;196;sem vítima;66,6;BR-381/SP;Sul;Colisão Traseira;1;2;;;;;1
02/10/2018;11:08:00;202;sem vítima;66,6;BR-381/SP;Sul;Colisão Lateral;1;3;;;;;1
02/10/2018;12:17:00;214;sem vítima;744;BR-381/MG;Sul;Colisão Lateral;1;3;;;;;1
02/10/2018;15:18:00;282;sem vítima;89;BR-381/SP;Norte;Colisão Lateral;1;2;;;;;1
02/10/2018;15:26:00;287;sem vítima;17;BR-381/SP;Norte;Colisão Lateral;1;2;;;;;1
03/10/2018;04:02:00;65;com vítima;676,618;BR-381/MG;Norte;Atropelamento - Morador;1;1;;;;1;3
03/10/2018;05:23:00;78;com vítima;888,1;BR-381/MG;Sul;Colisão Lateral;2;0;1;;1;;2
03/10/2018;08:35:00;136;sem vítima;821;BR-381/MG;Norte;Colisão Lateral;1;4;;;;;1