data;horario;n_da_ocorrencia;tipo_de_ocorrencia;km;trecho;sentido;tipo_de_acidente;caminhao;ilesos;levemente_feridos;moderadamente_feridos;gravemente_feridos;mortos;3
03/10/2018;10:15:00;186;sem vítima;865;BR-381/MG;Sul;Colisão Traseira;1;3;;;;;1
03/10/2018;16:55:00;379;sem vítima;908,8;BR-381/MG;Norte;Colisão Traseira;2;2;;;;;1
03/10/2018;19:29:00;454;sem vítima;55;BR-381/SP;Norte;Colisão Traseira;2;2;;;;;1
04/10/2018;06:19:00;76;sem vítima;925,1;BR-381/MG;Sul;Tombamento;1;1;;;;;1
04/10/2018;09:35:00;154;com vítima;690,85;BR-381/MG;Norte;Colisão Traseira;2;1;1;;;;1
04/10/2018;11:57:00;205;com vítima;558,4;BR-381/MG;Norte;Colisão Traseira;1;1;2;;;;1
04/10/2018;16:41:00;312;com vítima;480;BR-381/MG;Sul;Colisão Lateral;1;1;;1;;;2
04/10/2018;21:45:00;419;com vítima;89,6;BR-381/SP;Sul;Capotamento;1;1;1;;;;1
05/10/2018;00:39:00;28;sem vítima;577,6;BR-381/MG;Norte;Engavetamento;3;3;;;;;1
05/10/2018;05:14:00;59;sem vítima;81,4;BR-381/SP;Sul;Colisão Traseira;1;2;;;;;1
05/10/2018;13:07:00;237;sem vítima;847;BR-381/MG;Sul;Colisão Lateral;1;2;;;;;1
05/10/2018;17:08:00;345;com vítima;46,5;BR-381/SP;Norte;Engavetamento;2;2;;;1;;2
05/10/2018;17:19:00;348;sem vítima;909;BR-381/MG;Norte;Colisão Traseira;1;2;;;;;1
05/10/2018;21:24:00;448;sem vítima;480,1;BR-381/MG;Sul;Colisão Lateral;1;2;;;;;1
05/10/2018;23:44:00;484;sem vítima;908,4;BR-381/MG;Norte;Tombamento;1;1;;;;;1
06/10/2018;06:54:00;97;com vítima;908;BR-381/MG;Norte;Colisão Traseira;2;2;2;;;;1
06/10/2018;10:09:00;169;com vítima;925,1;BR-381/MG;Norte;Tombamento;1;1;1;1;;;2
06/10/2018;20:02:00;359;sem vítima;833,5;BR-381/MG;Norte;Choque - Suporte de Sinalização;1;1;;;;;1
07/10/2018;00:28:00;27;com vítima;720,8;BR-381/MG;Norte;Tombamento;1;0;;1;1;;2
07/10/2018;13:25:00;193;sem vítima;494;BR-381/MG;Sul;Choque - Defensa, barreira ou "submarino";1;1;;;;;1
08/10/2018;13:02:00;239;sem vítima;940,8;BR-381/MG;Norte;Tombamento;1;1;;;;;1
08/10/2018;20:38:00;420;sem vítima;922,5;BR-381/MG;Sul;Choque - Defensa, barreira ou "submarino";1;1;;;;;1
09/10/2018;00:01:00;16;sem vítima;657,4;BR-381/MG;Norte;Colisão Traseira;2;2;;;;;1
09/10/2018;02:13:00;46;com vítima;813,2;BR-381/MG;Sul;Capotamento;1;0;1;;;;1
09/10/2018;02:23:00;51;sem vítima;813,2;BR-381/MG;Sul;Tombamento;1;1;;;;;1
09/10/2018;03:33:00;60;sem vítima;832;BR-381/MG;Norte;Tombamento;1;1;;;;;1
09/10/2018;04:12:00;68;sem vítima;832;BR-381/MG;Norte;Tombamento;1;1;;;;;1
09/10/2018;04:27:00;71;sem vítima;832;BR-381/MG;Norte;Outros;1;1;;;;;1
09/10/2018;06:18:00;94;sem vítima;86,2;BR-381/SP;Sul;Colisão Traseira;1;2;;;;;1
09/10/2018;11:53:00;217;sem vítima;608;BR-381/MG;Norte;Colisão Lateral;2;2;;;;;1
09/10/2018;12:52:00;232;sem vítima;857;BR-381/MG;Sul;Colisão Traseira;2;2;;;;;1
10/10/2018;09:38:00;172;sem vítima;684;BR-381/MG;Sul;Choque - Elemento de Drenagem;1;2;;;;;1
10/10/2018;09:48:00;181;sem vítima;18;BR-381/SP;Sul;Colisão Lateral;2;3;;;;;1
10/10/2018;09:51:00;182;sem vítima;948,4;BR-381/MG;Norte;Colisão Lateral;2;2;;;;;1
10/10/2018;12:54:00;264;sem vítima;654,2;BR-381/MG;Sul;Tombamento;1;1;;;;;1
10/10/2018;16:54:00;363;sem vítima;3;BR-381/MG-CONT;Norte;Choque - Elemento de Drenagem;1;1;;;;;1
10/10/2018;17:08:00;368;com vítima;541;BR-381/MG;Norte;Colisão Traseira;2;1;;1;;;2
11/10/2018;02:41:00;56;com vítima;674,4;BR-381/MG;Norte;Engavetamento;3;6;5;;;;1
11/10/2018;09:29:00;153;sem vítima;481,5;BR-381/MG;Sul;Colisão Lateral;1;2;;;;;1
11/10/2018;11:40:00;209;sem vítima;81,8;BR-381/SP;Sul;Colisão Traseira;2;2;;;;;1
11/10/2018;11:53:00;219;sem vítima;636;BR-381/MG;Sul;Choque - Defensa, barreira ou "submarino";1;1;;;;;1
11/10/2018;12:31:00;236;com vítima;505,4;BR-381/MG;Sul;Tombamento;1;0;2;;;;1
11/10/2018;16:50:00;369;sem vítima;667;BR-381/MG;Sul;Choque - Defensa, barreira ou "submarino";1;1;;;;;1
11/10/2018;20:11:00;472;sem vítima;536;BR-381/MG;Sul;Tombamento;1;1;;;;;1
11/10/2018;22:09:00;525;sem vítima;657,4;BR-381/MG;Sul;Colisão Traseira;1;2;;;;;1
12/10/2018;00:53:00;43;sem vítima;863,5;BR-381/MG;Sul;Colisão Lateral;1;2;;;;;1
12/10/2018;05:07:00;94;sem vítima;586;BR-381/MG;Norte;Colisão Lateral;1;2;;;;;1
12/10/2018;05:29:00;100;sem vítima;711;BR-381/MG;Sul;Choque - Defensa, barreira ou "submarino";1;1;;;;;1
12/10/2018;07:35:00;142;com vítima;814,5;BR-381/MG;Sul;Colisão Traseira;1;1;;;2;;2
12/10/2018;20:37:00;439;sem vítima;674,8;BR-381/MG;Norte;Atropelamento de Animal;1;1;;;;;1
13/10/2018;02:10:00;35;sem vítima;809,5;BR-381/MG;Sul;Choque - Elemento de Drenagem;1;1;;;;;1
13/10/2018;03:25:00;40;com vítima;842,4;BR-381/MG;Norte;Tombamento;1;0;1;;;;1
13/10/2018;07:55:00;75;sem vítima;673,9;BR-381/MG;Norte;Colisão Traseira;2;2;;;;;1
13/10/2018;14:20:00;187;sem vítima;525;BR-381/MG;Sul;Colisão Traseira;2;5;;;;;1
13/10/2018;15:34:00;219;com vítima;12,1;BR-381/SP;Sul;Choque - Defensa, barreira ou "submarino";1;1;1;;;;1
13/10/2018;15:44:00;225;sem vítima;842,4;BR-381/MG;Sul;Colisão Lateral;1;2;;;;;1
13/10/2018;18:40:00;305;sem vítima;537,1;BR-381/MG;Sul;Tombamento;1;1;;;;;1
14/10/2018;02:22:00;40;sem vítima;495,3;BR-381/MG;Norte;Colisão Traseira;1;3;;;;;1
14/10/2018;05:43:00;59;sem vítima;559,2;BR-381/MG;Sul;Colisão Traseira;1;2;;;;;1
14/10/2018;14:24:00;226;sem vítima;856;BR-381/MG;Norte;Colisão Lateral;1;2;;;;;1
14/10/2018;14:52:00;238;com vítima;886,3;BR-381/MG;Norte;Choque - Defensa, barreira ou "submarino";1;0;;1;;;2
14/10/2018;17:26:00;313;com vítima;752;BR-381/MG;Sul;Colisão Lateral;1;2;1;;;;1
15/10/2018;02:48:00;55;sem vítima;618,1;BR-381/MG;Norte;Colisão Traseira;2;2;;;;;1
15/10/2018;07:39:00;122;sem vítima;908,5;BR-381/MG;Sul;Colisão Traseira;1;2;;;;;1
15/10/2018;08:14:00;136;sem vítima;881;BR-381/MG;Norte;Colisão Traseira;1;4;;;;;1
15/10/2018;13:11:00;251;sem vítima;65,5;BR-381/SP;Norte;Choque - Suporte de Sinalização;1;1;;;;;1
15/10/2018;14:02:00;262;sem vítima;618;BR-381/MG;Sul;Choque - Talude;1;1;;;;;1
15/10/2018;14:14:00;269;sem vítima;523;BR-381/MG;Sul;Choque - Defensa, barreira ou "submarino";1;1;;;;;1
15/10/2018;15:21:00;297;com vítima;0,5;BR-381/SP;Norte;Choque - Outros;1;0;1;;;;1
15/10/2018;18:48:00;376;sem vítima;517;BR-381/MG;Norte;Choque - Arvore;1;1;;;;;1
15/10/2018;20:16:00;405;sem vítima;949,5;BR-381/MG;Norte;Colisão Traseira;1;2;;;;;1
16/10/2018;09:21:00;161;sem vítima;888,5;BR-381/MG;Norte;Choque - Elemento de Drenagem;1;1;;;;;1
16/10/2018;10:36:00;198;sem vítima;572;BR-381/MG;Norte;Choque - Poste;1;1;;;;;1
16/10/2018;12:53:00;237;sem vítima;756,1;BR-381/MG;Norte;Choque - Veiculo parado no acostamento;1;2;;;;;1
16/10/2018;14:00:00;261;com vítima;40;BR-381/SP;Norte;Colisão Lateral;1;1;;1;;;2
17/10/2018;05:44:00;82;com vítima;726,8;BR-381/MG;Norte;Tombamento;1;0;1;;;;1
17/10/2018;06:33:00;100;sem vítima;561;BR-381/MG;Sul;Tombamento;1;2;;;;;1
17/10/2018;11:07:00;211;sem vítima;7,5;BR-381/SP;Sul;Colisão Traseira;1;2;;;;;1
17/10/2018;13:54:00;278;sem vítima;22,6;BR-381/SP;Norte;Engavetamento;1;3;;;;;1
17/10/2018;14:36:00;292;sem vítima;18,2;BR-381/SP;Norte;Tombamento;1;1;;;;;1
17/10/2018;17:30:00;371;com vítima;487,4;BR-381/MG;Sul;Colisão Traseira;1;1;1;;;;1
17/10/2018;18:02:00;387;sem vítima;859;BR-381/MG;Norte;Colisão Lateral;1;2;;;;;1
17/10/2018;19:23:00;415;sem vítima;21;BR-381/SP;Norte;Engavetamento;1;7;;;;;1
18/10/2018;03:41:00;62;sem vítima;783,9;BR-381/MG;Norte;Colisão Lateral;2;3;;;;;1
18/10/2018;07:16:00;105;sem vítima;691;BR-381/MG;Norte;Colisão Traseira;1;2;;;;;1
18/10/2018;08:10:00;123;sem vítima;515;BR-381/MG;Norte;Colisão Lateral;3;3;;;;;1
18/10/2018;09:41:00;157;sem vítima;752,3;BR-381/MG;Norte;Colisão Lateral;1;2;;;;;1
18/10/2018;11:02:00;195;sem vítima;541;BR-381/MG;Norte;Colisão Lateral;1;2;;;;;1
18/10/2018;20:55:00;430;com vítima;554,7;BR-381/MG;Norte;Atropelamento - Andarilho;1;2;;;;1;3
18/10/2018;22:46:00;457;sem vítima;61;BR-381/SP;Sul;Choque - Talude;1;1;;;;;1
18/10/2018;23:22:00;464;com vítima;632,5;BR-381/MG;Norte;Colisão Traseira;2;0;2;;;;1
19/10/2018;05:33:00;61;com vítima;720,2;BR-381/MG;Sul;Tombamento;1;1;1;;;;1
19/10/2018;06:26:00;70;sem vítima;5,1;BR-381/MG-CONT;Norte;Choque - Suporte de Sinalização;1;1;;;;;1
19/10/2018;10:34:00;188;sem vítima;521;BR-381/MG;Norte;Colisão Lateral;1;4;;;;;1
19/10/2018;14:06:00;252;com vítima;526,4;BR-381/MG;Norte;Tombamento;1;0;1;;;;1
19/10/2018;16:23:00;322;sem vítima;882;BR-381/MG;Norte;Colisão Traseira;2;2;;;;;1
19/10/2018;21:37:00;444;sem vítima;772,8;BR-381/MG;Norte;Colisão Lateral;1;2;;;;;1
19/10/2018;22:49:00;467;sem vítima;13,3;BR-381/SP;Sul;Colisão Traseira;2;3;;;;;1
19/10/2018;23:54:00;482;sem vítima;735;BR-381/MG;Norte;Colisão Traseira;2;2;;;;;1
20/10/2018;00:47:00;31;com vítima;485;BR-381/MG;Norte;Colisão Traseira;2;1;;1;;;2
20/10/2018;05:30:00;70;sem vítima;70,4;BR-381/SP;Norte;Colisão Traseira;1;2;;;;;1
20/10/2018;06:35:00;90;sem vítima;546;BR-381/MG;Norte;Colisão Lateral;2;2;;;;;1
20/10/2018;20:50:00;356;com vítima;853;BR-381/MG;Norte;Colisão Traseira;2;1;1;;;;1
20/10/2018;22:55:00;385;sem vítima;830,7;BR-381/MG;Sul;Choque - Elemento de Drenagem;1;1;;;;;1
21/10/2018;01:53:00;38;com vítima;580,7;BR-381/MG;Sul;Colisão Traseira;2;6;2;;;;1
21/10/2018;03:39:00;43;com vítima;86;BR-381/SP;Norte;Tombamento;1;2;1;;;;1
21/10/2018;17:29:00;257;sem vítima;646,3;BR-381/MG;Norte;Colisão Lateral;1;3;;;;;1
22/10/2018;04:49:00;56;sem vítima;792;BR-381/MG;Sul;Tombamento;1;1;;;;;1
22/10/2018;12:58:00;217;sem vítima;900,8;BR-381/MG;Norte;Colisão Traseira;2;2;;;;;1
22/10/2018;17:40:00;314;sem vítima;701,4;BR-381/MG;Norte;Colisão Traseira;2;3;;;;;1
22/10/2018;19:51:00;373;sem vítima;922;BR-381/MG;Sul;Tombamento;1;1;;;;;1
22/10/2018;23:22:00;434;sem vítima;835,3;BR-381/MG;Sul;Colisão Traseira;1;2;;;;;1
23/10/2018;01:43:00;45;sem vítima;874;BR-381/MG;Sul;Choque - Defensa, barreira ou "submarino";1;1;;;;;1
23/10/2018;05:42:00;79;com vítima;526,7;BR-381/MG;Norte;Tombamento;1;0;2;1;;;2
23/10/2018;11:30:00;204;com vítima;585;BR-381/MG;Norte;Tombamento;1;0;1;;;;1
23/10/2018;15:24:00;293;sem vítima;699,8;BR-381/MG;Norte;Colisão Lateral;1;4;;;;;1
23/10/2018;17:36:00;342;sem vítima;492,2;BR-381/MG;Norte;Choque - Defensa, barreira ou "submarino";1;1;;;;;1
24/10/2018;03:31:00;53;sem vítima;872,5;BR-381/MG;Sul;Colisão Traseira;2;2;;;;;1
24/10/2018;08:39:00;123;sem vítima;478;BR-381/MG;Norte;Colisão Lateral;1;2;;;;;1
24/10/2018;10:52:00;188;sem vítima;812,2;BR-381/MG;Sul;Choque - Talude;1;1;;;;;1
24/10/2018;13:32:00;238;sem vítima;502,1;BR-381/MG;Norte;Engavetamento;1;3;;;;;1
24/10/2018;16:52:00;315;com vítima;599;BR-381/MG;Norte;Colisão Frontal;2;0;2;;1;;2
24/10/2018;16:59:00;317;sem vítima;521;BR-381/MG;Sul;Choque - Elemento de Drenagem;1;1;;;;;1
24/10/2018;18:07:00;343;sem vítima;521;BR-381/MG;Norte;Choque - Talude;1;1;;;;;1
24/10/2018;19:38:00;366;sem vítima;662;BR-381/MG;Sul;Choque - Defensa, barreira ou "submarino";1;3;;;;;1
24/10/2018;20:04:00;380;com vítima;598;BR-381/MG;Norte;Colisão Traseira;1;1;2;;;;1
24/10/2018;20:24:00;388;sem vítima;521;BR-381/MG;Sul;Choque - Elemento de Drenagem;1;1;;;;;1
24/10/2018;23:48:00;447;sem vítima;911,3;BR-381/MG;Sul;Tombamento;1;1;;;;;1
25/10/2018;02:13:00;66;sem vítima;540;BR-381/MG;Norte;Choque - Defensa, barreira ou "submarino";1;2;;;;;1
25/10/2018;05:18:00;89;sem vítima;880,4;BR-381/MG;Norte;Tombamento;1;1;;;;;1
25/10/2018;06:40:00;107;sem vítima;941,5;BR-381/MG;Sul;Choque - Defensa, barreira ou "submarino";1;1;;;;;1
25/10/2018;06:53:00;112;sem vítima;0,2;BR-381/SP;Sul;Colisão Traseira;2;2;;;;;1
25/10/2018;06:54:00;113;sem vítima;485;BR-381/MG;Norte;Colisão Lateral;1;2;;;;;1
25/10/2018;07:59:00;134;sem vítima;928;BR-381/MG;Sul;Tombamento;1;1;;;;;1
25/10/2018;08:11:00;139;sem vítima;927,3;BR-381/MG;Sul;Engavetamento;1;6;;;;;1
25/10/2018;08:11:00;140;sem vítima;927,3;BR-381/MG;Sul;Colisão Traseira;2;2;;;;;1
25/10/2018;08:14:00;141;com vítima;525,5;BR-381/MG;Sul;Engavetamento;2;2;3;;;;1
25/10/2018;12:12:00;233;sem vítima;579;BR-381/MG;Norte;Colisão Traseira;2;2;;;;;1
25/10/2018;15:45:00;308;sem vítima;872,7;BR-381/MG;Sul;Choque - Defensa, barreira ou "submarino";1;1;;;;;1
25/10/2018;16:45:00;336;sem vítima;61;BR-381/SP;Norte;Choque - Defensa, barreira ou "submarino";1;1;;;;;1
25/10/2018;19:43:00;399;sem vítima;560;BR-381/MG;Sul;Colisão Lateral;1;2;;;;;1
26/10/2018;01:14:00;52;sem vítima;745;BR-381/MG;Sul;Choque - Defensa, barreira ou "submarino";1;1;;;;;1
26/10/2018;17:40:00;366;sem vítima;486,5;BR-381/MG;Sul;Colisão Lateral;1;2;;;;;1
27/10/2018;00:09:00;27;sem vítima;39,9;BR-381/SP;Norte;Atropelamento de Animal;1;1;;;;;1
27/10/2018;01:27:00;46;com vítima;817,5;BR-381/MG;Norte;Colisão Traseira;2;2;;1;;;2
27/10/2018;02:43:00;64;com vítima;704,4;BR-381/MG;Norte;Capotamento;1;1;1;;;;1
27/10/2018;04:26:00;80;com vítima;670;BR-381/MG;Norte;Capotamento;1;0;;1;;;2
27/10/2018;10:30:00;193;sem vítima;492;BR-381/MG;Norte;Colisão Transversal;1;2;;;;;1
28/10/2018;02:42:00;50;sem vítima;721,8;BR-381/MG;Sul;Choque - Poste;1;1;;;;;1
28/10/2018;08:54:00;109;sem vítima;913;BR-381/MG;Norte;Colisão Lateral;1;2;;;;;1
28/10/2018;10:11:00;133;com vítima;491,6;BR-381/MG;Sul;Colisão Lateral;1;1;2;;;;1
28/10/2018;10:21:00;138;com vítima;46;BR-381/SP;Sul;Colisão Frontal;1;1;;1;;;2
28/10/2018;14:09:00;202;sem vítima;597;BR-381/MG;Norte;Colisão Traseira;1;2;;;;;1
28/10/2018;15:23:00;228;sem vítima;752,4;BR-381/MG;Sul;Colisão Frontal;2;4;;;;;1
29/10/2018;11:11:00;174;com vítima;76,5;BR-381/SP;Sul;Tombamento;1;0;1;;;;1
29/10/2018;15:53:00;265;sem vítima;600;BR-381/MG;Sul;Colisão Traseira;2;2;;;;;1
30/10/2018;04:47:00;67;com vítima;519,7;BR-381/MG;Sul;Colisão Traseira;2;0;2;;1;;2
30/10/2018;07:03:00;98;com vítima;889;BR-381/MG;Sul;Tombamento;1;0;1;;;;1
30/10/2018;18:16:00;345;sem vítima;738;BR-381/MG;Sul;Choque - Elemento de Drenagem;1;1;;;;;1
31/10/2018;05:44:00;67;sem vítima;23,6;BR-381/SP;Norte;Colisão Traseira;2;2;;;;;1
31/10/2018;07:22:00;96;sem vítima;769,3;BR-381/MG;Norte;Colisão Traseira;2;4;;;;;1
31/10/2018;07:49:00;110;sem vítima;66,6;BR-381/SP;Sul;Colisão Traseira;1;2;;;;;1
31/10/2018;12:11:00;200;sem vítima;491;BR-381/MG;Norte;Colisão Lateral;1;2;;;;;1
31/10/2018;13:05:00;218;com vítima;895;BR-381/MG;Sul;Colisão Lateral;1;1;1;;;;1
31/10/2018;19:53:00;378;sem vítima;40;BR-381/SP;Norte;Engavetamento;2;3;;;;;1
01/11/2018;02:54:00;42;sem vítima;532;BR-381/MG;Norte;Choque - Talude;1;1;;;;;1
01/11/2018;06:54:00;71;com vítima;737,3;BR-381/MG;Sul;Tombamento;1;0;1;;;;1
01/11/2018;07:40:00;91;sem vítima;36;BR-381/SP;Sul;Colisão Lateral;2;2;;;;;1
01/11/2018;09:21:00;131;com vítima;480,4;BR-381/MG;Norte;Colisão Lateral;1;2;1;;;;1
01/11/2018;16:02:00;298;sem vítima;852;BR-381/MG;Norte;Capotamento;1;2;;;;;1
01/11/2018;16:14:00;305;sem vítima;852;BR-381/MG;Norte;Colisão Traseira;2;4;;;;;1
01/11/2018;23:07:00;479;com vítima;478,3;BR-381/MG;Sul;Atropelamento - Andarilho;1;1;;;1;;2
02/11/2018;06:41:00;86;sem vítima;35;BR-381/SP;Sul;Colisão Traseira;2;2;;;;;1
02/11/2018;06:51:00;93;sem vítima;848,9;BR-381/MG;Norte;Tombamento;1;1;;;;;1
02/11/2018;11:24:00;193;sem vítima;576,8;BR-381/MG;Norte;Colisão Traseira;1;2;;;;;1
02/11/2018;12:45:00;215;sem vítima;825;BR-381/MG;Sul;Saida de Pista;1;1;;;;;1
02/11/2018;16:14:00;285;sem vítima;597,2;BR-381/MG;Sul;Colisão Traseira;2;2;;;;;1
02/11/2018;17:25:00;320;sem vítima;908;BR-381/MG;Norte;Choque - Defensa, barreira ou "submarino";1;1;;;;;1
02/11/2018;20:36:00;392;sem vítima;486,5;BR-381/MG;Sul;Colisão Traseira;1;2;;;;;1
03/11/2018;04:33:00;46;sem vítima;512;BR-381/MG;Norte;Colisão Traseira;1;2;;;;;1
03/11/2018;13:00:00;149;sem vítima;866,5;BR-381/MG;Sul;Choque - Defensa, barreira ou "submarino";1;1;;;;;1
04/11/2018;00:05:00;16;sem vítima;526,7;BR-381/MG;Sul;Tombamento;1;1;;;;;1
04/11/2018;01:27:00;18;sem vítima;812,4;BR-381/MG;Sul;Colisão Lateral;2;2;;;;;1
04/11/2018;03:01:00;29;com vítima;561,1;BR-381/MG;Sul;Choque - Defensa, barreira ou "submarino";1;0;1;;;;1
04/11/2018;10:11:00;101;sem vítima;40,8;BR-381/SP;Norte;Colisão Traseira;1;2;;;;;1
05/11/2018;03:27:00;51;com vítima;927,3;BR-381/MG;Sul;Atropelamento - Outros;1;1;1;;;;1
05/11/2018;05:02:00;57;sem vítima;710,2;BR-381/MG;Sul;Tombamento;1;1;;;;;1
05/11/2018;15:18:00;269;com vítima;78,3;BR-381/SP;Sul;Tombamento;2;1;1;;;;1
05/11/2018;16:03:00;281;sem vítima;10,2;BR-381/SP;Sul;Colisão Traseira;1;3;;;;;1
05/11/2018;16:55:00;303;com vítima;491;BR-381/MG;Norte;Colisão Traseira;1;1;1;;;;1
05/11/2018;21:06:00;382;sem vítima;0,5;BR-381/MG-CONT;Norte;Choque - Defensa, barreira ou "submarino";1;1;;;;;1
06/11/2018;09:53:00;135;com vítima;709;BR-381/MG;Sul;Tombamento;1;2;1;;;;1
06/11/2018;11:47:00;172;sem vítima;62;BR-381/SP;Sul;Colisão Traseira;1;2;;;;;1
06/11/2018;14:14:00;218;sem vítima;64;BR-381/SP;Sul;Colisão Lateral;1;2;;;;;1
06/11/2018;15:13:00;240;sem vítima;86;BR-381/SP;Sul;Colisão Traseira;1;2;;;;;1
06/11/2018;17:05:00;281;sem vítima;63;BR-381/SP;Sul;Colisão Traseira;1;2;;;;;1
06/11/2018;17:19:00;288;com vítima;521,1;BR-381/MG;Norte;Colisão Traseira;2;1;;;;1;3
06/11/2018;19:36:00;329;sem vítima;485;BR-381/MG;Sul;Colisão Lateral;1;2;;;;;1
06/11/2018;20:14:00;342;sem vítima;686,8;BR-381/MG;Sul;Capotamento;1;1;;;;;1
07/11/2018;03:06:00;60;com vítima;921;BR-381/MG;Sul;Colisão Traseira;1;2;1;;;;1
07/11/2018;05:18:00;82;sem vítima;595,5;BR-381/MG;Norte;Colisão Traseira;2;2;;;;;1
07/11/2018;13:34:00;251;com vítima;585,4;BR-381/MG;Norte;Choque - Elemento de Drenagem;1;0;1;;;;1
07/11/2018;13:57:00;262;sem vítima;942;BR-381/MG;Norte;Choque - Defensa, barreira ou "submarino";1;1;;;;;1
07/11/2018;14:48:00;275;sem vítima;938,4;BR-381/MG;Sul;Capotamento;1;1;;;;;1
08/11/2018;03:50:00;56;sem vítima;705,4;BR-381/MG;Norte;Choque - Defensa, barreira ou "submarino";1;1;;;;;1
08/11/2018;05:44:00;68;sem vítima;54,3;BR-381/SP;Norte;Choque - Defensa, barreira ou "submarino";1;1;;;;;1
08/11/2018;06:35:00;76;sem vítima;485;BR-381/MG;Sul;Choque - Defensa, barreira ou "submarino";1;1;;;;;1
08/11/2018;07:11:00;89;com vítima;900,8;BR-381/MG;Norte;Choque - Defensa, barreira ou "submarino";1;1;1;;;;1
08/11/2018;09:30:00;135;sem vítima;727,4;BR-381/MG;Norte;Colisão Traseira;1;2;;;;;1
08/11/2018;10:27:00;157;com vítima;13;BR-381/SP;Norte;Colisão Traseira;1;1;;;1;;2
08/11/2018;16:22:00;262;sem vítima;819;BR-381/MG;Norte;Colisão Traseira;2;3;;;;;1
08/11/2018;17:22:00;285;sem vítima;68;BR-381/SP;Norte;Choque - Talude;1;1;;;;;1
08/11/2018;17:24:00;286;com vítima;75;BR-381/SP;Norte;Tombamento;1;0;1;;;;1
08/11/2018;23:37:00;379;sem vítima;600,4;BR-381/MG;Sul;Colisão Traseira;2;2;;;;;1
09/11/2018;01:51:00;51;com vítima;869,3;BR-381/MG;Sul;Capotamento;1;0;1;;;;1
09/11/2018;05:52:00;80;com vítima;566,8;BR-381/MG;Sul;Tombamento;1;0;1;;;;1
09/11/2018;13:42:00;249;sem vítima;528,9;BR-381/MG;Norte;Choque - Defensa, barreira ou "submarino";1;1;;;;;1
09/11/2018;15:16:00;286;sem vítima;900,8;BR-381/MG;Norte;Colisão Traseira;1;2;;;;;1
09/11/2018;23:07:00;492;sem vítima;929;BR-381/MG;Norte;Choque - Defensa, barreira ou "submarino";1;1;;;;;1
10/11/2018;22:29:00;406;sem vítima;900,88;BR-381/MG;Norte;Colisão Traseira;1;2;;;;;1
11/11/2018;23:10:00;367;com vítima;525,5;BR-381/MG;Sul;Colisão Traseira;2;1;1;;;;1
12/11/2018;01:33:00;39;sem vítima;768,5;BR-381/MG;Sul;Tombamento;1;1;;;;;1
12/11/2018;13:29:00;251;sem vítima;623,8;BR-381/MG;Norte;Colisão Traseira;1;2;;;;;1
12/11/2018;16:15:00;324;sem vítima;816;BR-381/MG;Norte;Colisão Lateral;1;2;;;;;1
13/11/2018;00:19:00;29;com vítima;736,9;BR-381/MG;Norte;Colisão Traseira;2;1;1;;;;1
13/11/2018;00:33:00;31;sem vítima;900,8;BR-381/MG;Norte;Colisão Traseira;2;2;;;;;1
13/11/2018;05:06:00;58;sem vítima;759,3;BR-381/MG;Sul;Capotamento;1;2;;;;;1
13/11/2018;10:15:00;161;sem vítima;811;BR-381/MG;Norte;Choque - Defensa, barreira ou "submarino";1;1;;;;;1
13/11/2018;15:12:00;265;sem vítima;666,3;BR-381/MG;Norte;Colisão Traseira;2;2;;;;;1
13/11/2018;15:33:00;282;sem vítima;73,5;BR-381/SP;Norte;Tombamento;1;1;;;;;1
13/11/2018;16:55:00;318;sem vítima;667,1;BR-381/MG;Norte;Engavetamento;4;12;;;;;1
14/11/2018;15:35:00;289;sem vítima;7,57;BR-381/SP;Sul;Colisão Traseira;1;2;;;;;1
14/11/2018;19:27:00;414;sem vítima;86;BR-381/SP;Sul;Colisão Traseira;1;2;;;;;1
14/11/2018;20:43:00;450;com vítima;85,9;BR-381/SP;Norte;Atropelamento - Andarilho;1;1;;;1;;2
14/11/2018;21:19:00;462;com vítima;920;BR-381/MG;Norte;Colisão Traseira;1;1;1;;;;1
15/11/2018;07:40:00;96;sem vítima;658,25;BR-381/MG;Sul;Choque - Defensa, barreira ou "submarino";1;1;;;;;1
16/11/2018;14:03:00;205;sem vítima;528;BR-381/MG;Sul;Choque - Defensa, barreira ou "submarino";1;1;;;;;1
16/11/2018;21:39:00;341;sem vítima;727,5;BR-381/MG;Sul;Capotamento;1;1;;;;;1
17/11/2018;12:11:00;169;com vítima;728,2;BR-381/MG;Norte;Colisão Traseira;1;2;2;;;;1
18/11/2018;03:49:00;48;sem vítima;919,1;BR-381/MG;Sul;Colisão Traseira;2;2;;;;;1
18/11/2018;17:56:00;295;com vítima;811,9;BR-381/MG;Sul;Engavetamento;1;9;1;;;;1
19/11/2018;03:29:00;52;sem vítima;745,3;BR-381/MG;Sul;Choque - Suporte de Sinalização;1;1;;;;;1
19/11/2018;06:22:00;71;com vítima;50;BR-381/SP;Norte;Colisão Lateral;1;2;1;;;;1
19/11/2018;11:25:00;208;sem vítima;516,3;BR-381/MG;Sul;Colisão Lateral;2;2;;;;;1
19/11/2018;11:26:00;211;sem vítima;704;BR-381/MG;Sul;Choque - Defensa, barreira ou "submarino";1;1;;;;;1
19/11/2018;14:49:00;304;sem vítima;939;BR-381/MG;Norte;Colisão Traseira;1;2;;;;;1
19/11/2018;15:36:00;316;sem vítima;687;BR-381/MG;Norte;Choque - Defensa, barreira ou "submarino";1;1;;;;;1
19/11/2018;17:59:00;378;sem vítima;481;BR-381/MG;Sul;Engavetamento;1;4;;;;;1
19/11/2018;19:32:00;413;sem vítima;485;BR-381/MG;Norte;Tombamento;1;2;;;;;1