data;horario;n_da_ocorrencia;tipo_de_ocorrencia;km;trecho;sentido;tipo_de_acidente;caminhao;ilesos;levemente_feridos;moderadamente_feridos;gravemente_feridos;mortos;3
25/12/2018;17:28:00;212;sem vítima;598;BR-381/MG;Sul;Colisão Lateral;1;3;;;;;1
25/12/2018;19:14:00;258;sem vítima;525,5;BR-381/MG;Sul;Tombamento;2;2;;;;;1
26/12/2018;03:06:00;42;com vítima;482,8;BR-381/MG;Norte;Colisão Traseira;1;1;1;;;;1
26/12/2018;05:54:00;52;sem vítima;544;BR-381/MG;Sul;Choque - Defensa, barreira ou "submarino";1;1;;;;;1
26/12/2018;13:31:00;240;sem vítima;907;BR-381/MG;Norte;Choque - Suporte de Sinalização;1;1;;;;;1
26/12/2018;13:43:00;245;sem vítima;908,2;BR-381/MG;Norte;Colisão Traseira;1;2;;;;;1
26/12/2018;14:54:00;272;sem vítima;761;BR-381/MG;Sul;Choque - Defensa, barreira ou "submarino";1;2;;;;;1
26/12/2018;21:02:00;396;com vítima;489,3;BR-381/MG;Sul;Engavetamento;2;3;2;;;;1
26/12/2018;23:21:00;428;sem vítima;68;BR-381/SP;Norte;Colisão Traseira;1;2;;;;;1
26/12/2018;23:55:00;439;com vítima;483;BR-381/MG;Norte;Colisão Traseira;1;2;1;;;;1
27/12/2018;00:20:00;24;sem vítima;628,5;BR-381/MG;Sul;Colisão Traseira;2;2;;;;;1
27/12/2018;07:04:00;77;sem vítima;77,3;BR-381/SP;Sul;Colisão Traseira;2;2;;;;;1
27/12/2018;13:39:00;236;com vítima;494,5;BR-381/MG;Sul;Colisão Lateral;1;2;2;;;;1
27/12/2018;17:26:00;328;com vítima;690;BR-381/MG;Sul;Atropelamento - Usuário;1;1;1;;;;1
28/12/2018;07:22:00;70;sem vítima;516,5;BR-381/MG;Norte;Choque - Talude;1;1;;;;;1
28/12/2018;11:51:00;185;sem vítima;80;BR-381/SP;Norte;Colisão Lateral;1;2;;;;;1
28/12/2018;16:17:00;302;com vítima;905,6;BR-381/MG;Norte;Colisão Traseira;2;6;1;;;;1
28/12/2018;18:28:00;380;sem vítima;480;BR-381/MG;Norte;Engavetamento;1;4;;;;;1
28/12/2018;21:15:00;457;com vítima;480,5;BR-381/MG;Sul;Colisão Traseira;1;1;1;;;;1
29/12/2018;18:49:00;398;sem vítima;7,5;BR-381/SP;Norte;Engavetamento;1;3;;;;;1
29/12/2018;22:32:00;466;sem vítima;81,8;BR-381/SP;Sul;Colisão Traseira;1;2;;;;;1
30/12/2018;10:16:00;115;sem vítima;726,8;BR-381/MG;Norte;Choque - Suporte de Sinalização;1;1;;;;;1
30/12/2018;13:24:00;180;com vítima;904,9;BR-381/MG;Norte;Colisão Traseira;1;1;1;;;;1
31/12/2018;13:20:00;122;com vítima;676;BR-381/MG;Sul;Colisão Traseira;1;1;1;;;;1
31/12/2018;17:06:00;190;sem vítima;54;BR-381/SP;Norte;Colisão Lateral;1;2;;;;;1
01/01/2019;12:40:00;125;sem vítima;936;BR-381/MG;Sul;Choque - Defensa, barreira ou "submarino";1;1;;;;;1
02/01/2019;06:04:00;57;sem vítima;22;BR-381/SP;Norte;Colisão Traseira;1;2;;;;;1
02/01/2019;09:14:00;127;sem vítima;900,8;BR-381/MG;Sul;Colisão Traseira;1;2;;;;;1
02/01/2019;10:15:00;167;sem vítima;69,8;BR-381/SP;Sul;Colisão Lateral;1;2;;;;;1
02/01/2019;18:56:00;410;com vítima;528;BR-381/MG;Sul;Tombamento;1;0;2;1;;;2
02/01/2019;20:57:00;447;sem vítima;7,7;BR-381/SP;Sul;Colisão Traseira;1;2;;;;;1
03/01/2019;05:31:00;66;com vítima;0,5;BR-381/SP;Sul;Colisão Traseira;1;1;7;;;;1
03/01/2019;13:51:00;229;com vítima;490;BR-381/MG;Sul;Engavetamento;1;2;;2;;;2
03/01/2019;16:29:00;280;sem vítima;491;BR-381/MG;Sul;Colisão Traseira;1;2;;;;;1
03/01/2019;16:39:00;285;sem vítima;908;BR-381/MG;Norte;Outros;1;1;;;;;1
03/01/2019;19:12:00;343;sem vítima;65;BR-381/SP;Sul;Colisão Traseira;1;2;;;;;1
03/01/2019;21:28:00;382;sem vítima;665,8;BR-381/MG;Norte;Choque - Defensa, barreira ou "submarino";1;1;;;;;1
04/01/2019;06:55:00;80;com vítima;946,8;BR-381/MG;Norte;Atropelamento - Morador;1;2;;;;1;3
04/01/2019;08:52:00;126;sem vítima;504;BR-381/MG;Norte;Colisão Lateral;1;2;;;;;1
04/01/2019;13:04:00;222;sem vítima;737,4;BR-381/MG;Sul;Choque - Defensa, barreira ou "submarino";1;1;;;;;1
04/01/2019;16:10:00;306;sem vítima;489;BR-381/MG;Sul;Engavetamento;1;3;;;;;1
04/01/2019;16:45:00;329;sem vítima;52;BR-381/SP;Sul;Tombamento;1;1;;;;;1
05/01/2019;02:49:00;46;sem vítima;689,7;BR-381/MG;Sul;Choque - Defensa, barreira ou "submarino";1;1;;;;;1
05/01/2019;17:39:00;297;sem vítima;844;BR-381/MG;Sul;Choque - Defensa, barreira ou "submarino";1;2;;;;;1
06/01/2019;04:56:00;53;sem vítima;744,2;BR-381/MG;Norte;Tombamento;1;1;;;;;1
06/01/2019;05:46:00;60;sem vítima;517;BR-381/MG;Sul;Colisão Traseira;1;2;;;;;1
06/01/2019;08:37:00;92;com vítima;796,5;BR-381/MG;Sul;Colisão Lateral;1;2;1;;;;1
06/01/2019;16:46:00;262;sem vítima;778,9;BR-381/MG;Sul;Colisão Lateral;1;5;;;;;1
06/01/2019;19:20:00;322;sem vítima;490;BR-381/MG;Sul;Choque - Poste;1;1;;;;;1
07/01/2019;04:17:00;47;sem vítima;900,8;BR-381/MG;Sul;Colisão Traseira;1;2;;;;;1
07/01/2019;08:42:00;92;sem vítima;514,9;BR-381/MG;Sul;Colisão Traseira;1;2;;;;;1
07/01/2019;14:40:00;246;sem vítima;492;BR-381/MG;Norte;Colisão Traseira;1;4;;;;;1
07/01/2019;15:55:00;289;sem vítima;526,6;BR-381/MG;Sul;Colisão Lateral;1;6;;;;;1
07/01/2019;18:29:00;362;com vítima;525,5;BR-381/MG;Sul;Engavetamento;3;2;1;;;;1
07/01/2019;23:30:00;455;sem vítima;84;BR-381/SP;Norte;Colisão Lateral;1;2;;;;;1
08/01/2019;00:32:00;26;com vítima;904;BR-381/MG;Norte;Atropelamento - Usuário;1;2;;;1;;2
08/01/2019;01:21:00;42;com vítima;597,5;BR-381/MG;Sul;Colisão Traseira;1;9;3;;;1;3
08/01/2019;06:52:00;84;com vítima;58,6;BR-381/SP;Sul;Colisão Traseira;2;1;1;;;;1
08/01/2019;09:37:00;148;sem vítima;545;BR-381/MG;Norte;Engavetamento;1;7;;;;;1
08/01/2019;16:51:00;360;sem vítima;862,7;BR-381/MG;Sul;Tombamento;3;3;;;;;1
08/01/2019;17:10:00;366;sem vítima;900,88;BR-381/MG;Norte;Colisão Traseira;1;2;;;;;1
08/01/2019;19:12:00;415;sem vítima;60,9;BR-381/SP;Sul;Colisão Lateral;1;2;;;;;1
08/01/2019;19:58:00;444;sem vítima;61,9;BR-381/SP;Sul;Engavetamento;1;3;;;;;1
09/01/2019;07:55:00;98;sem vítima;858,5;BR-381/MG;Sul;Colisão Traseira;1;3;;;;;1
09/01/2019;13:21:00;215;com vítima;58,8;BR-381/SP;Sul;Colisão Traseira;1;2;1;;;;1
09/01/2019;18:01:00;345;com vítima;889;BR-381/MG;Norte;Tombamento;1;0;;1;;;2
09/01/2019;18:23:00;347;sem vítima;946;BR-381/MG;Sul;Tombamento;1;1;;;;;1
09/01/2019;22:35:00;433;sem vítima;491,7;BR-381/MG;Norte;Colisão Lateral;1;2;;;;;1
10/01/2019;13:26:00;220;sem vítima;13,2;BR-381/SP;Sul;Colisão Traseira;2;2;;;;;1
10/01/2019;17:09:00;324;sem vítima;39,5;BR-381/SP;Sul;Colisão Lateral;1;2;;;;;1
10/01/2019;19:45:00;386;sem vítima;795;BR-381/MG;Sul;Tombamento;1;1;;;;;1
11/01/2019;07:20:00;96;com vítima;686;BR-381/MG;Sul;Colisão Traseira;1;2;2;;;;1
11/01/2019;14:19:00;267;sem vítima;1,1;BR-381/SP;Norte;Colisão Traseira;2;2;;;;;1
11/01/2019;19:44:00;425;sem vítima;63,6;BR-381/SP;Sul;Engavetamento;3;3;;;;;1
12/01/2019;04:40:00;67;sem vítima;490,9;BR-381/MG;Norte;Colisão Lateral;1;2;;;;;1
12/01/2019;06:34:00;84;sem vítima;947,2;BR-381/MG;Norte;Colisão Traseira;1;2;;;;;1
12/01/2019;09:10:00;130;sem vítima;668,5;BR-381/MG;Sul;Choque - Defensa, barreira ou "submarino";1;1;;;;;1
12/01/2019;16:02:00;274;sem vítima;83;BR-381/SP;Norte;Colisão Traseira;1;2;;;;;1
12/01/2019;21:48:00;422;sem vítima;66,6;BR-381/SP;Sul;Colisão Traseira;1;2;;;;;1
13/01/2019;00:41:00;28;sem vítima;937;BR-381/MG;Sul;Choque - Defensa, barreira ou "submarino";1;1;;;;;1
13/01/2019;14:50:00;191;sem vítima;595;BR-381/MG;Sul;Colisão Traseira;2;2;;;;;1
13/01/2019;16:37:00;250;com vítima;760,1;BR-381/MG;Sul;Colisão Lateral;1;4;1;;;;1
14/01/2019;08:20:00;103;com vítima;495;BR-381/MG;Norte;Colisão Lateral;1;1;1;;;;1
14/01/2019;10:59:00;161;com vítima;514;BR-381/MG;Norte;Colisão Traseira;2;1;1;;;;1
14/01/2019;12:44:00;190;com vítima;32,9;BR-381/SP;Norte;Colisão Traseira;1;1;;;;1;3
14/01/2019;16:08:00;287;sem vítima;573;BR-381/MG;Sul;Colisão Lateral;1;2;;;;;1
14/01/2019;16:39:00;299;sem vítima;39,3;BR-381/SP;Norte;Colisão Lateral;1;2;;;;;1
14/01/2019;18:04:00;332;com vítima;44,7;BR-381/SP;Norte;Colisão Traseira;1;1;;;1;;2
15/01/2019;01:06:00;32;com vítima;688,8;BR-381/MG;Sul;Colisão Traseira;2;1;1;;;;1
15/01/2019;03:35:00;56;sem vítima;849;BR-381/MG;Norte;Choque - Elemento de Drenagem;1;1;;;;;1
15/01/2019;07:09:00;89;sem vítima;931,4;BR-381/MG;Norte;Tombamento;1;1;;;;;1
15/01/2019;09:09:00;123;sem vítima;478,4;BR-381/MG;Norte;Colisão Lateral;1;2;;;;;1
15/01/2019;09:56:00;143;sem vítima;76;BR-381/SP;Norte;Colisão Lateral;1;2;;;;;1
15/01/2019;13:44:00;226;com vítima;525,5;BR-381/MG;Sul;Tombamento;1;0;1;;;;1
15/01/2019;18:34:00;374;com vítima;757,9;BR-381/MG;Norte;Choque - Defensa, barreira ou "submarino";1;0;1;;;;1
15/01/2019;22:10:00;432;com vítima;715,5;BR-381/MG;Sul;Tombamento;1;1;1;;;;1
16/01/2019;15:53:00;298;sem vítima;900,88;BR-381/MG;Norte;Colisão Traseira;1;2;;;;;1
16/01/2019;17:35:00;371;sem vítima;737,3;BR-381/MG;Sul;Choque - Defensa, barreira ou "submarino";2;2;;;;;1
16/01/2019;21:25:00;452;sem vítima;597;BR-381/MG;Norte;Choque - Defensa, barreira ou "submarino";1;1;;;;;1
16/01/2019;21:57:00;461;com vítima;61;BR-381/SP;Sul;Choque - Talude;1;1;1;;;;1
17/01/2019;01:52:00;35;com vítima;775,8;BR-381/MG;Sul;Choque - Defensa, barreira ou "submarino";1;0;1;;;;1
17/01/2019;23:19:00;495;sem vítima;774;BR-381/MG;Norte;Atropelamento de Animal;1;1;;;;;1
17/01/2019;23:28:00;499;sem vítima;740,05;BR-381/MG;Norte;Choque - Defensa, barreira ou "submarino";1;1;;;;;1
18/01/2019;01:19:00;21;sem vítima;683,8;BR-381/MG;Norte;Choque - Elemento de Drenagem;1;1;;;;;1
18/01/2019;03:40:00;39;sem vítima;864,4;BR-381/MG;Norte;Choque - Talude;1;1;;;;;1
18/01/2019;15:25:00;277;com vítima;858;BR-381/MG;Norte;Choque - Defensa, barreira ou "submarino";1;0;;1;;;2
18/01/2019;15:36:00;283;sem vítima;792;BR-381/MG;Norte;Choque - Talude;1;1;;;;;1
18/01/2019;16:17:00;295;sem vítima;39;BR-381/SP;Sul;Colisão Traseira;1;3;;;;;1
18/01/2019;17:09:00;326;sem vítima;936;BR-381/MG;Sul;Choque - Defensa, barreira ou "submarino";1;1;;;;;1
18/01/2019;17:50:00;350;sem vítima;39;BR-381/SP;Norte;Colisão Traseira;1;2;;;;;1
18/01/2019;18:51:00;382;com vítima;872,8;BR-381/MG;Sul;Tombamento;1;0;1;1;;;2
19/01/2019;00:52:00;25;com vítima;720,8;BR-381/MG;Norte;Choque - Defensa, barreira ou "submarino";1;0;1;;;;1
19/01/2019;10:27:00;141;com vítima;568,5;BR-381/MG;Sul;Tombamento;1;1;1;;1;;2
20/01/2019;00:25:00;23;com vítima;21;BR-381/SP;Sul;Atropelamento - Usuário;1;3;3;1;;;2
20/01/2019;09:33:00;99;sem vítima;838;BR-381/MG;Sul;Colisão Lateral;1;3;;;;;1
20/01/2019;17:45:00;264;com vítima;946,3;BR-381/MG;Sul;Engavetamento;2;5;1;;1;;2
20/01/2019;18:06:00;272;com vítima;633,5;BR-381/MG;Sul;Colisão Lateral;1;1;1;;;;1
20/01/2019;18:31:00;277;sem vítima;946,3;BR-381/MG;Sul;Colisão Lateral;1;2;;;;;1
21/01/2019;04:12:00;40;sem vítima;731;BR-381/MG;Norte;Tombamento;1;1;;;;;1
21/01/2019;07:04:00;63;sem vítima;492;BR-381/MG;Norte;Colisão Lateral;1;2;;;;;1
21/01/2019;10:00:00;139;com vítima;15,8;BR-381/SP;Sul;Colisão Traseira;1;34;11;;;;1
21/01/2019;11:18:00;170;sem vítima;585;BR-381/MG;Sul;Colisão Traseira;1;4;;;;;1
21/01/2019;12:29:00;199;com vítima;767,3;BR-381/MG;Sul;Engavetamento;4;6;;1;2;;2
21/01/2019;13:16:00;217;sem vítima;925;BR-381/MG;Sul;Colisão Lateral;1;2;;;;;1
21/01/2019;17:00:00;322;sem vítima;936,2;BR-381/MG;Sul;Tombamento;1;1;;;;;1
21/01/2019;23:15:00;444;com vítima;842;BR-381/MG;Sul;Colisão Traseira;1;1;1;;;;1
21/01/2019;23:46:00;447;sem vítima;818;BR-381/MG;Norte;Colisão Traseira;2;2;;;;;1
22/01/2019;01:43:00;22;sem vítima;865;BR-381/MG;Norte;Choque - Defensa, barreira ou "submarino";1;1;;;;;1
22/01/2019;02:01:00;26;sem vítima;886;BR-381/MG;Norte;Choque - Defensa, barreira ou "submarino";1;1;;;;;1
22/01/2019;05:59:00;59;com vítima;28,5;BR-381/SP;Norte;Colisão Traseira;1;2;1;;;;1
22/01/2019;07:49:00;87;sem vítima;488,3;BR-381/MG;Norte;Colisão Traseira;2;2;;;;;1
22/01/2019;12:39:00;199;sem vítima;909;BR-381/MG;Sul;Colisão Traseira;1;2;;;;;1
22/01/2019;16:11:00;280;sem vítima;901;BR-381/MG;Norte;Colisão Traseira;1;6;;;;;1
22/01/2019;17:48:00;332;com vítima;519,7;BR-381/MG;Sul;Colisão Traseira;1;4;1;;;;1
22/01/2019;21:58:00;419;sem vítima;5;BR-381/SP;Sul;Atropelamento de Animal;1;1;;;;;1
22/01/2019;23:41:00;449;sem vítima;597,7;BR-381/MG;Norte;Choque - Defensa, barreira ou "submarino";1;1;;;;;1
23/01/2019;01:58:00;23;sem vítima;588;BR-381/MG;Sul;Tombamento;1;1;;;;;1
23/01/2019;07:00:00;54;sem vítima;491;BR-381/MG;Norte;Colisão Lateral;1;2;;;;;1
23/01/2019;07:13:00;60;sem vítima;906;BR-381/MG;Sul;Colisão Traseira;1;2;;;;;1
23/01/2019;11:26:00;148;sem vítima;12;BR-381/SP;Sul;Choque - Elemento de Drenagem;1;1;;;;;1
23/01/2019;13:06:00;179;sem vítima;514;BR-381/MG;Sul;Choque - Elemento de Drenagem;1;1;;;;;1
23/01/2019;15:55:00;237;com vítima;788;BR-381/MG;Norte;Tombamento;1;0;1;;;;1
23/01/2019;18:03:00;296;sem vítima;71;BR-381/SP;Sul;Choque - Elemento de Drenagem;1;1;;;;;1
23/01/2019;18:10:00;302;sem vítima;722;BR-381/MG;Sul;Choque - Elemento de Drenagem;1;1;;;;;1
23/01/2019;18:32:00;310;sem vítima;72,3;BR-381/SP;Sul;Tombamento;1;1;;;;;1
23/01/2019;21:41:00;372;sem vítima;945,5;BR-381/MG;Sul;Colisão Lateral;1;2;;;;;1
23/01/2019;23:32:00;403;sem vítima;560;BR-381/MG;Sul;Colisão Traseira;2;3;;;;;1
24/01/2019;03:19:00;55;sem vítima;734;BR-381/MG;Sul;Colisão Traseira;2;2;;;;;1
24/01/2019;06:45:00;84;sem vítima;830;BR-381/MG;Norte;Tombamento;1;1;;;;;1
24/01/2019;14:05:00;257;sem vítima;935,9;BR-381/MG;Sul;Choque - Talude;1;1;;;;;1
24/01/2019;14:32:00;273;com vítima;936,2;BR-381/MG;Sul;Engavetamento;4;1;6;;;;1
24/01/2019;18:14:00;369;com vítima;26;BR-381/SP;Sul;Tombamento;1;0;2;;;;1
24/01/2019;19:22:00;399;sem vítima;25;BR-381/SP;Norte;Colisão Traseira;1;2;;;;;1
24/01/2019;19:23:00;400;sem vítima;796;BR-381/MG;Norte;Choque - Defensa, barreira ou "submarino";1;1;;;;;1
24/01/2019;20:03:00;421;com vítima;559;BR-381/MG;Sul;Colisão Lateral;1;1;1;;;;1
24/01/2019;21:08:00;447;com vítima;890,1;BR-381/MG;Norte;Colisão Lateral;1;1;2;;;;1
25/01/2019;00:34:00;21;com vítima;31,6;BR-381/SP;Norte;Colisão Lateral;1;2;;1;;;2
25/01/2019;04:48:00;60;sem vítima;527,8;BR-381/MG;Norte;Tombamento;1;1;;;;;1
25/01/2019;06:06:00;71;sem vítima;10;BR-381/SP;Sul;Colisão Traseira;1;2;;;;;1
25/01/2019;15:11:00;268;sem vítima;484;BR-381/MG;Norte;Colisão Lateral;1;2;;;;;1
25/01/2019;16:19:00;294;sem vítima;70,5;BR-381/SP;Sul;Choque - Defensa, barreira ou "submarino";1;1;;;;;1
25/01/2019;21:23:00;427;sem vítima;477,4;BR-381/MG;Norte;Colisão Traseira;1;2;;;;;1
26/01/2019;13:58:00;216;sem vítima;511,4;BR-381/MG;Norte;Choque - Elemento de Drenagem;1;1;;;;;1
26/01/2019;14:11:00;220;sem vítima;21;BR-381/SP;Norte;Colisão Lateral;1;2;;;;;1
26/01/2019;18:25:00;296;sem vítima;62,5;BR-381/SP;Sul;Engavetamento;1;3;;;;;1
27/01/2019;15:05:00;208;sem vítima;714,8;BR-381/MG;Sul;Colisão Traseira;1;4;;;;;1
27/01/2019;16:01:00;229;com vítima;913,1;BR-381/MG;Sul;Tombamento;1;0;1;;;;1
27/01/2019;22:31:00;354;sem vítima;489,5;BR-381/MG;Sul;Colisão Lateral;1;2;;;;;1
28/01/2019;09:19:00;112;sem vítima;804,7;BR-381/MG;Sul;Colisão Traseira;1;3;;;;;1
28/01/2019;09:44:00;120;sem vítima;680;BR-381/MG;Sul;Choque - Talude;1;1;;;;;1
28/01/2019;14:15:00;206;com vítima;900;BR-381/MG;Sul;Colisão Traseira;1;1;1;;;;1
28/01/2019;17:06:00;289;com vítima;677,5;BR-381/MG;Norte;Tombamento;1;0;1;;;;1
29/01/2019;10:00:00;159;sem vítima;735,5;BR-381/MG;Sul;Choque - Suporte de Sinalização;1;1;;;;;1
29/01/2019;11:48:00;210;com vítima;75,9;BR-381/SP;Sul;Engavetamento;2;0;14;;;;1
29/01/2019;12:32:00;220;sem vítima;863;BR-381/MG;Norte;Choque - Defensa, barreira ou "submarino";1;1;;;;;1
30/01/2019;05:52:00;52;com vítima;882,9;BR-381/MG;Sul;Colisão Traseira;1;1;1;;;;1
30/01/2019;08:24:00;91;com vítima;21,8;BR-381/SP;Sul;Colisão Traseira;1;1;;1;;;2
30/01/2019;13:30:00;213;sem vítima;10;BR-381/SP;Norte;Colisão Traseira;1;2;;;;;1
30/01/2019;15:12:00;268;com vítima;482;BR-381/MG;Norte;Colisão Lateral;1;2;2;;;;1
30/01/2019;16:22:00;296;sem vítima;489;BR-381/MG;Sul;Colisão Lateral;1;2;;;;;1
30/01/2019;16:38:00;310;sem vítima;51;BR-381/SP;Sul;Colisão Lateral;1;2;;;;;1
30/01/2019;19:42:00;396;sem vítima;921;BR-381/MG;Sul;Choque - Defensa, barreira ou "submarino";1;1;;;;;1
31/01/2019;05:30:00;46;com vítima;720,8;BR-381/MG;Norte;Tombamento;1;0;1;;;;1
31/01/2019;10:37:00;141;com vítima;489,1;BR-381/MG;Sul;Engavetamento;1;3;2;;;;1
31/01/2019;22:59:00;432;com vítima;750,5;BR-381/MG;Sul;Choque - Defensa, barreira ou "submarino";1;1;1;;;;1
01/03/2019;01:03:00;34;sem vítima;942;BR-381/MG;Sul;Choque - Elemento de Drenagem;1;1;;;;;1
01/03/2019;04:16:00;91;com vítima;63;BR-381/SP;Sul;Colisão Lateral;1;1;2;;;;1
01/03/2019;08:43:00;197;sem vítima;868,1;BR-381/MG;Norte;Choque - Defensa, barreira ou "submarino";1;1;;;;;1
01/03/2019;08:50:00;201;com vítima;498;BR-381/MG;Norte;Colisão Lateral;1;1;;1;;;2
01/03/2019;10:14:00;246;sem vítima;576,8;BR-381/MG;Sul;Engavetamento;2;5;;;;;1
01/03/2019;11:50:00;293;sem vítima;521,2;BR-381/MG;Norte;Tombamento;1;1;;;;;1
01/03/2019;14:42:00;392;sem vítima;521,5;BR-381/MG;Sul;Choque - Talude;1;2;;;;;1
02/03/2019;06:57:00;144;com vítima;517,6;BR-381/MG;Norte;Tombamento;1;0;1;;;;1
02/03/2019;15:03:00;386;sem vítima;482;BR-381/MG;Sul;Colisão Lateral;1;2;;;;;1
02/03/2019;18:58:00;510;sem vítima;566,5;BR-381/MG;Sul;Choque - Defensa, barreira ou "submarino";1;1;;;;;1
03/03/2019;21:28:00;425;com vítima;21,2;BR-381/SP;Sul;Colisão Frontal;1;0;1;;;1;3
03/03/2019;23:37:00;442;sem vítima;745;BR-381/MG;Sul;Tombamento;1;1;;;;;1
04/03/2019;00:40:00;19;sem vítima;21,2;BR-381/SP;Norte;Colisão Lateral;2;2;;;;;1
04/03/2019;08:34:00;118;sem vítima;478;BR-381/MG;Norte;Colisão Traseira;1;2;;;;;1
04/03/2019;09:43:00;141;sem vítima;838;BR-381/MG;Sul;Choque - Elemento de Drenagem;1;1;;;;;1
04/03/2019;11:04:00;185;com vítima;588,1;BR-381/MG;Sul;Tombamento;1;0;;1;;;2
04/03/2019;14:45:00;280;sem vítima;478,5;BR-381/MG;Sul;Engavetamento;2;3;;;;;1
04/03/2019;18:05:00;394;sem vítima;863,8;BR-381/MG;Norte;Choque - Defensa, barreira ou "submarino";1;1;;;;;1
04/03/2019;20:33:00;455;sem vítima;710;BR-381/MG;Sul;Tombamento;1;2;;;;;1
05/03/2019;14:42:00;233;sem vítima;925;BR-381/MG;Sul;Colisão Traseira;1;2;;;;;1
05/03/2019;15:12:00;255;com vítima;561;BR-381/MG;Sul;Engavetamento;3;1;;2;;;2
06/03/2019;08:10:00;133;sem vítima;47;BR-381/SP;Norte;Choque - Defensa, barreira ou "submarino";1;1;;;;;1
06/03/2019;09:53:00;194;sem vítima;864,5;BR-381/MG;Sul;Colisão Lateral;2;2;;;;;1
06/03/2019;11:29:00;255;sem vítima;751;BR-381/MG;Norte;Choque - Defensa, barreira ou "submarino";1;1;;;;;1
06/03/2019;11:39:00;257;sem vítima;629;BR-381/MG;Sul;Choque - Elemento de Drenagem;1;1;;;;;1
06/03/2019;18:42:00;493;com vítima;82;BR-381/SP;Norte;Tombamento;1;1;1;;;;1
06/03/2019;21:38:00;565;com vítima;49,3;BR-381/SP;Sul;Colisão Traseira;2;1;1;;;;1
07/03/2019;01:25:00;36;sem vítima;889,3;BR-381/MG;Sul;Tombamento;1;1;;;;;1
07/03/2019;06:11:00;82;sem vítima;497;BR-381/MG;Norte;Engavetamento;1;4;;;;;1
07/03/2019;06:41:00;91;com vítima;674,5;BR-381/MG;Sul;Tombamento;1;0;;1;;;2
07/03/2019;11:35:00;287;sem vítima;90,4;BR-381/SP;Norte;Colisão Traseira;1;2;;;;;1
07/03/2019;12:38:00;319;sem vítima;900,7;BR-381/MG;Norte;Colisão Traseira;1;2;;;;;1
07/03/2019;19:28:00;525;sem vítima;875,5;BR-381/MG;Norte;Colisão Lateral;2;2;;;;;1
08/03/2019;05:08:00;62;sem vítima;932,2;BR-381/MG;Sul;Tombamento;1;1;;;;;1
08/03/2019;05:51:00;71;com vítima;932,1;BR-381/MG;Sul;Engavetamento;2;2;2;;;;1
08/03/2019;17:11:00;403;sem vítima;1;BR-381/SP;Sul;Colisão Traseira;1;2;;;;;1
08/03/2019;18:03:00;426;sem vítima;7;BR-381/SP;Norte;Colisão Lateral;2;2;;;;;1
08/03/2019;19:19:00;471;com vítima;79,3;BR-381/SP;Sul;Colisão Traseira;1;36;3;;;;1
09/03/2019;00:28:00;27;com vítima;930,4;BR-381/MG;Norte;Colisão Traseira;2;1;;;1;;2
09/03/2019;23:35:00;550;com vítima;481;BR-381/MG;Norte;Colisão Lateral;1;2;4;;;;1
10/03/2019;06:52:00;53;sem vítima;942,2;BR-381/MG;Sul;Colisão Traseira;1;2;;;;;1
10/03/2019;19:53:00;440;sem vítima;529,9;BR-381/MG;Norte;Choque - Defensa, barreira ou "submarino";1;2;;;;;1
10/03/2019;21:06:00;468;sem vítima;524;BR-381/MG;Sul;Choque - Suporte de Sinalização;1;1;;;;;1
11/03/2019;15:44:00;365;sem vítima;908,8;BR-381/MG;Norte;Choque - Defensa, barreira ou "submarino";1;1;;;;;1
12/03/2019;17:10:00;400;sem vítima;932;BR-381/MG;Sul;Colisão Lateral;1;3;;;;;1
13/03/2019;04:31:00;64;com vítima;673,6;BR-381/MG;Norte;Colisão Traseira;2;1;1;;;;1
13/03/2019;06:01:00;86;com vítima;669,2;BR-381/MG;Sul;Colisão Traseira;2;0;2;;;;1
13/03/2019;06:53:00;104;com vítima;484,7;BR-381/MG;Norte;Engavetamento;2;5;3;;;;1
13/03/2019;12:40:00;270;sem vítima;533,5;BR-381/MG;Norte;Choque - Defensa, barreira ou "submarino";1;1;;;;;1
13/03/2019;14:42:00;328;sem vítima;506;BR-381/MG;Sul;Colisão Traseira;1;2;;;;;1
13/03/2019;15:24:00;350;sem vítima;532;BR-381/MG;Norte;Tombamento;1;1;;;;;1
13/03/2019;17:37:00;441;sem vítima;515,5;BR-381/MG;Norte;Colisão Traseira;1;14;;;;;1
14/03/2019;04:37:00;53;sem vítima;777;BR-381/MG;Norte;Colisão Traseira;1;2;;;;;1
14/03/2019;06:51:00;97;sem vítima;908,8;BR-381/MG;Sul;Colisão Lateral;1;2;;;;;1
14/03/2019;08:45:00;143;sem vítima;805,3;BR-381/MG;Norte;Colisão Traseira;2;2;;;;;1
14/03/2019;11:04:00;215;sem vítima;927;BR-381/MG;Sul;Colisão Traseira;2;2;;;;;1
14/03/2019;13:59:00;287;sem vítima;741,5;BR-381/MG;Sul;Choque - Elemento de Drenagem;1;1;;;;;1
14/03/2019;16:27:00;376;sem vítima;908;BR-381/MG;Norte;Choque - Defensa, barreira ou "submarino";1;1;;;;;1
14/03/2019;16:48:00;381;sem vítima;61;BR-381/SP;Sul;Choque - Defensa, barreira ou "submarino";1;1;;;;;1
14/03/2019;17:21:00;393;sem vítima;754;BR-381/MG;Sul;Choque - Talude;1;2;;;;;1
14/03/2019;21:53:00;547;sem vítima;51;BR-381/SP;Sul;Colisão Lateral;1;3;;;;;1
15/03/2019;18:57:00;554;com vítima;831,1;BR-381/MG;Norte;Atropelamento - Andarilho;1;1;;1;;;2
15/03/2019;22:31:00;666;com vítima;835;BR-381/MG;Norte;Engavetamento;3;3;;;;1;3