data;horario;n_da_ocorrencia;tipo_de_ocorrencia;km;trecho;sentido;tipo_de_acidente;caminhao;ilesos;levemente_feridos;moderadamente_feridos;gravemente_feridos;mortos;3
02/08/2019;02:53:00;35;sem vítima;937;BR-381/MG;Norte;Atropelamento de Animal;1;3;;;;;1
02/08/2019;12:02:00;230;sem vítima;26,8;BR-381/SP;Sul;Colisão Traseira;2;2;;;;;1
02/08/2019;12:48:00;250;sem vítima;39,5;BR-381/SP;Norte;Colisão Traseira;1;2;;;;;1
02/08/2019;13:14:00;259;sem vítima;544,5;BR-381/MG;Sul;Colisão Traseira;2;2;;;;;1
02/08/2019;13:50:00;269;com vítima;771,6;BR-381/MG;Sul;Choque - Elemento de Drenagem;1;0;1;;;;1
02/08/2019;14:33:00;278;com vítima;532;BR-381/MG;Norte;Tombamento;1;0;;1;;;2
02/08/2019;23:46:00;507;sem vítima;493,3;BR-381/MG;Sul;Colisão Lateral;1;2;;;;;1
03/08/2019;12:11:00;188;sem vítima;908,3;BR-381/MG;Norte;Tombamento;1;1;;;;;1
03/08/2019;12:25:00;197;sem vítima;73,9;BR-381/SP;Sul;Colisão Traseira;1;2;;;;;1
04/08/2019;10:40:00;130;com vítima;908;BR-381/MG;Norte;Choque - Defensa, barreira ou "submarino";1;0;1;;;;1
04/08/2019;13:16:00;187;sem vítima;90;BR-381/SP;Norte;Tombamento;1;1;;;;;1
04/08/2019;13:33:00;190;sem vítima;69,5;BR-381/SP;Sul;Colisão Lateral;1;2;;;;;1
04/08/2019;15:54:00;237;com vítima;894;BR-381/MG;Sul;Tombamento;1;0;1;;;;1
04/08/2019;18:59:00;306;sem vítima;927,5;BR-381/MG;Sul;Engavetamento;1;3;;;;;1
04/08/2019;16:51:00;329;com vítima;761,5;BR-381/MG;Sul;Choque - Defensa, barreira ou "submarino";1;1;1;;;;1
05/08/2019;09:37:00;141;sem vítima;942,5;BR-381/MG;Sul;Colisão Lateral;1;2;;;;;1
05/08/2019;13:46:00;214;sem vítima;501;BR-381/MG;Sul;Colisão Lateral;1;2;;;;;1
05/08/2019;17:21:00;292;sem vítima;943,9;BR-381/MG;Norte;Colisão Lateral;1;3;;;;;1
05/08/2019;20:17:00;343;sem vítima;480;BR-381/MG;Sul;Colisão Lateral;1;2;;;;;1
06/08/2019;02:00:00;30;com vítima;713,7;BR-381/MG;Norte;Atropelamento - Morador;1;1;;1;;;2
06/08/2019;07:38:00;84;com vítima;2,5;BR-381/MG-CONT;Norte;Tombamento;1;1;1;;;;1
06/08/2019;15:11:00;277;sem vítima;489;BR-381/MG;Norte;Choque - Defensa, barreira ou "submarino";1;4;;;;;1
06/08/2019;19:15:00;347;sem vítima;481,2;BR-381/MG;Sul;Colisão Lateral;1;2;;;;;1
07/08/2019;05:03:00;52;com vítima;525,5;BR-381/MG;Norte;Colisão Traseira;2;1;1;;;;1
07/08/2019;11:19:00;199;sem vítima;69,5;BR-381/SP;Norte;Choque - Talude;1;1;;;;;1
07/08/2019;14:21:00;263;sem vítima;66,6;BR-381/SP;Sul;Colisão Traseira;1;2;;;;;1
07/08/2019;18:24:00;351;sem vítima;690;BR-381/MG;Sul;Colisão Lateral;1;2;;;;;1
07/08/2019;22:55:00;419;sem vítima;79,9;BR-381/SP;Norte;Colisão Lateral;1;2;;;;;1
08/08/2019;08:41:00;148;com vítima;609;BR-381/MG;Norte;Engavetamento;3;2;1;;;;1
08/08/2019;11:41:00;231;com vítima;498,5;BR-381/MG;Sul;Engavetamento;2;4;3;;;;1
08/08/2019;19:44:00;451;sem vítima;583;BR-381/MG;Sul;Capotamento;1;2;;;;;1
08/08/2019;22:58:00;509;sem vítima;831;BR-381/MG;Sul;Atropelamento de Animal;1;2;;;;;1
09/08/2019;02:00:00;18;sem vítima;915,8;BR-381/MG;Sul;Choque - Defensa, barreira ou "submarino";1;1;;;;;1
09/08/2019;16:52:00;329;com vítima;58;BR-381/SP;Sul;Colisão Lateral;1;1;1;;;;1
09/08/2019;19:34:00;398;sem vítima;478,3;BR-381/MG;Sul;Colisão Traseira;1;2;;;;;1
10/08/2019;10:33:00;156;com vítima;535,6;BR-381/MG;Sul;Colisão Traseira;2;1;1;;;;1
10/08/2019;13:37:00;224;com vítima;37,2;BR-381/SP;Norte;Tombamento;1;0;1;;;;1
10/08/2019;15:26:00;270;sem vítima;38,4;BR-381/SP;Norte;Colisão Traseira;1;2;;;;;1
10/08/2019;15:47:00;278;sem vítima;37,2;BR-381/SP;Norte;Colisão Traseira;1;2;;;;;1
10/08/2019;16:10:00;293;com vítima;36;BR-381/SP;Norte;Tombamento;1;0;1;;;;1
10/08/2019;18:58:00;371;sem vítima;686;BR-381/MG;Sul;Colisão Lateral;1;2;;;;;1
11/08/2019;11:26:00;159;sem vítima;482;BR-381/MG;Sul;Colisão Traseira;1;2;;;;;1
11/08/2019;18:53:00;351;com vítima;45;BR-381/SP;Norte;Colisão Lateral;1;1;;1;;;2
11/08/2019;19:43:00;375;sem vítima;804;BR-381/MG;Norte;Colisão Lateral;1;2;;;;;1
12/08/2019;05:16:00;54;com vítima;822;BR-381/MG;Norte;Tombamento;1;1;;1;;;2
12/08/2019;06:03:00;61;com vítima;824;BR-381/MG;Norte;Colisão Traseira;1;2;1;1;;;2
12/08/2019;08:19:00;106;sem vítima;618,5;BR-381/MG;Sul;Colisão Traseira;1;5;;;;;1
12/08/2019;08:25:00;109;sem vítima;526,5;BR-381/MG;Sul;Colisão Traseira;1;2;;;;;1
12/08/2019;16:46:00;283;sem vítima;482;BR-381/MG;Norte;Colisão Lateral;1;2;;;;;1
12/08/2019;21:23:00;387;com vítima;58,1;BR-381/SP;Sul;Colisão Traseira;1;1;1;;;;1
13/08/2019;01:54:00;31;sem vítima;787;BR-381/MG;Sul;Tombamento;1;1;;;;;1
13/08/2019;02:45:00;34;sem vítima;12;BR-381/SP;Sul;Colisão Traseira;2;2;;;;;1
13/08/2019;16:39:00;299;com vítima;541;BR-381/MG;Sul;Engavetamento;2;4;1;;;;1
13/08/2019;18:00:00;335;sem vítima;80;BR-381/SP;Norte;Colisão Lateral;1;2;;;;;1
13/08/2019;22:52:00;412;sem vítima;13;BR-381/SP;Sul;Colisão Traseira;2;2;;;;;1
14/08/2019;12:03:00;139;sem vítima;510,5;BR-381/MG;Norte;Choque - Poste;1;1;;;;;1
14/08/2019;14:43:00;196;com vítima;934;BR-381/MG;Sul;Colisão Traseira;1;2;;1;;;2
15/08/2019;00:51:00;28;sem vítima;510,2;BR-381/MG;Sul;Choque - Poste;1;1;;;;;1
15/08/2019;05:34:00;85;sem vítima;507,1;BR-381/MG;Sul;Colisão Traseira;2;2;;;;;1
15/08/2019;10:01:00;193;sem vítima;25,8;BR-381/SP;Sul;Colisão Traseira;2;2;;;;;1
15/08/2019;13:53:00;278;com vítima;525,2;BR-381/MG;Sul;Capotamento;1;0;;1;;1;3
15/08/2019;15:02:00;298;sem vítima;524;BR-381/MG;Sul;Engavetamento;2;3;;;;;1
15/08/2019;17:30:00;339;sem vítima;735,5;BR-381/MG;Norte;Colisão Lateral;1;2;;;;;1
16/08/2019;11:08:00;169;sem vítima;720,8;BR-381/MG;Norte;Tombamento;1;1;;;;;1
16/08/2019;16:41:00;286;sem vítima;49;BR-381/SP;Norte;Colisão Lateral;1;2;;;;;1
16/08/2019;18:33:00;327;com vítima;79,3;BR-381/SP;Norte;Colisão Lateral;1;1;;1;;;2
17/08/2019;03:44:00;41;sem vítima;800,4;BR-381/MG;Sul;Choque - Defensa, barreira ou "submarino";1;2;;;;;1
17/08/2019;05:52:00;61;sem vítima;921,9;BR-381/MG;Sul;Tombamento;1;1;;;;;1
18/08/2019;01:17:00;23;sem vítima;918;BR-381/MG;Sul;Choque - Defensa, barreira ou "submarino";1;1;;;;;1
19/08/2019;07:51:00;96;sem vítima;728;BR-381/MG;Norte;Choque - Elemento de Drenagem;1;1;;;;;1
19/08/2019;13:39:00;223;sem vítima;4,3;BR-381/MG-CONT;Sul;Colisão Traseira;1;2;;;;;1
19/08/2019;17:20:00;327;sem vítima;74;BR-381/SP;Norte;Engavetamento;1;3;;;;;1
19/08/2019;18:59:00;369;com vítima;526;BR-381/MG;Sul;Tombamento;1;0;1;1;;;2
19/08/2019;20:14:00;392;com vítima;936;BR-381/MG;Sul;Choque - Defensa, barreira ou "submarino";1;0;1;;;;1
19/08/2019;20:49:00;407;sem vítima;936,3;BR-381/MG;Sul;Choque - Elemento de Drenagem;1;1;;;;;1
19/08/2019;21:29:00;421;sem vítima;28;BR-381/SP;Norte;Colisão Traseira;2;3;;;;;1
19/08/2019;22:53:00;445;sem vítima;525;BR-381/MG;Sul;Colisão Traseira;2;2;;;;;1
19/08/2019;23:00:00;449;com vítima;940,8;BR-381/MG;Sul;Engavetamento;2;7;1;;;;1
20/08/2019;06:25:00;60;com vítima;484,2;BR-381/MG;Norte;Engavetamento;1;3;2;;;;1
20/08/2019;10:01:00;152;sem vítima;45,5;BR-381/SP;Norte;Colisão Traseira;2;2;;;;;1
20/08/2019;11:31:00;176;sem vítima;873,7;BR-381/MG;Norte;Colisão Lateral;2;2;;;;;1
20/08/2019;12:37:00;197;sem vítima;810;BR-381/MG;Norte;Choque - Elemento de Drenagem;1;1;;;;;1
20/08/2019;13:43:00;214;sem vítima;699,8;BR-381/MG;Sul;Capotamento;1;3;;;;;1
21/08/2019;06:41:00;55;com vítima;484,2;BR-381/MG;Sul;Engavetamento;1;4;1;1;;;2
21/08/2019;08:48:00;115;com vítima;44;BR-381/SP;Norte;Colisão Traseira;1;1;1;;;;1
21/08/2019;09:41:00;129;com vítima;616,9;BR-381/MG;Norte;Tombamento;1;0;1;;;;1
21/08/2019;22:41:00;381;sem vítima;54;BR-381/SP;Norte;Tombamento;1;1;;;;;1
22/08/2019;02:13:00;33;sem vítima;767,4;BR-381/MG;Sul;Atropelamento de Animal;1;1;;;;;1
22/08/2019;04:53:00;49;sem vítima;771,2;BR-381/MG;Norte;Colisão Lateral;1;2;;;;;1
22/08/2019;09:47:00;160;sem vítima;839,7;BR-381/MG;Sul;Colisão Traseira;2;2;;;;;1
22/08/2019;09:50:00;163;com vítima;763,5;BR-381/MG;Sul;Colisão Traseira;2;1;1;;;;1
22/08/2019;10:45:00;184;sem vítima;76,6;BR-381/SP;Norte;Colisão Traseira;1;2;;;;;1
22/08/2019;10:55:00;187;sem vítima;625,2;BR-381/MG;Sul;Colisão Traseira;2;3;;;;;1
22/08/2019;19:17:00;347;sem vítima;87,5;BR-381/SP;Norte;Choque - Defensa, barreira ou "submarino";1;1;;;;;1
22/08/2019;23:14:00;410;sem vítima;72,8;BR-381/SP;Sul;Tombamento;1;1;;;;;1
23/08/2019;03:30:00;27;com vítima;686;BR-381/MG;Norte;Tombamento;1;0;;1;;;2
23/08/2019;08:30:00;115;sem vítima;852,5;BR-381/MG;Sul;Colisão Lateral;1;2;;;;;1
23/08/2019;11:41:00;197;sem vítima;931;BR-381/MG;Sul;Colisão Lateral;1;2;;;;;1
23/08/2019;13:45:00;237;com vítima;498;BR-381/MG;Norte;Tombamento;1;0;;1;;;2
23/08/2019;14:36:00;247;com vítima;563;BR-381/MG;Norte;Choque - Veiculo parado no acostamento;1;1;1;;;;1
23/08/2019;15:53:00;271;sem vítima;495;BR-381/MG;Sul;Colisão Traseira;1;3;;;;;1
23/08/2019;16:00:00;276;sem vítima;728,2;BR-381/MG;Norte;Choque - Elemento de Drenagem;1;1;;;;;1
23/08/2019;20:40:00;352;com vítima;885;BR-381/MG;Norte;Engavetamento;1;9;1;1;;;2
24/08/2019;15:19:00;264;com vítima;502;BR-381/MG;Sul;Engavetamento;2;1;2;;;;1
25/08/2019;07:12:00;52;com vítima;938,4;BR-381/MG;Sul;Tombamento;1;0;;1;;;2
25/08/2019;12:44:00;160;com vítima;65,5;BR-381/SP;Norte;Colisão Traseira;2;1;1;;;;1
25/08/2019;22:42:00;351;sem vítima;62;BR-381/SP;Sul;Engavetamento;3;4;;;;;1
26/08/2019;09:50:00;156;sem vítima;929,8;BR-381/MG;Sul;Tombamento;1;1;;;;;1
26/08/2019;12:47:00;218;com vítima;857,5;BR-381/MG;Norte;Tombamento;1;0;1;;;;1
26/08/2019;12:52:00;221;com vítima;547;BR-381/MG;Sul;Choque - Defensa, barreira ou "submarino";1;2;1;;;;1
26/08/2019;17:27:00;311;sem vítima;661,5;BR-381/MG;Sul;Choque - Defensa, barreira ou "submarino";1;1;;;;;1
27/08/2019;06:31:00;62;sem vítima;494;BR-381/MG;Norte;Colisão Traseira;2;2;;;;;1
27/08/2019;09:41:00;151;com vítima;720,7;BR-381/MG;Sul;Tombamento;1;0;1;;;;1
27/08/2019;12:11:00;208;sem vítima;597,7;BR-381/MG;Sul;Colisão Traseira;2;3;;;;;1
27/08/2019;12:16:00;209;sem vítima;557;BR-381/MG;Sul;Colisão Lateral;1;2;;;;;1
27/08/2019;16:49:00;291;sem vítima;498;BR-381/MG;Sul;Engavetamento;1;6;;;;;1
27/08/2019;22:20:00;390;sem vítima;658;BR-381/MG;Norte;Colisão Traseira;2;2;;;;;1
28/08/2019;16:10:00;237;sem vítima;496;BR-381/MG;Norte;Colisão Lateral;1;2;;;;;1
28/08/2019;18:31:00;286;sem vítima;481,5;BR-381/MG;Sul;Colisão Traseira;1;2;;;;;1
28/08/2019;21:50:00;339;sem vítima;492;BR-381/MG;Norte;Choque - Defensa, barreira ou "submarino";1;2;;;;;1
29/08/2019;00:07:00;12;sem vítima;478,3;BR-381/MG;Sul;Choque - Outros;1;1;;;;;1
29/08/2019;03:32:00;34;com vítima;582,2;BR-381/MG;Norte;Choque - Talude;1;0;1;;;;1
29/08/2019;05:04:00;45;sem vítima;670,3;BR-381/MG;Sul;Colisão Traseira;2;2;;;;;1
29/08/2019;09:03:00;122;sem vítima;802;BR-381/MG;Sul;Colisão Lateral;2;2;;;;;1
29/08/2019;11:11:00;152;sem vítima;889;BR-381/MG;Sul;Tombamento;1;1;;;;;1
29/08/2019;11:42:00;160;sem vítima;478;BR-381/MG;Sul;Colisão Traseira;1;2;;;;;1
29/08/2019;17:45:00;292;sem vítima;478,5;BR-381/MG;Norte;Colisão Traseira;1;2;;;;;1
29/08/2019;18:54:00;308;sem vítima;601,1;BR-381/MG;Sul;Colisão Traseira;1;2;;;;;1
29/08/2019;19:16:00;314;sem vítima;630;BR-381/MG;Norte;Tombamento;1;1;;;;;1
30/08/2019;19:09:00;343;com vítima;770,5;BR-381/MG;Norte;Capotamento;1;2;1;;;;1
30/08/2019;19:25:00;352;com vítima;856;BR-381/MG;Norte;Choque - Poste;1;0;1;;;;1
31/08/2019;00:55:00;21;sem vítima;787;BR-381/MG;Norte;Choque - Elemento de Drenagem;1;1;;;;;1
31/08/2019;05:49:00;62;com vítima;853,5;BR-381/MG;Norte;Colisão Traseira;1;6;1;;;;1
31/08/2019;18:22:00;316;sem vítima;940;BR-381/MG;Norte;Colisão Traseira;1;2;;;;;1
31/08/2019;21:54:00;374;sem vítima;481;BR-381/MG;Norte;Choque - Poste;1;1;;;;;1
01/07/2019;08:10:00;80;sem vítima;499,8;BR-381/MG;Norte;Colisão Traseira;1;2;;;;;1
01/07/2019;18:03:00;311;com vítima;867,5;BR-381/MG;Norte;Colisão Traseira;2;0;;3;;;2
01/07/2019;19:02:00;330;com vítima;35;BR-381/SP;Norte;Tombamento;1;1;;;;2;3
01/07/2019;21:30:00;395;sem vítima;817,5;BR-381/MG;Norte;Colisão Traseira;2;2;;;;;1
01/07/2019;21:44:00;397;com vítima;512,7;BR-381/MG;Norte;Tombamento;1;1;1;;;;1
02/07/2019;03:18:00;37;sem vítima;702;BR-381/MG;Norte;Colisão Traseira;2;2;;;;;1
02/07/2019;06:01:00;57;sem vítima;754;BR-381/MG;Norte;Atropelamento de Animal;1;1;;;;;1
02/07/2019;09:22:00;140;sem vítima;535;BR-381/MG;Sul;Colisão Lateral;1;2;;;;;1
02/07/2019;17:40:00;351;sem vítima;899;BR-381/MG;Norte;Colisão Lateral;1;2;;;;;1
02/07/2019;18:46:00;381;sem vítima;728,1;BR-381/MG;Sul;Colisão Lateral;1;5;;;;;1
03/07/2019;04:46:00;39;sem vítima;499,8;BR-381/MG;Norte;Choque - Elemento de Drenagem;1;1;;;;;1
03/07/2019;15:17:00;300;sem vítima;872,85;BR-381/MG;Norte;Capotamento;1;1;;;;;1
03/07/2019;18:20:00;383;sem vítima;948,2;BR-381/MG;Sul;Engavetamento;3;9;;;;;1
03/07/2019;19:41:00;408;sem vítima;946;BR-381/MG;Sul;Colisão Traseira;1;2;;;;;1
04/07/2019;03:48:00;40;com vítima;523,1;BR-381/MG;Norte;Colisão Traseira;2;1;1;1;;;2
04/07/2019;04:26:00;44;sem vítima;549;BR-381/MG;Norte;Choque - Elemento de Drenagem;1;1;;;;;1
04/07/2019;06:24:00;65;sem vítima;634;BR-381/MG;Sul;Engavetamento;3;3;;;;;1
04/07/2019;06:58:00;79;sem vítima;672;BR-381/MG;Norte;Colisão Traseira;2;2;;;;;1
04/07/2019;07:06:00;83;sem vítima;921;BR-381/MG;Sul;Outros;1;1;;;;;1
04/07/2019;09:01:00;135;com vítima;632,9;BR-381/MG;Sul;Engavetamento;1;4;1;;;;1
04/07/2019;09:24:00;145;sem vítima;71,5;BR-381/SP;Norte;Colisão Traseira;1;2;;;;;1
04/07/2019;11:00:00;176;sem vítima;77;BR-381/SP;Sul;Choque - Elemento de Drenagem;1;1;;;;;1
04/07/2019;14:31:00;255;sem vítima;74;BR-381/SP;Sul;Colisão Traseira;1;2;;;;;1
04/07/2019;18:57:00;433;sem vítima;936;BR-381/MG;Sul;Choque - Defensa, barreira ou "submarino";1;1;;;;;1
04/07/2019;21:33:00;493;sem vítima;65,5;BR-381/SP;Norte;Colisão Traseira;2;2;;;;;1
05/07/2019;00:26:00;17;com vítima;32;BR-381/SP;Norte;Engavetamento;1;1;3;1;;;2
05/07/2019;02:02:00;25;sem vítima;689,8;BR-381/MG;Sul;Choque - Defensa, barreira ou "submarino";1;1;;;;;1
05/07/2019;05:00:00;42;sem vítima;906;BR-381/MG;Norte;Choque - Defensa, barreira ou "submarino";1;1;;;;;1
05/07/2019;05:07:00;43;sem vítima;4;BR-381/SP;Norte;Choque - Elemento de Drenagem;1;1;;;;;1
05/07/2019;06:29:00;54;sem vítima;731,3;BR-381/MG;Norte;Engavetamento;2;4;;;;;1
05/07/2019;07:15:00;88;com vítima;8;BR-381/SP;Norte;Colisão Lateral;1;1;1;;;;1
05/07/2019;07:28:00;93;sem vítima;478,4;BR-381/MG;Norte;Colisão Lateral;1;2;;;;;1
05/07/2019;09:12:00;145;com vítima;838,1;BR-381/MG;Sul;Choque - Suporte de Sinalização;1;2;1;1;;;2
05/07/2019;16:36:00;346;sem vítima;511,7;BR-381/MG;Norte;Colisão Traseira;1;2;;;;;1
05/07/2019;18:58:00;409;com vítima;479,7;BR-381/MG;Sul;Colisão Lateral;1;1;;1;;;2
05/07/2019;19:41:00;425;sem vítima;821;BR-381/MG;Norte;Choque - Elemento de Drenagem;1;1;;;;;1
06/07/2019;05:17:00;63;sem vítima;573,1;BR-381/MG;Norte;Choque - Elemento de Drenagem;1;1;;;;;1
06/07/2019;07:26:00;116;com vítima;660,3;BR-381/MG;Norte;Colisão Lateral;1;4;1;1;;;2
06/07/2019;08:51:00;156;sem vítima;7,5;BR-381/SP;Norte;Engavetamento;1;3;;;;;1
06/07/2019;12:31:00;251;com vítima;5;BR-381/MG-CONT;Norte;Colisão Lateral;1;1;1;;;;1
06/07/2019;23:25:00;459;sem vítima;688,5;BR-381/MG;Norte;Colisão Traseira;1;2;;;;;1
07/07/2019;14:10:00;206;sem vítima;757;BR-381/MG;Sul;Capotamento;1;3;;;;;1
07/07/2019;15:58:00;247;sem vítima;5;BR-381/MG-CONT;Sul;Colisão Traseira;1;3;;;;;1
08/07/2019;15:50:00;333;com vítima;633,5;BR-381/MG;Sul;Engavetamento;3;3;2;;;;1
09/07/2019;06:33:00;56;sem vítima;901;BR-381/MG;Sul;Colisão Lateral;1;2;;;;;1
09/07/2019;07:00:00;87;sem vítima;478;BR-381/MG;Norte;Colisão Traseira;1;2;;;;;1
09/07/2019;07:23:00;97;sem vítima;597,5;BR-381/MG;Norte;Choque - Defensa, barreira ou "submarino";1;1;;;;;1
09/07/2019;09:59:00;169;com vítima;508,2;BR-381/MG;Norte;Engavetamento;3;4;;1;;;2
09/07/2019;11:21:00;201;com vítima;1,5;BR-381/MG-CONT;Norte;Tombamento;1;1;1;;;;1
09/07/2019;16:35:00;341;sem vítima;494;BR-381/MG;Sul;Colisão Lateral;1;2;;;;;1
09/07/2019;17:53:00;383;sem vítima;938;BR-381/MG;Norte;Tombamento;1;1;;;;;1
09/07/2019;18:51:00;401;sem vítima;898,6;BR-381/MG;Sul;Colisão Traseira;2;2;;;;;1
09/07/2019;19:19:00;408;sem vítima;483;BR-381/MG;Sul;Colisão Traseira;1;2;;;;;1
09/07/2019;22:31:00;481;sem vítima;649;BR-381/MG;Sul;Colisão Lateral;2;3;;;;;1
10/07/2019;07:34:00;125;com vítima;921,8;BR-381/MG;Sul;Tombamento;1;0;1;;;;1
10/07/2019;08:26:00;140;com vítima;827,1;BR-381/MG;Norte;Choque - Elemento de Drenagem;1;1;2;;;;1
10/07/2019;13:23:00;266;com vítima;1,5;BR-381/MG-CONT;Norte;Colisão Traseira;1;10;1;;;;1
10/07/2019;14:46:00;300;sem vítima;735,5;BR-381/MG;Norte;Colisão Lateral;2;2;;;;;1
10/07/2019;17:18:00;368;sem vítima;89;BR-381/SP;Sul;Colisão Lateral;1;2;;;;;1
10/07/2019;18:03:00;382;sem vítima;899;BR-381/MG;Sul;Colisão Lateral;1;2;;;;;1
10/07/2019;18:30:00;396;sem vítima;86;BR-381/SP;Sul;Engavetamento;1;3;;;;;1
10/07/2019;18:37:00;400;com vítima;585;BR-381/MG;Norte;Engavetamento;3;2;;;1;;2
11/07/2019;02:30:00;34;sem vítima;766,3;BR-381/MG;Sul;Colisão Traseira;2;3;;;;;1
11/07/2019;04:18:00;51;sem vítima;631;BR-381/MG;Norte;Colisão Traseira;2;2;;;;;1
11/07/2019;18:06:00;363;sem vítima;503,7;BR-381/MG;Norte;Capotamento;1;1;;;;;1
11/07/2019;20:30:00;397;com vítima;892,1;BR-381/MG;Sul;Choque - Elemento de Drenagem;1;0;1;1;;;2
11/07/2019;20:33:00;400;sem vítima;7,8;BR-381/SP;Sul;Colisão Traseira;2;2;;;;;1
12/07/2019;00:50:00;17;com vítima;894;BR-381/MG;Norte;Capotamento;1;0;;1;;;2
12/07/2019;01:03:00;20;com vítima;882,9;BR-381/MG;Sul;Colisão Traseira;2;1;;;;1;3
12/07/2019;06:38:00;73;com vítima;480,5;BR-381/MG;Sul;Engavetamento;1;0;6;1;;;2
12/07/2019;07:56:00;102;com vítima;34;BR-381/SP;Norte;Colisão Traseira;1;1;;;1;;2
12/07/2019;08:25:00;120;sem vítima;597;BR-381/MG;Norte;Colisão Traseira;1;2;;;;;1
12/07/2019;16:16:00;324;sem vítima;842,9;BR-381/MG;Norte;Engavetamento;3;3;;;;;1
12/07/2019;18:22:00;382;sem vítima;921,3;BR-381/MG;Sul;Tombamento;1;1;;;;;1
13/07/2019;00:00:00;11;com vítima;761,3;BR-381/MG;Sul;Choque - Defensa, barreira ou "submarino";1;0;1;;;;1
13/07/2019;11:21:00;208;sem vítima;941;BR-381/MG;Sul;Colisão Lateral;1;3;;;;;1
14/07/2019;04:23:00;56;sem vítima;60,3;BR-381/SP;Sul;Tombamento;1;1;;;;;1
14/07/2019;09:17:00;130;sem vítima;732,3;BR-381/MG;Norte;Colisão Lateral;1;4;;;;;1
14/07/2019;10:04:00;143;sem vítima;514;BR-381/MG;Sul;Choque - Elemento de Drenagem;1;1;;;;;1
14/07/2019;16:34:00;301;sem vítima;735,4;BR-381/MG;Sul;Colisão Traseira;1;2;;;;;1
15/07/2019;05:31:00;53;sem vítima;90,08;BR-381/SP;Norte;Engavetamento;1;3;;;;;1
15/07/2019;07:39:00;89;sem vítima;505,3;BR-381/MG;Sul;Colisão Lateral;1;2;;;;;1
15/07/2019;15:31:00;277;sem vítima;705;BR-381/MG;Sul;Choque - Talude;1;1;;;;;1
15/07/2019;23:27:00;472;sem vítima;936;BR-381/MG;Sul;Choque - Defensa, barreira ou "submarino";1;1;;;;;1
15/07/2019;23:44:00;476;sem vítima;580;BR-381/MG;Sul;Colisão Traseira;2;3;;;;;1
15/07/2019;23:56:00;481;com vítima;907,6;BR-381/MG;Norte;Choque - Talude;1;0;1;;;;1
16/07/2019;02:48:00;32;sem vítima;900;BR-381/MG;Sul;Choque - Veiculo parado no acostamento;1;2;;;;;1
16/07/2019;03:23:00;35;sem vítima;78,6;BR-381/SP;Sul;Tombamento;1;1;;;;;1
16/07/2019;10:51:00;160;com vítima;526;BR-381/MG;Sul;Capotamento;1;0;1;;;;1
16/07/2019;11:36:00;175;sem vítima;532;BR-381/MG;Sul;Colisão Lateral;1;5;;;;;1
16/07/2019;16:50:00;306;sem vítima;525;BR-381/MG;Sul;Colisão Lateral;1;2;;;;;1
16/07/2019;23:05:00;421;sem vítima;722,4;BR-381/MG;Norte;Tombamento;1;1;;;;;1
17/07/2019;01:21:00;31;sem vítima;721;BR-381/MG;Sul;Colisão Lateral;1;2;;;;;1
17/07/2019;01:26:00;32;com vítima;722,4;BR-381/MG;Norte;Tombamento;2;1;1;;;;1
17/07/2019;05:58:00;71;sem vítima;484;BR-381/MG;Norte;Colisão Lateral;1;2;;;;;1
17/07/2019;11:52:00;217;sem vítima;496;BR-381/MG;Sul;Colisão Lateral;1;2;;;;;1
17/07/2019;14:12:00;283;sem vítima;742;BR-381/MG;Sul;Choque - Elemento de Drenagem;1;1;;;;;1
18/07/2019;06:21:00;66;com vítima;910;BR-381/MG;Norte;Colisão Traseira;2;1;;1;;;2
18/07/2019;11:46:00;242;sem vítima;928,3;BR-381/MG;Sul;Choque - Defensa, barreira ou "submarino";1;1;;;;;1
19/07/2019;07:37:00;83;com vítima;628,6;BR-381/MG;Sul;Choque - Veiculo parado no acostamento;1;12;2;;;;1
19/07/2019;09:42:00;165;com vítima;80,4;BR-381/SP;Sul;Colisão Lateral;1;1;1;;;;1
19/07/2019;10:17:00;179;com vítima;758,9;BR-381/MG;Sul;Choque - Elemento de Drenagem;1;0;1;;;;1
19/07/2019;13:01:00;240;sem vítima;805,1;BR-381/MG;Norte;Colisão Traseira;1;2;;;;;1
19/07/2019;15:48:00;307;sem vítima;22,5;BR-381/SP;Norte;Colisão Traseira;1;2;;;;;1
19/07/2019;17:37:00;362;sem vítima;619;BR-381/MG;Norte;Colisão Traseira;1;43;;;;;1
19/07/2019;19:02:00;400;com vítima;88,8;BR-381/SP;Norte;Colisão Traseira;1;1;;;;1;3
19/07/2019;20:22:00;431;sem vítima;932;BR-381/MG;Sul;Colisão Traseira;1;2;;;;;1
19/07/2019;22:09:00;478;sem vítima;84,3;BR-381/SP;Norte;Choque - Veiculo parado na pista;1;2;;;;;1
20/07/2019;01:02:00;28;com vítima;938,4;BR-381/MG;Norte;Tombamento;1;1;1;;2;;2
20/07/2019;07:33:00;92;sem vítima;535;BR-381/MG;Sul;Choque - Defensa, barreira ou "submarino";1;2;;;;;1
20/07/2019;15:40:00;307;sem vítima;737;BR-381/MG;Norte;Engavetamento;1;3;;;;;1
21/07/2019;13:37:00;210;sem vítima;66,6;BR-381/SP;Sul;Colisão Traseira;1;2;;;;;1
21/07/2019;19:33:00;360;sem vítima;504;BR-381/MG;Norte;Colisão Traseira;1;2;;;;;1
22/07/2019;00:18:00;18;sem vítima;725;BR-381/MG;Norte;Tombamento;1;1;;;;;1
22/07/2019;00:56:00;26;sem vítima;628,5;BR-381/MG;Sul;Choque - Elemento de Drenagem;1;1;;;;;1
22/07/2019;05:32:00;64;sem vítima;918,7;BR-381/MG;Sul;Choque - Defensa, barreira ou "submarino";1;1;;;;;1
22/07/2019;08:23:00;110;com vítima;3;BR-381/MG-CONT;Sul;Colisão Traseira;1;1;1;;;;1