data;horario;n_da_ocorrencia;tipo_de_ocorrencia;km;trecho;sentido;tipo_de_acidente;caminhao;ilesos;levemente_feridos;moderadamente_feridos;gravemente_feridos;mortos;3
22/07/2019;17:09:00;350;sem vítima;674;BR-381/MG;Norte;Colisão Lateral;1;2;;;;;1
22/07/2019;17:53:00;369;sem vítima;505,7;BR-381/MG;Norte;Engavetamento;1;3;;;;;1
22/07/2019;18:31:00;378;sem vítima;914,3;BR-381/MG;Sul;Colisão Lateral;1;2;;;;;1
22/07/2019;21:37:00;412;sem vítima;486,5;BR-381/MG;Sul;Colisão Traseira;1;2;;;;;1
23/07/2019;07:40:00;89;sem vítima;671,1;BR-381/MG;Norte;Tombamento;1;1;;;;;1
23/07/2019;07:52:00;100;sem vítima;722,5;BR-381/MG;Norte;Tombamento;1;1;;;;;1
23/07/2019;08:57:00;141;sem vítima;722,5;BR-381/MG;Sul;Choque - Veiculo parado na pista;2;2;;;;;1
23/07/2019;11:48:00;225;com vítima;577,8;BR-381/MG;Sul;Choque - Defensa, barreira ou "submarino";1;0;;;;1;3
23/07/2019;16:45:00;355;sem vítima;62;BR-381/SP;Norte;Colisão Traseira;1;3;;;;;1
23/07/2019;18:39:00;406;sem vítima;521;BR-381/MG;Norte;Choque - Defensa, barreira ou "submarino";1;1;;;;;1
23/07/2019;20:31:00;433;sem vítima;491;BR-381/MG;Norte;Colisão Traseira;1;2;;;;;1
24/07/2019;00:36:00;17;sem vítima;805,1;BR-381/MG;Norte;Colisão Traseira;1;2;;;;;1
24/07/2019;02:03:00;34;com vítima;856,3;BR-381/MG;Norte;Engavetamento;1;2;2;1;;;2
24/07/2019;02:18:00;35;com vítima;505,5;BR-381/MG;Sul;Tombamento;1;1;1;;;;1
24/07/2019;05:49:00;64;sem vítima;725;BR-381/MG;Sul;Colisão Traseira;2;2;;;;;1
24/07/2019;13:51:00;283;sem vítima;754,5;BR-381/MG;Norte;Colisão Lateral;2;2;;;;;1
24/07/2019;15:06:00;316;sem vítima;761;BR-381/MG;Sul;Engavetamento;1;3;;;;;1
24/07/2019;17:45:00;402;sem vítima;704,4;BR-381/MG;Norte;Choque - Defensa, barreira ou "submarino";1;2;;;;;1
24/07/2019;23:08:00;504;sem vítima;658,25;BR-381/MG;Sul;Colisão Lateral;1;2;;;;;1
25/07/2019;05:57:00;57;sem vítima;921,3;BR-381/MG;Norte;Colisão Traseira;2;2;;;;;1
25/07/2019;06:24:00;60;sem vítima;867,9;BR-381/MG;Sul;Colisão Lateral;1;2;;;;;1
25/07/2019;13:22:00;257;sem vítima;664,8;BR-381/MG;Norte;Colisão Lateral;1;2;;;;;1
25/07/2019;16:10:00;364;sem vítima;7,57;BR-381/SP;Sul;Colisão Lateral;1;2;;;;;1
26/07/2019;03:07:00;43;sem vítima;571,5;BR-381/MG;Sul;Choque - Defensa, barreira ou "submarino";1;1;;;;;1
26/07/2019;09:36:00;166;sem vítima;488,3;BR-381/MG;Sul;Choque - Outros;1;1;;;;;1
26/07/2019;21:55:00;496;sem vítima;7,57;BR-381/SP;Norte;Colisão Traseira;2;2;;;;;1
27/07/2019;06:15:00;77;com vítima;552,8;BR-381/MG;Sul;Tombamento;1;0;2;;;;1
28/07/2019;00:28:00;11;com vítima;766,1;BR-381/MG;Sul;Choque - Defensa, barreira ou "submarino";1;0;1;;;1;3
28/07/2019;15:41:00;230;sem vítima;790;BR-381/MG;Norte;Engavetamento;1;8;;;;;1
28/07/2019;20:29:00;375;sem vítima;684,1;BR-381/MG;Norte;Colisão Lateral;1;4;;;;;1
28/07/2019;21:13:00;397;sem vítima;480,5;BR-381/MG;Sul;Colisão Lateral;1;2;;;;;1
29/07/2019;04:05:00;53;sem vítima;17;BR-381/SP;Sul;Atropelamento de Animal;1;1;;;;;1
29/07/2019;07:46:00;112;sem vítima;849;BR-381/MG;Norte;Choque - Defensa, barreira ou "submarino";1;1;;;;;1
29/07/2019;09:14:00;155;com vítima;4;BR-381/MG-CONT;Sul;Colisão Lateral;1;2;;;;1;3
29/07/2019;10:42:00;202;sem vítima;558,9;BR-381/MG;Sul;Choque - Talude;1;1;;;;;1
29/07/2019;15:56:00;318;sem vítima;563;BR-381/MG;Sul;Colisão Traseira;2;2;;;;;1
29/07/2019;21:30:00;438;sem vítima;723;BR-381/MG;Norte;Atropelamento de Animal;1;1;;;;;1
30/07/2019;04:07:00;43;sem vítima;816,8;BR-381/MG;Sul;Tombamento;1;1;;;;;1
30/07/2019;06:15:00;57;sem vítima;910,7;BR-381/MG;Sul;Colisão Traseira;2;2;;;;;1
30/07/2019;06:54:00;70;sem vítima;658,2;BR-381/MG;Norte;Choque - Outros;1;1;;;;;1
30/07/2019;14:55:00;246;sem vítima;488,4;BR-381/MG;Norte;Colisão Lateral;1;2;;;;;1
30/07/2019;17:22:00;324;com vítima;934;BR-381/MG;Norte;Tombamento;1;0;1;;;;1
30/07/2019;19:59:00;351;sem vítima;946,4;BR-381/MG;Norte;Colisão Traseira;2;2;;;;;1
31/07/2019;10:22:00;211;com vítima;726,7;BR-381/MG;Norte;Tombamento;1;0;1;;;;1
31/07/2019;13:26:00;280;sem vítima;769,3;BR-381/MG;Norte;Choque - Talude;1;1;;;;;1
31/07/2019;21:02:00;464;sem vítima;726;BR-381/MG;Norte;;1;1;;;;;1
01/06/2019;01:16:00;31;com vítima;483;BR-381/MG;Norte;Colisão Traseira;1;1;2;;;;1
01/06/2019;11:39:00;169;sem vítima;33,5;BR-381/SP;Norte;Colisão Lateral;1;2;;;;;1
01/06/2019;14:19:00;227;com vítima;484;BR-381/MG;Norte;Colisão Lateral;1;3;3;;;;1
01/06/2019;22:03:00;394;com vítima;85;BR-381/SP;Norte;Colisão Traseira;2;2;;;1;;2
02/06/2019;09:09:00;75;com vítima;905,7;BR-381/MG;Norte;Tombamento;1;0;1;;;;1
02/06/2019;15:35:00;190;sem vítima;71;BR-381/SP;Sul;Tombamento;1;1;;;;;1
02/06/2019;16:35:00;215;sem vítima;933;BR-381/MG;Norte;Colisão Traseira;1;2;;;;;1
02/06/2019;18:39:00;256;com vítima;664;BR-381/MG;Sul;Colisão Traseira;1;1;;1;;;2
03/06/2019;08:20:00;82;sem vítima;81;BR-381/SP;Sul;Colisão Lateral;1;2;;;;;1
03/06/2019;10:37:00;154;sem vítima;921;BR-381/MG;Sul;Choque - Defensa, barreira ou "submarino";1;1;;;;;1
03/06/2019;10:43:00;156;com vítima;54,2;BR-381/SP;Norte;Choque - Defensa, barreira ou "submarino";1;2;1;;;;1
03/06/2019;11:15:00;169;sem vítima;82,1;BR-381/SP;Norte;Colisão Lateral;1;2;;;;;1
03/06/2019;12:27:00;201;sem vítima;924;BR-381/MG;Sul;Colisão Traseira;1;2;;;;;1
03/06/2019;14:53:00;256;com vítima;635,5;BR-381/MG;Norte;Tombamento;1;0;1;;;;1
03/06/2019;15:39:00;273;sem vítima;8;BR-381/SP;Norte;Choque - Outros;1;1;;;;;1
03/06/2019;21:03:00;376;sem vítima;772,1;BR-381/MG;Norte;Choque - Talude;1;1;;;;;1
04/06/2019;00:53:00;14;sem vítima;932;BR-381/MG;Norte;Choque - Defensa, barreira ou "submarino";1;1;;;;;1
04/06/2019;23:46:00;384;com vítima;888,8;BR-381/MG;Norte;Tombamento;1;0;1;;;;1
05/06/2019;08:15:00;101;sem vítima;892;BR-381/MG;Norte;Colisão Traseira;1;2;;;;;1
05/06/2019;11:27:00;198;sem vítima;582,5;BR-381/MG;Norte;Colisão Traseira;1;2;;;;;1
05/06/2019;14:09:00;258;sem vítima;36,4;BR-381/SP;Norte;Tombamento;1;1;;;;;1
06/06/2019;01:01:00;25;sem vítima;535,6;BR-381/MG;Sul;Colisão Traseira;2;2;;;;;1
06/06/2019;06:59:00;78;com vítima;900;BR-381/MG;Norte;Colisão Traseira;1;2;2;;;;1
06/06/2019;07:41:00;95;com vítima;507;BR-381/MG;Norte;Colisão Lateral;1;1;1;;;;1
06/06/2019;11:37:00;202;sem vítima;658;BR-381/MG;Sul;Colisão Lateral;2;2;;;;;1
06/06/2019;18:12:00;365;sem vítima;478;BR-381/MG;Norte;Colisão Lateral;1;2;;;;;1
06/06/2019;18:51:00;379;sem vítima;88,5;BR-381/SP;Sul;Colisão Lateral;1;2;;;;;1
06/06/2019;22:40:00;461;sem vítima;826,4;BR-381/MG;Sul;Colisão Traseira;2;2;;;;;1
07/06/2019;03:55:00;33;com vítima;532;BR-381/MG;Norte;Tombamento;1;0;;;;1;3
07/06/2019;11:54:00;173;sem vítima;934,3;BR-381/MG;Sul;Colisão Traseira;1;2;;;;;1
07/06/2019;15:49:00;267;sem vítima;7,7;BR-381/SP;Norte;;1;2;;;;;1
07/06/2019;16:17:00;282;sem vítima;3,4;BR-381/SP;Norte;Choque - Defensa, barreira ou "submarino";1;1;;;;;1
07/06/2019;17:57:00;327;com vítima;481;BR-381/MG;Sul;Colisão Traseira;1;2;;;;1;3
07/06/2019;18:06:00;329;sem vítima;492;BR-381/MG;Sul;Colisão Lateral;1;2;;;;;1
07/06/2019;19:11:00;351;sem vítima;6,3;BR-381/SP;Norte;Engavetamento;1;3;;;;;1
08/06/2019;07:02:00;65;sem vítima;633;BR-381/MG;Sul;Choque - Elemento de Drenagem;2;2;;;;;1
08/06/2019;13:28:00;189;com vítima;52,6;BR-381/SP;Norte;Colisão Traseira;1;0;2;;;;1
08/06/2019;15:01:00;230;sem vítima;55;BR-381/SP;Sul;Colisão Traseira;1;2;;;;;1
09/06/2019;20:37:00;300;sem vítima;710,5;BR-381/MG;Sul;Choque - Defensa, barreira ou "submarino";1;1;;;;;1
10/06/2019;06:49:00;64;sem vítima;934;BR-381/MG;Norte;Colisão Traseira;1;2;;;;;1
10/06/2019;07:38:00;88;sem vítima;817,8;BR-381/MG;Sul;Choque - Defensa, barreira ou "submarino";1;1;;;;;1
10/06/2019;12:16:00;199;com vítima;77;BR-381/SP;Norte;Colisão Traseira;2;1;1;;;;1
11/06/2019;06:24:00;48;com vítima;518,4;BR-381/MG;Sul;Choque - Defensa, barreira ou "submarino";1;0;1;;;;1
11/06/2019;12:22:00;183;com vítima;889;BR-381/MG;Sul;Choque - Defensa, barreira ou "submarino";1;0;1;;;;1
11/06/2019;13:44:00;205;sem vítima;57;BR-381/SP;Sul;Colisão Traseira;1;2;;;;;1
12/06/2019;06:09:00;54;com vítima;602,6;BR-381/MG;Norte;Colisão Lateral;1;3;2;;;;1
12/06/2019;14:55:00;256;sem vítima;7,2;BR-381/SP;Norte;Colisão Traseira;2;2;;;;;1
12/06/2019;15:50:00;269;sem vítima;492;BR-381/MG;Sul;Colisão Lateral;1;2;;;;;1
12/06/2019;17:51:00;305;sem vítima;491;BR-381/MG;Sul;Colisão Lateral;1;2;;;;;1
13/06/2019;04:48:00;37;sem vítima;637,6;BR-381/MG;Sul;Tombamento;1;1;;;;;1
13/06/2019;04:50:00;39;sem vítima;526,8;BR-381/MG;Norte;Choque - Elemento de Drenagem;1;2;;;;;1
13/06/2019;09:13:00;140;sem vítima;895,5;BR-381/MG;Norte;Colisão Traseira;1;2;;;;;1
13/06/2019;14:58:00;283;sem vítima;491;BR-381/MG;Norte;Colisão Lateral;1;2;;;;;1
13/06/2019;16:07:00;317;sem vítima;500;BR-381/MG;Norte;Colisão Traseira;1;2;;;;;1
13/06/2019;16:21:00;323;sem vítima;78,8;BR-381/SP;Norte;Colisão Lateral;1;2;;;;;1
14/06/2019;03:49:00;36;com vítima;60,4;BR-381/SP;Sul;Tombamento;1;1;1;;;;1
14/06/2019;04:35:00;42;com vítima;613,3;BR-381/MG;Sul;Choque - Defensa, barreira ou "submarino";1;0;1;;;;1
14/06/2019;07:51:00;79;sem vítima;89,6;BR-381/SP;Sul;Colisão Lateral;1;2;;;;;1
14/06/2019;09:54:00;141;com vítima;873,9;BR-381/MG;Sul;Tombamento;1;0;;1;;;2
14/06/2019;13:33:00;228;com vítima;821,4;BR-381/MG;Norte;Engavetamento;1;50;2;;;;1
14/06/2019;18:05:00;344;sem vítima;486;BR-381/MG;Sul;Colisão Traseira;1;2;;;;;1
14/06/2019;18:25:00;351;sem vítima;509,5;BR-381/MG;Norte;Engavetamento;1;5;;;;;1
14/06/2019;18:40:00;356;sem vítima;761;BR-381/MG;Norte;Engavetamento;1;3;;;;;1
14/06/2019;22:48:00;445;sem vítima;66,6;BR-381/SP;Sul;Colisão Traseira;2;2;;;;;1
15/06/2019;09:18:00;123;sem vítima;499,1;BR-381/MG;Sul;Choque - Suporte de Sinalização;1;1;;;;;1
15/06/2019;12:23:00;206;com vítima;635,1;BR-381/MG;Sul;Tombamento;1;0;;1;;;2
16/06/2019;03:43:00;35;com vítima;812;BR-381/MG;Norte;Tombamento;1;1;1;;;;1
16/06/2019;07:31:00;67;com vítima;768,7;BR-381/MG;Norte;Tombamento;1;0;1;;;;1
16/06/2019;08:03:00;77;sem vítima;771,5;BR-381/MG;Norte;Colisão Traseira;1;2;;;;;1
16/06/2019;19:29:00;355;sem vítima;7,57;BR-381/SP;Sul;Colisão Traseira;1;2;;;;;1
17/06/2019;17:38:00;318;com vítima;486,8;BR-381/MG;Sul;Colisão Lateral;1;1;1;1;;;2
17/06/2019;17:55:00;326;sem vítima;67,5;BR-381/SP;Sul;Colisão Lateral;1;2;;;;;1
17/06/2019;18:02:00;328;sem vítima;486,8;BR-381/MG;Sul;Colisão Lateral;1;2;;;;;1
17/06/2019;18:25:00;337;sem vítima;621,5;BR-381/MG;Norte;Atropelamento de Animal;2;3;;;;;1
17/06/2019;18:33:00;341;sem vítima;482,8;BR-381/MG;Sul;Engavetamento;1;3;;;;;1
17/06/2019;18:59:00;348;sem vítima;483;BR-381/MG;Norte;Colisão Traseira;1;2;;;;;1
17/06/2019;19:40:00;359;sem vítima;628;BR-381/MG;Sul;Colisão Traseira;1;2;;;;;1
18/06/2019;00:12:00;12;sem vítima;82;BR-381/SP;Norte;Colisão Lateral;1;2;;;;;1
18/06/2019;04:12:00;33;com vítima;876,5;BR-381/MG;Norte;Engavetamento;1;1;3;;;;1
18/06/2019;07:06:00;64;sem vítima;876,8;BR-381/MG;Norte;Engavetamento;2;4;;;;;1
18/06/2019;10:47:00;157;sem vítima;866;BR-381/MG;Sul;Colisão Traseira;2;3;;;;;1
18/06/2019;13:21:00;215;com vítima;478,5;BR-381/MG;Sul;Colisão Traseira;1;2;1;;;;1
18/06/2019;13:38:00;223;sem vítima;1;BR-381/MG-CONT;Norte;Colisão Traseira;1;2;;;;;1
18/06/2019;16:44:00;293;sem vítima;70;BR-381/SP;Sul;Colisão Traseira;2;2;;;;;1
18/06/2019;17:25:00;311;com vítima;525,6;BR-381/MG;Sul;Capotamento;1;0;;;;1;3
18/06/2019;23:38:00;429;sem vítima;893,8;BR-381/MG;Sul;Choque - Elemento de Drenagem;1;1;;;;;1
19/06/2019;02:41:00;40;sem vítima;945;BR-381/MG;Norte;Colisão Lateral;2;2;;;;;1
19/06/2019;09:34:00;136;sem vítima;483;BR-381/MG;Sul;Colisão Traseira;1;2;;;;;1
19/06/2019;12:23:00;207;com vítima;490,2;BR-381/MG;Sul;Colisão Traseira;1;1;1;;;;1
19/06/2019;17:46:00;327;sem vítima;900,8;BR-381/MG;Norte;Colisão Traseira;1;2;;;;;1
20/06/2019;03:57:00;48;sem vítima;731;BR-381/MG;Sul;Choque - Defensa, barreira ou "submarino";1;2;;;;;1
20/06/2019;04:27:00;52;sem vítima;927,8;BR-381/MG;Sul;Tombamento;1;1;;;;;1
20/06/2019;05:41:00;63;sem vítima;671,6;BR-381/MG;Norte;Colisão Traseira;1;4;;;;;1
20/06/2019;11:38:00;206;sem vítima;527,5;BR-381/MG;Norte;Engavetamento;1;4;;;;;1
20/06/2019;12:02:00;221;com vítima;579;BR-381/MG;Norte;Colisão Lateral;1;4;1;;;;1
20/06/2019;23:06:00;432;sem vítima;845;BR-381/MG;Sul;Atropelamento de Animal;1;1;;;;;1
21/06/2019;07:23:00;76;sem vítima;57,2;BR-381/SP;Norte;Colisão Lateral;1;2;;;;;1
21/06/2019;14:19:00;216;sem vítima;525;BR-381/MG;Sul;Choque - Defensa, barreira ou "submarino";1;1;;;;;1
21/06/2019;19:42:00;343;sem vítima;920,9;BR-381/MG;Norte;Colisão Lateral;1;2;;;;;1
21/06/2019;20:17:00;363;sem vítima;7,57;BR-381/SP;Sul;Colisão Lateral;1;2;;;;;1
23/06/2019;01:01:00;13;com vítima;525,5;BR-381/MG;Sul;Choque - Defensa, barreira ou "submarino";1;0;;1;;;2
23/06/2019;09:09:00;83;sem vítima;925,2;BR-381/MG;Sul;Tombamento;1;1;;;;;1
23/06/2019;20:42:00;385;sem vítima;23,2;BR-381/SP;Sul;Engavetamento;1;3;;;;;1
24/06/2019;11:26:00;184;sem vítima;0;BR-381/SP;Sul;Colisão Traseira;1;2;;;;;1
24/06/2019;12:14:00;204;sem vítima;489;BR-381/MG;Norte;Colisão Lateral;1;2;;;;;1
24/06/2019;12:25:00;207;sem vítima;689;BR-381/MG;Sul;Engavetamento;3;3;;;;;1
24/06/2019;13:53:00;238;sem vítima;925,5;BR-381/MG;Norte;Tombamento;1;1;;;;;1
24/06/2019;17:50:00;339;sem vítima;850;BR-381/MG;Sul;Colisão Traseira;1;2;;;;;1
25/06/2019;03:19:00;40;com vítima;674,5;BR-381/MG;Sul;Tombamento;1;0;;;;1;3
25/06/2019;10:57:00;155;sem vítima;66,6;BR-381/SP;Sul;Colisão Traseira;1;2;;;;;1
25/06/2019;13:32:00;198;com vítima;598;BR-381/MG;Norte;Capotamento;1;2;1;;;;1
25/06/2019;18:29:00;346;sem vítima;7;BR-381/SP;Sul;Engavetamento;1;3;;;;;1
25/06/2019;18:46:00;352;sem vítima;6,5;BR-381/SP;Sul;Colisão Lateral;1;2;;;;;1
26/06/2019;01:49:00;32;sem vítima;926,4;BR-381/MG;Sul;Choque - Elemento de Drenagem;1;2;;;;;1
26/06/2019;06:55:00;71;sem vítima;565,7;BR-381/MG;Norte;Tombamento;1;1;;;;;1
26/06/2019;10:47:00;176;sem vítima;513,5;BR-381/MG;Sul;Colisão Traseira;1;2;;;;;1
26/06/2019;15:12:00;262;sem vítima;6,3;BR-381/MG-CONT;Sul;Colisão Lateral;1;2;;;;;1
26/06/2019;16:50:00;313;sem vítima;58;BR-381/SP;Sul;Choque - Defensa, barreira ou "submarino";1;1;;;;;1
26/06/2019;23:24:00;464;com vítima;525;BR-381/MG;Sul;Tombamento;1;28;;;1;1;3
27/06/2019;03:35:00;43;com vítima;944,8;BR-381/MG;Sul;Tombamento;1;0;2;;;;1
27/06/2019;09:25:00;165;com vítima;61;BR-381/SP;Norte;Colisão Lateral;1;1;;1;;;2
27/06/2019;09:51:00;181;sem vítima;890;BR-381/MG;Sul;Colisão Lateral;1;2;;;;;1
27/06/2019;15:47:00;299;com vítima;792;BR-381/MG;Sul;Tombamento;1;0;1;;;;1
27/06/2019;17:53:00;343;sem vítima;484,6;BR-381/MG;Sul;Colisão Traseira;1;2;;;;;1
27/06/2019;19:22:00;374;com vítima;635;BR-381/MG;Sul;Tombamento;1;0;;1;;;2
27/06/2019;22:16:00;414;com vítima;671;BR-381/MG;Norte;Colisão Traseira;1;2;1;;;;1
28/06/2019;00:36:00;12;sem vítima;54;BR-381/SP;Sul;Colisão Lateral;2;2;;;;;1
28/06/2019;01:04:00;15;sem vítima;719,1;BR-381/MG;Sul;Colisão Traseira;2;4;;;;;1
28/06/2019;06:28:00;76;com vítima;832;BR-381/MG;Sul;Tombamento;1;0;1;;;;1
28/06/2019;07:24:00;113;com vítima;538;BR-381/MG;Sul;Colisão Traseira;1;0;1;;1;;2
28/06/2019;13:02:00;254;com vítima;487,3;BR-381/MG;Sul;Colisão Traseira;2;1;1;;;;1
28/06/2019;22:02:00;431;sem vítima;90;BR-381/SP;Sul;Engavetamento;1;3;;;;;1
28/06/2019;23:06:00;451;sem vítima;568;BR-381/MG;Norte;Colisão Traseira;1;2;;;;;1
30/06/2019;14:50:00;209;sem vítima;573;BR-381/MG;Norte;Tombamento;2;5;;;;;1
30/06/2019;18:53:00;326;com vítima;745,5;BR-381/MG;Norte;Tombamento;1;0;1;;;;1
30/06/2019;18:58:00;333;com vítima;625;BR-381/MG;Sul;Colisão Traseira;1;1;;;;1;3
01/04/2019;06:38:00;91;sem vítima;871,1;BR-381/MG;Sul;Colisão Traseira;1;2;;;;;1
01/04/2019;10:54:00;231;sem vítima;70,8;BR-381/SP;Norte;Choque - Talude;1;1;;;;;1
01/04/2019;11:10:00;237;sem vítima;863,5;BR-381/MG;Sul;Colisão Traseira;2;2;;;;;1
01/04/2019;14:55:00;366;sem vítima;27,6;BR-381/SP;Sul;Colisão Frontal;1;3;;;;;1
02/04/2019;04:45:00;64;sem vítima;49,2;BR-381/SP;Sul;Engavetamento;1;2;;;;;1
02/04/2019;06:01:00;79;com vítima;89,8;BR-381/SP;Sul;Colisão Traseira;1;2;1;;;;1
02/04/2019;07:21:00;108;sem vítima;519,1;BR-381/MG;Norte;Colisão Lateral;2;2;;;;;1
02/04/2019;14:02:00;310;com vítima;530,1;BR-381/MG;Norte;Choque - Defensa, barreira ou "submarino";1;0;1;;;;1
02/04/2019;14:13:00;315;sem vítima;530;BR-381/MG;Norte;Colisão Traseira;1;5;;;;;1
02/04/2019;15:28:00;368;sem vítima;496;BR-381/MG;Norte;Colisão Lateral;1;2;;;;;1
02/04/2019;16:12:00;388;sem vítima;491;BR-381/MG;Norte;Colisão Lateral;1;2;;;;;1
02/04/2019;17:22:00;416;sem vítima;566,7;BR-381/MG;Sul;Choque - Elemento de Drenagem;1;1;;;;;1
02/04/2019;17:48:00;425;sem vítima;566,6;BR-381/MG;Sul;Engavetamento;2;5;;;;;1
03/04/2019;15:41:00;368;com vítima;896,3;BR-381/MG;Norte;Tombamento;1;0;1;;1;;2
03/04/2019;16:45:00;405;sem vítima;948;BR-381/MG;Norte;Colisão Traseira;2;2;;;;;1
03/04/2019;17:54:00;441;sem vítima;482,3;BR-381/MG;Norte;Colisão Traseira;1;2;;;;;1
03/04/2019;19:28:00;487;sem vítima;821;BR-381/MG;Sul;Atropelamento de Animal;1;2;;;;;1
04/04/2019;00:51:00;42;sem vítima;669,4;BR-381/MG;Sul;Colisão Traseira;2;2;;;;;1
04/04/2019;03:32:00;63;com vítima;769,25;BR-381/MG;Norte;Tombamento;1;0;1;;;;1
04/04/2019;06:45:00;99;sem vítima;598;BR-381/MG;Norte;Engavetamento;2;3;;;;;1
04/04/2019;08:58:00;167;sem vítima;480,1;BR-381/MG;Norte;Colisão Lateral;1;2;;;;;1
04/04/2019;11:42:00;271;com vítima;477,1;BR-381/MG;Sul;Colisão Lateral;1;2;1;;;;1
04/04/2019;16:14:00;415;sem vítima;783,9;BR-381/MG;Norte;Colisão Traseira;1;2;;;;;1
04/04/2019;17:28:00;454;com vítima;482,5;BR-381/MG;Norte;Engavetamento;1;2;2;;;;1
04/04/2019;18:39:00;490;sem vítima;947;BR-381/MG;Norte;Colisão Traseira;1;2;;;;;1
04/04/2019;21:22:00;559;com vítima;558,7;BR-381/MG;Sul;Engavetamento;2;2;;1;;;2
05/04/2019;01:14:00;39;com vítima;688,2;BR-381/MG;Norte;Tombamento;1;0;1;;;;1
05/04/2019;01:51:00;46;sem vítima;877,5;BR-381/MG;Sul;Colisão Traseira;2;2;;;;;1
05/04/2019;08:34:00;152;sem vítima;831;BR-381/MG;Norte;Colisão Lateral;2;2;;;;;1
05/04/2019;16:48:00;378;sem vítima;769;BR-381/MG;Norte;Choque - Elemento de Drenagem;1;4;;;;;1
05/04/2019;19:50:00;477;sem vítima;760,9;BR-381/MG;Norte;Engavetamento;1;4;;;;;1
05/04/2019;22:56:00;540;sem vítima;571,8;BR-381/MG;Norte;Choque - Outros;1;2;;;;;1
05/04/2019;23:47:00;556;com vítima;490;BR-381/MG;Norte;Engavetamento;2;4;1;;;;1
06/04/2019;08:19:00;119;sem vítima;501;BR-381/MG;Sul;Colisão Traseira;1;2;;;;;1
06/04/2019;10:17:00;167;com vítima;477,5;BR-381/MG;Sul;Colisão Traseira;1;2;1;;;;1
06/04/2019;14:47:00;296;com vítima;497;BR-381/MG;Sul;Colisão Lateral;1;2;1;;;;1
06/04/2019;22:25:00;465;sem vítima;704,5;BR-381/MG;Sul;Choque - Defensa, barreira ou "submarino";1;1;;;;;1
07/04/2019;11:46:00;190;com vítima;502,1;BR-381/MG;Norte;Colisão Lateral;1;1;1;;;;1
07/04/2019;15:48:00;300;sem vítima;617,6;BR-381/MG;Sul;Choque - Talude;1;1;;;;;1
07/04/2019;19:13:00;403;com vítima;525,5;BR-381/MG;Sul;Choque - Talude;1;0;1;;;;1
07/04/2019;21:35:00;452;sem vítima;2,8;BR-381/SP;Norte;Colisão Lateral;1;4;;;;;1
08/04/2019;10:30:00;216;com vítima;63,4;BR-381/SP;Sul;Engavetamento;1;2;2;;;;1
08/04/2019;11:13:00;230;sem vítima;31;BR-381/SP;Sul;Choque - Defensa, barreira ou "submarino";1;1;;;;;1
08/04/2019;18:49:00;432;sem vítima;59,8;BR-381/SP;Norte;Colisão Lateral;1;2;;;;;1
08/04/2019;22:43:00;533;sem vítima;858;BR-381/MG;Sul;Colisão Traseira;2;2;;;;;1
08/04/2019;23:16:00;543;sem vítima;580;BR-381/MG;Sul;Colisão Traseira;2;2;;;;;1
08/04/2019;23:26:00;547;sem vítima;566,5;BR-381/MG;Sul;Choque - Defensa, barreira ou "submarino";1;1;;;;;1
09/04/2019;01:49:00;37;sem vítima;888,8;BR-381/MG;Norte;Tombamento;1;1;;;;;1
09/04/2019;04:18:00;63;sem vítima;509,8;BR-381/MG;Norte;Colisão Traseira;2;2;;;;;1
09/04/2019;06:06:00;84;sem vítima;599,2;BR-381/MG;Sul;Colisão Traseira;2;2;;;;;1
09/04/2019;05:20:00;87;sem vítima;674,5;BR-381/MG;Norte;Tombamento;1;1;;;;;1
09/04/2019;12:49:00;266;sem vítima;789;BR-381/MG;Norte;Choque - Veiculo parado no acostamento;1;2;;;;;1
09/04/2019;16:36:00;392;sem vítima;597,6;BR-381/MG;Norte;Colisão Traseira;2;2;;;;;1
09/04/2019;22:37:00;523;com vítima;737,67;BR-381/MG;Sul;Tombamento;1;0;1;;;;1
10/04/2019;03:54:00;55;sem vítima;733,7;BR-381/MG;Norte;Colisão Lateral;2;2;;;;;1
10/04/2019;16:07:00;359;sem vítima;697,8;BR-381/MG;Sul;Colisão Lateral;2;2;;;;;1
10/04/2019;16:20:00;365;sem vítima;597,67;BR-381/MG;Norte;Colisão Traseira;2;2;;;;;1
11/04/2019;03:52:00;64;sem vítima;943,1;BR-381/MG;Norte;Choque - Elemento de Drenagem;1;1;;;;;1
11/04/2019;10:15:00;185;sem vítima;551;BR-381/MG;Norte;Colisão Traseira;2;2;;;;;1
11/04/2019;12:13:00;251;sem vítima;680;BR-381/MG;Sul;Engavetamento;3;3;;;;;1
11/04/2019;12:49:00;263;sem vítima;42,1;BR-381/SP;Sul;Colisão Lateral;1;2;;;;;1
11/04/2019;15:46:00;344;sem vítima;579,5;BR-381/MG;Norte;Tombamento;1;1;;;;;1
11/04/2019;18:27:00;428;sem vítima;844;BR-381/MG;Norte;Choque - Elemento de Drenagem;1;1;;;;;1
11/04/2019;19:43:00;459;sem vítima;65;BR-381/SP;Norte;Colisão Lateral;1;2;;;;;1
12/04/2019;08:52:00;152;sem vítima;83;BR-381/SP;Sul;Colisão Lateral;1;2;;;;;1
12/04/2019;09:55:00;179;sem vítima;839,5;BR-381/MG;Sul;Choque - Elemento de Drenagem;1;2;;;;;1
12/04/2019;20:01:00;496;com vítima;38;BR-381/SP;Sul;Tombamento;1;1;;1;1;;2
13/04/2019;12:27:00;270;sem vítima;945,5;BR-381/MG;Sul;Choque - Defensa, barreira ou "submarino";1;1;;;;;1
13/04/2019;15:52:00;372;sem vítima;89;BR-381/SP;Norte;Colisão Traseira;1;2;;;;;1
13/04/2019;21:15:00;497;sem vítima;823,5;BR-381/MG;Sul;Colisão Traseira;2;2;;;;;1