data;horario;n_da_ocorrencia;tipo_de_ocorrencia;km;trecho;sentido;tipo_de_acidente;caminhao;ilesos;levemente_feridos;moderadamente_feridos;gravemente_feridos;mortos;3
19/09/2019;15:06:00;297;sem vítima;30,99;BR-381/SP;Sul;Colisão Traseira;2;2;;;;;1
19/09/2019;22:29:00;448;sem vítima;900,88;BR-381/MG;Sul;Colisão Lateral;1;2;;;;;1
20/09/2019;02:05:00;30;com vítima;720,8;BR-381/MG;Norte;Tombamento;1;0;1;;;;1
20/09/2019;05:49:00;44;sem vítima;50;BR-381/SP;Norte;Engavetamento;1;3;;;;;1
20/09/2019;07:51:00;95;sem vítima;54;BR-381/SP;Norte;Choque - Suporte de Sinalização;1;1;;;;;1
20/09/2019;08:00:00;105;sem vítima;491,4;BR-381/MG;Norte;Colisão Traseira;1;2;;;;;1
20/09/2019;09:14:00;143;sem vítima;479;BR-381/MG;Sul;Choque - Elemento de Drenagem;1;1;;;;;1
20/09/2019;11:37:00;198;sem vítima;481,6;BR-381/MG;Sul;Engavetamento;2;4;;;;;1
20/09/2019;23:02:00;490;sem vítima;550;BR-381/MG;Sul;Choque - Defensa, barreira ou "submarino";1;1;;;;;1
21/09/2019;07:33:00;100;sem vítima;931;BR-381/MG;Sul;Colisão Traseira;1;2;;;;;1
21/09/2019;08:13:00;112;com vítima;884,8;BR-381/MG;Norte;Choque - Veiculo parado no acostamento;1;1;1;;;;1
21/09/2019;08:39:00;127;com vítima;704,4;BR-381/MG;Norte;Tombamento;1;0;1;;;;1
21/09/2019;17:00:00;335;sem vítima;617;BR-381/MG;Sul;Choque - Defensa, barreira ou "submarino";1;1;;;;;1
22/09/2019;08:46:00;94;sem vítima;774;BR-381/MG;Sul;Tombamento;1;1;;;;;1
22/09/2019;09:18:00;102;sem vítima;771;BR-381/MG;Norte;Choque - Talude;1;1;;;;;1
22/09/2019;16:43:00;240;com vítima;939;BR-381/MG;Norte;Tombamento;1;0;;;1;;2
23/09/2019;16:19:00;301;com vítima;620;BR-381/MG;Norte;Tombamento;1;0;1;;;;1
24/09/2019;09:51:00;147;sem vítima;862,5;BR-381/MG;Sul;Colisão Lateral;1;2;;;;;1
25/09/2019;01:00:00;16;com vítima;920,5;BR-381/MG;Sul;Tombamento;1;0;2;;;;1
25/09/2019;06:10:00;41;com vítima;810,5;BR-381/MG;Norte;Choque - Outros;1;0;1;;;;1
25/09/2019;06:15:00;43;sem vítima;750,2;BR-381/MG;Sul;Tombamento;1;1;;;;;1
25/09/2019;06:29:00;49;com vítima;683,2;BR-381/MG;Sul;Capotamento;1;0;;;;1;3
25/09/2019;06:49:00;60;com vítima;779,7;BR-381/MG;Norte;Tombamento;1;0;;1;;;2
25/09/2019;07:27:00;73;com vítima;638;BR-381/MG;Norte;Capotamento;1;0;;1;;;2
25/09/2019;07:46:00;81;sem vítima;73;BR-381/SP;Sul;Tombamento;1;1;;;;;1
25/09/2019;08:06:00;89;sem vítima;673,7;BR-381/MG;Sul;Tombamento;1;1;;;;;1
25/09/2019;11:20:00;164;sem vítima;941,3;BR-381/MG;Sul;Colisão Traseira;2;2;;;;;1
25/09/2019;15:10:00;245;sem vítima;526;BR-381/MG;Sul;Colisão Lateral;1;3;;;;;1
25/09/2019;15:38:00;257;sem vítima;922;BR-381/MG;Sul;Choque - Defensa, barreira ou "submarino";1;1;;;;;1
25/09/2019;18:11:00;306;sem vítima;930,6;BR-381/MG;Norte;Colisão Lateral;1;2;;;;;1
25/09/2019;22:39:00;377;sem vítima;542;BR-381/MG;Norte;Colisão Traseira;1;2;;;;;1
26/09/2019;02:23:00;32;sem vítima;761;BR-381/MG;Norte;Colisão Traseira;1;2;;;;;1
26/09/2019;09:44:00;140;sem vítima;855,5;BR-381/MG;Norte;Choque - Elemento de Drenagem;1;1;;;;;1
26/09/2019;09:59:00;151;com vítima;913;BR-381/MG;Norte;Choque - Defensa, barreira ou "submarino";1;0;1;;;;1
26/09/2019;22:04:00;401;com vítima;635,9;BR-381/MG;Sul;Engavetamento;3;4;1;;;;1
26/09/2019;22:33:00;411;sem vítima;618;BR-381/MG;Sul;Atropelamento de Animal;1;2;;;;;1
26/09/2019;22:53:00;418;sem vítima;757;BR-381/MG;Norte;Colisão Traseira;1;2;;;;;1
27/09/2019;02:38:00;41;com vítima;609;BR-381/MG;Norte;Colisão Traseira;1;1;;2;;;2
27/09/2019;15:56:00;348;sem vítima;491;BR-381/MG;Sul;Colisão Lateral;1;2;;;;;1
27/09/2019;16:39:00;365;sem vítima;546;BR-381/MG;Norte;Choque - Veiculo parado na pista;2;2;;;;;1
27/09/2019;17:05:00;381;sem vítima;501;BR-381/MG;Sul;Colisão Traseira;1;2;;;;;1
27/09/2019;17:06:00;383;com vítima;482;BR-381/MG;Norte;Colisão Traseira;1;1;;1;;;2
27/09/2019;17:34:00;391;com vítima;508;BR-381/MG;Norte;Engavetamento;2;2;1;;;;1
27/09/2019;20:42:00;462;sem vítima;32,5;BR-381/SP;Norte;Colisão Traseira;1;2;;;;;1
27/09/2019;22:02:00;488;sem vítima;729,4;BR-381/MG;Norte;Tombamento;1;1;;;;;1
28/09/2019;06:13:00;48;com vítima;753;BR-381/MG;Norte;Capotamento;1;2;2;;;;1
28/09/2019;06:17:00;49;com vítima;527;BR-381/MG;Norte;Tombamento;1;0;;;;1;3
28/09/2019;06:38:00;56;com vítima;89,9;BR-381/SP;Sul;Colisão Lateral;1;1;1;;;;1
28/09/2019;23:51:00;340;com vítima;761,3;BR-381/MG;Sul;Tombamento;1;0;;1;;;2
29/09/2019;03:19:00;29;sem vítima;652;BR-381/MG;Norte;Tombamento;1;1;;;;;1
29/09/2019;14:20:00;162;sem vítima;519,7;BR-381/MG;Sul;Colisão Lateral;2;2;;;;;1
29/09/2019;15:32:00;194;sem vítima;735;BR-381/MG;Norte;Colisão Lateral;1;3;;;;;1
29/09/2019;18:05:00;250;sem vítima;943,3;BR-381/MG;Norte;Colisão Traseira;1;2;;;;;1
29/09/2019;20:58:00;298;sem vítima;844,1;BR-381/MG;Sul;Colisão Lateral;2;2;;;;;1
30/09/2019;04:40:00;48;sem vítima;589,4;BR-381/MG;Sul;Colisão Traseira;1;2;;;;;1
30/09/2019;07:45:00;127;sem vítima;489;BR-381/MG;Norte;Colisão Traseira;1;2;;;;;1
30/09/2019;20:22:00;407;com vítima;34;BR-381/SP;Norte;Colisão Lateral;1;1;1;;;;1
01/12/2019;08:44:00;62;com vítima;491;BR-381/MG;Sul;Colisão Traseira;1;1;1;;;;1
01/12/2019;13:30:00;153;sem vítima;900,8;BR-381/MG;Norte;Colisão Traseira;2;2;;;;;1
01/12/2019;15:56:00;212;sem vítima;913;BR-381/MG;Norte;Choque - Defensa, barreira ou "submarino";1;1;;;;;1
02/12/2019;08:17:00;113;com vítima;841;BR-381/MG;Norte;Colisão Traseira;2;1;1;;;;1
02/12/2019;13:20:00;222;sem vítima;57;BR-381/SP;Sul;Colisão Traseira;2;2;;;;;1
02/12/2019;14:30:00;244;sem vítima;477,5;BR-381/MG;Sul;Colisão Lateral;1;2;;;;;1
03/12/2019;09:06:00;136;sem vítima;558,8;BR-381/MG;Sul;Choque - Talude;1;1;;;;;1
03/12/2019;10:49:00;178;com vítima;581;BR-381/MG;Norte;Colisão Lateral;1;3;;1;;;2
03/12/2019;19:23:00;349;sem vítima;761;BR-381/MG;Sul;Colisão Traseira;2;2;;;;;1
03/12/2019;23:56:00;427;com vítima;604,5;BR-381/MG;Sul;Tombamento;1;1;1;;;;1
04/12/2019;00:41:00;25;sem vítima;685;BR-381/MG;Sul;Colisão Lateral;1;2;;;;;1
04/12/2019;07:01:00;83;com vítima;739,4;BR-381/MG;Sul;Tombamento;1;0;1;;;;1
04/12/2019;08:08:00;115;sem vítima;849;BR-381/MG;Norte;Choque - Defensa, barreira ou "submarino";1;1;;;;;1
04/12/2019;11:51:00;210;sem vítima;484,6;BR-381/MG;Sul;Engavetamento;2;3;;;;;1
04/12/2019;12:49:00;223;sem vítima;604,5;BR-381/MG;Sul;Colisão Traseira;1;4;;;;;1
04/12/2019;16:05:00;279;sem vítima;496;BR-381/MG;Norte;Colisão Traseira;1;3;;;;;1
04/12/2019;18:10:00;315;sem vítima;57;BR-381/SP;Norte;Choque - Defensa, barreira ou "submarino";1;1;;;;;1
04/12/2019;21:18:00;376;com vítima;561,3;BR-381/MG;Sul;Tombamento;1;0;1;1;;;2
04/12/2019;23:22:00;398;com vítima;22,4;BR-381/SP;Norte;Colisão Traseira;2;1;;;;1;3
05/12/2019;02:18:00;37;sem vítima;526;BR-381/MG;Sul;Choque - Defensa, barreira ou "submarino";1;1;;;;;1
05/12/2019;06:42:00;76;sem vítima;786;BR-381/MG;Norte;Choque - Talude;1;1;;;;;1
05/12/2019;10:25:00;188;sem vítima;89;BR-381/SP;Sul;Colisão Traseira;1;2;;;;;1
05/12/2019;10:49:00;197;sem vítima;576,5;BR-381/MG;Norte;Tombamento;1;1;;;;;1
05/12/2019;11:05:00;202;sem vítima;805;BR-381/MG;Sul;Choque - Outros;1;1;;;;;1
05/12/2019;14:17:00;259;sem vítima;678;BR-381/MG;Sul;Colisão Traseira;2;2;;;;;1
05/12/2019;15:07:00;274;sem vítima;566,7;BR-381/MG;Sul;Choque - Defensa, barreira ou "submarino";1;1;;;;;1
05/12/2019;15:30:00;281;sem vítima;566,5;BR-381/MG;Sul;Engavetamento;1;4;;;;;1
05/12/2019;18:42:00;361;sem vítima;73;BR-381/SP;Sul;Colisão Lateral;1;2;;;;;1
05/12/2019;19:01:00;368;com vítima;673,5;BR-381/MG;Sul;Colisão Lateral;1;2;1;;;;1
05/12/2019;20:31:00;396;sem vítima;63,5;BR-381/SP;Sul;Colisão Lateral;1;2;;;;;1
05/12/2019;21:26:00;412;sem vítima;639,2;BR-381/MG;Sul;Colisão Lateral;2;3;;;;;1
05/12/2019;22:12:00;425;com vítima;866;BR-381/MG;Sul;Colisão Traseira;1;1;2;;;;1
05/12/2019;22:52:00;438;sem vítima;918,5;BR-381/MG;Norte;Colisão Traseira;2;2;;;;;1
06/12/2019;06:10:00;58;com vítima;506,1;BR-381/MG;Sul;Colisão Traseira;1;1;1;;;;1
06/12/2019;06:37:00;70;sem vítima;578,5;BR-381/MG;Norte;Choque - Elemento de Drenagem;1;1;;;;;1
06/12/2019;07:04:00;80;com vítima;921,8;BR-381/MG;Sul;Choque - Defensa, barreira ou "submarino";1;0;;;1;;2
06/12/2019;08:25:00;117;sem vítima;921;BR-381/MG;Sul;Colisão Traseira;1;2;;;;;1
06/12/2019;09:54:00;161;sem vítima;878,8;BR-381/MG;Norte;Colisão Traseira;1;4;;;;;1
06/12/2019;16:39:00;329;sem vítima;877,5;BR-381/MG;Norte;Choque - Defensa, barreira ou "submarino";1;1;;;;;1
06/12/2019;19:09:00;397;sem vítima;10,8;BR-381/SP;Sul;Colisão Traseira;1;2;;;;;1
06/12/2019;19:27:00;406;sem vítima;855,5;BR-381/MG;Norte;Colisão Traseira;2;2;;;;;1
06/12/2019;20:14:00;418;sem vítima;482,8;BR-381/MG;Sul;Engavetamento;2;3;;;;;1
07/12/2019;11:51:00;199;sem vítima;66,6;BR-381/SP;Sul;Colisão Traseira;1;2;;;;;1
07/12/2019;22:45:00;442;sem vítima;495;BR-381/MG;Norte;Colisão Lateral;1;2;;;;;1
08/12/2019;05:31:00;54;sem vítima;777,2;BR-381/MG;Sul;Colisão Traseira;1;41;;;;;1
08/12/2019;15:48:00;223;sem vítima;745;BR-381/MG;Norte;Colisão Lateral;1;2;;;;;1
09/12/2019;02:08:00;36;com vítima;558,2;BR-381/MG;Sul;Colisão Traseira;2;1;2;;;;1
09/12/2019;03:38:00;43;sem vítima;724;BR-381/MG;Sul;Colisão Traseira;2;2;;;;;1
09/12/2019;07:17:00;80;sem vítima;6;BR-381/MG-CONT;Norte;Colisão Lateral;1;2;;;;;1
09/12/2019;10:47:00;170;sem vítima;945;BR-381/MG;Sul;Choque - Veiculo parado na pista;1;2;;;;;1
09/12/2019;11:32:00;184;com vítima;5;BR-381/SP;Norte;Colisão Traseira;2;2;;2;1;;2
09/12/2019;12:02:00;196;com vítima;484,2;BR-381/MG;Sul;Engavetamento;1;4;1;;;;1
09/12/2019;15:17:00;263;com vítima;571,2;BR-381/MG;Norte;Tombamento;1;0;1;;;;1
09/12/2019;21:09:00;378;sem vítima;926;BR-381/MG;Sul;Colisão Lateral;2;2;;;;;1
09/12/2019;23:30:00;408;sem vítima;908;BR-381/MG;Norte;Colisão Lateral;1;5;;;;;1
10/12/2019;01:53:00;30;sem vítima;86,5;BR-381/SP;Sul;Tombamento;1;1;;;;;1
10/12/2019;12:50:00;216;com vítima;680,3;BR-381/MG;Norte;Colisão Lateral;1;1;1;;;;1
10/12/2019;20:02:00;368;sem vítima;862;BR-381/MG;Sul;Colisão Lateral;1;2;;;;;1
10/12/2019;21:55:00;404;sem vítima;601,3;BR-381/MG;Sul;Engavetamento;3;4;;;;;1
10/12/2019;23:21:00;419;sem vítima;50;BR-381/SP;Norte;Choque - Defensa, barreira ou "submarino";1;1;;;;;1
11/12/2019;08:13:00;121;com vítima;516,9;BR-381/MG;Norte;Tombamento;1;0;1;;;;1
11/12/2019;15:27:00;282;sem vítima;908,5;BR-381/MG;Sul;Choque - Defensa, barreira ou "submarino";1;1;;;;;1
11/12/2019;23:11:00;465;sem vítima;715;BR-381/MG;Sul;Tombamento;1;1;;;;;1
12/12/2019;02:07:00;43;sem vítima;930,4;BR-381/MG;Sul;Atropelamento de Animal;1;1;;;;;1
12/12/2019;02:19:00;44;com vítima;488,8;BR-381/MG;Norte;Colisão Traseira;1;1;2;;;;1
12/12/2019;07:14:00;101;sem vítima;897;BR-381/MG;Norte;Tombamento;1;1;;;;;1
12/12/2019;07:51:00;127;com vítima;707,4;BR-381/MG;Sul;Capotamento;1;0;;1;1;;2
12/12/2019;10:21:00;208;sem vítima;562,5;BR-381/MG;Sul;Colisão Lateral;1;2;;;;;1
12/12/2019;16:11:00;333;sem vítima;934;BR-381/MG;Norte;Colisão Lateral;1;4;;;;;1
12/12/2019;16:35:00;347;sem vítima;925,5;BR-381/MG;Sul;Choque - Defensa, barreira ou "submarino";1;1;;;;;1
12/12/2019;19:57:00;426;com vítima;889;BR-381/MG;Sul;Capotamento;1;2;;1;;;2
13/12/2019;07:20:00;95;com vítima;597,5;BR-381/MG;Norte;Colisão Traseira;1;2;1;;;;1
13/12/2019;10:41:00;198;com vítima;720,7;BR-381/MG;Norte;Tombamento;1;0;1;;;;1
13/12/2019;11:56:00;224;sem vítima;516;BR-381/MG;Norte;Colisão Traseira;1;2;;;;;1
13/12/2019;15:26:00;306;sem vítima;75;BR-381/SP;Sul;Colisão Lateral;1;2;;;;;1
13/12/2019;17:52:00;372;com vítima;524;BR-381/MG;Sul;Choque - Elemento de Drenagem;1;0;1;;;;1
13/12/2019;22:30:00;494;sem vítima;748,3;BR-381/MG;Norte;Choque - Elemento de Drenagem;1;1;;;;;1
14/12/2019;00:11:00;14;sem vítima;745,9;BR-381/MG;Norte;Colisão Traseira;1;2;;;;;1
14/12/2019;03:06:00;47;com vítima;83,4;BR-381/SP;Norte;Tombamento;1;1;1;;;;1
14/12/2019;06:31:00;82;com vítima;621;BR-381/MG;Norte;Colisão Traseira;1;3;2;;;;1
14/12/2019;09:33:00;158;sem vítima;540;BR-381/MG;Norte;Colisão Lateral;1;5;;;;;1
15/12/2019;07:03:00;62;com vítima;521,5;BR-381/MG;Sul;Tombamento;1;0;1;;;;1
16/12/2019;05:02:00;50;sem vítima;15,5;BR-381/SP;Sul;Colisão Traseira;2;2;;;;;1
16/12/2019;06:33:00;68;sem vítima;852,3;BR-381/MG;Sul;Choque - Defensa, barreira ou "submarino";1;1;;;;;1
16/12/2019;06:34:00;69;com vítima;537,6;BR-381/MG;Norte;Colisão Traseira;1;1;1;;;;1
16/12/2019;07:28:00;93;sem vítima;63;BR-381/SP;Sul;Tombamento;1;1;;;;;1
16/12/2019;14:01:00;268;sem vítima;54;BR-381/SP;Sul;Colisão Traseira;1;3;;;;;1
16/12/2019;18:31:00;411;com vítima;519;BR-381/MG;Sul;Colisão Lateral;1;1;;1;;;2
16/12/2019;20:40:00;473;sem vítima;8,5;BR-381/SP;Norte;Colisão Traseira;1;2;;;;;1
16/12/2019;21:45:00;490;com vítima;585,7;BR-381/MG;Sul;Tombamento;1;0;1;;;;1
17/12/2019;01:10:00;25;sem vítima;597,7;BR-381/MG;Sul;Colisão Traseira;1;3;;;;;1
17/12/2019;06:22:00;75;sem vítima;734,5;BR-381/MG;Sul;Colisão Traseira;1;4;;;;;1
17/12/2019;06:40:00;81;sem vítima;642,1;BR-381/MG;Sul;Colisão Lateral;1;2;;;;;1
17/12/2019;06:57:00;85;com vítima;906,9;BR-381/MG;Norte;Choque - Defensa, barreira ou "submarino";1;0;3;;;;1
17/12/2019;10:33:00;165;sem vítima;900,8;BR-381/MG;Norte;Choque - Suporte de Sinalização;1;1;;;;;1
17/12/2019;11:35:00;195;sem vítima;909;BR-381/MG;Norte;Engavetamento;3;4;;;;;1
17/12/2019;18:43:00;385;sem vítima;26;BR-381/SP;Norte;Choque - Defensa, barreira ou "submarino";1;1;;;;;1
17/12/2019;19:07:00;391;sem vítima;905;BR-381/MG;Norte;Engavetamento;3;3;;;;;1
17/12/2019;23:37:00;464;com vítima;668,3;BR-381/MG;Sul;Colisão Traseira;1;12;1;2;;;2
18/12/2019;00:13:00;10;sem vítima;724,8;BR-381/MG;Sul;Colisão Traseira;2;2;;;;;1
18/12/2019;00:46:00;17;sem vítima;905,5;BR-381/MG;Norte;Choque - Talude;1;1;;;;;1
18/12/2019;00:50:00;18;sem vítima;758,5;BR-381/MG;Sul;Colisão Traseira;2;2;;;;;1
18/12/2019;03:37:00;41;sem vítima;50;BR-381/SP;Norte;Choque - Defensa, barreira ou "submarino";1;1;;;;;1
18/12/2019;07:25:00;93;sem vítima;50;BR-381/SP;Norte;Tombamento;1;1;;;;;1
18/12/2019;07:47:00;106;sem vítima;69,9;BR-381/SP;Sul;Engavetamento;1;4;;;;;1
18/12/2019;08:29:00;128;sem vítima;870,7;BR-381/MG;Norte;Colisão Traseira;2;2;;;;;1
18/12/2019;09:50:00;160;com vítima;654;BR-381/MG;Sul;Tombamento;1;0;1;;;;1
18/12/2019;11:20:00;187;com vítima;49,6;BR-381/SP;Sul;Colisão Traseira;1;1;1;;;;1
18/12/2019;15:04:00;265;sem vítima;738,8;BR-381/MG;Norte;Colisão Lateral;1;2;;;;;1
18/12/2019;15:29:00;277;sem vítima;517;BR-381/MG;Sul;Colisão Lateral;1;2;;;;;1
18/12/2019;16:31:00;311;sem vítima;597,67;BR-381/MG;Norte;Colisão Traseira;1;2;;;;;1
18/12/2019;23:00:00;439;sem vítima;70,5;BR-381/SP;Norte;Engavetamento;1;3;;;;;1
19/12/2019;07:38:00;97;com vítima;484,4;BR-381/MG;Norte;Colisão Lateral;1;3;1;;;;1
19/12/2019;07:40:00;99;sem vítima;610,1;BR-381/MG;Sul;Tombamento;1;2;;;;;1
19/12/2019;09:56:00;160;com vítima;687,8;BR-381/MG;Norte;Tombamento;1;0;1;;;;1
19/12/2019;09:56:00;161;sem vítima;818;BR-381/MG;Sul;Colisão Traseira;1;3;;;;;1
19/12/2019;10:41:00;176;sem vítima;7,57;BR-381/SP;Sul;Colisão Traseira;1;2;;;;;1
19/12/2019;11:17:00;190;sem vítima;478,8;BR-381/MG;Norte;Engavetamento;1;3;;;;;1
19/12/2019;12:25:00;211;sem vítima;543;BR-381/MG;Sul;Choque - Elemento de Drenagem;1;1;;;;;1
19/12/2019;16:19:00;303;sem vítima;601,5;BR-381/MG;Sul;Tombamento;1;1;;;;;1
19/12/2019;16:57:00;315;sem vítima;70,9;BR-381/SP;Sul;Colisão Lateral;1;2;;;;;1
19/12/2019;17:56:00;342;sem vítima;863;BR-381/MG;Sul;Choque - Elemento de Drenagem;1;2;;;;;1
20/12/2019;03:33:00;55;sem vítima;525,1;BR-381/MG;Norte;Choque - Defensa, barreira ou "submarino";1;2;;;;;1
20/12/2019;06:26:00;91;sem vítima;478,9;BR-381/MG;Norte;Colisão Lateral;1;2;;;;;1
20/12/2019;07:07:00;112;sem vítima;33,4;BR-381/SP;Norte;Engavetamento;1;47;;;;;1
20/12/2019;09:08:00;185;sem vítima;490,7;BR-381/MG;Norte;Colisão Lateral;1;2;;;;;1
20/12/2019;14:43:00;332;sem vítima;515;BR-381/MG;Sul;Colisão Lateral;1;5;;;;;1
20/12/2019;19:52:00;469;sem vítima;684;BR-381/MG;Norte;Colisão Lateral;1;3;;;;;1
21/12/2019;01:10:00;30;com vítima;597;BR-381/MG;Sul;Colisão Traseira;2;1;;;1;;2
21/12/2019;04:52:00;86;sem vítima;529;BR-381/MG;Norte;Colisão Traseira;1;2;;;;;1
21/12/2019;05:07:00;88;sem vítima;721;BR-381/MG;Sul;Tombamento;1;1;;;;;1
21/12/2019;10:14:00;266;sem vítima;551;BR-381/MG;Norte;Colisão Traseira;1;2;;;;;1
21/12/2019;10:37:00;278;sem vítima;909,5;BR-381/MG;Norte;Colisão Traseira;1;2;;;;;1
21/12/2019;22:25:00;596;sem vítima;803;BR-381/MG;Sul;Choque - Elemento de Drenagem;1;1;;;;;1
22/12/2019;02:14:00;38;sem vítima;935;BR-381/MG;Sul;Tombamento;1;1;;;;;1
22/12/2019;05:12:00;72;sem vítima;936,3;BR-381/MG;Sul;Colisão Lateral;1;3;;;;;1
22/12/2019;10:13:00;187;com vítima;79;BR-381/SP;Sul;Tombamento;1;0;1;;;;1
22/12/2019;11:29:00;233;com vítima;810;BR-381/MG;Norte;Engavetamento;1;58;1;1;;;2
22/12/2019;23:20:00;520;sem vítima;778;BR-381/MG;Norte;Engavetamento;1;11;;;;;1
23/12/2019;04:07:00;58;sem vítima;902;BR-381/MG;Norte;Choque - Elemento de Drenagem;1;1;;;;;1
23/12/2019;06:53:00;111;sem vítima;938;BR-381/MG;Sul;Colisão Traseira;1;2;;;;;1
23/12/2019;06:55:00;113;sem vítima;76,5;BR-381/SP;Sul;Engavetamento;1;4;;;;;1
23/12/2019;07:42:00;137;sem vítima;644,6;BR-381/MG;Sul;Choque - Defensa, barreira ou "submarino";1;1;;;;;1
23/12/2019;07:46:00;139;sem vítima;918,3;BR-381/MG;Norte;Choque - Defensa, barreira ou "submarino";1;1;;;;;1
23/12/2019;09:35:00;191;sem vítima;50;BR-381/SP;Norte;Choque - Defensa, barreira ou "submarino";1;1;;;;;1
23/12/2019;14:06:00;297;sem vítima;653,8;BR-381/MG;Sul;Choque - Elemento de Drenagem;1;1;;;;;1
23/12/2019;16:16:00;358;sem vítima;73;BR-381/SP;Norte;;1;2;;;;;1
23/12/2019;23:45:00;529;com vítima;704,7;BR-381/MG;Sul;Tombamento;1;0;1;;;;1
24/12/2019;03:01:00;38;sem vítima;724;BR-381/MG;Sul;Colisão Traseira;2;3;;;;;1
24/12/2019;15:37:00;267;com vítima;748,4;BR-381/MG;Norte;Colisão Traseira;2;2;1;;;;1
24/12/2019;16:08:00;288;sem vítima;654;BR-381/MG;Norte;Tombamento;1;1;;;;;1
25/12/2019;00:51:00;19;sem vítima;707,5;BR-381/MG;Sul;Atropelamento de Animal;1;1;;;;;1
25/12/2019;22:37:00;327;com vítima;521,5;BR-381/MG;Sul;Choque - Defensa, barreira ou "submarino";1;0;1;1;;;2
25/12/2019;22:42:00;332;com vítima;69,7;BR-381/SP;Norte;Tombamento;1;0;;1;;;2
26/12/2019;07:16:00;68;com vítima;2;BR-381/SP;Norte;Colisão Traseira;1;1;1;;;;1
26/12/2019;08:57:00;120;com vítima;580;BR-381/MG;Sul;Colisão Traseira;1;3;2;;;;1
27/12/2019;05:12:00;46;com vítima;635;BR-381/MG;Sul;Tombamento;1;0;;1;;;2
27/12/2019;14:12:00;241;sem vítima;480,4;BR-381/MG;Norte;Engavetamento;3;3;;;;;1
27/12/2019;19:11:00;357;sem vítima;55,8;BR-381/SP;Norte;Colisão Lateral;1;2;;;;;1
28/12/2019;01:53:00;31;com vítima;682,4;BR-381/MG;Norte;Colisão Traseira;1;4;2;;;;1
28/12/2019;07:58:00;105;sem vítima;697;BR-381/MG;Norte;Choque - Defensa, barreira ou "submarino";1;3;;;;;1
28/12/2019;11:51:00;215;sem vítima;895,5;BR-381/MG;Sul;Colisão Traseira;1;42;;;;;1
28/12/2019;12:53:00;227;sem vítima;477,4;BR-381/MG;Sul;Colisão Lateral;1;2;;;;;1
29/12/2019;02:58:00;38;com vítima;60,5;BR-381/SP;Sul;Capotamento;1;0;2;1;;;2
29/12/2019;19:37:00;331;com vítima;23;BR-381/SP;Norte;Colisão Traseira;1;1;1;;;;1
30/12/2019;11:52:00;172;sem vítima;5,25;BR-381/MG-CONT;Sul;Colisão Lateral;2;2;;;;;1
30/12/2019;12:38:00;181;sem vítima;57;BR-381/SP;Sul;Capotamento;1;2;;;;;1
30/12/2019;17:10:00;272;sem vítima;480,4;BR-381/MG;Norte;Colisão Lateral;1;2;;;;;1
31/12/2019;13:12:00;161;com vítima;9;BR-381/SP;Sul;Colisão Lateral;1;2;2;;;;1
31/12/2019;14:04:00;173;com vítima;583,74;BR-381/MG;Norte;Tombamento;1;0;1;;;;1
31/12/2019;15:45:00;208;sem vítima;82;BR-381/SP;Sul;Colisão Traseira;2;2;;;;;1
01/11/2019;04:06:00;54;sem vítima;716,1;BR-381/MG;Sul;Choque - Elemento de Drenagem;1;2;;;;;1
01/11/2019;09:51:00;161;com vítima;53;BR-381/SP;Sul;Colisão Lateral;2;1;1;;;;1
01/11/2019;10:39:00;184;com vítima;499;BR-381/MG;Sul;Colisão Traseira;1;1;1;;;;1
01/11/2019;13:05:00;231;sem vítima;799;BR-381/MG;Sul;Choque - Elemento de Drenagem;1;1;;;;;1
02/11/2019;07:17:00;82;sem vítima;524,5;BR-381/MG;Norte;Choque - Elemento de Drenagem;1;2;;;;;1
02/11/2019;08:23:00;98;sem vítima;932,4;BR-381/MG;Norte;Tombamento;1;1;;;;;1
02/11/2019;13:57:00;218;sem vítima;599;BR-381/MG;Sul;Colisão Traseira;2;3;;;;;1
02/11/2019;16:19:00;266;sem vítima;636,6;BR-381/MG;Norte;Colisão Lateral;1;3;;;;;1
03/11/2019;03:12:00;37;sem vítima;786,2;BR-381/MG;Norte;Tombamento;1;3;;;;;1
03/11/2019;09:46:00;111;sem vítima;65,5;BR-381/SP;Norte;Colisão Traseira;1;2;;;;;1
04/11/2019;03:56:00;37;com vítima;635,5;BR-381/MG;Sul;Capotamento;1;0;;;;1;3
04/11/2019;11:29:00;172;sem vítima;621,6;BR-381/MG;Sul;Choque - Elemento de Drenagem;1;1;;;;;1
04/11/2019;11:32:00;173;com vítima;511,2;BR-381/MG;Norte;Colisão Traseira;1;1;1;;;;1
04/11/2019;11:46:00;179;sem vítima;510,9;BR-381/MG;Norte;Colisão Traseira;1;2;;;;;1
05/11/2019;06:06:00;57;com vítima;937;BR-381/MG;Norte;Colisão Traseira;1;1;2;;;;1
05/11/2019;07:13:00;90;com vítima;948,8;BR-381/MG;Norte;Colisão Traseira;2;1;1;;;;1
05/11/2019;07:49:00;106;sem vítima;747,5;BR-381/MG;Sul;Capotamento;1;1;;;;;1
05/11/2019;10:27:00;156;sem vítima;817,5;BR-381/MG;Norte;Colisão Traseira;2;2;;;;;1
05/11/2019;14:17:00;219;sem vítima;623;BR-381/MG;Sul;Colisão Lateral;2;2;;;;;1
05/11/2019;16:56:00;302;sem vítima;63,4;BR-381/SP;Sul;Choque - Talude;1;1;;;;;1
05/11/2019;18:07:00;327;sem vítima;58,1;BR-381/SP;Norte;Colisão Traseira;1;2;;;;;1
06/11/2019;08:25:00;124;sem vítima;836,7;BR-381/MG;Sul;Colisão Traseira;2;2;;;;;1
06/11/2019;14:02:00;256;sem vítima;563,5;BR-381/MG;Sul;Tombamento;1;1;;;;;1
06/11/2019;19:52:00;416;sem vítima;493,5;BR-381/MG;Norte;Colisão Lateral;1;2;;;;;1