data;horario;n_da_ocorrencia;tipo_de_ocorrencia;km;trecho;sentido;tipo_de_acidente;caminhao;ilesos;levemente_feridos;moderadamente_feridos;gravemente_feridos;mortos;3
06/11/2019;23:13:00;483;sem vítima;674;BR-381/MG;Norte;Choque - Defensa, barreira ou "submarino";1;1;;;;;1
07/11/2019;05:32:00;66;com vítima;846,8;BR-381/MG;Norte;Choque - Elemento de Drenagem;1;0;1;;;;1
07/11/2019;10:23:00;191;sem vítima;66,6;BR-381/SP;Sul;Colisão Traseira;1;2;;;;;1
07/11/2019;15:21:00;304;sem vítima;52;BR-381/SP;Norte;Tombamento;1;1;;;;;1
07/11/2019;16:47:00;347;sem vítima;929,7;BR-381/MG;Norte;Choque - Elemento de Drenagem;1;1;;;;;1
07/11/2019;23:07:00;474;sem vítima;769,8;BR-381/MG;Sul;Atropelamento de Animal;1;1;;;;;1
08/11/2019;01:00:00;26;sem vítima;556;BR-381/MG;Norte;Choque - Veiculo parado na pista;2;2;;;;;1
08/11/2019;02:30:00;36;sem vítima;733,7;BR-381/MG;Sul;Tombamento;1;1;;;;;1
08/11/2019;08:58:00;124;sem vítima;40,8;BR-381/SP;Norte;Choque - Elemento de Drenagem;1;1;;;;;1
08/11/2019;10:13:00;147;com vítima;494,2;BR-381/MG;Norte;Colisão Traseira;1;1;1;;;;1
08/11/2019;10:54:00;159;sem vítima;20,2;BR-381/SP;Norte;Engavetamento;3;3;;;;;1
08/11/2019;14:27:00;218;com vítima;73;BR-381/SP;Norte;Colisão Frontal;1;1;1;;;;1
08/11/2019;14:37:00;225;com vítima;867;BR-381/MG;Norte;Engavetamento;2;3;2;1;;;2
08/11/2019;14:18:00;228;sem vítima;934;BR-381/MG;Norte;Engavetamento;3;4;;;;;1
08/11/2019;15:01:00;238;sem vítima;939;BR-381/MG;Norte;Engavetamento;3;3;;;;;1
08/11/2019;20:28:00;363;sem vítima;47,4;BR-381/SP;Norte;Colisão Traseira;1;2;;;;;1
08/11/2019;23:03:00;413;sem vítima;936;BR-381/MG;Sul;Choque - Defensa, barreira ou "submarino";1;1;;;;;1
08/11/2019;23:41:00;426;com vítima;902;BR-381/MG;Norte;Engavetamento;3;6;;1;;;2
09/11/2019;00:40:00;15;sem vítima;903;BR-381/MG;Norte;Colisão Traseira;1;2;;;;;1
09/11/2019;02:24:00;44;sem vítima;566;BR-381/MG;Sul;Colisão Traseira;1;2;;;;;1
09/11/2019;10:58:00;171;com vítima;490,9;BR-381/MG;Sul;Colisão Lateral;1;1;1;;;;1
09/11/2019;12:09:00;185;sem vítima;597;BR-381/MG;Sul;Choque - Defensa, barreira ou "submarino";1;1;;;;;1
09/11/2019;19:04:00;332;sem vítima;609;BR-381/MG;Norte;Choque - Defensa, barreira ou "submarino";1;1;;;;;1
09/11/2019;21:04:00;366;sem vítima;525;BR-381/MG;Norte;Colisão Traseira;2;2;;;;;1
10/11/2019;08:33:00;78;sem vítima;1,5;BR-381/MG-CONT;Norte;Colisão Lateral;1;2;;;;;1
10/11/2019;16:55:00;226;com vítima;722,4;BR-381/MG;Norte;Tombamento;1;0;1;;;;1
11/11/2019;06:27:00;60;sem vítima;508,2;BR-381/MG;Norte;Choque - Defensa, barreira ou "submarino";1;1;;;;;1
11/11/2019;06:32:00;62;sem vítima;539;BR-381/MG;Norte;Choque - Talude;1;1;;;;;1
11/11/2019;06:42:00;70;sem vítima;508,5;BR-381/MG;Norte;Choque - Talude;1;1;;;;;1
11/11/2019;11:20:00;192;sem vítima;501,8;BR-381/MG;Sul;Tombamento;1;1;;;;;1
11/11/2019;12:41:00;212;sem vítima;28,8;BR-381/SP;Sul;Colisão Lateral;1;2;;;;;1
11/11/2019;14:07:00;239;com vítima;756,4;BR-381/MG;Norte;Choque - Elemento de Drenagem;1;0;1;;;;1
11/11/2019;15:49:00;272;sem vítima;504;BR-381/MG;Sul;Colisão Transversal;1;2;;;;;1
12/11/2019;16:23:00;340;com vítima;879;BR-381/MG;Norte;Colisão Traseira;2;1;1;;;;1
12/11/2019;18:58:00;425;com vítima;862;BR-381/MG;Norte;Colisão Traseira;2;1;;;;1;3
13/11/2019;01:09:00;34;com vítima;879,9;BR-381/MG;Norte;Colisão Traseira;1;23;3;;;1;3
13/11/2019;07:16:00;101;sem vítima;850,2;BR-381/MG;Sul;Colisão Traseira;1;3;;;;;1
13/11/2019;08:46:00;155;sem vítima;735;BR-381/MG;Norte;Colisão Lateral;2;2;;;;;1
13/11/2019;09:09:00;166;sem vítima;509;BR-381/MG;Norte;Colisão Traseira;2;2;;;;;1
13/11/2019;15:01:00;291;com vítima;54,5;BR-381/SP;Sul;Engavetamento;1;4;2;;;;1
13/11/2019;17:20:00;366;sem vítima;33,5;BR-381/SP;Sul;Choque - Defensa, barreira ou "submarino";1;1;;;;;1
13/11/2019;17:42:00;368;com vítima;704,4;BR-381/MG;Sul;Tombamento;1;0;1;;;;1
13/11/2019;17:49:00;369;sem vítima;506;BR-381/MG;Sul;Engavetamento;2;3;;;;;1
13/11/2019;18:32:00;387;sem vítima;510;BR-381/MG;Norte;Colisão Lateral;1;2;;;;;1
13/11/2019;19:03:00;402;com vítima;19,5;BR-381/SP;Sul;Tombamento;1;0;1;;;;1
13/11/2019;19:32:00;414;com vítima;939;BR-381/MG;Sul;Choque - Defensa, barreira ou "submarino";1;0;1;;;;1
13/11/2019;20:07:00;436;sem vítima;815,5;BR-381/MG;Norte;Colisão Lateral;1;2;;;;;1
13/11/2019;22:52:00;482;sem vítima;524;BR-381/MG;Norte;Colisão Lateral;2;2;;;;;1
14/11/2019;01:10:00;34;sem vítima;940;BR-381/MG;Norte;Choque - Defensa, barreira ou "submarino";1;1;;;;;1
14/11/2019;04:33:00;65;sem vítima;942;BR-381/MG;Norte;Choque - Elemento de Drenagem;1;1;;;;;1
14/11/2019;04:37:00;66;sem vítima;943;BR-381/MG;Norte;Colisão Traseira;2;2;;;;;1
14/11/2019;04:56:00;69;sem vítima;835,4;BR-381/MG;Sul;Atropelamento de Animal;1;1;;;;;1
14/11/2019;11:17:00;211;com vítima;619;BR-381/MG;Norte;Tombamento;1;0;1;;;;1
14/11/2019;16:17:00;311;com vítima;521;BR-381/MG;Sul;Choque - Defensa, barreira ou "submarino";1;0;1;;;;1
14/11/2019;18:15:00;367;com vítima;502,5;BR-381/MG;Norte;Colisão Lateral;1;1;1;;;;1
14/11/2019;21:12:00;444;com vítima;936;BR-381/MG;Sul;Choque - Defensa, barreira ou "submarino";1;0;1;;;;1
15/11/2019;04:02:00;59;sem vítima;689;BR-381/MG;Sul;Choque - Defensa, barreira ou "submarino";1;1;;;;;1
15/11/2019;05:29:00;79;sem vítima;756,4;BR-381/MG;Norte;Tombamento;1;1;;;;;1
15/11/2019;07:05:00;126;com vítima;942;BR-381/MG;Sul;Colisão Lateral;1;1;;;1;;2
15/11/2019;10:25:00;228;sem vítima;6;BR-381/MG-CONT;Sul;Choque - Defensa, barreira ou "submarino";1;3;;;;;1
15/11/2019;11:14:00;247;sem vítima;65,5;BR-381/SP;Norte;Colisão Traseira;1;2;;;;;1
15/11/2019;11:17:00;249;sem vítima;52,2;BR-381/SP;Norte;Choque - Elemento de Drenagem;1;1;;;;;1
15/11/2019;12:52:00;301;sem vítima;932;BR-381/MG;Sul;Colisão Traseira;1;2;;;;;1
15/11/2019;15:40:00;377;com vítima;907;BR-381/MG;Sul;Colisão Traseira;1;1;1;;;;1
15/11/2019;16:15:00;393;sem vítima;529,5;BR-381/MG;Norte;Choque - Defensa, barreira ou "submarino";1;5;;;;;1
16/11/2019;09:41:00;96;com vítima;36,3;BR-381/SP;Sul;Colisão Lateral;1;1;1;;;;1
16/11/2019;11:30:00;121;sem vítima;597,57;BR-381/MG;Norte;Colisão Traseira;1;2;;;;;1
16/11/2019;15:24:00;189;com vítima;499;BR-381/MG;Sul;Colisão Lateral;1;4;1;;;;1
16/11/2019;15:37:00;190;sem vítima;23;BR-381/SP;Norte;Colisão Lateral;2;2;;;;;1
17/11/2019;07:12:00;66;com vítima;52,6;BR-381/SP;Norte;Colisão Traseira;1;1;2;;;;1
17/11/2019;07:55:00;72;sem vítima;9;BR-381/SP;Sul;Colisão Lateral;1;2;;;;;1
17/11/2019;14:15:00;202;sem vítima;7,57;BR-381/SP;Norte;Colisão Traseira;1;2;;;;;1
17/11/2019;15:33:00;243;sem vítima;56,2;BR-381/SP;Sul;Colisão Lateral;1;2;;;;;1
17/11/2019;16:21:00;267;sem vítima;636,5;BR-381/MG;Sul;Choque - Defensa, barreira ou "submarino";1;1;;;;;1
17/11/2019;22:57:00;424;com vítima;714;BR-381/MG;Sul;Choque - Elemento de Drenagem;1;0;1;;;;1
18/11/2019;01:49:00;33;sem vítima;695;BR-381/MG;Sul;Choque - Elemento de Drenagem;1;1;;;;;1
19/11/2019;02:04:00;35;sem vítima;24;BR-381/SP;Norte;Colisão Lateral;1;2;;;;;1
19/11/2019;07:59:00;120;sem vítima;485;BR-381/MG;Norte;Colisão Traseira;1;2;;;;;1
19/11/2019;22:27:00;451;com vítima;49;BR-381/SP;Sul;Colisão Traseira;1;1;;;;1;3
20/11/2019;00:37:00;15;sem vítima;827;BR-381/MG;Sul;Tombamento;1;2;;;;;1
20/11/2019;03:06:00;39;sem vítima;941;BR-381/MG;Sul;Tombamento;1;1;;;;;1
20/11/2019;04:07:00;51;sem vítima;793;BR-381/MG;Norte;Tombamento;2;3;;;;;1
20/11/2019;07:15:00;85;sem vítima;12,3;BR-381/SP;Sul;Choque - Elemento de Drenagem;1;1;;;;;1
20/11/2019;09:03:00;144;sem vítima;477,7;BR-381/MG;Norte;Colisão Traseira;1;2;;;;;1
21/11/2019;00:30:00;16;com vítima;670,2;BR-381/MG;Sul;Colisão Traseira;2;1;1;;;;1
21/11/2019;10:55:00;177;com vítima;793,3;BR-381/MG;Norte;Colisão Traseira;2;1;1;;;;1
21/11/2019;13:11:00;222;com vítima;831,8;BR-381/MG;Sul;Engavetamento;2;2;1;;;;1
21/11/2019;22:36:00;423;com vítima;484,1;BR-381/MG;Norte;Colisão Traseira;1;1;;;1;;2
22/11/2019;01:03:00;31;sem vítima;804,1;BR-381/MG;Sul;Choque - Poste;1;1;;;;;1
22/11/2019;08:18:00;131;sem vítima;502,4;BR-381/MG;Norte;Engavetamento;2;4;;;;;1
22/11/2019;13:48:00;264;sem vítima;28,3;BR-381/SP;Norte;Engavetamento;1;3;;;;;1
22/11/2019;14:00:00;266;sem vítima;529;BR-381/MG;Sul;Tombamento;1;2;;;;;1
22/11/2019;21:15:00;443;sem vítima;773,2;BR-381/MG;Norte;Colisão Lateral;2;2;;;;;1
22/11/2019;21:28:00;447;sem vítima;901;BR-381/MG;Sul;Choque - Suporte de Sinalização;1;1;;;;;1
22/11/2019;23:33:00;484;com vítima;616,2;BR-381/MG;Norte;Tombamento;1;0;1;;;;1
23/11/2019;07:04:00;65;sem vítima;686,8;BR-381/MG;Sul;Colisão Lateral;1;4;;;;;1
23/11/2019;10:38:00;156;sem vítima;836;BR-381/MG;Sul;Colisão Lateral;1;2;;;;;1
23/11/2019;10:53:00;162;sem vítima;900,8;BR-381/MG;Norte;Choque - Suporte de Sinalização;1;1;;;;;1
23/11/2019;13:58:00;233;sem vítima;689,2;BR-381/MG;Sul;Choque - Defensa, barreira ou "submarino";1;1;;;;;1
23/11/2019;15:56:00;273;sem vítima;74,8;BR-381/SP;Norte;Colisão Lateral;1;2;;;;;1
23/11/2019;16:45:00;301;sem vítima;572,95;BR-381/MG;Sul;Colisão Traseira;1;2;;;;;1
23/11/2019;17:04:00;314;com vítima;572,95;BR-381/MG;Sul;Colisão Traseira;2;1;;;1;;2
23/11/2019;19:58:00;370;sem vítima;8,88;BR-381/SP;Sul;Colisão Traseira;1;5;;;;;1
24/11/2019;13:42:00;166;com vítima;503,4;BR-381/MG;Norte;Colisão Traseira;1;0;4;;;;1
24/11/2019;14:11:00;172;sem vítima;805,1;BR-381/MG;Norte;Colisão Lateral;1;2;;;;;1
24/11/2019;16:22:00;222;sem vítima;844;BR-381/MG;Norte;Colisão Traseira;2;2;;;;;1
24/11/2019;17:57:00;269;sem vítima;803,5;BR-381/MG;Sul;Colisão Lateral;1;2;;;;;1
25/11/2019;08:37:00;106;sem vítima;80,4;BR-381/SP;Sul;Colisão Lateral;1;5;;;;;1
25/11/2019;16:18:00;313;sem vítima;816;BR-381/MG;Norte;Choque - Veiculo parado na pista;1;2;;;;;1
25/11/2019;21:55:00;414;com vítima;485;BR-381/MG;Sul;Tombamento;1;0;1;;;;1
26/11/2019;00:41:00;16;com vítima;82;BR-381/SP;Norte;Choque - Defensa, barreira ou "submarino";1;0;1;2;;;2
26/11/2019;00:42:00;17;sem vítima;804;BR-381/MG;Norte;Choque - Defensa, barreira ou "submarino";1;1;;;;;1
26/11/2019;11:17:00;183;com vítima;733,1;BR-381/MG;Sul;Objeto lançado contra veículo;1;2;;;1;;2
26/11/2019;23:26:00;404;com vítima;686,1;BR-381/MG;Sul;Colisão Traseira;2;1;1;;;;1
27/11/2019;02:09:00;27;com vítima;764,095;BR-381/MG;Norte;Colisão Traseira;2;1;;;;1;3
27/11/2019;03:49:00;40;sem vítima;734,1;BR-381/MG;Sul;Choque - Defensa, barreira ou "submarino";1;1;;;;;1
27/11/2019;04:16:00;43;com vítima;522;BR-381/MG;Norte;Colisão Traseira;2;1;1;;;;1
27/11/2019;05:26:00;49;com vítima;817,7;BR-381/MG;Sul;Colisão Traseira;1;31;;;1;;2
27/11/2019;06:20:00;55;sem vítima;66,5;BR-381/SP;Sul;Colisão Traseira;1;2;;;;;1
27/11/2019;06:37:00;62;sem vítima;669;BR-381/MG;Norte;Colisão Traseira;1;2;;;;;1
27/11/2019;07:23:00;83;sem vítima;817,8;BR-381/MG;Norte;Colisão Traseira;1;2;;;;;1
27/11/2019;10:12:00;178;sem vítima;597,8;BR-381/MG;Norte;Colisão Traseira;2;2;;;;;1
27/11/2019;18:58:00;383;sem vítima;13;BR-381/SP;Norte;Choque - Defensa, barreira ou "submarino";1;1;;;;;1
27/11/2019;19:14:00;389;sem vítima;597;BR-381/MG;Norte;Colisão Traseira;2;2;;;;;1
27/11/2019;20:33:00;415;sem vítima;565;BR-381/MG;Sul;Colisão Lateral;2;4;;;;;1
28/11/2019;00:14:00;12;com vítima;28;BR-381/SP;Sul;Colisão Traseira;2;1;1;;;;1
28/11/2019;05:58:00;51;com vítima;752,2;BR-381/MG;Norte;Colisão Lateral;1;2;1;;;;1
28/11/2019;11:22:00;181;sem vítima;75,5;BR-381/SP;Sul;Colisão Traseira;1;2;;;;;1
28/11/2019;14:34:00;235;sem vítima;50;BR-381/SP;Norte;Colisão Traseira;1;2;;;;;1
28/11/2019;15:27:00;253;com vítima;627;BR-381/MG;Norte;Engavetamento;2;4;2;;;;1
28/11/2019;15:42:00;260;sem vítima;5,5;BR-381/SP;Sul;Capotamento;1;2;;;;;1
28/11/2019;15:46:00;261;sem vítima;531;BR-381/MG;Norte;Colisão Traseira;2;2;;;;;1
28/11/2019;15:52:00;266;com vítima;627;BR-381/MG;Norte;Colisão Traseira;4;2;;1;1;;2
28/11/2019;16:35:00;282;com vítima;75,5;BR-381/SP;Norte;Choque - Talude;1;2;1;;;;1
28/11/2019;16:44:00;285;sem vítima;906,1;BR-381/MG;Norte;Choque - Talude;1;1;;;;;1
28/11/2019;17:10:00;293;sem vítima;550,5;BR-381/MG;Sul;Choque - Defensa, barreira ou "submarino";1;1;;;;;1
28/11/2019;17:13:00;294;com vítima;939;BR-381/MG;Sul;Tombamento;1;0;1;1;1;;2
28/11/2019;17:38:00;309;com vítima;71,4;BR-381/SP;Norte;Choque - Defensa, barreira ou "submarino";1;1;1;;;;1
28/11/2019;17:58:00;319;com vítima;812,6;BR-381/MG;Sul;Atropelamento - Usuário;1;1;;;;1;3
28/11/2019;18:51:00;335;sem vítima;708;BR-381/MG;Norte;Capotamento;1;2;;;;;1
28/11/2019;20:20:00;364;com vítima;917,3;BR-381/MG;Norte;Tombamento;1;0;1;;;;1
29/11/2019;04:36:00;46;sem vítima;705;BR-381/MG;Sul;Colisão Lateral;1;2;;;;;1
29/11/2019;04:37:00;47;sem vítima;19;BR-381/SP;Norte;Tombamento;1;1;;;;;1
29/11/2019;05:38:00;57;sem vítima;795;BR-381/MG;Sul;Colisão Lateral;1;2;;;;;1
29/11/2019;10:36:00;179;com vítima;539,9;BR-381/MG;Norte;Colisão Lateral;1;1;1;;;;1
29/11/2019;13:50:00;248;sem vítima;491,3;BR-381/MG;Sul;Colisão Traseira;1;2;;;;;1
29/11/2019;18:11:00;362;com vítima;806;BR-381/MG;Sul;Colisão Traseira;1;1;;1;;;2
29/11/2019;20:45:00;431;sem vítima;545,9;BR-381/MG;Sul;Colisão Traseira;1;2;;;;;1
29/11/2019;21:00:00;439;sem vítima;545,9;BR-381/MG;Sul;Choque - Defensa, barreira ou "submarino";1;1;;;;;1
29/11/2019;21:06:00;442;sem vítima;545,9;BR-381/MG;Sul;Choque - Defensa, barreira ou "submarino";1;1;;;;;1
30/11/2019;05:08:00;63;sem vítima;528,5;BR-381/MG;Sul;Choque - Elemento de Drenagem;1;2;;;;;1
30/11/2019;05:29:00;67;com vítima;704,5;BR-381/MG;Sul;Tombamento;1;0;2;;;;1
30/11/2019;06:39:00;82;sem vítima;812;BR-381/MG;Norte;Choque - Talude;1;1;;;;;1
30/11/2019;09:04:00;151;sem vítima;487;BR-381/MG;Norte;Colisão Lateral;1;2;;;;;1
30/11/2019;12:20:00;216;sem vítima;484;BR-381/MG;Norte;Colisão Lateral;1;2;;;;;1
30/11/2019;12:28:00;218;sem vítima;529;BR-381/MG;Sul;Choque - Elemento de Drenagem;1;1;;;;;1
30/11/2019;13:39:00;235;com vítima;41,1;BR-381/SP;Sul;Colisão Traseira;1;1;1;;;;1
30/11/2019;15:16:00;271;sem vítima;1,4;BR-381/MG-CONT;Norte;Choque - Defensa, barreira ou "submarino";1;1;;;;;1
30/11/2019;22:34:00;400;sem vítima;50;BR-381/SP;Norte;Choque - Defensa, barreira ou "submarino";1;1;;;;;1
01/10/2019;02:00:00;34;sem vítima;666,8;BR-381/MG;Norte;Colisão Traseira;2;2;;;;;1
01/10/2019;05:55:00;58;com vítima;78,8;BR-381/SP;Norte;Tombamento;1;0;1;;;;1
01/10/2019;07:41:00;88;sem vítima;51;BR-381/SP;Sul;Colisão Traseira;1;2;;;;;1
01/10/2019;10:22:00;162;com vítima;578,3;BR-381/MG;Norte;Capotamento;2;1;;;1;1;3
01/10/2019;16:05:00;275;sem vítima;901;BR-381/MG;Norte;Colisão Traseira;1;2;;;;;1
01/10/2019;17:11:00;302;sem vítima;65,15;BR-381/SP;Norte;Colisão Traseira;1;2;;;;;1
01/10/2019;19:30:00;342;sem vítima;910;BR-381/MG;Sul;Choque - Defensa, barreira ou "submarino";1;1;;;;;1
01/10/2019;23:35:00;399;sem vítima;863,8;BR-381/MG;Sul;Choque - Elemento de Drenagem;1;1;;;;;1
02/10/2019;04:42:00;45;sem vítima;86,2;BR-381/SP;Norte;Colisão Traseira;1;2;;;;;1
02/10/2019;18:27:00;375;sem vítima;495;BR-381/MG;Sul;Colisão Lateral;1;2;;;;;1
02/10/2019;19:09:00;388;sem vítima;55;BR-381/SP;Sul;Engavetamento;1;3;;;;;1
02/10/2019;19:41:00;405;com vítima;673,6;BR-381/MG;Norte;Colisão Traseira;1;1;1;;;;1
02/10/2019;23:38:00;454;sem vítima;658,255;BR-381/MG;Sul;Choque - Defensa, barreira ou "submarino";1;1;;;;;1
03/10/2019;04:41:00;49;sem vítima;849,1;BR-381/MG;Norte;Choque - Defensa, barreira ou "submarino";1;1;;;;;1
03/10/2019;07:40:00;116;sem vítima;10;BR-381/SP;Sul;Colisão Lateral;1;2;;;;;1
03/10/2019;08:21:00;137;sem vítima;482,5;BR-381/MG;Sul;Colisão Traseira;1;2;;;;;1
03/10/2019;14:19:00;258;sem vítima;746,8;BR-381/MG;Sul;Choque - Defensa, barreira ou "submarino";1;2;;;;;1
03/10/2019;20:17:00;415;sem vítima;501,5;BR-381/MG;Norte;Colisão Lateral;1;2;;;;;1
04/10/2019;00:21:00;15;sem vítima;6,1;BR-381/MG-CONT;Norte;Choque - Defensa, barreira ou "submarino";1;1;;;;;1
04/10/2019;02:44:00;35;sem vítima;569,6;BR-381/MG;Sul;Choque - Veiculo parado no acostamento;2;3;;;;;1
04/10/2019;10:12:00;171;sem vítima;794,3;BR-381/MG;Norte;Colisão Lateral;1;4;;;;;1
04/10/2019;16:34:00;324;com vítima;3,5;BR-381/MG-CONT;Norte;Colisão Traseira;1;1;1;;;;1
04/10/2019;16:57:00;334;sem vítima;27;BR-381/SP;Norte;Engavetamento;3;4;;;;;1
04/10/2019;20:35:00;418;sem vítima;844;BR-381/MG;Sul;Colisão Traseira;1;2;;;;;1
05/10/2019;01:08:00;17;sem vítima;906;BR-381/MG;Norte;Colisão Traseira;1;2;;;;;1
05/10/2019;03:30:00;40;sem vítima;567;BR-381/MG;Norte;Colisão Lateral;2;2;;;;;1
05/10/2019;19:04:00;362;sem vítima;943;BR-381/MG;Norte;Colisão Traseira;1;2;;;;;1
05/10/2019;22:57:00;416;sem vítima;727;BR-381/MG;Norte;Tombamento;1;1;;;;;1
06/10/2019;03:45:00;30;sem vítima;831;BR-381/MG;Norte;Colisão Traseira;1;2;;;;;1
06/10/2019;23:52:00;340;com vítima;525;BR-381/MG;Sul;Tombamento;1;0;1;;;;1
07/10/2019;08:30:00;126;sem vítima;805;BR-381/MG;Sul;Colisão Traseira;2;2;;;;;1
07/10/2019;12:51:00;216;sem vítima;881,5;BR-381/MG;Sul;Choque - Elemento de Drenagem;1;1;;;;;1
07/10/2019;13:41:00;233;sem vítima;481,5;BR-381/MG;Sul;Choque - Defensa, barreira ou "submarino";1;1;;;;;1
07/10/2019;17:24:00;364;com vítima;913;BR-381/MG;Norte;Choque - Defensa, barreira ou "submarino";1;1;;1;;;2
07/10/2019;18:43:00;402;sem vítima;481,5;BR-381/MG;Sul;Engavetamento;1;3;;;;;1
07/10/2019;19:01:00;409;sem vítima;70;BR-381/SP;Sul;Choque - Defensa, barreira ou "submarino";1;1;;;;;1
08/10/2019;01:30:00;24;sem vítima;671;BR-381/MG;Norte;Choque - Talude;1;1;;;;;1
08/10/2019;03:49:00;36;sem vítima;712,4;BR-381/MG;Norte;Choque - Elemento de Drenagem;1;1;;;;;1
08/10/2019;06:49:00;65;sem vítima;802,8;BR-381/MG;Norte;Colisão Traseira;2;2;;;;;1
08/10/2019;07:46:00;90;com vítima;87,1;BR-381/SP;Sul;Choque - Defensa, barreira ou "submarino";1;1;1;;;;1
08/10/2019;07:52:00;94;sem vítima;499,6;BR-381/MG;Norte;Engavetamento;1;4;;;;;1
08/10/2019;08:09:00;100;com vítima;601,5;BR-381/MG;Norte;Tombamento;1;1;1;;;;1
08/10/2019;08:15:00;103;com vítima;88;BR-381/SP;Sul;Colisão Lateral;1;2;6;1;;;2
09/10/2019;08:06:00;115;sem vítima;495,8;BR-381/MG;Norte;Colisão Traseira;1;2;;;;;1
09/10/2019;10:34:00;180;sem vítima;75,4;BR-381/SP;Sul;Colisão Traseira;1;2;;;;;1
09/10/2019;13:05:00;237;com vítima;649;BR-381/MG;Sul;Choque - Defensa, barreira ou "submarino";1;0;1;;;;1
09/10/2019;15:02:00;269;sem vítima;694,5;BR-381/MG;Sul;Colisão Traseira;1;2;;;;;1
09/10/2019;20:46:00;365;sem vítima;495;BR-381/MG;Sul;Colisão Traseira;1;2;;;;;1
09/10/2019;23:26:00;404;sem vítima;673;BR-381/MG;Norte;Colisão Traseira;2;2;;;;;1
10/10/2019;00:46:00;19;sem vítima;68;BR-381/SP;Sul;Colisão Traseira;1;2;;;;;1
10/10/2019;00:51:00;20;sem vítima;736;BR-381/MG;Norte;Colisão Traseira;1;3;;;;;1
10/10/2019;02:02:00;32;com vítima;62;BR-381/SP;Sul;Colisão Traseira;2;1;1;;;;1
10/10/2019;08:09:00;112;com vítima;479,5;BR-381/MG;Norte;Colisão Lateral;1;1;1;;;;1
10/10/2019;12:28:00;205;sem vítima;712;BR-381/MG;Norte;Colisão Lateral;1;2;;;;;1
10/10/2019;13:47:00;235;com vítima;843,9;BR-381/MG;Norte;Colisão Lateral;1;1;1;;;;1
10/10/2019;17:13:00;318;com vítima;932;BR-381/MG;Norte;Tombamento;1;2;2;;;;1
10/10/2019;17:20:00;322;com vítima;524;BR-381/MG;Sul;Colisão Traseira;2;3;1;;;;1
10/10/2019;19:00:00;347;sem vítima;685,3;BR-381/MG;Sul;Colisão Traseira;1;2;;;;;1
10/10/2019;20:53:00;387;sem vítima;5;BR-381/MG-CONT;Sul;Choque - Defensa, barreira ou "submarino";1;1;;;;;1
10/10/2019;21:36:00;399;sem vítima;942;BR-381/MG;Norte;Engavetamento;3;4;;;;;1
11/10/2019;01:12:00;23;sem vítima;1;BR-381/SP;Norte;Colisão Lateral;2;3;;;;;1
11/10/2019;01:48:00;26;sem vítima;635,5;BR-381/MG;Norte;Choque - Elemento de Drenagem;1;1;;;;;1
11/10/2019;04:58:00;61;com vítima;518,8;BR-381/MG;Norte;Colisão Traseira;2;1;;1;;;2
11/10/2019;06:16:00;73;com vítima;598,5;BR-381/MG;Norte;Colisão Traseira;2;1;;;;1;3
11/10/2019;06:16:00;75;sem vítima;673;BR-381/MG;Norte;Choque - Elemento de Drenagem;1;1;;;;;1
11/10/2019;22:06:00;482;sem vítima;498;BR-381/MG;Norte;Choque - Defensa, barreira ou "submarino";1;1;;;;;1
11/10/2019;23:20:00;506;sem vítima;700,2;BR-381/MG;Norte;Colisão Traseira;1;3;;;;;1
12/10/2019;01:01:00;28;sem vítima;15,5;BR-381/SP;Sul;Colisão Traseira;2;2;;;;;1
12/10/2019;04:28:00;57;com vítima;526,2;BR-381/MG;Sul;Tombamento;1;0;;1;;;2
12/10/2019;05:54:00;69;com vítima;756;BR-381/MG;Norte;Tombamento;1;0;1;;;;1
12/10/2019;08:02:00;108;sem vítima;817,5;BR-381/MG;Norte;Tombamento;1;1;;;;;1
12/10/2019;10:56:00;183;sem vítima;684,5;BR-381/MG;Sul;Colisão Traseira;1;4;;;;;1
12/10/2019;18:34:00;367;com vítima;485,8;BR-381/MG;Sul;Colisão Lateral;1;1;1;;;;1
13/10/2019;15:35:00;255;com vítima;567,5;BR-381/MG;Sul;Tombamento;1;0;1;;;;1
13/10/2019;16:28:00;281;sem vítima;566;BR-381/MG;Sul;Engavetamento;2;3;;;;;1
13/10/2019;16:40:00;290;sem vítima;65,5;BR-381/SP;Norte;Colisão Traseira;1;2;;;;;1
13/10/2019;23:13:00;444;com vítima;600,5;BR-381/MG;Norte;Colisão Traseira;2;0;3;;;;1
14/10/2019;11:37:00;186;com vítima;485,3;BR-381/MG;Norte;Atropelamento - Morador;1;1;;;;1;3
14/10/2019;15:11:00;258;com vítima;622;BR-381/MG;Sul;Colisão Traseira;2;1;1;;;;1
14/10/2019;17:20:00;322;sem vítima;533;BR-381/MG;Sul;Choque - Defensa, barreira ou "submarino";1;1;;;;;1
14/10/2019;20:36:00;397;sem vítima;856,5;BR-381/MG;Norte;Colisão Traseira;1;2;;;;;1
15/10/2019;03:36:00;45;sem vítima;58,5;BR-381/SP;Sul;Colisão Traseira;2;2;;;;;1
15/10/2019;03:56:00;48;sem vítima;61;BR-381/SP;Sul;Tombamento;1;1;;;;;1
15/10/2019;05:52:00;64;sem vítima;758;BR-381/MG;Norte;Tombamento;1;1;;;;;1
15/10/2019;10:54:00;169;sem vítima;849;BR-381/MG;Norte;Colisão Traseira;1;2;;;;;1
15/10/2019;12:51:00;209;sem vítima;34;BR-381/SP;Sul;Colisão Traseira;1;2;;;;;1