data;horario;n_da_ocorrencia;tipo_de_ocorrencia;km;trecho;sentido;tipo_de_acidente;caminhao;ilesos;levemente_feridos;moderadamente_feridos;gravemente_feridos;mortos;3
15/10/2019;23:55:00;434;com vítima;649;BR-381/MG;Sul;Engavetamento;3;2;;2;;;2
16/10/2019;06:50:00;84;com vítima;778,2;BR-381/MG;Norte;Tombamento;1;0;1;;;;1
16/10/2019;09:04:00;150;com vítima;506,5;BR-381/MG;Norte;Colisão Lateral;1;2;1;;;;1
16/10/2019;11:04:00;200;sem vítima;477,8;BR-381/MG;Norte;Colisão Lateral;1;4;;;;;1
16/10/2019;15:44:00;306;sem vítima;562;BR-381/MG;Sul;Choque - Arvore;1;1;;;;;1
16/10/2019;17:16:00;344;com vítima;922;BR-381/MG;Sul;Colisão Lateral;2;2;;;1;;2
16/10/2019;18:37:00;385;com vítima;540,5;BR-381/MG;Norte;Engavetamento;3;5;;;1;;2
16/10/2019;18:41:00;389;sem vítima;882;BR-381/MG;Norte;Colisão Lateral;1;2;;;;;1
16/10/2019;18:45:00;392;com vítima;540,4;BR-381/MG;Norte;Engavetamento;5;14;1;;;;1
16/10/2019;22:36:00;464;sem vítima;566;BR-381/MG;Norte;Choque - Talude;1;1;;;;;1
16/10/2019;23:17:00;473;sem vítima;540,3;BR-381/MG;Norte;Choque - Veiculo parado na pista;2;5;;;;;1
16/10/2019;23:24:00;478;sem vítima;770,8;BR-381/MG;Norte;Colisão Lateral;2;2;;;;;1
17/10/2019;04:41:00;65;com vítima;9,5;BR-381/SP;Sul;Tombamento;2;2;;1;;;2
17/10/2019;05:20:00;70;sem vítima;542;BR-381/MG;Norte;Engavetamento;2;35;;;;;1
17/10/2019;07:07:00;95;sem vítima;900,8;BR-381/MG;Norte;Choque - Suporte de Sinalização;1;1;;;;;1
17/10/2019;07:53:00;109;com vítima;937,4;BR-381/MG;Sul;Tombamento;1;0;;;;1;3
17/10/2019;08:10:00;121;com vítima;935,5;BR-381/MG;Sul;Engavetamento;3;7;2;;;;1
17/10/2019;15:55:00;333;sem vítima;525;BR-381/MG;Sul;Choque - Defensa, barreira ou "submarino";1;1;;;;;1
17/10/2019;21:54:00;465;sem vítima;3;BR-381/SP;Norte;Colisão Traseira;1;3;;;;;1
18/10/2019;03:17:00;46;sem vítima;52,2;BR-381/SP;Sul;Colisão Traseira;2;2;;;;;1
18/10/2019;06:07:00;62;sem vítima;71,1;BR-381/SP;Sul;Choque - Defensa, barreira ou "submarino";1;1;;;;;1
18/10/2019;07:23:00;90;com vítima;9,4;BR-381/SP;Norte;Engavetamento;1;2;2;;;;1
18/10/2019;13:34:00;257;com vítima;493,8;BR-381/MG;Sul;Colisão Lateral;1;1;1;;;;1
18/10/2019;23:36:00;476;sem vítima;941;BR-381/MG;Norte;Engavetamento;2;3;;;;;1
19/10/2019;05:48:00;58;sem vítima;1,9;BR-381/SP;Norte;Tombamento;1;1;;;;;1
19/10/2019;09:43:00;126;com vítima;683,2;BR-381/MG;Norte;Colisão Traseira;1;1;1;;;;1
19/10/2019;11:39:00;172;sem vítima;908;BR-381/MG;Sul;Colisão Lateral;1;2;;;;;1
19/10/2019;15:22:00;245;com vítima;859;BR-381/MG;Norte;Capotamento;1;1;1;;;1;3
19/10/2019;15:23:00;246;sem vítima;942;BR-381/MG;Norte;Colisão Traseira;1;2;;;;;1
19/10/2019;15:26:00;249;com vítima;525;BR-381/MG;Sul;Capotamento;1;0;;1;;;2
20/10/2019;07:00:00;56;sem vítima;572,5;BR-381/MG;Sul;Choque - Talude;1;1;;;;;1
20/10/2019;07:55:00;74;sem vítima;540;BR-381/MG;Norte;Colisão Traseira;2;2;;;;;1
20/10/2019;17:42:00;245;com vítima;689;BR-381/MG;Sul;Colisão Traseira;1;4;3;;;;1
20/10/2019;18:28:00;261;sem vítima;81;BR-381/SP;Sul;Engavetamento;1;4;;;;;1
20/10/2019;21:43:00;321;com vítima;576,5;BR-381/MG;Norte;Tombamento;1;0;1;;;;1
20/10/2019;22:22:00;329;sem vítima;720;BR-381/MG;Norte;Colisão Lateral;1;2;;;;;1
20/10/2019;22:57:00;339;sem vítima;725;BR-381/MG;Sul;Colisão Traseira;3;3;;;;;1
21/10/2019;11:29:00;186;sem vítima;481,799;BR-381/MG;Sul;Colisão Traseira;2;2;;;;;1
21/10/2019;13:36:00;220;sem vítima;602,1;BR-381/MG;Sul;Colisão Lateral;2;2;;;;;1
21/10/2019;16:06:00;268;sem vítima;566;BR-381/MG;Sul;Choque - Defensa, barreira ou "submarino";1;1;;;;;1
21/10/2019;16:49:00;290;sem vítima;524;BR-381/MG;Sul;Colisão Traseira;1;2;;;;;1
21/10/2019;17:35:00;308;sem vítima;901;BR-381/MG;Norte;Colisão Lateral;1;2;;;;;1
21/10/2019;20:19:00;351;sem vítima;680;BR-381/MG;Sul;Choque - Elemento de Drenagem;1;1;;;;;1
22/10/2019;07:23:00;86;com vítima;925;BR-381/MG;Sul;Capotamento;1;0;2;;;;1
22/10/2019;10:29:00;185;sem vítima;61,1;BR-381/SP;Sul;Tombamento;1;1;;;;;1
22/10/2019;22:35:00;418;com vítima;489,9;BR-381/MG;Sul;Atropelamento - Andarilho;1;1;;;;1;3
23/10/2019;02:29:00;27;sem vítima;3;BR-381/SP;Sul;Tombamento;1;2;;;;;1
23/10/2019;15:28:00;265;com vítima;51;BR-381/SP;Sul;Colisão Traseira;1;1;1;;;;1
23/10/2019;17:07:00;309;sem vítima;849;BR-381/MG;Norte;Colisão Lateral;2;2;;;;;1
23/10/2019;17:53:00;327;sem vítima;932,5;BR-381/MG;Norte;Tombamento;1;1;;;;;1
23/10/2019;17:57:00;329;com vítima;886;BR-381/MG;Sul;Tombamento;1;0;1;;;;1
23/10/2019;18:07:00;335;sem vítima;489,7;BR-381/MG;Sul;Choque - Defensa, barreira ou "submarino";1;1;;;;;1
23/10/2019;18:58:00;348;sem vítima;489,5;BR-381/MG;Sul;Engavetamento;1;3;;;;;1
23/10/2019;23:03:00;423;sem vítima;615;BR-381/MG;Sul;Colisão Traseira;2;2;;;;;1
24/10/2019;10:09:00;163;sem vítima;494;BR-381/MG;Sul;Colisão Lateral;1;2;;;;;1
24/10/2019;15:08:00;260;sem vítima;936;BR-381/MG;Sul;Choque - Defensa, barreira ou "submarino";1;1;;;;;1
24/10/2019;15:10:00;263;sem vítima;924,5;BR-381/MG;Sul;Colisão Traseira;1;2;;;;;1
24/10/2019;15:51:00;284;sem vítima;498;BR-381/MG;Norte;Engavetamento;1;4;;;;;1
24/10/2019;15:53:00;287;sem vítima;36;BR-381/SP;Sul;Tombamento;1;1;;;;;1
24/10/2019;16:49:00;314;com vítima;729;BR-381/MG;Norte;Capotamento;1;0;1;;;;1
24/10/2019;16:57:00;317;sem vítima;929;BR-381/MG;Sul;Colisão Lateral;1;2;;;;;1
24/10/2019;17:26:00;329;sem vítima;16,5;BR-381/SP;Norte;Tombamento;1;1;;;;;1
24/10/2019;19:46:00;385;sem vítima;766;BR-381/MG;Sul;Colisão Traseira;2;2;;;;;1
24/10/2019;21:46:00;417;sem vítima;773;BR-381/MG;Sul;Choque - Defensa, barreira ou "submarino";1;1;;;;;1
24/10/2019;22:02:00;426;sem vítima;773;BR-381/MG;Sul;Choque - Defensa, barreira ou "submarino";1;1;;;;;1
24/10/2019;22:21:00;431;com vítima;569,7;BR-381/MG;Norte;Colisão Traseira;1;1;;2;;;2
25/10/2019;06:09:00;73;sem vítima;723;BR-381/MG;Norte;Choque - Defensa, barreira ou "submarino";1;1;;;;;1
25/10/2019;12:33:00;238;sem vítima;553;BR-381/MG;Norte;Colisão Lateral;1;2;;;;;1
25/10/2019;13:10:00;251;sem vítima;500,9;BR-381/MG;Norte;Colisão Traseira;1;2;;;;;1
25/10/2019;16:05:00;311;com vítima;946;BR-381/MG;Sul;Engavetamento;1;6;1;;;;1
25/10/2019;22:06:00;438;com vítima;884,6;BR-381/MG;Sul;Atropelamento - Andarilho;1;1;;;1;;2
25/10/2019;22:14:00;442;sem vítima;746;BR-381/MG;Sul;Colisão Traseira;1;2;;;;;1
25/10/2019;23:02:00;462;com vítima;33,5;BR-381/SP;Norte;Colisão Traseira;2;1;1;;;;1
26/10/2019;02:04:00;38;com vítima;1,5;BR-381/SP;Norte;Engavetamento;3;2;1;;1;;2
26/10/2019;07:05:00;94;sem vítima;925;BR-381/MG;Norte;Colisão Traseira;1;2;;;;;1
26/10/2019;07:44:00;113;sem vítima;743,5;BR-381/MG;Norte;Colisão Lateral;1;2;;;;;1
26/10/2019;14:02:00;252;sem vítima;924,3;BR-381/MG;Norte;Tombamento;1;2;;;;;1
26/10/2019;23:18:00;401;sem vítima;69,5;BR-381/SP;Sul;Colisão Traseira;2;2;;;;;1
27/10/2019;13:53:00;197;com vítima;477,5;BR-381/MG;Norte;Colisão Traseira;1;1;2;;;;1
27/10/2019;21:29:00;412;com vítima;737,7;BR-381/MG;Sul;Tombamento;1;0;1;;;1;3
27/10/2019;21:46:00;419;com vítima;737,26;BR-381/MG;Sul;Engavetamento;1;1;29;3;2;4;3
27/10/2019;22:52:00;436;sem vítima;529;BR-381/MG;Norte;Tombamento;1;2;;;;;1
28/10/2019;03:57:00;41;sem vítima;900;BR-381/MG;Norte;Choque - Elemento de Drenagem;1;1;;;;;1
28/10/2019;07:27:00;91;com vítima;722,6;BR-381/MG;Sul;Engavetamento;2;18;2;1;;;2
28/10/2019;14:31:00;248;com vítima;557;BR-381/MG;Sul;Colisão Traseira;1;1;1;;;;1
28/10/2019;21:54:00;427;com vítima;559,8;BR-381/MG;Sul;Choque - Defensa, barreira ou "submarino";1;0;;1;;;2
28/10/2019;22:09:00;430;sem vítima;502;BR-381/MG;Norte;Choque - Defensa, barreira ou "submarino";1;1;;;;;1
29/10/2019;01:59:00;31;sem vítima;15;BR-381/SP;Sul;Colisão Traseira;1;14;;;;;1
29/10/2019;07:13:00;76;com vítima;930;BR-381/MG;Sul;Tombamento;1;0;1;;;;1
29/10/2019;08:25:00;105;com vítima;540,5;BR-381/MG;Norte;Colisão Lateral;1;1;2;;;;1
29/10/2019;09:47:00;156;com vítima;481,4;BR-381/MG;Sul;Colisão Traseira;1;1;1;;;;1
29/10/2019;14:39:00;256;sem vítima;525;BR-381/MG;Sul;Colisão Traseira;1;2;;;;;1
29/10/2019;14:38:00;257;sem vítima;66;BR-381/SP;Norte;Colisão Lateral;1;2;;;;;1
29/10/2019;17:19:00;323;com vítima;543;BR-381/MG;Norte;Capotamento;1;1;1;;;;1
29/10/2019;22:14:00;415;sem vítima;705;BR-381/MG;Norte;Choque - Defensa, barreira ou "submarino";1;1;;;;;1
30/10/2019;00:56:00;21;sem vítima;0,8;BR-381/SP;Sul;Colisão Traseira;2;2;;;;;1
30/10/2019;01:15:00;23;com vítima;540,6;BR-381/MG;Norte;Colisão Traseira;2;1;1;;;;1
30/10/2019;04:36:00;41;sem vítima;27;BR-381/SP;Norte;Colisão Traseira;1;2;;;;;1
30/10/2019;14:58:00;262;sem vítima;886;BR-381/MG;Sul;Colisão Lateral;1;2;;;;;1
30/10/2019;16:18:00;291;com vítima;628,6;BR-381/MG;Norte;Tombamento;1;0;1;;;;1
30/10/2019;16:57:00;309;sem vítima;727;BR-381/MG;Sul;Choque - Elemento de Drenagem;1;2;;;;;1
30/10/2019;22:25:00;407;sem vítima;693;BR-381/MG;Norte;Choque - Defensa, barreira ou "submarino";1;1;;;;;1
31/10/2019;00:30:00;19;com vítima;478;BR-381/MG;Sul;Tombamento;1;0;;1;;;2
31/10/2019;09:54:00;173;sem vítima;31;BR-381/SP;Norte;Tombamento;1;2;;;;;1
31/10/2019;14:01:00;255;sem vítima;935,9;BR-381/MG;Sul;Choque - Defensa, barreira ou "submarino";1;1;;;;;1
31/10/2019;14:38:00;271;sem vítima;926;BR-381/MG;Sul;Choque - Defensa, barreira ou "submarino";1;1;;;;;1
31/10/2019;18:23:00;370;sem vítima;921;BR-381/MG;Norte;Choque - Defensa, barreira ou "submarino";1;2;;;;;1
31/10/2019;19:03:00;385;com vítima;704;BR-381/MG;Sul;Colisão Lateral;2;0;2;;;;1
31/10/2019;22:29:00;437;com vítima;813,7;BR-381/MG;Norte;Colisão Traseira;2;1;;;1;;2
01/03/2020;10:48:00;102;sem vítima;526,7;BR-381/MG;Sul;Colisão Transversal;2;2;;;;;1
01/03/2020;11:07:00;112;sem vítima;525,5;BR-381/MG;Sul;Colisão Traseira;1;2;;;;;1
01/03/2020;19:04:00;267;sem vítima;589,4;BR-381/MG;Norte;Choque - Elemento de Drenagem;1;1;;;;;1
01/03/2020;19:47:00;287;com vítima;36;BR-381/SP;Sul;Colisão Lateral;1;2;2;;;;1
01/03/2020;20:05:00;294;sem vítima;754,2;BR-381/MG;Norte;Choque - Defensa, barreira ou "submarino";1;1;;;;;1
01/03/2020;20:31:00;303;sem vítima;81,9;BR-381/SP;Sul;Colisão Traseira;1;2;;;;;1
01/03/2020;23:04:00;337;sem vítima;902,8;BR-381/MG;Norte;Tombamento;1;1;;;;;1
02/03/2020;05:08:00;49;sem vítima;597,7;BR-381/MG;Norte;Colisão Traseira;1;2;;;;;1
02/03/2020;08:00:00;105;sem vítima;482,9;BR-381/MG;Norte;Colisão Traseira;1;2;;;;;1
02/03/2020;16:23:00;284;sem vítima;675,7;BR-381/MG;Norte;Choque - Defensa, barreira ou "submarino";1;1;;;;;1
03/03/2020;00:11:00;22;sem vítima;727,9;BR-381/MG;Norte;Colisão Traseira;2;2;;;;;1
03/03/2020;00:59:00;28;sem vítima;905,3;BR-381/MG;Norte;Colisão Traseira;1;2;;;;;1
03/03/2020;06:44:00;82;sem vítima;487,3;BR-381/MG;Norte;Colisão Traseira;1;2;;;;;1
03/03/2020;06:47:00;83;sem vítima;75;BR-381/SP;Norte;Colisão Lateral;1;2;;;;;1
03/03/2020;14:43:00;245;sem vítima;54,5;BR-381/SP;Norte;Choque - Defensa, barreira ou "submarino";1;1;;;;;1
03/03/2020;14:55:00;251;com vítima;54;BR-381/SP;Norte;Engavetamento;5;15;3;;;;1
03/03/2020;19:43:00;356;sem vítima;65,5;BR-381/SP;Norte;Colisão Traseira;1;2;;;;;1
03/03/2020;19:47:00;359;sem vítima;490;BR-381/MG;Sul;Choque - Defensa, barreira ou "submarino";1;1;;;;;1
04/03/2020;00:24:00;28;sem vítima;60,2;BR-381/SP;Sul;Tombamento;1;1;;;;;1
04/03/2020;01:00:00;32;com vítima;921,2;BR-381/MG;Sul;Tombamento;1;0;1;;;;1
04/03/2020;01:18:00;35;sem vítima;10,5;BR-381/SP;Norte;Choque - Defensa, barreira ou "submarino";1;1;;;;;1
04/03/2020;08:10:00;116;sem vítima;806,5;BR-381/MG;Norte;Colisão Traseira;1;6;;;;;1
04/03/2020;13:00:00;242;sem vítima;707,8;BR-381/MG;Sul;Colisão Traseira;2;3;;;;;1
04/03/2020;13:35:00;251;sem vítima;84,2;BR-381/SP;Norte;Engavetamento;1;3;;;;;1
04/03/2020;14:51:00;281;sem vítima;814;BR-381/MG;Norte;Choque - Defensa, barreira ou "submarino";1;1;;;;;1
05/03/2020;01:36:00;32;sem vítima;503,5;BR-381/MG;Sul;Choque - Defensa, barreira ou "submarino";1;2;;;;;1
05/03/2020;02:41:00;44;sem vítima;802;BR-381/MG;Norte;Colisão Traseira;1;14;;;;;1
05/03/2020;07:13:00;85;com vítima;81;BR-381/SP;Sul;Engavetamento;3;5;1;;;;1
05/03/2020;09:00:00;137;sem vítima;903;BR-381/MG;Norte;Choque - Defensa, barreira ou "submarino";1;1;;;;;1
05/03/2020;10:13:00;169;sem vítima;937;BR-381/MG;Sul;Colisão Transversal;1;2;;;;;1
05/03/2020;12:18:00;214;com vítima;821,8;BR-381/MG;Norte;Choque - Defensa, barreira ou "submarino";1;0;1;;;;1
05/03/2020;13:57:00;234;sem vítima;905,5;BR-381/MG;Norte;Choque - Defensa, barreira ou "submarino";1;1;;;;;1
05/03/2020;16:29:00;294;com vítima;908;BR-381/MG;Norte;Colisão Traseira;1;2;1;;;;1
05/03/2020;18:52:00;353;sem vítima;909;BR-381/MG;Norte;Colisão Traseira;1;2;;;;;1
05/03/2020;19:49:00;375;sem vítima;493,7;BR-381/MG;Norte;Colisão Traseira;1;2;;;;;1
06/03/2020;03:52:00;51;sem vítima;730,9;BR-381/MG;Sul;Choque - Talude;1;2;;;;;1
06/03/2020;09:28:00;156;com vítima;525;BR-381/MG;Sul;Tombamento;1;0;1;;;;1
06/03/2020;10:01:00;171;sem vítima;773;BR-381/MG;Norte;Choque - Defensa, barreira ou "submarino";1;1;;;;;1
06/03/2020;13:08:00;247;sem vítima;625;BR-381/MG;Sul;Engavetamento;1;5;;;;;1
06/03/2020;14:56:00;307;sem vítima;491;BR-381/MG;Sul;Colisão Traseira;1;2;;;;;1
06/03/2020;20:19:00;457;sem vítima;946,6;BR-381/MG;Sul;Choque - Defensa, barreira ou "submarino";1;1;;;;;1
06/03/2020;20:34:00;468;com vítima;946,5;BR-381/MG;Sul;Engavetamento;3;4;1;;1;;2
06/03/2020;21:08:00;475;com vítima;925;BR-381/MG;Norte;Tombamento;1;0;1;;;;1
06/03/2020;22:29:00;503;com vítima;848,3;BR-381/MG;Norte;Atropelamento - Morador;1;1;;;1;;2
07/03/2020;04:40:00;50;sem vítima;799,5;BR-381/MG;Sul;Choque - Defensa, barreira ou "submarino";1;1;;;;;1
07/03/2020;06:13:00;74;sem vítima;11,5;BR-381/SP;Norte;Choque - Defensa, barreira ou "submarino";1;1;;;;;1
07/03/2020;08:02:00;111;com vítima;636,8;BR-381/MG;Norte;Tombamento;1;1;;;1;1;3
07/03/2020;08:15:00;122;com vítima;787;BR-381/MG;Norte;Choque - Elemento de Drenagem;1;0;1;;;;1
07/03/2020;15:18:00;286;com vítima;58,9;BR-381/SP;Norte;Colisão Lateral;1;2;;1;;;2
08/03/2020;10:25:00;112;com vítima;521,5;BR-381/MG;Norte;Engavetamento;1;2;2;;;;1
08/03/2020;14:34:00;181;com vítima;671,3;BR-381/MG;Sul;Choque - Defensa, barreira ou "submarino";1;0;1;;;;1
08/03/2020;15:09:00;195;sem vítima;502;BR-381/MG;Norte;Colisão Traseira;1;2;;;;;1
08/03/2020;17:09:00;238;com vítima;851;BR-381/MG;Sul;Tombamento;1;0;;;;1;3
08/03/2020;18:42:00;268;com vítima;499,6;BR-381/MG;Norte;Engavetamento;1;4;2;;;;1
08/03/2020;18:54:00;276;com vítima;2;BR-381/MG-CONT;Norte;Colisão Traseira;1;1;;;1;;2
09/03/2020;03:09:00;38;sem vítima;66,7;BR-381/SP;Sul;Choque - Outros;1;1;;;;;1
09/03/2020;11:29:00;191;sem vítima;589;BR-381/MG;Sul;Colisão Lateral;1;2;;;;;1
09/03/2020;12:16:00;206;sem vítima;677,3;BR-381/MG;Sul;Tombamento;1;1;;;;;1
09/03/2020;14:42:00;252;com vítima;836;BR-381/MG;Norte;Colisão Traseira;2;2;1;1;;;2
09/03/2020;21:20:00;373;com vítima;624,5;BR-381/MG;Sul;Choque - Elemento de Drenagem;1;5;1;;;;1
10/03/2020;05:51:00;70;sem vítima;484,8;BR-381/MG;Norte;Tombamento;1;1;;;;;1
10/03/2020;06:40:00;79;sem vítima;13;BR-381/SP;Sul;Colisão Traseira;1;2;;;;;1
10/03/2020;11:02:00;209;sem vítima;491,1;BR-381/MG;Sul;Colisão Traseira;1;2;;;;;1
10/03/2020;14:59:00;310;sem vítima;15,8;BR-381/SP;Norte;Choque - Defensa, barreira ou "submarino";2;2;;;;;1
10/03/2020;16:35:00;343;sem vítima;760;BR-381/MG;Sul;Engavetamento;1;5;;;;;1
10/03/2020;19:48:00;415;sem vítima;780;BR-381/MG;Sul;Choque - Elemento de Drenagem;1;1;;;;;1
10/03/2020;20:52:00;429;sem vítima;724;BR-381/MG;Sul;Colisão Traseira;2;2;;;;;1
11/03/2020;08:34:00;139;com vítima;929,9;BR-381/MG;Sul;Tombamento;1;0;;1;;;2
11/03/2020;10:13:00;182;sem vítima;500;BR-381/MG;Norte;Colisão Traseira;1;2;;;;;1
11/03/2020;10:44:00;204;sem vítima;679,8;BR-381/MG;Norte;Tombamento;1;1;;;;;1
11/03/2020;12:30:00;239;com vítima;698;BR-381/MG;Sul;Colisão Traseira;1;2;1;;;;1
11/03/2020;12:51:00;251;sem vítima;511,6;BR-381/MG;Sul;Colisão Traseira;2;2;;;;;1
11/03/2020;13:05:00;258;sem vítima;58,5;BR-381/SP;Sul;Colisão Traseira;2;2;;;;;1
11/03/2020;14:56:00;304;sem vítima;874;BR-381/MG;Sul;Colisão Lateral;1;2;;;;;1
12/03/2020;00:20:00;22;sem vítima;586;BR-381/MG;Norte;Colisão Lateral;2;2;;;;;1
12/03/2020;06:54:00;77;com vítima;481,9;BR-381/MG;Norte;Engavetamento;1;2;2;;;;1
12/03/2020;11:53:00;197;sem vítima;40,4;BR-381/SP;Sul;Engavetamento;2;4;;;;;1
12/03/2020;12:52:00;216;sem vítima;525;BR-381/MG;Sul;Colisão Traseira;1;2;;;;;1
12/03/2020;15:03:00;269;com vítima;768,9;BR-381/MG;Norte;Tombamento;1;0;1;;;;1
12/03/2020;18:01:00;349;sem vítima;780;BR-381/MG;Norte;Colisão Traseira;2;2;;;;;1
12/03/2020;18:13:00;355;sem vítima;849;BR-381/MG;Norte;Colisão Lateral;1;2;;;;;1
12/03/2020;23:12:00;433;sem vítima;646;BR-381/MG;Sul;Tombamento;1;1;;;;;1
13/03/2020;05:15:00;46;com vítima;644,6;BR-381/MG;Sul;Engavetamento;2;2;1;;;;1
13/03/2020;06:54:00;69;sem vítima;687,7;BR-381/MG;Norte;Choque - Defensa, barreira ou "submarino";1;1;;;;;1
13/03/2020;08:27:00;111;com vítima;674;BR-381/MG;Sul;Tombamento;1;0;;1;;;2
13/03/2020;13:18:00;221;sem vítima;2,1;BR-381/MG-CONT;Norte;Colisão Lateral;1;2;;;;;1
13/03/2020;15:25:00;283;sem vítima;527,3;BR-381/MG;Norte;Choque - Defensa, barreira ou "submarino";1;2;;;;;1
14/03/2020;05:35:00;69;sem vítima;709,8;BR-381/MG;Norte;Choque - Elemento de Drenagem;1;1;;;;;1
14/03/2020;05:46:00;71;sem vítima;853,5;BR-381/MG;Norte;Colisão Lateral;1;2;;;;;1
14/03/2020;13:47:00;220;com vítima;908,2;BR-381/MG;Norte;Tombamento;1;0;1;;;;1
14/03/2020;20:01:00;341;sem vítima;909,5;BR-381/MG;Norte;Colisão Traseira;3;3;;;;;1
15/03/2020;10:33:00;116;sem vítima;509;BR-381/MG;Norte;Engavetamento;2;4;;;;;1
15/03/2020;18:10:00;285;sem vítima;482;BR-381/MG;Sul;Colisão Traseira;1;2;;;;;1
15/03/2020;20:03:00;322;com vítima;561;BR-381/MG;Sul;Choque - Defensa, barreira ou "submarino";1;0;;1;1;2;3
16/03/2020;03:34:00;33;com vítima;700,8;BR-381/MG;Sul;Tombamento;1;0;;1;;;2
16/03/2020;07:00:00;68;sem vítima;758;BR-381/MG;Sul;Colisão Lateral;2;2;;;;;1
16/03/2020;16:24:00;286;sem vítima;694,6;BR-381/MG;Norte;Choque - Defensa, barreira ou "submarino";1;1;;;;;1
17/03/2020;04:54:00;52;sem vítima;669,8;BR-381/MG;Norte;Choque - Elemento de Drenagem;1;1;;;;;1
17/03/2020;08:23:00;117;sem vítima;900,8;BR-381/MG;Norte;Colisão Traseira;1;2;;;;;1
17/03/2020;11:11:00;198;sem vítima;627;BR-381/MG;Sul;Choque - Elemento de Drenagem;1;1;;;;;1
18/03/2020;02:37:00;37;sem vítima;73,5;BR-381/SP;Sul;Choque - Talude;1;1;;;;;1
18/03/2020;05:08:00;49;sem vítima;711,5;BR-381/MG;Sul;Choque - Talude;1;1;;;;;1
18/03/2020;09:24:00;132;sem vítima;799;BR-381/MG;Sul;Colisão Lateral;1;5;;;;;1
18/03/2020;09:33:00;138;sem vítima;19;BR-381/SP;Norte;Tombamento;1;2;;;;;1
18/03/2020;14:21:00;218;sem vítima;81,5;BR-381/SP;Norte;Colisão Traseira;2;2;;;;;1
18/03/2020;21:31:00;375;sem vítima;731;BR-381/MG;Sul;Choque - Defensa, barreira ou "submarino";1;1;;;;;1
19/03/2020;04:42:00;50;com vítima;654;BR-381/MG;Norte;Tombamento;1;0;1;;;;1
19/03/2020;06:38:00;69;sem vítima;873,8;BR-381/MG;Sul;Tombamento;1;1;;;;;1
19/03/2020;06:54:00;79;sem vítima;873,5;BR-381/MG;Sul;Tombamento;1;1;;;;;1
19/03/2020;07:46:00;93;com vítima;510,6;BR-381/MG;Norte;Colisão Traseira;2;1;1;;;;1
19/03/2020;12:37:00;221;sem vítima;815,3;BR-381/MG;Sul;Choque - Elemento de Drenagem;1;1;;;;;1
19/03/2020;13:32:00;242;sem vítima;938;BR-381/MG;Sul;Colisão Traseira;1;2;;;;;1
19/03/2020;16:28:00;302;com vítima;902;BR-381/MG;Norte;Atropelamento - Morador;1;1;;;;1;3
19/03/2020;17:13:00;317;sem vítima;496;BR-381/MG;Norte;Colisão Lateral;1;2;;;;;1
19/03/2020;19:02:00;358;com vítima;893,2;BR-381/MG;Norte;Atropelamento - Andarilho;1;1;;;;1;3
19/03/2020;21:44:00;408;sem vítima;743;BR-381/MG;Sul;Choque - Elemento de Drenagem;2;2;;;;;1
19/03/2020;22:05:00;411;sem vítima;742;BR-381/MG;Norte;Colisão Lateral;1;2;;;;;1
20/03/2020;13:45:00;232;com vítima;58;BR-381/SP;Sul;Colisão Traseira;2;1;1;;;;1
20/03/2020;15:34:00;275;com vítima;925;BR-381/MG;Sul;Colisão Lateral;1;2;1;;;;1
20/03/2020;15:36:00;276;com vítima;523,5;BR-381/MG;Sul;Choque - Defensa, barreira ou "submarino";1;0;2;;;;1
20/03/2020;19:38:00;381;sem vítima;1;BR-381/SP;Sul;Colisão Traseira;1;2;;;;;1
20/03/2020;20:45:00;402;sem vítima;506,8;BR-381/MG;Norte;Colisão Traseira;2;3;;;;;1
21/03/2020;01:01:00;26;com vítima;537,6;BR-381/MG;Sul;Choque - Defensa, barreira ou "submarino";1;0;1;;;;1
21/03/2020;02:38:00;36;sem vítima;596;BR-381/MG;Sul;Atropelamento de Animal;1;1;;;;;1
21/03/2020;05:59:00;60;sem vítima;806;BR-381/MG;Sul;Colisão Traseira;2;2;;;;;1
21/03/2020;06:53:00;71;com vítima;720,7;BR-381/MG;Norte;Tombamento;1;0;1;;;;1
21/03/2020;14:44:00;234;com vítima;732;BR-381/MG;Norte;Colisão Lateral;1;3;1;;;;1
21/03/2020;16:14:00;267;com vítima;697,5;BR-381/MG;Sul;Colisão Lateral;1;3;2;;;;1
21/03/2020;21:20:00;351;sem vítima;700;BR-381/MG;Norte;Colisão Lateral;2;2;;;;;1
21/03/2020;22:36:00;365;sem vítima;528;BR-381/MG;Sul;Choque - Elemento de Drenagem;1;1;;;;;1
23/03/2020;20:01:00;308;sem vítima;576,5;BR-381/MG;Norte;Colisão Traseira;2;2;;;;;1
24/03/2020;07:00:00;57;sem vítima;576;BR-381/MG;Norte;Colisão Lateral;1;2;;;;;1
24/03/2020;07:34:00;68;com vítima;13;BR-381/SP;Sul;Colisão Traseira;2;1;;1;1;;2
24/03/2020;16:50:00;226;sem vítima;48,4;BR-381/SP;Sul;Choque - Defensa, barreira ou "submarino";1;2;;;;;1
24/03/2020;22:21:00;309;com vítima;525,3;BR-381/MG;Sul;Capotamento;1;0;1;;;;1
25/03/2020;07:44:00;86;com vítima;71,004;BR-381/SP;Sul;Colisão Traseira;2;2;1;;;;1
25/03/2020;12:26:00;173;sem vítima;0;BR-381/MG-CONT;Sul;Colisão Lateral;1;2;;;;;1
26/03/2020;11:46:00;131;sem vítima;700;BR-381/MG;Sul;Colisão Traseira;2;3;;;;;1