data;horario;n_da_ocorrencia;tipo_de_ocorrencia;km;trecho;sentido;tipo_de_acidente;caminhao;ilesos;levemente_feridos;moderadamente_feridos;gravemente_feridos;mortos;3
26/03/2020;21:12:00;278;sem vítima;704,6;BR-381/MG;Norte;Choque - Defensa, barreira ou "submarino";1;1;;;;;1
27/03/2020;04:13:00;39;sem vítima;760;BR-381/MG;Norte;Capotamento;1;1;;;;;1
27/03/2020;08:14:00;84;com vítima;808,3;BR-381/MG;Sul;Capotamento;1;0;1;;;;1
27/03/2020;08:33:00;87;sem vítima;930;BR-381/MG;Sul;Colisão Traseira;2;2;;;;;1
27/03/2020;14:10:00;188;sem vítima;884,8;BR-381/MG;Sul;Tombamento;1;1;;;;;1
27/03/2020;17:33:00;270;sem vítima;507;BR-381/MG;Norte;Choque - Defensa, barreira ou "submarino";1;2;;;;;1
28/03/2020;16:33:00;190;sem vítima;65,5;BR-381/SP;Norte;Colisão Traseira;1;2;;;;;1
28/03/2020;16:58:00;201;sem vítima;528;BR-381/MG;Sul;Choque - Defensa, barreira ou "submarino";1;2;;;;;1
29/03/2020;06:29:00;40;sem vítima;923,9;BR-381/MG;Sul;Tombamento;1;1;;;;;1
30/03/2020;23:07:00;320;sem vítima;874;BR-381/MG;Sul;Colisão Lateral;1;2;;;;;1
31/03/2020;02:07:00;38;sem vítima;11,5;BR-381/SP;Sul;Outros;1;1;;;;;1
31/03/2020;12:29:00;212;com vítima;519,5;BR-381/MG;Sul;Colisão Lateral;2;3;1;;;;1
31/03/2020;12:57:00;216;sem vítima;719,3;BR-381/MG;Sul;Choque - Defensa, barreira ou "submarino";1;1;;;;;1
31/03/2020;23:01:00;365;sem vítima;865,5;BR-381/MG;Sul;Colisão Traseira;2;2;;;;;1
01/07/2020;00:56:00;20;com vítima;780,2;BR-381/MG;Sul;Capotamento;1;0;;;;1;3
01/07/2020;07:00:00;73;sem vítima;61,1;BR-381/SP;Sul;Choque - Veiculo parado no acostamento;1;2;;;;;1
01/07/2020;10:22:00;154;sem vítima;921,2;BR-381/MG;Sul;Choque - Defensa, barreira ou "submarino";1;1;;;;;1
01/07/2020;14:34:00;232;com vítima;501,4;BR-381/MG;Norte;Engavetamento;1;4;2;;;;1
01/07/2020;16:39:00;287;sem vítima;931;BR-381/MG;Norte;Tombamento;1;1;;;;;1
01/07/2020;19:29:00;332;sem vítima;80;BR-381/SP;Norte;Colisão Lateral;1;2;;;;;1
01/07/2020;19:41:00;334;sem vítima;0;BR-381/MG-CONT;Norte;Choque - Defensa, barreira ou "submarino";1;2;;;;;1
02/07/2020;06:29:00;40;com vítima;707;BR-381/MG;Norte;Tombamento;1;0;1;;;1;3
02/07/2020;07:11:00;54;sem vítima;490,9;BR-381/MG;Norte;Engavetamento;1;3;;;;;1
02/07/2020;08:46:00;97;sem vítima;658,3;BR-381/MG;Sul;Engavetamento;1;4;;;;;1
02/07/2020;21:40:00;326;sem vítima;71;BR-381/SP;Sul;Colisão Traseira;1;2;;;;;1
03/07/2020;15:57:00;301;com vítima;774;BR-381/MG;Sul;Tombamento;1;0;1;;;;1
04/07/2020;01:31:00;18;com vítima;582;BR-381/MG;Norte;Tombamento;1;0;1;;;;1
04/07/2020;02:13:00;20;com vítima;72,5;BR-381/SP;Norte;Colisão Traseira;1;1;;;1;;2
04/07/2020;15:37:00;227;sem vítima;805,1;BR-381/MG;Norte;Engavetamento;1;3;;;;;1
04/07/2020;16:01:00;234;sem vítima;87;BR-381/SP;Sul;Colisão Lateral;1;2;;;;;1
04/07/2020;16:12:00;238;sem vítima;524,7;BR-381/MG;Sul;Tombamento;1;1;;;;;1
04/07/2020;16:46:00;252;sem vítima;949;BR-381/MG;Sul;Colisão Traseira;2;2;;;;;1
06/07/2020;10:41:00;159;com vítima;698,9;BR-381/MG;Norte;Choque - Defensa, barreira ou "submarino";1;0;1;;;;1
06/07/2020;12:41:00;185;sem vítima;75;BR-381/SP;Sul;Choque - Veiculo parado no acostamento;1;2;;;;;1
06/07/2020;14:57:00;228;sem vítima;831,8;BR-381/MG;Sul;Colisão Lateral;2;2;;;;;1
06/07/2020;15:48:00;255;sem vítima;55;BR-381/SP;Norte;Colisão Traseira;1;3;;;;;1
06/07/2020;16:40:00;269;com vítima;747,4;BR-381/MG;Norte;Colisão Traseira;2;1;;;1;;2
07/07/2020;08:50:00;112;sem vítima;940,4;BR-381/MG;Norte;Colisão Lateral;1;2;;;;;1
07/07/2020;09:17:00;119;sem vítima;15;BR-381/SP;Sul;Choque - Elemento de Drenagem;1;1;;;;;1
07/07/2020;15:57:00;262;com vítima;535;BR-381/MG;Norte;Tombamento;1;2;1;;;;1
08/07/2020;05:36:00;57;sem vítima;814;BR-381/MG;Norte;Choque - Elemento de Drenagem;1;1;;;;;1
08/07/2020;15:25:00;265;sem vítima;492;BR-381/MG;Norte;Colisão Lateral;1;2;;;;;1
08/07/2020;17:53:00;326;sem vítima;524,5;BR-381/MG;Sul;Choque - Defensa, barreira ou "submarino";1;1;;;;;1
08/07/2020;20:10:00;361;sem vítima;918;BR-381/MG;Norte;Choque - Defensa, barreira ou "submarino";1;1;;;;;1
08/07/2020;21:22:00;388;sem vítima;37;BR-381/SP;Norte;Colisão Lateral;1;2;;;;;1
09/07/2020;05:53:00;53;com vítima;737;BR-381/MG;Norte;Colisão Traseira;1;1;1;;;1;3
09/07/2020;07:48:00;101;sem vítima;11;BR-381/SP;Sul;Tombamento;1;2;;;;;1
09/07/2020;12:11:00;198;sem vítima;825,8;BR-381/MG;Sul;Colisão Traseira;1;2;;;;;1
09/07/2020;13:37:00;226;sem vítima;65,5;BR-381/SP;Norte;Colisão Traseira;1;2;;;;;1
09/07/2020;15:51:00;283;sem vítima;602;BR-381/MG;Norte;Tombamento;1;1;;;;;1
10/07/2020;08:43:00;120;com vítima;490,4;BR-381/MG;Norte;Colisão Traseira;1;1;1;;;;1
10/07/2020;09:12:00;133;sem vítima;490,5;BR-381/MG;Norte;Colisão Lateral;1;2;;;;;1
10/07/2020;16:31:00;305;sem vítima;18;BR-381/SP;Sul;Colisão Traseira;1;2;;;;;1
12/07/2020;10:05:00;94;com vítima;921,2;BR-381/MG;Sul;Tombamento;1;0;1;;;;1
12/07/2020;12:34:00;141;sem vítima;880;BR-381/MG;Sul;Choque - Defensa, barreira ou "submarino";1;1;;;;;1
12/07/2020;22:23:00;350;sem vítima;35,7;BR-381/SP;Norte;Choque - Defensa, barreira ou "submarino";1;1;;;;;1
12/07/2020;22:38:00;355;com vítima;777;BR-381/MG;Sul;Colisão Traseira;2;0;2;;;1;3
13/07/2020;05:24:00;28;sem vítima;900,8;BR-381/MG;Sul;Choque - Outros;1;1;;;;;1
13/07/2020;14:33:00;237;sem vítima;499;BR-381/MG;Sul;Choque - Defensa, barreira ou "submarino";1;1;;;;;1
13/07/2020;15:25:00;267;sem vítima;804,8;BR-381/MG;Sul;Tombamento;1;1;;;;;1
13/07/2020;23:27:00;409;com vítima;683;BR-381/MG;Norte;Colisão Traseira;2;1;1;;;;1
14/07/2020;09:54:00;143;sem vítima;4,3;BR-381/MG-CONT;Norte;Tombamento;1;1;;;;;1
14/07/2020;11:48:00;190;sem vítima;487;BR-381/MG;Sul;Choque - Veiculo parado no acostamento;1;2;;;;;1
14/07/2020;15:43:00;290;sem vítima;0,9;BR-381/SP;Sul;Colisão Traseira;1;2;;;;;1
14/07/2020;22:44:00;434;sem vítima;924;BR-381/MG;Sul;Colisão Traseira;2;4;;;;;1
15/07/2020;06:27:00;57;sem vítima;625,5;BR-381/MG;Sul;Colisão Traseira;2;2;;;;;1
15/07/2020;09:29:00;147;com vítima;40,8;BR-381/SP;Norte;Colisão Traseira;1;1;2;;;;1
15/07/2020;17:16:00;316;sem vítima;907;BR-381/MG;Norte;Choque - Defensa, barreira ou "submarino";1;1;;;;;1
15/07/2020;20:42:00;375;com vítima;528,2;BR-381/MG;Sul;Choque - Defensa, barreira ou "submarino";2;2;1;;;;1
15/07/2020;20:57:00;377;sem vítima;492;BR-381/MG;Sul;Colisão Traseira;1;3;;;;;1
15/07/2020;23:50:00;410;sem vítima;634,1;BR-381/MG;Norte;Choque - Defensa, barreira ou "submarino";1;1;;;;;1
16/07/2020;05:47:00;44;sem vítima;598,5;BR-381/MG;Sul;Colisão Lateral;2;2;;;;;1
16/07/2020;12:43:00;197;sem vítima;19;BR-381/SP;Norte;Colisão Lateral;1;2;;;;;1
16/07/2020;15:08:00;256;sem vítima;481;BR-381/MG;Sul;Colisão Lateral;1;2;;;;;1
16/07/2020;18:42:00;328;com vítima;900;BR-381/MG;Sul;Colisão Traseira;1;2;1;;;;1
16/07/2020;21:05:00;373;com vítima;571;BR-381/MG;Sul;Capotamento;1;2;2;;;;1
16/07/2020;21:57:00;386;sem vítima;537;BR-381/MG;Sul;Choque - Veiculo parado no acostamento;2;2;;;;;1
16/07/2020;22:39:00;393;sem vítima;32,6;BR-381/SP;Norte;Colisão Traseira;1;2;;;;;1
17/07/2020;13:00:00;211;com vítima;89;BR-381/SP;Sul;Tombamento;1;0;1;;;;1
18/07/2020;00:31:00;16;sem vítima;944,3;BR-381/MG;Norte;Choque - Elemento de Drenagem;1;1;;;;;1
18/07/2020;02:56:00;41;sem vítima;817,3;BR-381/MG;Norte;Colisão Traseira;1;3;;;;;1
18/07/2020;10:15:00;130;com vítima;64,5;BR-381/SP;Norte;Colisão Lateral;1;1;4;;;;1
18/07/2020;12:06:00;156;sem vítima;888,5;BR-381/MG;Sul;Tombamento;1;1;;;;;1
18/07/2020;13:26:00;180;sem vítima;83,2;BR-381/SP;Norte;Engavetamento;1;3;;;;;1
18/07/2020;15:24:00;214;sem vítima;900,8;BR-381/MG;Norte;Colisão Traseira;1;2;;;;;1
18/07/2020;18:03:00;284;com vítima;674,8;BR-381/MG;Sul;Tombamento;1;0;1;;;;1
18/07/2020;18:55:00;301;sem vítima;485,3;BR-381/MG;Sul;Colisão Traseira;1;4;;;;;1
18/07/2020;20:55:00;335;com vítima;899,4;BR-381/MG;Norte;Atropelamento - Morador;1;1;1;;;;1
19/07/2020;16:04:00;179;sem vítima;944,3;BR-381/MG;Norte;Tombamento;1;1;;;;;1
19/07/2020;16:14:00;187;com vítima;830,5;BR-381/MG;Norte;Colisão Lateral;1;1;;1;;;2
19/07/2020;17:30:00;215;sem vítima;561;BR-381/MG;Sul;Colisão Traseira;2;2;;;;;1
19/07/2020;20:11:00;260;sem vítima;932,5;BR-381/MG;Sul;Choque - Defensa, barreira ou "submarino";1;1;;;;;1
19/07/2020;22:47:00;296;com vítima;724;BR-381/MG;Norte;Tombamento;1;0;;1;;;2
20/07/2020;07:33:00;70;com vítima;946;BR-381/MG;Norte;Colisão Traseira;1;1;2;;;;1
20/07/2020;08:00:00;82;sem vítima;496,8;BR-381/MG;Sul;Colisão Traseira;1;2;;;;;1
21/07/2020;11:49:00;208;com vítima;2;BR-381/MG-CONT;Sul;Choque - Defensa, barreira ou "submarino";1;0;1;;;;1
21/07/2020;12:16:00;221;sem vítima;1;BR-381/MG-CONT;Sul;Colisão Traseira;1;3;;;;;1
21/07/2020;13:22:00;248;sem vítima;947;BR-381/MG;Norte;Colisão Lateral;1;2;;;;;1
21/07/2020;21:19:00;415;sem vítima;939;BR-381/MG;Sul;Choque - Elemento de Drenagem;1;2;;;;;1
22/07/2020;07:15:00;66;sem vítima;655;BR-381/MG;Sul;Choque - Defensa, barreira ou "submarino";1;2;;;;;1
22/07/2020;07:52:00;82;sem vítima;945,5;BR-381/MG;Norte;Colisão Traseira;1;2;;;;;1
22/07/2020;08:09:00;91;com vítima;498,8;BR-381/MG;Norte;Atropelamento - Ciclista;1;1;;1;;;2
22/07/2020;08:36:00;109;sem vítima;799;BR-381/MG;Sul;Choque - Elemento de Drenagem;1;1;;;;;1
22/07/2020;09:00:00;128;sem vítima;7,57;BR-381/SP;Sul;Choque - Defensa, barreira ou "submarino";1;1;;;;;1
22/07/2020;10:06:00;152;sem vítima;781;BR-381/MG;Sul;Tombamento;1;1;;;;;1
22/07/2020;11:48:00;190;com vítima;525,5;BR-381/MG;Sul;Choque - Defensa, barreira ou "submarino";1;0;1;;;;1
22/07/2020;17:20:00;325;sem vítima;0,5;BR-381/MG-CONT;Sul;Colisão Lateral;1;2;;;;;1
23/07/2020;06:21:00;61;sem vítima;59;BR-381/SP;Sul;Colisão Traseira;1;2;;;;;1
23/07/2020;15:41:00;253;com vítima;6;BR-381/SP;Sul;Colisão Traseira;1;2;1;;;;1
23/07/2020;17:04:00;293;sem vítima;872,8;BR-381/MG;Norte;Tombamento;1;1;;;;;1
24/07/2020;01:20:00;26;com vítima;761,5;BR-381/MG;Sul;Tombamento;1;0;2;;;;1
24/07/2020;02:10:00;33;sem vítima;874,499;BR-381/MG;Norte;Tombamento;1;1;;;;;1
24/07/2020;14:14:00;213;sem vítima;900;BR-381/MG;Norte;Colisão Traseira;2;2;;;;;1
24/07/2020;18:17:00;304;com vítima;52,8;BR-381/SP;Norte;Engavetamento;1;7;1;;;;1
24/07/2020;19:57:00;338;sem vítima;726,5;BR-381/MG;Norte;Colisão Traseira;2;2;;;;;1
25/07/2020;00:16:00;20;sem vítima;27,5;BR-381/SP;Norte;Colisão Traseira;1;2;;;;;1
25/07/2020;01:28:00;27;sem vítima;658,5;BR-381/MG;Norte;Choque - Defensa, barreira ou "submarino";1;1;;;;;1
25/07/2020;09:49:00;119;sem vítima;737;BR-381/MG;Norte;Engavetamento;2;3;;;;;1
25/07/2020;14:14:00;201;sem vítima;675;BR-381/MG;Norte;Atropelamento de Animal;1;1;;;;;1
25/07/2020;15:47:00;234;sem vítima;777;BR-381/MG;Norte;Choque - Talude;1;5;;;;;1
25/07/2020;15:59:00;240;com vítima;78,1;BR-381/SP;Sul;Colisão Traseira;2;1;2;;2;;2
25/07/2020;16:29:00;245;sem vítima;745;BR-381/MG;Norte;Choque - Defensa, barreira ou "submarino";1;1;;;;;1
25/07/2020;17:00:00;253;sem vítima;479;BR-381/MG;Sul;Colisão Lateral;1;2;;;;;1
25/07/2020;19:36:00;298;com vítima;783,8;BR-381/MG;Norte;Tombamento;1;0;1;;;;1
26/07/2020;06:02:00;51;com vítima;0,2;BR-381/MG-CONT;Norte;Capotamento;1;1;1;;;;1
26/07/2020;18:07:00;274;sem vítima;919,2;BR-381/MG;Sul;Colisão Lateral;1;2;;;;;1
26/07/2020;19:38:00;309;sem vítima;617;BR-381/MG;Norte;Colisão Lateral;1;2;;;;;1
27/07/2020;00:44:00;17;com vítima;525,6;BR-381/MG;Sul;Capotamento;1;0;;;;1;3
27/07/2020;06:29:00;48;sem vítima;839,6;BR-381/MG;Sul;Colisão Lateral;1;2;;;;;1
27/07/2020;08:07:00;79;sem vítima;735,5;BR-381/MG;Sul;Choque - Defensa, barreira ou "submarino";1;1;;;;;1
27/07/2020;10:35:00;134;sem vítima;862,8;BR-381/MG;Sul;Colisão Lateral;1;2;;;;;1
27/07/2020;10:46:00;143;sem vítima;65,5;BR-381/SP;Norte;Colisão Traseira;1;2;;;;;1
27/07/2020;17:35:00;289;com vítima;491;BR-381/MG;Sul;Colisão Lateral;1;2;1;;;;1
27/07/2020;20:40:00;337;com vítima;929,4;BR-381/MG;Sul;Tombamento;1;0;2;;;;1
28/07/2020;08:11:00;90;sem vítima;12;BR-381/SP;Norte;Engavetamento;2;4;;;;;1
28/07/2020;10:35:00;162;sem vítima;498;BR-381/MG;Norte;Colisão Lateral;1;2;;;;;1
28/07/2020;12:01:00;183;sem vítima;479,6;BR-381/MG;Norte;Colisão Lateral;1;2;;;;;1
28/07/2020;13:19:00;207;sem vítima;524,9;BR-381/MG;Sul;Engavetamento;3;3;;;;;1
28/07/2020;16:17:00;275;sem vítima;790;BR-381/MG;Sul;Engavetamento;2;4;;;;;1
29/07/2020;09:31:00;149;sem vítima;735,5;BR-381/MG;Sul;Colisão Traseira;2;2;;;;;1
29/07/2020;10:25:00;176;com vítima;542;BR-381/MG;Norte;Choque - Defensa, barreira ou "submarino";1;0;1;;;;1
29/07/2020;15:50:00;298;com vítima;542;BR-381/MG;Norte;Tombamento;1;0;1;;;;1
29/07/2020;16:35:00;319;com vítima;561;BR-381/MG;Norte;Capotamento;1;0;;;;1;3
29/07/2020;16:47:00;326;sem vítima;819;BR-381/MG;Norte;Colisão Lateral;1;2;;;;;1
29/07/2020;19:07:00;363;sem vítima;10;BR-381/SP;Sul;Colisão Lateral;1;2;;;;;1
29/07/2020;20:06:00;391;sem vítima;489,5;BR-381/MG;Sul;Colisão Traseira;2;2;;;;;1
29/07/2020;21:09:00;413;com vítima;670;BR-381/MG;Sul;Tombamento;1;0;1;;;;1
30/07/2020;09:09:00;122;sem vítima;22;BR-381/SP;Sul;Tombamento;1;2;;;;;1
30/07/2020;09:12:00;124;com vítima;733,2;BR-381/MG;Sul;Tombamento;1;0;1;;;;1
30/07/2020;12:26:00;185;com vítima;87,5;BR-381/SP;Norte;Choque - Defensa, barreira ou "submarino";2;2;1;;;;1
30/07/2020;17:52:00;298;sem vítima;915;BR-381/MG;Sul;Colisão Lateral;1;3;;;;;1
30/07/2020;19:21:00;332;com vítima;504,5;BR-381/MG;Norte;Colisão Traseira;1;1;;1;;;2
31/07/2020;00:14:00;16;sem vítima;28;BR-381/SP;Sul;Colisão Traseira;1;3;;;;;1
31/07/2020;01:48:00;28;sem vítima;732;BR-381/MG;Norte;Choque - Suporte de Sinalização;1;1;;;;;1
31/07/2020;06:38:00;61;com vítima;937,4;BR-381/MG;Norte;Tombamento;1;0;1;;;;1
31/07/2020;17:51:00;315;com vítima;758;BR-381/MG;Norte;Colisão Lateral;1;4;1;;;;1
31/07/2020;18:09:00;323;com vítima;733,6;BR-381/MG;Sul;Colisão Traseira;2;1;;;;1;3
31/07/2020;18:27:00;334;sem vítima;900,88;BR-381/MG;Norte;Colisão Traseira;1;2;;;;;1
31/07/2020;20:40:00;381;com vítima;542,8;BR-381/MG;Norte;Atropelamento - Ciclista;1;1;;;;1;3
31/07/2020;23:19:00;425;sem vítima;619;BR-381/MG;Norte;Colisão Traseira;2;2;;;;;1
01/06/2020;06:20:00;50;com vítima;495;BR-381/MG;Norte;Colisão Lateral;1;2;1;;;;1
01/06/2020;13:56:00;252;com vítima;69,5;BR-381/SP;Norte;Tombamento;1;0;1;;;;1
01/06/2020;15:04:00;281;sem vítima;794,2;BR-381/MG;Norte;Colisão Traseira;1;2;;;;;1
01/06/2020;16:50:00;312;com vítima;484;BR-381/MG;Sul;Engavetamento;1;3;1;;;;1
01/06/2020;18:29:00;344;sem vítima;691,5;BR-381/MG;Sul;Choque - Defensa, barreira ou "submarino";2;5;;;;;1
02/06/2020;03:41:00;36;com vítima;86;BR-381/SP;Norte;Atropelamento - Sem Informação;1;1;;;1;;2
02/06/2020;07:01:00;62;sem vítima;87,1;BR-381/SP;Norte;Colisão Lateral;1;2;;;;;1
02/06/2020;07:41:00;82;com vítima;859,9;BR-381/MG;Sul;Colisão Traseira;1;1;1;;;;1
02/06/2020;18:12:00;303;com vítima;6;BR-381/MG-CONT;Norte;Colisão Lateral;1;4;1;;;;1
02/06/2020;22:49:00;390;com vítima;905,7;BR-381/MG;Norte;Colisão Traseira;2;0;1;1;;;2
02/06/2020;23:04:00;392;com vítima;906,1;BR-381/MG;Norte;Colisão Traseira;2;1;;1;;;2
03/06/2020;06:06:00;49;sem vítima;790,8;BR-381/MG;Norte;Colisão Lateral;2;2;;;;;1
03/06/2020;15:51:00;251;sem vítima;521;BR-381/MG;Sul;Colisão Lateral;1;5;;;;;1
03/06/2020;23:02:00;375;sem vítima;658;BR-381/MG;Sul;Choque - Defensa, barreira ou "submarino";1;1;;;;;1
04/06/2020;02:13:00;37;com vítima;561;BR-381/MG;Sul;Tombamento;1;0;1;;;;1
04/06/2020;10:01:00;150;sem vítima;34;BR-381/SP;Norte;Tombamento;1;1;;;;;1
04/06/2020;15:59:00;268;sem vítima;508,9;BR-381/MG;Sul;Choque - Talude;1;1;;;;;1
04/06/2020;16:24:00;278;sem vítima;575;BR-381/MG;Norte;Tombamento;1;1;;;;;1
04/06/2020;17:00:00;296;sem vítima;496,3;BR-381/MG;Norte;Engavetamento;1;3;;;;;1
04/06/2020;21:10:00;381;sem vítima;720,3;BR-381/MG;Sul;Colisão Lateral;2;2;;;;;1
04/06/2020;22:22:00;397;com vítima;540,3;BR-381/MG;Norte;Tombamento;1;0;;;;1;3
05/06/2020;03:03:00;41;com vítima;935,7;BR-381/MG;Sul;Choque - Elemento de Drenagem;1;0;1;;;;1
05/06/2020;07:00:00;71;sem vítima;75;BR-381/SP;Norte;Colisão Lateral;1;2;;;;;1
05/06/2020;09:37:00;141;sem vítima;61;BR-381/SP;Sul;Colisão Traseira;1;2;;;;;1
05/06/2020;11:15:00;182;sem vítima;885,8;BR-381/MG;Sul;Colisão Traseira;1;2;;;;;1
05/06/2020;16:43:00;293;sem vítima;536,5;BR-381/MG;Sul;Colisão Lateral;1;2;;;;;1
06/06/2020;04:12:00;54;sem vítima;692,5;BR-381/MG;Norte;Choque - Veiculo parado no acostamento;1;2;;;;;1
06/06/2020;15:51:00;208;sem vítima;528,5;BR-381/MG;Sul;Choque - Defensa, barreira ou "submarino";1;1;;;;;1
06/06/2020;18:43:00;250;com vítima;766;BR-381/MG;Norte;Colisão Traseira;1;3;1;;;;1
06/06/2020;18:55:00;256;com vítima;937;BR-381/MG;Sul;Choque - Defensa, barreira ou "submarino";1;0;1;;;;1
06/06/2020;23:31:00;313;sem vítima;86;BR-381/SP;Sul;Colisão Traseira;1;2;;;;;1
07/06/2020;13:24:00;155;sem vítima;648,6;BR-381/MG;Sul;Choque - Defensa, barreira ou "submarino";1;2;;;;;1
07/06/2020;14:16:00;165;com vítima;761;BR-381/MG;Norte;Choque - Elemento de Drenagem;1;0;1;;;;1
07/06/2020;14:49:00;174;sem vítima;756;BR-381/MG;Norte;Colisão Traseira;2;2;;;;;1
08/06/2020;06:56:00;49;sem vítima;854,1;BR-381/MG;Norte;Colisão Traseira;2;2;;;;;1
08/06/2020;12:20:00;197;sem vítima;909;BR-381/MG;Norte;Colisão Lateral;2;2;;;;;1
08/06/2020;15:52:00;288;sem vítima;921,2;BR-381/MG;Sul;Engavetamento;3;6;;;;;1
08/06/2020;16:23:00;298;sem vítima;12;BR-381/SP;Sul;Colisão Traseira;1;4;;;;;1
08/06/2020;17:24:00;323;sem vítima;880,8;BR-381/MG;Norte;Colisão Lateral;1;2;;;;;1
08/06/2020;19:01:00;354;sem vítima;3,2;BR-381/SP;Sul;Objeto lançado contra veículo;1;5;;;;;1
09/06/2020;04:38:00;39;sem vítima;526,1;BR-381/MG;Sul;Choque - Suporte de Sinalização;1;1;;;;;1
09/06/2020;16:12:00;263;sem vítima;921,4;BR-381/MG;Norte;Choque - Defensa, barreira ou "submarino";1;1;;;;;1
09/06/2020;19:40:00;339;sem vítima;484,5;BR-381/MG;Norte;Colisão Traseira;1;2;;;;;1
10/06/2020;03:54:00;28;com vítima;600,2;BR-381/MG;Norte;Colisão Traseira;1;1;8;;2;2;3
10/06/2020;04:21:00;29;com vítima;921,5;BR-381/MG;Sul;Colisão Lateral;1;2;1;;;;1
10/06/2020;05:12:00;33;sem vítima;686;BR-381/MG;Sul;Colisão Traseira;2;2;;;;;1
10/06/2020;05:54:00;38;com vítima;542,2;BR-381/MG;Sul;Capotamento;1;0;1;;;;1
10/06/2020;06:12:00;40;com vítima;58,1;BR-381/SP;Sul;Colisão Traseira;2;1;;1;;;2
10/06/2020;09:38:00;107;com vítima;921,3;BR-381/MG;Norte;Colisão Traseira;1;2;;1;;;2
10/06/2020;09:56:00;117;com vítima;495,7;BR-381/MG;Sul;Engavetamento;3;1;3;;;1;3
10/06/2020;11:05:00;140;sem vítima;5,5;BR-381/SP;Norte;Colisão Lateral;1;3;;;;;1
10/06/2020;21:41:00;360;sem vítima;672;BR-381/MG;Norte;Colisão Traseira;2;2;;;;;1
11/06/2020;03:31:00;42;com vítima;10,3;BR-381/SP;Norte;Colisão Traseira;2;1;3;;;;1
11/06/2020;04:49:00;49;com vítima;767,2;BR-381/MG;Norte;Tombamento;1;0;3;;;;1
11/06/2020;19:45:00;267;com vítima;937;BR-381/MG;Norte;Colisão Frontal;1;2;;3;1;2;3
12/06/2020;14:53:00;207;sem vítima;490;BR-381/MG;Sul;Colisão Lateral;2;2;;;;;1
12/06/2020;17:51:00;290;sem vítima;55,7;BR-381/SP;Sul;Colisão Traseira;1;2;;;;;1
12/06/2020;18:07:00;296;com vítima;773,8;BR-381/MG;Norte;Tombamento;1;2;1;;;;1
12/06/2020;20:20:00;341;sem vítima;77,3;BR-381/SP;Norte;Atropelamento de Animal;1;1;;;;;1
12/06/2020;21:06:00;355;sem vítima;540;BR-381/MG;Norte;Choque - Defensa, barreira ou "submarino";1;1;;;;;1
12/06/2020;22:45:00;371;sem vítima;482,8;BR-381/MG;Norte;Colisão Lateral;1;2;;;;;1
12/06/2020;22:59:00;380;com vítima;768,9;BR-381/MG;Sul;Choque - Elemento de Drenagem;1;0;1;;;;1
12/06/2020;23:27:00;390;sem vítima;699;BR-381/MG;Norte;Colisão Traseira;2;2;;;;;1
13/06/2020;02:17:00;28;sem vítima;814,2;BR-381/MG;Norte;Tombamento;1;1;;;;;1
13/06/2020;08:31:00;77;sem vítima;946,85;BR-381/MG;Norte;Tombamento;1;1;;;;;1
13/06/2020;21:33:00;277;sem vítima;872;BR-381/MG;Norte;Colisão Lateral;1;2;;;;;1
14/06/2020;07:06:00;51;com vítima;879,1;BR-381/MG;Sul;Colisão Traseira;1;1;;1;;;2
14/06/2020;09:10:00;71;sem vítima;780,5;BR-381/MG;Sul;Choque - Defensa, barreira ou "submarino";1;1;;;;;1
14/06/2020;10:07:00;81;com vítima;702;BR-381/MG;Norte;Choque - Defensa, barreira ou "submarino";1;0;1;;;;1
14/06/2020;13:46:00;140;sem vítima;861;BR-381/MG;Norte;Colisão Traseira;2;2;;;;;1
14/06/2020;16:30:00;181;sem vítima;797,4;BR-381/MG;Norte;Colisão Lateral;1;2;;;;;1
14/06/2020;16:56:00;191;sem vítima;797,4;BR-381/MG;Norte;Colisão Lateral;1;2;;;;;1
15/06/2020;11:04:00;150;com vítima;929,9;BR-381/MG;Sul;Tombamento;1;1;1;;;;1
15/06/2020;12:21:00;176;sem vítima;598;BR-381/MG;Norte;Colisão Lateral;1;2;;;;;1
15/06/2020;23:37:00;371;sem vítima;773,7;BR-381/MG;Sul;Tombamento;1;1;;;;;1
16/06/2020;15:24:00;235;com vítima;566,9;BR-381/MG;Sul;Capotamento;1;0;;;;1;3
16/06/2020;16:42:00;264;sem vítima;5;BR-381/MG-CONT;Sul;Choque - Defensa, barreira ou "submarino";1;1;;;;;1
16/06/2020;19:22:00;305;sem vítima;805;BR-381/MG;Norte;Colisão Traseira;2;2;;;;;1
16/06/2020;19:37:00;311;com vítima;948,1;BR-381/MG;Norte;Colisão Lateral;1;2;4;;;;1
16/06/2020;20:14:00;322;sem vítima;57,8;BR-381/SP;Norte;Colisão Lateral;1;4;;;;;1
17/06/2020;01:04:00;27;com vítima;617,9;BR-381/MG;Sul;Tombamento;1;0;2;;;;1
17/06/2020;09:04:00;107;com vítima;840;BR-381/MG;Sul;Colisão Traseira;2;2;1;;;;1
17/06/2020;17:42:00;263;sem vítima;491,8;BR-381/MG;Norte;Colisão Lateral;1;2;;;;;1
18/06/2020;05:23:00;57;sem vítima;795,7;BR-381/MG;Norte;Colisão Traseira;2;2;;;;;1
18/06/2020;14:52:00;225;com vítima;502,3;BR-381/MG;Sul;Engavetamento;2;6;;;;2;3
18/06/2020;18:49:00;313;sem vítima;77;BR-381/SP;Sul;Colisão Lateral;1;2;;;;;1
19/06/2020;11:16:00;185;sem vítima;597,67;BR-381/MG;Norte;Colisão Traseira;1;2;;;;;1