data;horario;n_da_ocorrencia;tipo_de_ocorrencia;km;trecho;sentido;tipo_de_acidente;caminhao;ilesos;levemente_feridos;moderadamente_feridos;gravemente_feridos;mortos;3
19/06/2020;21:39:00;432;sem vítima;877,5;BR-381/MG;Norte;Colisão Transversal;2;2;;;;;1
20/06/2020;04:50:00;53;sem vítima;480;BR-381/MG;Sul;Atropelamento de Animal;1;1;;;;;1
20/06/2020;04:52:00;54;sem vítima;746;BR-381/MG;Norte;Colisão Traseira;2;2;;;;;1
20/06/2020;07:10:00;80;sem vítima;778,7;BR-381/MG;Norte;Engavetamento;1;3;;;;;1
20/06/2020;15:26:00;252;com vítima;80,2;BR-381/SP;Norte;Colisão Traseira;1;2;1;;;;1
20/06/2020;18:36:00;326;com vítima;724,232;BR-381/MG;Sul;Colisão Traseira;1;2;;;1;;2
20/06/2020;19:11:00;332;com vítima;86;BR-381/SP;Sul;Colisão Lateral;1;1;;1;;;2
21/06/2020;15:36:00;151;com vítima;86,4;BR-381/SP;Sul;Colisão Traseira;1;2;1;;;;1
21/06/2020;16:26:00;170;sem vítima;26;BR-381/SP;Norte;Colisão Traseira;1;2;;;;;1
21/06/2020;20:03:00;238;sem vítima;7;BR-381/MG-CONT;Norte;Colisão Traseira;1;2;;;;;1
22/06/2020;04:06:00;49;sem vítima;637;BR-381/MG;Sul;Choque - Elemento de Drenagem;1;1;;;;;1
22/06/2020;07:52:00;101;com vítima;949,2;BR-381/MG;Sul;Engavetamento;2;4;;1;;;2
22/06/2020;18:23:00;288;sem vítima;686;BR-381/MG;Sul;Colisão Lateral;1;2;;;;;1
23/06/2020;00:26:00;18;sem vítima;888;BR-381/MG;Sul;Choque - Elemento de Drenagem;1;1;;;;;1
23/06/2020;17:33:00;292;sem vítima;7,57;BR-381/SP;Norte;Colisão Traseira;1;2;;;;;1
23/06/2020;19:50:00;342;com vítima;566,5;BR-381/MG;Norte;Tombamento;1;0;1;;;;1
24/06/2020;08:54:00;111;sem vítima;7,5;BR-381/SP;Norte;Choque - Veiculo parado na pista;2;2;;;;;1
24/06/2020;18:32:00;293;sem vítima;949;BR-381/MG;Norte;Choque - Defensa, barreira ou "submarino";1;1;;;;;1
24/06/2020;19:05:00;302;com vítima;484,5;BR-381/MG;Sul;Colisão Traseira;1;1;1;;;;1
25/06/2020;02:02:00;30;com vítima;499,7;BR-381/MG;Norte;Colisão Traseira;2;2;;;1;;2
26/06/2020;02:54:00;22;com vítima;841,9;BR-381/MG;Sul;Colisão Traseira;1;1;1;;1;;2
26/06/2020;07:24:00;61;sem vítima;502,5;BR-381/MG;Norte;Colisão Lateral;1;2;;;;;1
26/06/2020;20:12:00;339;sem vítima;22,8;BR-381/SP;Sul;Colisão Lateral;1;2;;;;;1
27/06/2020;04:33:00;48;com vítima;65,7;BR-381/SP;Norte;Colisão Transversal;1;6;1;;;;1
27/06/2020;09:42:00;117;com vítima;594,5;BR-381/MG;Norte;Tombamento;1;0;1;;;;1
27/06/2020;11:06:00;133;sem vítima;921;BR-381/MG;Sul;Choque - Defensa, barreira ou "submarino";1;1;;;;;1
27/06/2020;12:24:00;158;sem vítima;69,5;BR-381/SP;Sul;Choque - Defensa, barreira ou "submarino";1;1;;;;;1
27/06/2020;18:30:00;297;sem vítima;6;BR-381/MG-CONT;Norte;Colisão Lateral;1;2;;;;;1
27/06/2020;18:42:00;301;sem vítima;628,5;BR-381/MG;Sul;Choque - Talude;1;1;;;;;1
28/06/2020;03:46:00;25;com vítima;526,85;BR-381/MG;Norte;Tombamento;1;0;1;;;;1
28/06/2020;07:33:00;51;sem vítima;799,4;BR-381/MG;Sul;Tombamento;1;1;;;;;1
28/06/2020;08:52:00;76;com vítima;561;BR-381/MG;Sul;Colisão Lateral;1;1;;;1;;2
28/06/2020;12:27:00;129;sem vítima;598,5;BR-381/MG;Norte;Colisão Traseira;1;2;;;;;1
29/06/2020;09:53:00;133;sem vítima;477,3;BR-381/MG;Sul;Colisão Traseira;1;2;;;;;1
29/06/2020;15:28:00;226;sem vítima;8;BR-381/SP;Sul;Colisão Lateral;1;2;;;;;1
29/06/2020;21:06:00;328;com vítima;495,5;BR-381/MG;Sul;Colisão Traseira;1;2;1;;;;1
30/06/2020;01:43:00;25;sem vítima;552;BR-381/MG;Norte;Choque - Veiculo parado no acostamento;2;3;;;;;1
30/06/2020;08:22:00;99;sem vítima;732;BR-381/MG;Sul;Choque - Elemento de Drenagem;1;1;;;;;1
30/06/2020;21:28:00;359;sem vítima;944;BR-381/MG;Norte;Colisão Traseira;1;2;;;;;1
01/05/2020;02:15:00;27;com vítima;817;BR-381/MG;Norte;Colisão Traseira;1;1;1;;;;1
01/05/2020;04:46:00;46;sem vítima;921,6;BR-381/MG;Sul;Tombamento;1;1;;;;;1
01/05/2020;09:16:00;105;sem vítima;527;BR-381/MG;Sul;Colisão Lateral;1;3;;;;;1
01/05/2020;14:27:00;189;com vítima;526;BR-381/MG;Sul;Tombamento;1;0;5;;;;1
01/05/2020;16:24:00;222;sem vítima;559;BR-381/MG;Sul;Colisão Lateral;1;3;;;;;1
01/05/2020;17:20:00;242;com vítima;479,2;BR-381/MG;Sul;Colisão Lateral;1;0;3;;;;1
02/05/2020;04:29:00;30;com vítima;540;BR-381/MG;Norte;Colisão Traseira;2;2;;2;;;2
02/05/2020;04:49:00;32;com vítima;541;BR-381/MG;Norte;Colisão Traseira;2;1;1;;;1;3
02/05/2020;20:51:00;267;sem vítima;802,3;BR-381/MG;Norte;Colisão Traseira;1;2;;;;;1
03/05/2020;04:37:00;42;com vítima;880,3;BR-381/MG;Norte;Choque - Elemento de Drenagem;1;0;2;;;;1
03/05/2020;17:09:00;175;sem vítima;677;BR-381/MG;Sul;Tombamento;1;1;;;;;1
04/05/2020;04:00:00;44;sem vítima;524,4;BR-381/MG;Sul;Colisão Traseira;2;2;;;;;1
04/05/2020;14:17:00;181;com vítima;67,4;BR-381/SP;Norte;Colisão Traseira;1;1;;1;;;2
05/05/2020;05:17:00;58;com vítima;861;BR-381/MG;Sul;Tombamento;1;1;1;;;;1
05/05/2020;17:02:00;260;com vítima;511,5;BR-381/MG;Sul;Colisão Traseira;1;1;1;;;;1
05/05/2020;22:24:00;329;sem vítima;508,2;BR-381/MG;Sul;Choque - Defensa, barreira ou "submarino";1;3;;;;;1
06/05/2020;16:08:00;249;com vítima;512,7;BR-381/MG;Norte;Colisão Traseira;1;1;;1;;;2
06/05/2020;18:06:00;297;sem vítima;675,5;BR-381/MG;Norte;Atropelamento de Animal;1;1;;;;;1
07/05/2020;08:32:00;108;sem vítima;88;BR-381/SP;Sul;Colisão Lateral;1;2;;;;;1
07/05/2020;08:49:00;117;sem vítima;73;BR-381/SP;Sul;Colisão Lateral;1;2;;;;;1
07/05/2020;17:24:00;284;com vítima;78,5;BR-381/SP;Norte;Tombamento;1;0;1;;;;1
07/05/2020;23:10:00;358;sem vítima;724,9;BR-381/MG;Sul;Colisão Lateral;2;2;;;;;1
07/05/2020;23:46:00;364;sem vítima;492;BR-381/MG;Norte;Colisão Traseira;1;2;;;;;1
08/05/2020;01:42:00;32;com vítima;873,8;BR-381/MG;Sul;Tombamento;1;0;1;;;;1
08/05/2020;11:35:00;162;com vítima;29,5;BR-381/SP;Sul;Engavetamento;2;3;;1;;;2
08/05/2020;22:47:00;340;sem vítima;560;BR-381/MG;Norte;Colisão Traseira;1;2;;;;;1
09/05/2020;01:56:00;32;sem vítima;720;BR-381/MG;Sul;Choque - Talude;1;1;;;;;1
09/05/2020;16:11:00;202;com vítima;921,1;BR-381/MG;Sul;Tombamento;1;0;1;1;;;2
10/05/2020;00:58:00;24;sem vítima;5;BR-381/MG-CONT;Sul;Colisão Lateral;1;4;;;;;1
10/05/2020;18:11:00;202;com vítima;780,8;BR-381/MG;Sul;Colisão Traseira;1;1;5;2;1;;2
10/05/2020;21:47:00;256;com vítima;916,1;BR-381/MG;Sul;Tombamento;1;0;1;;;;1
11/05/2020;07:26:00;81;sem vítima;482;BR-381/MG;Norte;Colisão Traseira;1;2;;;;;1
12/05/2020;18:04:00;287;sem vítima;845,5;BR-381/MG;Norte;Atropelamento de Animal;1;1;;;;;1
13/05/2020;00:38:00;23;com vítima;533,1;BR-381/MG;Norte;Tombamento;1;0;2;;;;1
13/05/2020;04:55:00;47;sem vítima;757;BR-381/MG;Sul;Colisão Traseira;2;2;;;;;1
13/05/2020;05:39:00;49;sem vítima;590;BR-381/MG;Norte;Choque - Elemento de Drenagem;1;1;;;;;1
14/05/2020;06:42:00;53;com vítima;500,7;BR-381/MG;Norte;Colisão Traseira;1;1;;;;1;3
14/05/2020;14:30:00;222;com vítima;521;BR-381/MG;Sul;Tombamento;1;0;1;;;;1
14/05/2020;18:08:00;303;com vítima;481,1;BR-381/MG;Norte;Colisão Traseira;1;1;2;;;;1
14/05/2020;20:43:00;348;sem vítima;524;BR-381/MG;Sul;Choque - Defensa, barreira ou "submarino";1;1;;;;;1
14/05/2020;22:58:00;382;sem vítima;906,9;BR-381/MG;Norte;Tombamento;1;1;;;;;1
15/05/2020;03:59:00;44;sem vítima;84,6;BR-381/SP;Norte;Choque - Defensa, barreira ou "submarino";1;1;;;;;1
15/05/2020;12:18:00;179;com vítima;512,5;BR-381/MG;Norte;Colisão Traseira;1;2;2;;;;1
15/05/2020;15:07:00;236;sem vítima;658,8;BR-381/MG;Sul;Choque - Defensa, barreira ou "submarino";1;1;;;;;1
15/05/2020;22:17:00;371;com vítima;707,05;BR-381/MG;Norte;Tombamento;1;0;1;;;1;3
15/05/2020;23:44:00;382;com vítima;860;BR-381/MG;Sul;Tombamento;1;0;1;;;;1
16/05/2020;00:31:00;27;sem vítima;753,3;BR-381/MG;Norte;Tombamento;1;1;;;;;1
18/05/2020;04:04:00;42;sem vítima;854;BR-381/MG;Norte;Choque - Elemento de Drenagem;1;1;;;;;1
18/05/2020;10:38:00;128;sem vítima;948;BR-381/MG;Sul;Colisão Traseira;2;2;;;;;1
18/05/2020;10:45:00;130;com vítima;907,1;BR-381/MG;Norte;Tombamento;1;0;1;;;;1
18/05/2020;11:47:00;148;sem vítima;51,9;BR-381/SP;Sul;Colisão Traseira;1;2;;;;;1
18/05/2020;14:38:00;190;com vítima;1,5;BR-381/MG-CONT;Norte;Colisão Lateral;1;1;1;;;;1
18/05/2020;14:42:00;192;com vítima;54,8;BR-381/SP;Sul;Colisão Traseira;2;1;1;;;;1
18/05/2020;21:29:00;313;sem vítima;79;BR-381/SP;Norte;Colisão Lateral;1;3;;;;;1
19/05/2020;08:26:00;96;com vítima;478,6;BR-381/MG;Norte;Colisão Traseira;1;1;1;1;;;2
19/05/2020;10:53:00;139;com vítima;38;BR-381/SP;Sul;Engavetamento;1;5;1;;;;1
19/05/2020;12:07:00;156;com vítima;587,3;BR-381/MG;Norte;Tombamento;1;0;1;;;;1
19/05/2020;15:23:00;227;sem vítima;1,9;BR-381/SP;Sul;Colisão Traseira;1;2;;;;;1
20/05/2020;07:59:00;99;sem vítima;598;BR-381/MG;Norte;Colisão Traseira;1;3;;;;;1
20/05/2020;08:08:00;106;sem vítima;598;BR-381/MG;Norte;Engavetamento;1;3;;;;;1
20/05/2020;10:57:00;191;sem vítima;81,8;BR-381/SP;Sul;Colisão Traseira;2;2;;;;;1
20/05/2020;13:23:00;231;sem vítima;5;BR-381/MG-CONT;Norte;Colisão Traseira;2;2;;;;;1
20/05/2020;15:06:00;266;sem vítima;480;BR-381/MG;Sul;Colisão Traseira;1;2;;;;;1
20/05/2020;21:34:00;364;sem vítima;41;BR-381/SP;Sul;Colisão Lateral;1;4;;;;;1
21/05/2020;04:57:00;44;sem vítima;653,8;BR-381/MG;Norte;Tombamento;1;1;;;;;1
21/05/2020;06:09:00;49;sem vítima;678;BR-381/MG;Norte;Tombamento;1;1;;;;;1
21/05/2020;08:38:00;110;com vítima;597;BR-381/MG;Norte;Colisão Traseira;2;2;1;;;;1
21/05/2020;18:09:00;310;com vítima;6;BR-381/SP;Sul;Colisão Lateral;1;1;1;;;;1
22/05/2020;02:01:00;37;com vítima;936,4;BR-381/MG;Sul;Capotamento;1;0;2;;;;1
22/05/2020;06:10:00;58;sem vítima;524,5;BR-381/MG;Norte;Engavetamento;3;3;;;;;1
22/05/2020;07:11:00;77;sem vítima;936,5;BR-381/MG;Sul;Tombamento;1;2;;;;;1
22/05/2020;11:27:00;179;com vítima;481,1;BR-381/MG;Sul;Colisão Traseira;3;2;1;;;;1
22/05/2020;18:54:00;356;sem vítima;7,5;BR-381/SP;Norte;Colisão Traseira;1;2;;;;;1
22/05/2020;20:29:00;380;com vítima;491,3;BR-381/MG;Sul;Colisão Lateral;1;1;1;;;;1
23/05/2020;03:44:00;40;sem vítima;601,5;BR-381/MG;Sul;Choque - Elemento de Drenagem;1;1;;;;;1
23/05/2020;07:09:00;67;com vítima;641,5;BR-381/MG;Norte;Tombamento;1;1;1;;;;1
23/05/2020;11:51:00;169;com vítima;55,2;BR-381/SP;Sul;Tombamento;1;1;1;;;;1
23/05/2020;18:21:00;298;sem vítima;880;BR-381/MG;Norte;Colisão Traseira;1;2;;;;;1
24/05/2020;04:02:00;43;sem vítima;529,1;BR-381/MG;Sul;Choque - Defensa, barreira ou "submarino";1;1;;;;;1
24/05/2020;07:37:00;69;sem vítima;491,4;BR-381/MG;Norte;Colisão Traseira;1;2;;;;;1
24/05/2020;13:22:00;147;com vítima;705,5;BR-381/MG;Sul;Colisão Lateral;1;1;2;;;;1
24/05/2020;15:45:00;193;com vítima;768;BR-381/MG;Norte;Colisão Lateral;1;1;1;;;;1
24/05/2020;16:09:00;199;sem vítima;570,5;BR-381/MG;Norte;Choque - Elemento de Drenagem;1;1;;;;;1
24/05/2020;17:03:00;214;sem vítima;636,8;BR-381/MG;Norte;Colisão Lateral;1;2;;;;;1
24/05/2020;17:25:00;220;sem vítima;502;BR-381/MG;Sul;Colisão Lateral;1;2;;;;;1
24/05/2020;18:34:00;239;sem vítima;914,7;BR-381/MG;Sul;Atropelamento de Animal;1;2;;;;;1
25/05/2020;07:43:00;79;sem vítima;739,8;BR-381/MG;Sul;Tombamento;1;1;;;;;1
25/05/2020;12:07:00;152;sem vítima;940,8;BR-381/MG;Norte;Colisão Traseira;1;2;;;;;1
25/05/2020;17:16:00;265;sem vítima;867;BR-381/MG;Sul;Colisão Traseira;1;3;;;;;1
25/05/2020;19:32:00;324;sem vítima;536,5;BR-381/MG;Sul;Atropelamento de Animal;1;1;;;;;1
26/05/2020;07:27:00;70;com vítima;807,7;BR-381/MG;Sul;Tombamento;1;0;1;;;;1
26/05/2020;07:41:00;75;sem vítima;900;BR-381/MG;Sul;Colisão Traseira;1;2;;;;;1
26/05/2020;08:50:00;106;sem vítima;803,5;BR-381/MG;Sul;Tombamento;1;1;;;;;1
26/05/2020;10:09:00;128;com vítima;20;BR-381/SP;Norte;Tombamento;1;0;1;;;;1
26/05/2020;18:23:00;293;com vítima;490;BR-381/MG;Sul;Colisão Lateral;1;2;1;;;;1
26/05/2020;20:35:00;344;sem vítima;525;BR-381/MG;Norte;Choque - Defensa, barreira ou "submarino";1;1;;;;;1
27/05/2020;05:21:00;62;com vítima;562;BR-381/MG;Norte;Colisão Traseira;2;1;1;;;;1
27/05/2020;07:45:00;98;sem vítima;945;BR-381/MG;Norte;Colisão Lateral;2;2;;;;;1
27/05/2020;21:07:00;378;com vítima;605,6;BR-381/MG;Norte;Tombamento;1;0;1;;;;1
28/05/2020;03:32:00;38;sem vítima;842,799;BR-381/MG;Norte;Colisão Traseira;2;4;;;;;1
28/05/2020;08:24:00;112;com vítima;755,3;BR-381/MG;Sul;Colisão Traseira;1;3;2;;;;1
28/05/2020;20:09:00;320;sem vítima;90,4;BR-381/SP;Sul;Tombamento;1;1;;;;;1
29/05/2020;02:15:00;35;sem vítima;551;BR-381/MG;Norte;Choque - Defensa, barreira ou "submarino";1;1;;;;;1
29/05/2020;03:42:00;40;sem vítima;843,9;BR-381/MG;Sul;Tombamento;1;1;;;;;1
29/05/2020;06:49:00;66;com vítima;513,5;BR-381/MG;Norte;Choque - Defensa, barreira ou "submarino";1;0;1;;;;1
29/05/2020;06:56:00;68;sem vítima;760,3;BR-381/MG;Norte;Colisão Traseira;1;4;;;;;1
29/05/2020;07:26:00;75;sem vítima;488;BR-381/MG;Norte;Colisão Lateral;1;2;;;;;1
30/05/2020;04:40:00;54;com vítima;63;BR-381/SP;Sul;Engavetamento;1;6;2;;1;;2
30/05/2020;10:32:00;129;sem vítima;595,1;BR-381/MG;Norte;Colisão Traseira;1;2;;;;;1
30/05/2020;16:36:00;256;sem vítima;20,4;BR-381/SP;Norte;Tombamento;1;1;;;;;1
31/05/2020;00:10:00;28;sem vítima;509,3;BR-381/MG;Sul;Colisão Lateral;1;3;;;;;1
31/05/2020;06:22:00;56;com vítima;516;BR-381/MG;Norte;Tombamento;1;0;;1;;;2
31/05/2020;06:24:00;58;sem vítima;756,4;BR-381/MG;Sul;Choque - Defensa, barreira ou "submarino";1;1;;;;;1
31/05/2020;18:38:00;250;sem vítima;44;BR-381/SP;Sul;Colisão Lateral;1;2;;;;;1
31/05/2020;19:05:00;261;com vítima;763;BR-381/MG;Norte;Tombamento;1;0;1;;;;1
31/05/2020;20:46:00;296;sem vítima;71,3;BR-381/SP;Norte;Choque - Defensa, barreira ou "submarino";1;2;;;;;1
31/05/2020;22:22:00;323;com vítima;2;BR-381/MG-CONT;Norte;Tombamento;1;0;1;;;;1
01/04/2020;06:22:00;59;sem vítima;592,2;BR-381/MG;Norte;Tombamento;1;1;;;;;1
01/04/2020;16:23:00;260;sem vítima;936;BR-381/MG;Sul;Choque - Defensa, barreira ou "submarino";1;1;;;;;1
01/04/2020;18:06:00;312;sem vítima;36,5;BR-381/SP;Norte;Tombamento;1;1;;;;;1
02/04/2020;05:08:00;54;com vítima;943,5;BR-381/MG;Norte;Colisão Traseira;2;1;1;;;;1
02/04/2020;11:06:00;164;sem vítima;486,5;BR-381/MG;Sul;Colisão Traseira;1;2;;;;;1
02/04/2020;13:37:00;197;sem vítima;689,7;BR-381/MG;Sul;Colisão Traseira;2;2;;;;;1
03/04/2020;02:52:00;37;com vítima;896;BR-381/MG;Sul;Tombamento;1;0;1;;;;1
03/04/2020;12:55:00;184;sem vítima;912,8;BR-381/MG;Norte;Colisão Lateral;2;3;;;;;1
03/04/2020;14:14:00;203;com vítima;540;BR-381/MG;Norte;Choque - Defensa, barreira ou "submarino";1;1;1;1;;;2
03/04/2020;15:57:00;241;sem vítima;510;BR-381/MG;Norte;Engavetamento;2;6;;;;;1
03/04/2020;19:35:00;311;sem vítima;532;BR-381/MG;Sul;Colisão Lateral;1;3;;;;;1
03/04/2020;20:11:00;320;com vítima;872;BR-381/MG;Sul;Choque - Defensa, barreira ou "submarino";1;0;1;;;;1
03/04/2020;21:24:00;336;sem vítima;921;BR-381/MG;Sul;Choque - Defensa, barreira ou "submarino";1;1;;;;;1
04/04/2020;23:47:00;275;com vítima;661,5;BR-381/MG;Norte;Choque - Elemento de Drenagem;1;0;1;;;;1
06/04/2020;08:07:00;81;sem vítima;39,3;BR-381/SP;Sul;Colisão Traseira;1;2;;;;;1
06/04/2020;15:48:00;229;sem vítima;58,7;BR-381/SP;Norte;Colisão Lateral;1;2;;;;;1
07/04/2020;01:13:00;25;sem vítima;652,7;BR-381/MG;Sul;Atropelamento de Animal;1;1;;;;;1
07/04/2020;07:15:00;77;sem vítima;489,6;BR-381/MG;Sul;Engavetamento;1;3;;;;;1
07/04/2020;15:53:00;245;com vítima;479,6;BR-381/MG;Norte;Colisão Lateral;1;1;3;;;;1
07/04/2020;17:28:00;278;sem vítima;762,5;BR-381/MG;Norte;Colisão Traseira;1;2;;;;;1
07/04/2020;19:26:00;320;sem vítima;901,4;BR-381/MG;Sul;Colisão Lateral;2;2;;;;;1
07/04/2020;20:43:00;336;sem vítima;22;BR-381/SP;Norte;Colisão Traseira;1;2;;;;;1
07/04/2020;21:45:00;350;sem vítima;28;BR-381/SP;Norte;Colisão Lateral;1;2;;;;;1
08/04/2020;02:38:00;46;sem vítima;675,6;BR-381/MG;Norte;Choque - Defensa, barreira ou "submarino";1;1;;;;;1
08/04/2020;17:36:00;290;com vítima;60,5;BR-381/SP;Sul;Choque - Talude;1;0;1;;;;1
08/04/2020;20:06:00;325;com vítima;794,5;BR-381/MG;Sul;Choque - Defensa, barreira ou "submarino";1;0;1;;;;1
09/04/2020;00:19:00;29;sem vítima;602;BR-381/MG;Sul;Colisão Traseira;2;2;;;;;1
09/04/2020;01:54:00;37;sem vítima;802,5;BR-381/MG;Sul;Colisão Traseira;1;2;;;;;1
09/04/2020;03:40:00;48;sem vítima;929,5;BR-381/MG;Norte;Choque - Elemento de Drenagem;1;1;;;;;1
09/04/2020;08:03:00;95;com vítima;481,2;BR-381/MG;Norte;Colisão Traseira;2;2;1;;;;1
09/04/2020;17:24:00;266;com vítima;942;BR-381/MG;Sul;Colisão Traseira;2;2;1;;;;1
10/04/2020;20:52:00;217;sem vítima;526;BR-381/MG;Sul;Choque - Elemento de Drenagem;1;1;;;;;1
11/04/2020;19:19:00;219;sem vítima;690,4;BR-381/MG;Sul;Choque - Talude;1;1;;;;;1
14/04/2020;11:18:00;20;sem vítima;483;BR-381/MG;Norte;Colisão Lateral;1;2;;;;;1
14/04/2020;16:37:00;154;sem vítima;495,6;BR-381/MG;Sul;Colisão Traseira;1;2;;;;;1
15/04/2020;18:55:00;276;sem vítima;479;BR-381/MG;Norte;Engavetamento;1;4;;;;;1
15/04/2020;19:09:00;277;sem vítima;479;BR-381/MG;Sul;Engavetamento;1;4;;;;;1
15/04/2020;19:26:00;281;sem vítima;2,3;BR-381/MG-CONT;Sul;Engavetamento;1;9;;;;;1
15/04/2020;22:56:00;331;com vítima;937,2;BR-381/MG;Sul;Tombamento;1;0;1;;;;1
16/04/2020;00:53:00;28;sem vítima;645;BR-381/MG;Norte;Choque - Elemento de Drenagem;1;1;;;;;1
16/04/2020;02:21:00;36;com vítima;707,1;BR-381/MG;Sul;Tombamento;1;0;1;;;;1
16/04/2020;05:32:00;52;com vítima;568,6;BR-381/MG;Sul;Capotamento;1;0;1;;;;1
16/04/2020;12:15:00;141;sem vítima;58;BR-381/SP;Sul;Colisão Traseira;2;2;;;;;1
16/04/2020;14:31:00;171;sem vítima;56,1;BR-381/SP;Sul;Colisão Traseira;2;2;;;;;1
17/04/2020;01:55:00;31;sem vítima;568;BR-381/MG;Norte;Choque - Elemento de Drenagem;1;4;;;;;1
17/04/2020;09:21:00;114;com vítima;692,5;BR-381/MG;Norte;Engavetamento;4;3;;1;1;;2
17/04/2020;11:20:00;156;sem vítima;36,6;BR-381/SP;Norte;Tombamento;1;1;;;;;1
17/04/2020;11:28:00;161;sem vítima;735,5;BR-381/MG;Norte;Colisão Lateral;1;5;;;;;1
17/04/2020;18:40:00;292;sem vítima;30;BR-381/SP;Norte;Colisão Lateral;1;3;;;;;1
18/04/2020;01:12:00;27;sem vítima;824;BR-381/MG;Sul;Choque - Elemento de Drenagem;1;2;;;;;1
18/04/2020;05:01:00;50;com vítima;680,2;BR-381/MG;Norte;Tombamento;1;1;2;;;;1
18/04/2020;07:47:00;79;com vítima;926,2;BR-381/MG;Norte;Tombamento;1;0;1;;;;1
18/04/2020;09:20:00;105;sem vítima;942;BR-381/MG;Sul;Colisão Traseira;1;3;;;;;1
18/04/2020;18:59:00;244;sem vítima;725,5;BR-381/MG;Sul;Tombamento;1;1;;;;;1
18/04/2020;19:14:00;250;com vítima;13;BR-381/SP;Sul;Colisão Traseira;1;1;;;;2;3
19/04/2020;17:27:00;166;sem vítima;756;BR-381/MG;Sul;Tombamento;1;1;;;;;1
19/04/2020;18:41:00;180;com vítima;635;BR-381/MG;Sul;Tombamento;1;0;;2;;;2
19/04/2020;19:58:00;195;com vítima;853,5;BR-381/MG;Norte;Colisão Traseira;1;34;;2;;;2
19/04/2020;22:14:00;211;com vítima;943,4;BR-381/MG;Norte;Colisão Traseira;2;1;;1;;;2
20/04/2020;14:16:00;196;sem vítima;525,5;BR-381/MG;Norte;Choque - Talude;1;1;;;;;1
21/04/2020;01:42:00;30;sem vítima;521,5;BR-381/MG;Norte;Choque - Defensa, barreira ou "submarino";1;1;;;;;1
21/04/2020;03:25:00;39;sem vítima;889,9;BR-381/MG;Norte;Atropelamento de Animal;1;1;;;;;1
21/04/2020;18:15:00;223;sem vítima;878,8;BR-381/MG;Norte;Choque - Defensa, barreira ou "submarino";1;1;;;;;1
22/04/2020;17:27:00;276;com vítima;721,899;BR-381/MG;Norte;Tombamento;1;0;;1;;;2
22/04/2020;17:40:00;280;com vítima;526,1;BR-381/MG;Sul;Capotamento;1;0;;;;1;3
23/04/2020;05:03:00;50;com vítima;720,8;BR-381/MG;Norte;Tombamento;1;0;1;;;;1
23/04/2020;10:50:00;147;com vítima;577,5;BR-381/MG;Sul;Colisão Lateral;1;2;2;;;;1
23/04/2020;12:44:00;173;sem vítima;921,4;BR-381/MG;Sul;Tombamento;1;1;;;;;1
23/04/2020;13:27:00;179;sem vítima;527;BR-381/MG;Sul;Colisão Traseira;2;3;;;;;1
23/04/2020;14:30:00;191;com vítima;923;BR-381/MG;Norte;Tombamento;1;0;1;;;;1
24/04/2020;13:38:00;206;com vítima;86;BR-381/SP;Sul;Colisão Traseira;2;2;;1;;;2
24/04/2020;23:26:00;372;sem vítima;553;BR-381/MG;Norte;Tombamento;1;2;;;;;1
25/04/2020;01:49:00;30;sem vítima;680;BR-381/MG;Sul;Colisão Lateral;1;2;;;;;1
26/04/2020;17:06:00;177;com vítima;491,8;BR-381/MG;Norte;Colisão Lateral;1;4;1;;;;1
27/04/2020;19:45:00;297;sem vítima;688;BR-381/MG;Norte;Choque - Elemento de Drenagem;1;1;;;;;1
28/04/2020;14:31:00;195;sem vítima;559;BR-381/MG;Sul;Choque - Defensa, barreira ou "submarino";1;2;;;;;1
28/04/2020;14:39:00;199;sem vítima;25;BR-381/SP;Norte;Choque - Elemento de Drenagem;1;2;;;;;1
28/04/2020;15:21:00;221;com vítima;4;BR-381/MG-CONT;Sul;Colisão Frontal;1;0;1;;;1;3
29/04/2020;00:17:00;21;sem vítima;746;BR-381/MG;Norte;Tombamento;1;1;;;;;1
29/04/2020;12:33:00;172;sem vítima;491;BR-381/MG;Sul;Colisão Lateral;1;2;;;;;1
29/04/2020;15:31:00;236;com vítima;484,7;BR-381/MG;Norte;Choque - Defensa, barreira ou "submarino";1;2;1;;;;1
30/04/2020;04:16:00;45;sem vítima;863,5;BR-381/MG;Sul;Choque - Arvore;1;2;;;;;1
30/04/2020;08:25:00;103;sem vítima;478,3;BR-381/MG;Norte;Engavetamento;2;3;;;;;1
30/04/2020;15:48:00;258;sem vítima;624,1;BR-381/MG;Sul;Engavetamento;2;3;;;;;1
30/04/2020;16:38:00;282;sem vítima;746,2;BR-381/MG;Norte;Colisão Traseira;2;2;;;;;1
30/04/2020;19:07:00;322;com vítima;625;BR-381/MG;Norte;Outros;2;1;1;;;;1
30/04/2020;21:18:00;360;com vítima;680;BR-381/MG;Sul;Colisão Lateral;1;1;1;;;;1
30/04/2020;22:50:00;384;sem vítima;67,5;BR-381/SP;Norte;Choque - Defensa, barreira ou "submarino";1;1;;;;;1
01/01/2020;18:09:00;258;sem vítima;936;BR-381/MG;Sul;Choque - Elemento de Drenagem;1;1;;;;;1
01/01/2020;19:29:00;296;sem vítima;667,006;BR-381/MG;Sul;Colisão Traseira;1;2;;;;;1
02/01/2020;06:58:00;87;sem vítima;635;BR-381/MG;Sul;Choque - Talude;1;1;;;;;1
02/01/2020;07:40:00;105;sem vítima;82,3;BR-381/SP;Sul;Colisão Traseira;2;2;;;;;1
02/01/2020;12:32:00;214;sem vítima;892,8;BR-381/MG;Sul;Choque - Defensa, barreira ou "submarino";1;1;;;;;1
02/01/2020;12:54:00;227;sem vítima;925;BR-381/MG;Sul;Colisão Traseira;1;4;;;;;1
02/01/2020;18:48:00;389;sem vítima;51;BR-381/SP;Sul;Colisão Traseira;1;2;;;;;1