data;horario;n_da_ocorrencia;tipo_de_ocorrencia;km;trecho;sentido;tipo_de_acidente;caminhao;ilesos;levemente_feridos;moderadamente_feridos;gravemente_feridos;mortos;3
31/08/2020;09:55:00;170;3 - Acidente com Danos Materiais;769;BR-381/MG;Norte;Tombamento;1;1;;;;;1
31/08/2020;13:22:00;233;2 - Acidente com VITIMA;664,3;BR-381/MG;Sul;Tombamento;1;1;1;;;;1
31/08/2020;15:57:00;305;3 - Acidente com Danos Materiais;500,5;BR-381/MG;Sul;Choque - Defensa, barreira ou "submarino";1;1;;;;;1
31/08/2020;16:49:00;326;3 - Acidente com Danos Materiais;498;BR-381/MG;Norte;Choque - Defensa, barreira ou "submarino";1;1;;;;;1
31/08/2020;19:07:00;382;3 - Acidente com Danos Materiais;58;BR-381/SP;Sul;Engavetamento;1;5;;;;;1
01/09/2020;01:08:00;26;3 - Acidente com Danos Materiais;534,7;BR-381/MG;Sul;Colisão Traseira;1;2;;;;;1
01/09/2020;04:44:00;45;2 - Acidente com VITIMA;694,05;BR-381/MG;Sul;Tombamento;1;1;2;;;;1
01/09/2020;06:25:00;58;3 - Acidente com Danos Materiais;941,8;BR-381/MG;Norte;Colisão Traseira;1;2;;;;;1
01/09/2020;15:23:00;271;3 - Acidente com Danos Materiais;941;BR-381/MG;Norte;Colisão Traseira;1;2;;;;;1
01/09/2020;16:10:00;297;2 - Acidente com VITIMA;30,5;BR-381/SP;Norte;Engavetamento;1;4;1;;;;1
01/09/2020;16:35:00;309;3 - Acidente com Danos Materiais;36;BR-381/SP;Norte;Colisão Traseira;1;2;;;;;1
01/09/2020;19:33:00;376;3 - Acidente com Danos Materiais;900;BR-381/MG;Norte;Colisão Traseira;1;2;;;;;1
02/09/2020;03:17:00;31;3 - Acidente com Danos Materiais;778;BR-381/MG;Norte;Colisão Traseira;2;2;;;;;1
02/09/2020;03:51:00;35;3 - Acidente com Danos Materiais;23;BR-381/SP;Norte;Choque - Defensa, barreira ou "submarino";1;1;;;;;1
02/09/2020;06:22:00;49;3 - Acidente com Danos Materiais;481;BR-381/MG;Sul;Engavetamento;2;5;;;;;1
02/09/2020;15:06:00;280;3 - Acidente com Danos Materiais;852;BR-381/MG;Norte;Choque - Defensa, barreira ou "submarino";1;1;;;;;1
02/09/2020;15:25:00;285;2 - Acidente com VITIMA;3;BR-381/MG-CONT;Sul;Choque - Veiculo parado no acostamento;2;2;1;;;;1
03/09/2020;15:16:00;296;3 - Acidente com Danos Materiais;14;BR-381/SP;Sul;Colisão Traseira;1;2;;;;;1
03/09/2020;16:11:00;317;3 - Acidente com Danos Materiais;485,7;BR-381/MG;Norte;Engavetamento;1;3;;;;;1
04/09/2020;00:12:00;13;3 - Acidente com Danos Materiais;62;BR-381/SP;Norte;Choque - Poste;1;2;;;;;1
04/09/2020;18:40:00;460;1 - Acidente com Vitima Fatal;80;BR-381/SP;Sul;Atropelamento - Morador;1;1;;;;1;3
04/09/2020;19:32:00;484;1 - Acidente com Vitima Fatal;766,8;BR-381/MG;Norte;Colisão Traseira;2;1;;;;1;3
04/09/2020;22:23:00;545;3 - Acidente com Danos Materiais;60;BR-381/SP;Norte;Colisão Lateral;1;2;;;;;1
05/09/2020;01:02:00;24;3 - Acidente com Danos Materiais;30;BR-381/SP;Norte;Colisão Traseira;1;2;;;;;1
05/09/2020;02:25:00;37;3 - Acidente com Danos Materiais;573;BR-381/MG;Norte;Choque - Elemento de Drenagem;1;2;;;;;1
05/09/2020;02:55:00;42;2 - Acidente com VITIMA;655;BR-381/MG;Norte;Colisão Traseira;2;1;1;;;;1
05/09/2020;05:31:00;56;3 - Acidente com Danos Materiais;658,5;BR-381/MG;Norte;Colisão Traseira;1;2;;;;;1
05/09/2020;06:11:00;67;3 - Acidente com Danos Materiais;597,5;BR-381/MG;Norte;Choque - Defensa, barreira ou "submarino";1;1;;;;;1
05/09/2020;06:29:00;78;2 - Acidente com VITIMA;795,6;BR-381/MG;Norte;Colisão Traseira;2;0;1;1;;;2
05/09/2020;09:01:00;137;3 - Acidente com Danos Materiais;521,6;BR-381/MG;Sul;Choque - Defensa, barreira ou "submarino";1;1;;;;;1
05/09/2020;11:06:00;191;3 - Acidente com Danos Materiais;516,5;BR-381/MG;Norte;Colisão Traseira;4;5;;;;;1
05/09/2020;12:31:00;225;3 - Acidente com Danos Materiais;486,2;BR-381/MG;Sul;Engavetamento;1;4;;;;;1
05/09/2020;18:46:00;417;3 - Acidente com Danos Materiais;933,7;BR-381/MG;Norte;Choque - Veiculo parado na pista;2;2;;;;;1
05/09/2020;18:56:00;423;2 - Acidente com VITIMA;933,7;BR-381/MG;Norte;Colisão Traseira;1;1;;1;;;2
05/09/2020;20:05:00;450;3 - Acidente com Danos Materiais;928;BR-381/MG;Norte;Colisão Lateral;1;2;;;;;1
06/09/2020;03:53:00;42;3 - Acidente com Danos Materiais;600;BR-381/MG;Sul;Colisão Traseira;1;2;;;;;1
06/09/2020;08:39:00;83;3 - Acidente com Danos Materiais;519,3;BR-381/MG;Sul;Colisão Traseira;1;5;;;;;1
06/09/2020;18:22:00;300;2 - Acidente com VITIMA;502;BR-381/MG;Sul;Engavetamento;2;3;1;;;;1
07/09/2020;23:14:00;405;2 - Acidente com VITIMA;515,7;BR-381/MG;Norte;Colisão Traseira;2;0;2;;;;1
08/09/2020;00:59:00;20;2 - Acidente com VITIMA;664;BR-381/MG;Norte;Colisão Traseira;2;1;;1;;;2
08/09/2020;06:14:00;60;3 - Acidente com Danos Materiais;931;BR-381/MG;Sul;Tombamento;1;1;;;;;1
08/09/2020;09:08:00;144;3 - Acidente com Danos Materiais;724,9;BR-381/MG;Norte;Choque - Arvore;1;1;;;;;1
08/09/2020;12:31:00;223;3 - Acidente com Danos Materiais;577;BR-381/MG;Norte;Colisão Lateral;1;2;;;;;1
08/09/2020;15:51:00;313;2 - Acidente com VITIMA;480,5;BR-381/MG;Sul;Colisão Lateral;1;1;1;;;;1
08/09/2020;16:18:00;320;3 - Acidente com Danos Materiais;494,8;BR-381/MG;Sul;Colisão Lateral;1;4;;;;;1
09/09/2020;04:26:00;52;3 - Acidente com Danos Materiais;651;BR-381/MG;Norte;Tombamento;1;1;;;;;1
09/09/2020;06:19:00;69;3 - Acidente com Danos Materiais;56;BR-381/SP;Sul;Colisão Traseira;1;2;;;;;1
09/09/2020;09:40:00;160;3 - Acidente com Danos Materiais;765,8;BR-381/MG;Sul;Colisão Traseira;1;2;;;;;1
09/09/2020;16:37:00;331;3 - Acidente com Danos Materiais;597,7;BR-381/MG;Norte;Colisão Traseira;2;2;;;;;1
10/09/2020;01:06:00;25;3 - Acidente com Danos Materiais;873,2;BR-381/MG;Sul;Choque - Veiculo parado na pista;1;2;;;;;1
10/09/2020;06:42:00;61;3 - Acidente com Danos Materiais;671;BR-381/MG;Norte;Tombamento;1;1;;;;;1
10/09/2020;11:01:00;191;3 - Acidente com Danos Materiais;765;BR-381/MG;Norte;Colisão Lateral;2;2;;;;;1
10/09/2020;15:45:00;299;3 - Acidente com Danos Materiais;900,8;BR-381/MG;Norte;Colisão Traseira;1;2;;;;;1
10/09/2020;23:56:00;462;2 - Acidente com VITIMA;33,6;BR-381/SP;Norte;Colisão Traseira;2;1;1;;;;1
11/09/2020;05:24:00;57;2 - Acidente com VITIMA;657,4;BR-381/MG;Norte;Colisão Traseira;1;1;;1;;;2
11/09/2020;11:49:00;226;2 - Acidente com VITIMA;691,4;BR-381/MG;Norte;Colisão Traseira;2;1;1;;;;1
11/09/2020;11:51:00;228;2 - Acidente com VITIMA;88,5;BR-381/SP;Sul;Engavetamento;1;3;1;;;;1
11/09/2020;15:09:00;321;3 - Acidente com Danos Materiais;900,8;BR-381/MG;Norte;Choque - Defensa, barreira ou "submarino";1;1;;;;;1
11/09/2020;17:03:00;387;3 - Acidente com Danos Materiais;549;BR-381/MG;Sul;Colisão Lateral;1;2;;;;;1
11/09/2020;17:48:00;417;3 - Acidente com Danos Materiais;65,55;BR-381/SP;Norte;Colisão Traseira;1;2;;;;;1
11/09/2020;20:37:00;509;2 - Acidente com VITIMA;636;BR-381/MG;Sul;Choque - Defensa, barreira ou "submarino";1;0;1;;;;1
12/09/2020;09:39:00;129;3 - Acidente com Danos Materiais;804,2;BR-381/MG;Sul;Colisão Lateral;2;2;;;;;1
14/09/2020;04:16:00;30;3 - Acidente com Danos Materiais;15,8;BR-381/SP;Sul;Colisão Traseira;1;2;;;;;1
14/09/2020;08:48:00;121;3 - Acidente com Danos Materiais;61,5;BR-381/SP;Sul;Choque - Talude;1;1;;;;;1
14/09/2020;17:06:00;323;3 - Acidente com Danos Materiais;482,9;BR-381/MG;Norte;Colisão Lateral;1;2;;;;;1
14/09/2020;18:21:00;362;3 - Acidente com Danos Materiais;6;BR-381/MG-CONT;Norte;Colisão Lateral;1;2;;;;;1
14/09/2020;18:23:00;363;3 - Acidente com Danos Materiais;37;BR-381/SP;Norte;Colisão Lateral;1;2;;;;;1
14/09/2020;18:28:00;365;2 - Acidente com VITIMA;524,5;BR-381/MG;Sul;Colisão Traseira;1;1;1;;;;1
14/09/2020;22:25:00;428;2 - Acidente com VITIMA;527;BR-381/MG;Sul;Tombamento;2;0;2;;;;1
14/09/2020;23:48:00;445;3 - Acidente com Danos Materiais;44,9;BR-381/SP;Sul;Colisão Traseira;2;5;;;;;1
15/09/2020;02:11:00;27;3 - Acidente com Danos Materiais;645,8;BR-381/MG;Sul;Colisão Traseira;1;4;;;;;1
15/09/2020;08:03:00;98;3 - Acidente com Danos Materiais;851;BR-381/MG;Sul;Choque - Elemento de Drenagem;1;1;;;;;1
15/09/2020;11:36:00;171;3 - Acidente com Danos Materiais;558,5;BR-381/MG;Sul;Colisão Lateral;1;2;;;;;1
15/09/2020;13:57:00;216;3 - Acidente com Danos Materiais;885;BR-381/MG;Norte;Choque - Defensa, barreira ou "submarino";1;1;;;;;1
15/09/2020;14:24:00;228;2 - Acidente com VITIMA;697;BR-381/MG;Sul;Colisão Lateral;1;1;2;;;;1
15/09/2020;15:40:00;257;3 - Acidente com Danos Materiais;648;BR-381/MG;Sul;Colisão Lateral;1;3;;;;;1
15/09/2020;16:20:00;278;2 - Acidente com VITIMA;480,7;BR-381/MG;Norte;Colisão Lateral;1;1;1;;;;1
15/09/2020;20:15:00;364;3 - Acidente com Danos Materiais;658,25;BR-381/MG;Sul;Colisão Traseira;1;2;;;;;1
16/09/2020;00:10:00;14;2 - Acidente com VITIMA;777,8;BR-381/MG;Sul;Tombamento;1;0;2;;;;1
16/09/2020;05:18:00;38;2 - Acidente com VITIMA;753,4;BR-381/MG;Norte;Choque - Veiculo parado no acostamento;2;1;;;1;;2
16/09/2020;09:57:00;150;3 - Acidente com Danos Materiais;4;BR-381/SP;Norte;Colisão Lateral;1;2;;;;;1
17/09/2020;02:42:00;37;3 - Acidente com Danos Materiais;725;BR-381/MG;Sul;Choque - Defensa, barreira ou "submarino";1;2;;;;;1
17/09/2020;04:16:00;47;3 - Acidente com Danos Materiais;736;BR-381/MG;Norte;Colisão Traseira;2;2;;;;;1
17/09/2020;08:06:00;111;3 - Acidente com Danos Materiais;62;BR-381/SP;Sul;Colisão Lateral;1;2;;;;;1
17/09/2020;10:08:00;161;3 - Acidente com Danos Materiais;629,4;BR-381/MG;Sul;Colisão Traseira;1;2;;;;;1
17/09/2020;13:26:00;241;3 - Acidente com Danos Materiais;7,5;BR-381/SP;Sul;Colisão Lateral;1;2;;;;;1
17/09/2020;15:24:00;292;2 - Acidente com VITIMA;502;BR-381/MG;Sul;Engavetamento;4;5;2;;;;1
17/09/2020;15:39:00;298;3 - Acidente com Danos Materiais;501,8;BR-381/MG;Sul;Engavetamento;2;3;;;;;1
17/09/2020;22:23:00;446;2 - Acidente com VITIMA;688,4;BR-381/MG;Norte;Tombamento;1;0;1;;;;1
17/09/2020;22:31:00;450;2 - Acidente com VITIMA;847;BR-381/MG;Sul;Atropelamento de Animal;1;1;1;1;;;2
17/09/2020;22:58:00;455;2 - Acidente com VITIMA;845,8;BR-381/MG;Sul;Engavetamento;5;4;1;;;;1
18/09/2020;01:24:00;18;2 - Acidente com VITIMA;772,2;BR-381/MG;Norte;Choque - Defensa, barreira ou "submarino";1;0;1;;;;1
18/09/2020;05:17:00;47;2 - Acidente com VITIMA;532;BR-381/MG;Norte;Choque - Defensa, barreira ou "submarino";1;0;1;;;;1
18/09/2020;07:44:00;88;2 - Acidente com VITIMA;499,2;BR-381/MG;Norte;Colisão Lateral;1;1;1;;;;1
18/09/2020;08:49:00;121;3 - Acidente com Danos Materiais;896,9;BR-381/MG;Sul;Colisão Traseira;1;2;;;;;1
18/09/2020;12:20:00;200;3 - Acidente com Danos Materiais;484;BR-381/MG;Sul;Colisão Traseira;1;2;;;;;1
18/09/2020;22:47:00;456;2 - Acidente com VITIMA;754;BR-381/MG;Norte;Choque - Veiculo parado no acostamento;2;1;1;;;;1
19/09/2020;05:44:00;70;3 - Acidente com Danos Materiais;648;BR-381/MG;Sul;Colisão Transversal;2;2;;;;;1
19/09/2020;06:23:00;80;3 - Acidente com Danos Materiais;916,1;BR-381/MG;Sul;Colisão Lateral;1;2;;;;;1
19/09/2020;06:24:00;81;3 - Acidente com Danos Materiais;807;BR-381/MG;Norte;Colisão Traseira;1;2;;;;;1
19/09/2020;12:46:00;200;3 - Acidente com Danos Materiais;845,6;BR-381/MG;Sul;Colisão Lateral;1;2;;;;;1
19/09/2020;18:55:00;373;3 - Acidente com Danos Materiais;490;BR-381/MG;Norte;Engavetamento;1;3;;;;;1
20/09/2020;02:38:00;36;3 - Acidente com Danos Materiais;517,4;BR-381/MG;Norte;Tombamento;1;1;;;;;1
20/09/2020;08:04:00;71;3 - Acidente com Danos Materiais;908,4;BR-381/MG;Sul;Choque - Defensa, barreira ou "submarino";1;2;;;;;1
20/09/2020;11:06:00;116;3 - Acidente com Danos Materiais;900,9;BR-381/MG;Norte;Colisão Traseira;2;2;;;;;1
20/09/2020;11:15:00;119;3 - Acidente com Danos Materiais;921,4;BR-381/MG;Sul;Choque - Defensa, barreira ou "submarino";1;1;;;;;1
20/09/2020;11:24:00;123;3 - Acidente com Danos Materiais;83,1;BR-381/SP;Sul;Colisão Traseira;2;2;;;;;1
20/09/2020;12:34:00;146;3 - Acidente com Danos Materiais;503;BR-381/MG;Norte;Tombamento;1;1;;;;;1
20/09/2020;14:07:00;170;3 - Acidente com Danos Materiais;792;BR-381/MG;Sul;Choque - Defensa, barreira ou "submarino";1;1;;;;;1
21/09/2020;00:36:00;20;3 - Acidente com Danos Materiais;726,8;BR-381/MG;Sul;Colisão Lateral;1;3;;;;;1
21/09/2020;06:30:00;62;2 - Acidente com VITIMA;41,1;BR-381/SP;Norte;Colisão Traseira;2;1;1;;;;1
21/09/2020;12:22:00;205;3 - Acidente com Danos Materiais;843,7;BR-381/MG;Sul;Choque - Defensa, barreira ou "submarino";1;1;;;;;1
21/09/2020;13:25:00;223;2 - Acidente com VITIMA;707;BR-381/MG;Norte;Tombamento;1;0;1;;;;1
21/09/2020;15:46:00;274;3 - Acidente com Danos Materiais;484,5;BR-381/MG;Norte;Colisão Lateral;1;2;;;;;1
21/09/2020;16:24:00;296;3 - Acidente com Danos Materiais;61;BR-381/SP;Norte;Choque - Defensa, barreira ou "submarino";1;1;;;;;1
21/09/2020;17:26:00;320;3 - Acidente com Danos Materiais;931;BR-381/MG;Norte;Choque - Defensa, barreira ou "submarino";1;1;;;;;1
21/09/2020;18:24:00;346;3 - Acidente com Danos Materiais;812,5;BR-381/MG;Norte;Choque - Defensa, barreira ou "submarino";1;3;;;;;1
22/09/2020;01:22:00;23;3 - Acidente com Danos Materiais;801,7;BR-381/MG;Sul;Colisão Traseira;2;2;;;;;1
22/09/2020;05:35:00;55;3 - Acidente com Danos Materiais;44;BR-381/SP;Sul;Colisão Transversal;1;2;;;;;1
22/09/2020;07:20:00;83;3 - Acidente com Danos Materiais;7,5;BR-381/SP;Norte;Colisão Traseira;1;2;;;;;1
22/09/2020;07:49:00;101;3 - Acidente com Danos Materiais;54,1;BR-381/SP;Norte;Engavetamento;1;5;;;;;1
22/09/2020;08:01:00;107;3 - Acidente com Danos Materiais;527,5;BR-381/MG;Norte;Choque - Defensa, barreira ou "submarino";1;1;;;;;1
22/09/2020;10:15:00;154;3 - Acidente com Danos Materiais;54;BR-381/SP;Norte;Colisão Traseira;1;2;;;;;1
22/09/2020;16:39:00;306;3 - Acidente com Danos Materiais;76;BR-381/SP;Sul;Tombamento;1;3;;;;;1
22/09/2020;23:42:00;425;3 - Acidente com Danos Materiais;654,9;BR-381/MG;Norte;Choque - Defensa, barreira ou "submarino";1;4;;;;;1
23/09/2020;04:52:00;45;3 - Acidente com Danos Materiais;651;BR-381/MG;Sul;Choque - Defensa, barreira ou "submarino";1;1;;;;;1
23/09/2020;05:00:00;47;2 - Acidente com VITIMA;561,5;BR-381/MG;Norte;Choque - Poste;1;0;1;;;;1
23/09/2020;06:32:00;60;2 - Acidente com VITIMA;650,1;BR-381/MG;Sul;Tombamento;1;0;1;;;;1
23/09/2020;09:41:00;138;3 - Acidente com Danos Materiais;619;BR-381/MG;Sul;Engavetamento;3;4;;;;;1
23/09/2020;14:45:00;240;3 - Acidente com Danos Materiais;578;BR-381/MG;Norte;Colisão Lateral;2;2;;;;;1
23/09/2020;21:25:00;386;1 - Acidente com Vitima Fatal;882,4;BR-381/MG;Sul;Atropelamento - Andarilho;1;1;;;;1;3
24/09/2020;01:58:00;24;2 - Acidente com VITIMA;601,7;BR-381/MG;Norte;Choque - Elemento de Drenagem;1;0;1;;;;1
24/09/2020;02:18:00;27;3 - Acidente com Danos Materiais;13,5;BR-381/SP;Sul;Colisão Traseira;2;2;;;;;1
24/09/2020;05:50:00;54;3 - Acidente com Danos Materiais;709;BR-381/MG;Norte;Colisão Traseira;2;2;;;;;1
24/09/2020;16:57:00;357;3 - Acidente com Danos Materiais;907;BR-381/MG;Norte;Colisão Traseira;1;2;;;;;1
24/09/2020;17:09:00;364;3 - Acidente com Danos Materiais;479,4;BR-381/MG;Sul;Colisão Lateral;1;3;;;;;1
24/09/2020;17:42:00;374;3 - Acidente com Danos Materiais;805,1;BR-381/MG;Sul;Colisão Lateral;2;2;;;;;1
24/09/2020;18:38:00;397;3 - Acidente com Danos Materiais;32;BR-381/SP;Sul;Colisão Traseira;2;2;;;;;1
24/09/2020;19:21:00;412;2 - Acidente com VITIMA;584,5;BR-381/MG;Norte;Atropelamento de Animal;2;3;2;;;;1
25/09/2020;03:23:00;29;3 - Acidente com Danos Materiais;30;BR-381/SP;Sul;Colisão Lateral;2;2;;;;;1
25/09/2020;04:32:00;44;3 - Acidente com Danos Materiais;532,1;BR-381/MG;Norte;Tombamento;1;1;;;;;1
25/09/2020;07:56:00;90;3 - Acidente com Danos Materiais;489;BR-381/MG;Norte;Engavetamento;1;3;;;;;1
25/09/2020;07:59:00;92;3 - Acidente com Danos Materiais;674;BR-381/MG;Norte;Choque - Elemento de Drenagem;1;1;;;;;1
25/09/2020;10:18:00;159;3 - Acidente com Danos Materiais;525,3;BR-381/MG;Norte;Colisão Traseira;1;2;;;;;1
25/09/2020;15:57:00;287;3 - Acidente com Danos Materiais;893,3;BR-381/MG;Norte;Choque - Elemento de Drenagem;1;1;;;;;1
25/09/2020;17:16:00;322;3 - Acidente com Danos Materiais;80;BR-381/SP;Norte;Colisão Lateral;1;2;;;;;1
25/09/2020;22:03:00;412;3 - Acidente com Danos Materiais;814;BR-381/MG;Sul;Choque - Elemento de Drenagem;1;3;;;;;1
26/09/2020;06:35:00;73;2 - Acidente com VITIMA;919,5;BR-381/MG;Norte;Colisão Lateral;1;3;1;;;;1
26/09/2020;10:08:00;143;3 - Acidente com Danos Materiais;752;BR-381/MG;Norte;Colisão Traseira;1;3;;;;;1
26/09/2020;13:55:00;227;3 - Acidente com Danos Materiais;495,8;BR-381/MG;Norte;Colisão Traseira;1;2;;;;;1
26/09/2020;19:14:00;350;2 - Acidente com VITIMA;672,9;BR-381/MG;Sul;Choque - Elemento de Drenagem;1;0;;1;;;2
26/09/2020;23:54:00;402;1 - Acidente com Vitima Fatal;839,9;BR-381/MG;Norte;Atropelamento - Morador;1;1;;;;1;3
27/09/2020;14:04:00;150;2 - Acidente com VITIMA;906;BR-381/MG;Sul;Choque - Defensa, barreira ou "submarino";1;0;1;;;;1
27/09/2020;15:49:00;214;2 - Acidente com VITIMA;491;BR-381/MG;Sul;Colisão Lateral;1;1;1;;;;1
27/09/2020;19:33:00;321;3 - Acidente com Danos Materiais;686,1;BR-381/MG;Sul;Colisão Traseira;1;2;;;;;1
28/09/2020;04:41:00;38;3 - Acidente com Danos Materiais;671,2;BR-381/MG;Sul;Choque - Elemento de Drenagem;1;1;;;;;1
28/09/2020;06:28:00;54;3 - Acidente com Danos Materiais;768,5;BR-381/MG;Sul;Tombamento;1;1;;;;;1
28/09/2020;08:44:00;104;2 - Acidente com VITIMA;82,9;BR-381/SP;Sul;Colisão Traseira;1;2;1;;;;1
28/09/2020;09:58:00;139;3 - Acidente com Danos Materiais;86,4;BR-381/SP;Sul;Engavetamento;2;5;;;;;1
28/09/2020;13:31:00;242;3 - Acidente com Danos Materiais;593;BR-381/MG;Sul;Choque - Elemento de Drenagem;1;1;;;;;1
28/09/2020;16:24:00;329;3 - Acidente com Danos Materiais;564;BR-381/MG;Sul;Engavetamento;3;3;;;;;1
28/09/2020;17:20:00;352;3 - Acidente com Danos Materiais;58;BR-381/SP;Sul;Colisão Traseira;1;2;;;;;1
29/09/2020;02:18:00;36;3 - Acidente com Danos Materiais;63,555;BR-381/SP;Sul;Choque - Defensa, barreira ou "submarino";2;2;;;;;1
29/09/2020;10:30:00;182;3 - Acidente com Danos Materiais;770,3;BR-381/MG;Norte;Colisão Lateral;2;2;;;;;1
29/09/2020;11:40:00;207;2 - Acidente com VITIMA;86,8;BR-381/SP;Sul;Colisão Traseira;1;1;;;1;;2
29/09/2020;16:00:00;313;3 - Acidente com Danos Materiais;874;BR-381/MG;Sul;Tombamento;1;1;;;;;1
29/09/2020;16:14:00;322;2 - Acidente com VITIMA;873;BR-381/MG;Sul;Engavetamento;3;6;1;;1;;2
29/09/2020;18:28:00;383;3 - Acidente com Danos Materiais;33,5;BR-381/SP;Norte;Engavetamento;1;3;;;;;1
29/09/2020;18:47:00;388;3 - Acidente com Danos Materiais;66,6;BR-381/SP;Sul;Colisão Traseira;2;2;;;;;1
29/09/2020;23:56:00;473;3 - Acidente com Danos Materiais;854,2;BR-381/MG;Sul;Choque - Elemento de Drenagem;1;1;;;;;1
30/09/2020;07:08:00;86;3 - Acidente com Danos Materiais;919;BR-381/MG;Sul;Colisão Traseira;1;2;;;;;1
30/09/2020;07:16:00;91;3 - Acidente com Danos Materiais;63,5;BR-381/SP;Sul;Engavetamento;1;3;;;;;1
30/09/2020;10:28:00;192;1 - Acidente com Vitima Fatal;786,2;BR-381/MG;Norte;Choque - Talude;1;0;;;;1;3
30/09/2020;11:15:00;219;3 - Acidente com Danos Materiais;83,2;BR-381/SP;Sul;Colisão Lateral;1;2;;;;;1
30/09/2020;12:30:00;243;2 - Acidente com VITIMA;901,2;BR-381/MG;Norte;Tombamento;1;0;1;;;;1
30/09/2020;15:38:00;353;3 - Acidente com Danos Materiais;30,5;BR-381/SP;Sul;Choque - Defensa, barreira ou "submarino";1;2;;;;;1
30/09/2020;17:16:00;403;3 - Acidente com Danos Materiais;878,9;BR-381/MG;Sul;Colisão Traseira;2;2;;;;;1
30/09/2020;17:22:00;406;3 - Acidente com Danos Materiais;32,4;BR-381/SP;Sul;Choque - Defensa, barreira ou "submarino";1;2;;;;;1
30/09/2020;19:30:00;457;3 - Acidente com Danos Materiais;922;BR-381/MG;Sul;Choque - Defensa, barreira ou "submarino";1;1;;;;;1
30/09/2020;19:55:00;465;3 - Acidente com Danos Materiais;89;BR-381/SP;Norte;Choque - Defensa, barreira ou "submarino";1;1;;;;;1
30/09/2020;21:31:00;498;3 - Acidente com Danos Materiais;762;BR-381/MG;Sul;Choque - Elemento de Drenagem;1;1;;;;;1
30/09/2020;23:29:00;525;3 - Acidente com Danos Materiais;746,5;BR-381/MG;Norte;Capotamento;1;2;;;;;1
01/10/2020;00:46:00;21;3 - Acidente com Danos Materiais;724;BR-381/MG;Sul;Colisão Traseira;1;2;;;;;1
01/10/2020;06:24:00;72;2 - Acidente com VITIMA;744,2;BR-381/MG;Norte;Tombamento;1;0;1;;;;1
01/10/2020;10:16:00;180;3 - Acidente com Danos Materiais;573;BR-381/MG;Norte;Choque - Defensa, barreira ou "submarino";1;1;;;;;1
01/10/2020;12:34:00;230;3 - Acidente com Danos Materiais;740;BR-381/MG;Sul;Colisão Traseira;1;2;;;;;1
01/10/2020;14:41:00;284;2 - Acidente com VITIMA;496;BR-381/MG;Norte;Atropelamento - Outros;1;1;;1;;;2
01/10/2020;23:22:00;507;3 - Acidente com Danos Materiais;34;BR-381/SP;Norte;Colisão Traseira;2;2;;;;;1
02/10/2020;04:34:00;59;3 - Acidente com Danos Materiais;908,2;BR-381/MG;Norte;Tombamento;1;1;;;;;1
02/10/2020;08:22:00;134;2 - Acidente com VITIMA;85,8;BR-381/SP;Sul;Colisão Traseira;1;2;;2;;;2
02/10/2020;09:28:00;175;3 - Acidente com Danos Materiais;26;BR-381/SP;Norte;Colisão Traseira;2;2;;;;;1
02/10/2020;10:37:00;206;3 - Acidente com Danos Materiais;88;BR-381/SP;Norte;Colisão Traseira;1;2;;;;;1
02/10/2020;10:58:00;211;3 - Acidente com Danos Materiais;799;BR-381/MG;Norte;Engavetamento;1;8;;;;;1
02/10/2020;16:00:00;338;2 - Acidente com VITIMA;484;BR-381/MG;Norte;Engavetamento;2;3;1;;;;1
02/10/2020;19:54:00;478;2 - Acidente com VITIMA;628,5;BR-381/MG;Sul;Tombamento;1;0;1;;;;1
03/10/2020;02:32:00;44;2 - Acidente com VITIMA;895,8;BR-381/MG;Norte;Tombamento;1;0;1;;;;1
03/10/2020;03:03:00;49;2 - Acidente com VITIMA;693,3;BR-381/MG;Norte;Choque - Talude;1;1;1;1;;;2
03/10/2020;06:56:00;80;3 - Acidente com Danos Materiais;54,1;BR-381/SP;Norte;Choque - Defensa, barreira ou "submarino";1;1;;;;;1
03/10/2020;08:51:00;116;3 - Acidente com Danos Materiais;481;BR-381/MG;Sul;Colisão Lateral;1;2;;;;;1
03/10/2020;18:04:00;317;2 - Acidente com VITIMA;486,5;BR-381/MG;Sul;Colisão Lateral;1;1;5;;;;1