data;horario;n_da_ocorrencia;tipo_de_ocorrencia;km;trecho;sentido;tipo_de_acidente;caminhao;ilesos;levemente_feridos;moderadamente_feridos;gravemente_feridos;mortos;3
04/11/2020;16:13:00;315;3 - Acidente com Danos Materiais;689;BR-381/MG;Sul;Colisão Traseira;1;2;;;;;1
04/11/2020;18:26:00;355;2 - Acidente com VITIMA;491;BR-381/MG;Norte;Colisão Lateral;1;1;1;;;;1
04/11/2020;20:07:00;378;3 - Acidente com Danos Materiais;22,5;BR-381/SP;Sul;Colisão Traseira;1;3;;;;;1
05/11/2020;02:49:00;36;2 - Acidente com VITIMA;737,501;BR-381/MG;Sul;Tombamento;1;0;1;;;;1
05/11/2020;09:09:00;130;3 - Acidente com Danos Materiais;484,5;BR-381/MG;Norte;Colisão Lateral;1;2;;;;;1
05/11/2020;17:39:00;317;2 - Acidente com VITIMA;482;BR-381/MG;Sul;Colisão Lateral;1;1;1;;;;1
05/11/2020;19:48:00;366;2 - Acidente com VITIMA;508;BR-381/MG;Norte;Colisão Traseira;1;2;;1;;;2
06/11/2020;05:13:00;53;3 - Acidente com Danos Materiais;908;BR-381/MG;Sul;Colisão Traseira;2;2;;;;;1
06/11/2020;09:11:00;147;3 - Acidente com Danos Materiais;797,5;BR-381/MG;Norte;Colisão Traseira;1;2;;;;;1
06/11/2020;09:55:00;161;3 - Acidente com Danos Materiais;516,8;BR-381/MG;Norte;Choque - Elemento de Drenagem;1;2;;;;;1
06/11/2020;19:40:00;427;3 - Acidente com Danos Materiais;482;BR-381/MG;Norte;Colisão Traseira;1;2;;;;;1
07/11/2020;02:10:00;34;2 - Acidente com VITIMA;72;BR-381/SP;Norte;Colisão Traseira;1;1;1;;;;1
07/11/2020;03:15:00;42;3 - Acidente com Danos Materiais;78;BR-381/SP;Sul;Colisão Traseira;2;2;;;;;1
07/11/2020;05:46:00;64;3 - Acidente com Danos Materiais;719,1;BR-381/MG;Sul;Tombamento;1;1;;;;;1
07/11/2020;06:34:00;75;3 - Acidente com Danos Materiais;807;BR-381/MG;Norte;Colisão Traseira;1;2;;;;;1
07/11/2020;20:23:00;349;3 - Acidente com Danos Materiais;501;BR-381/MG;Norte;Colisão Traseira;1;2;;;;;1
08/11/2020;18:22:00;306;3 - Acidente com Danos Materiais;815;BR-381/MG;Norte;Choque - Elemento de Drenagem;1;2;;;;;1
08/11/2020;22:59:00;400;3 - Acidente com Danos Materiais;719;BR-381/MG;Norte;Colisão Lateral;1;2;;;;;1
09/11/2020;09:00:00;138;2 - Acidente com VITIMA;89,7;BR-381/SP;Sul;Colisão Traseira;1;1;;1;;;2
09/11/2020;16:24:00;300;2 - Acidente com VITIMA;745,8;BR-381/MG;Sul;Engavetamento;3;3;1;;;;1
09/11/2020;19:31:00;362;2 - Acidente com VITIMA;934,699;BR-381/MG;Norte;Colisão Traseira;2;1;2;1;;;2
09/11/2020;23:11:00;410;3 - Acidente com Danos Materiais;941;BR-381/MG;Norte;Choque - Talude;1;1;;;;;1
09/11/2020;23:30:00;412;3 - Acidente com Danos Materiais;5;BR-381/SP;Norte;Colisão Traseira;1;2;;;;;1
10/11/2020;02:36:00;33;3 - Acidente com Danos Materiais;624,5;BR-381/MG;Sul;Choque - Elemento de Drenagem;1;1;;;;;1
10/11/2020;02:43:00;35;2 - Acidente com VITIMA;830;BR-381/MG;Norte;Colisão Traseira;2;1;1;;;;1
10/11/2020;03:52:00;44;3 - Acidente com Danos Materiais;0,2;BR-381/MG-CONT;Norte;Colisão Traseira;2;2;;;;;1
10/11/2020;06:03:00;64;2 - Acidente com VITIMA;714;BR-381/MG;Sul;Choque - Talude;1;0;1;;;;1
10/11/2020;10:36:00;191;3 - Acidente com Danos Materiais;491;BR-381/MG;Sul;Colisão Lateral;1;2;;;;;1
10/11/2020;15:53:00;296;3 - Acidente com Danos Materiais;60,7;BR-381/SP;Norte;Choque - Defensa, barreira ou "submarino";1;1;;;;;1
10/11/2020;18:19:00;353;3 - Acidente com Danos Materiais;75,5;BR-381/SP;Sul;Choque - Defensa, barreira ou "submarino";1;1;;;;;1
10/11/2020;20:02:00;390;3 - Acidente com Danos Materiais;506;BR-381/MG;Sul;Engavetamento;2;4;;;;;1
11/11/2020;07:04:00;86;3 - Acidente com Danos Materiais;668;BR-381/MG;Sul;Tombamento;1;1;;;;;1
11/11/2020;07:39:00;98;2 - Acidente com VITIMA;695,1;BR-381/MG;Norte;Colisão Traseira;2;2;1;;;;1
11/11/2020;13:11:00;242;2 - Acidente com VITIMA;479;BR-381/MG;Sul;Colisão Lateral;1;1;1;;;;1
11/11/2020;15:06:00;285;2 - Acidente com VITIMA;61,1;BR-381/SP;Sul;Tombamento;1;0;;1;;;2
11/11/2020;16:11:00;316;2 - Acidente com VITIMA;889;BR-381/MG;Sul;Tombamento;1;2;1;;;;1
11/11/2020;16:23:00;320;3 - Acidente com Danos Materiais;526,7;BR-381/MG;Norte;Choque - Defensa, barreira ou "submarino";1;1;;;;;1
11/11/2020;23:31:00;452;3 - Acidente com Danos Materiais;553;BR-381/MG;Sul;Choque - Elemento de Drenagem;1;1;;;;;1
12/11/2020;05:54:00;61;3 - Acidente com Danos Materiais;598,7;BR-381/MG;Sul;Colisão Traseira;2;2;;;;;1
12/11/2020;06:33:00;72;3 - Acidente com Danos Materiais;509;BR-381/MG;Norte;Colisão Traseira;1;2;;;;;1
12/11/2020;08:49:00;144;2 - Acidente com VITIMA;60,4;BR-381/SP;Sul;Tombamento;1;0;1;;;;1
12/11/2020;10:43:00;204;3 - Acidente com Danos Materiais;808,7;BR-381/MG;Norte;Colisão Traseira;2;2;;;;;1
12/11/2020;10:58:00;209;2 - Acidente com VITIMA;552,8;BR-381/MG;Sul;Choque - Talude;1;0;1;;;;1
12/11/2020;12:01:00;228;3 - Acidente com Danos Materiais;0,3;BR-381/MG-CONT;Sul;Choque - Defensa, barreira ou "submarino";1;1;;;;;1
12/11/2020;12:40:00;237;3 - Acidente com Danos Materiais;931,5;BR-381/MG;Norte;Choque - Defensa, barreira ou "submarino";1;1;;;;;1
12/11/2020;12:59:00;244;2 - Acidente com VITIMA;872,9;BR-381/MG;Sul;Engavetamento;2;2;4;;1;;2
12/11/2020;15:46:00;293;3 - Acidente com Danos Materiais;683,6;BR-381/MG;Sul;Choque - Defensa, barreira ou "submarino";1;1;;;;;1
12/11/2020;16:38:00;305;2 - Acidente com VITIMA;842;BR-381/MG;Norte;Choque - Elemento de Drenagem;1;0;;1;;;2
13/11/2020;04:51:00;46;2 - Acidente com VITIMA;512;BR-381/MG;Norte;Atropelamento - Usuário;1;0;;1;;;2
13/11/2020;07:12:00;87;2 - Acidente com VITIMA;485,8;BR-381/MG;Norte;Colisão Traseira;1;1;;1;;;2
13/11/2020;09:12:00;166;2 - Acidente com VITIMA;478,4;BR-381/MG;Sul;Colisão Traseira;1;1;;1;;;2
13/11/2020;10:41:00;214;2 - Acidente com VITIMA;486;BR-381/MG;Sul;Colisão Lateral;1;2;1;;;;1
13/11/2020;16:46:00;342;3 - Acidente com Danos Materiais;480;BR-381/MG;Sul;Colisão Lateral;1;2;;;;;1
13/11/2020;17:16:00;358;3 - Acidente com Danos Materiais;939;BR-381/MG;Sul;Choque - Defensa, barreira ou "submarino";1;1;;;;;1
13/11/2020;17:37:00;369;3 - Acidente com Danos Materiais;938,9;BR-381/MG;Sul;Choque - Defensa, barreira ou "submarino";1;1;;;;;1
13/11/2020;20:35:00;432;3 - Acidente com Danos Materiais;908;BR-381/MG;Norte;Choque - Talude;1;1;;;;;1
13/11/2020;21:05:00;443;3 - Acidente com Danos Materiais;489;BR-381/MG;Norte;Colisão Traseira;2;2;;;;;1
13/11/2020;22:24:00;465;3 - Acidente com Danos Materiais;922;BR-381/MG;Norte;Colisão Lateral;1;2;;;;;1
14/11/2020;00:29:00;21;3 - Acidente com Danos Materiais;722,4;BR-381/MG;Norte;Colisão Lateral;1;2;;;;;1
14/11/2020;05:24:00;71;3 - Acidente com Danos Materiais;533,5;BR-381/MG;Norte;Colisão Traseira;1;2;;;;;1
14/11/2020;05:36:00;74;3 - Acidente com Danos Materiais;753;BR-381/MG;Norte;Colisão Traseira;1;2;;;;;1
14/11/2020;08:21:00;132;3 - Acidente com Danos Materiais;485,5;BR-381/MG;Sul;Engavetamento;1;3;;;;;1
14/11/2020;14:28:00;242;3 - Acidente com Danos Materiais;508;BR-381/MG;Norte;Engavetamento;1;3;;;;;1
14/11/2020;15:55:00;277;3 - Acidente com Danos Materiais;831,4;BR-381/MG;Sul;Tombamento;1;1;;;;;1
15/11/2020;06:56:00;55;3 - Acidente com Danos Materiais;898;BR-381/MG;Sul;Choque - Defensa, barreira ou "submarino";1;1;;;;;1
15/11/2020;08:27:00;77;3 - Acidente com Danos Materiais;540;BR-381/MG;Norte;Colisão Traseira;1;2;;;;;1
15/11/2020;16:28:00;223;3 - Acidente com Danos Materiais;537;BR-381/MG;Sul;Colisão Lateral;1;2;;;;;1
15/11/2020;20:22:00;310;3 - Acidente com Danos Materiais;525;BR-381/MG;Sul;Choque - Defensa, barreira ou "submarino";1;1;;;;;1
16/11/2020;03:09:00;44;2 - Acidente com VITIMA;838,2;BR-381/MG;Norte;Choque - Defensa, barreira ou "submarino";1;0;2;;;;1
16/11/2020;08:39:00;115;2 - Acidente com VITIMA;486;BR-381/MG;Sul;Colisão Traseira;1;1;1;;;;1
16/11/2020;11:35:00;183;3 - Acidente com Danos Materiais;846,5;BR-381/MG;Sul;Colisão Traseira;1;2;;;;;1
16/11/2020;11:40:00;185;2 - Acidente com VITIMA;946;BR-381/MG;Sul;Engavetamento;2;9;2;;;;1
16/11/2020;14:12:00;239;3 - Acidente com Danos Materiais;7,57;BR-381/SP;Norte;Colisão Traseira;1;2;;;;;1
16/11/2020;20:02:00;382;3 - Acidente com Danos Materiais;646;BR-381/MG;Sul;Colisão Lateral;1;3;;;;;1
16/11/2020;22:59:00;424;3 - Acidente com Danos Materiais;524;BR-381/MG;Sul;Choque - Defensa, barreira ou "submarino";1;1;;;;;1
16/11/2020;23:11:00;427;3 - Acidente com Danos Materiais;908,4;BR-381/MG;Sul;Choque - Defensa, barreira ou "submarino";1;1;;;;;1
17/11/2020;05:23:00;52;2 - Acidente com VITIMA;648;BR-381/MG;Norte;Tombamento;1;0;1;;;;1
17/11/2020;05:57:00;57;3 - Acidente com Danos Materiais;763,8;BR-381/MG;Norte;Tombamento;1;1;;;;;1
17/11/2020;09:26:00;146;3 - Acidente com Danos Materiais;777,8;BR-381/MG;Norte;Colisão Traseira;2;2;;;;;1
17/11/2020;09:35:00;151;2 - Acidente com VITIMA;763,9;BR-381/MG;Sul;Colisão Lateral;2;1;1;;;;1
17/11/2020;11:40:00;193;3 - Acidente com Danos Materiais;761,8;BR-381/MG;Norte;Tombamento;1;1;;;;;1
17/11/2020;13:03:00;221;3 - Acidente com Danos Materiais;545;BR-381/MG;Norte;Engavetamento;1;3;;;;;1
17/11/2020;14:25:00;248;3 - Acidente com Danos Materiais;920;BR-381/MG;Sul;Choque - Defensa, barreira ou "submarino";1;1;;;;;1
17/11/2020;14:33:00;254;3 - Acidente com Danos Materiais;725,4;BR-381/MG;Norte;Tombamento;1;1;;;;;1
17/11/2020;15:59:00;291;3 - Acidente com Danos Materiais;761;BR-381/MG;Sul;Tombamento;2;3;;;;;1
17/11/2020;16:21:00;305;3 - Acidente com Danos Materiais;52;BR-381/SP;Norte;Engavetamento;1;3;;;;;1
17/11/2020;21:13:00;393;2 - Acidente com VITIMA;660;BR-381/MG;Norte;Colisão Traseira;2;1;;1;;;2
17/11/2020;22:02:00;407;3 - Acidente com Danos Materiais;921;BR-381/MG;Sul;Choque - Defensa, barreira ou "submarino";1;1;;;;;1
18/11/2020;09:30:00;136;3 - Acidente com Danos Materiais;735,5;BR-381/MG;Norte;Colisão Traseira;2;2;;;;;1
18/11/2020;10:19:00;166;3 - Acidente com Danos Materiais;775,7;BR-381/MG;Norte;Colisão Traseira;1;3;;;;;1
18/11/2020;18:12:00;360;3 - Acidente com Danos Materiais;876,5;BR-381/MG;Norte;Engavetamento;1;6;;;;;1
18/11/2020;19:10:00;382;3 - Acidente com Danos Materiais;792;BR-381/MG;Sul;Colisão Lateral;1;2;;;;;1
18/11/2020;23:50:00;454;2 - Acidente com VITIMA;654,5;BR-381/MG;Norte;Tombamento;1;0;1;;;;1
19/11/2020;05:40:00;55;3 - Acidente com Danos Materiais;78,8;BR-381/SP;Norte;Engavetamento;1;3;;;;;1
19/11/2020;08:48:00;128;3 - Acidente com Danos Materiais;769;BR-381/MG;Sul;Tombamento;1;1;;;;;1
19/11/2020;17:15:00;330;2 - Acidente com VITIMA;482,8;BR-381/MG;Sul;Colisão Lateral;1;2;1;;;;1
19/11/2020;20:25:00;402;3 - Acidente com Danos Materiais;916;BR-381/MG;Norte;Colisão Lateral;1;3;;;;;1
19/11/2020;21:25:00;426;3 - Acidente com Danos Materiais;497,7;BR-381/MG;Sul;Colisão Lateral;1;2;;;;;1
19/11/2020;21:46:00;431;2 - Acidente com VITIMA;830,7;BR-381/MG;Norte;Colisão Traseira;2;1;1;;;;1
19/11/2020;22:28:00;446;3 - Acidente com Danos Materiais;715,7;BR-381/MG;Sul;Choque - Defensa, barreira ou "submarino";1;2;;;;;1
20/11/2020;05:24:00;52;2 - Acidente com VITIMA;634,8;BR-381/MG;Sul;Tombamento;3;62;5;;1;;2
20/11/2020;08:19:00;113;3 - Acidente com Danos Materiais;82;BR-381/SP;Sul;Colisão Traseira;2;2;;;;;1
20/11/2020;14:02:00;245;3 - Acidente com Danos Materiais;497;BR-381/MG;Norte;Colisão Lateral;1;2;;;;;1
20/11/2020;20:50:00;421;2 - Acidente com VITIMA;812;BR-381/MG;Norte;Colisão Traseira;2;1;1;;;;1
20/11/2020;21:49:00;440;3 - Acidente com Danos Materiais;480,8;BR-381/MG;Norte;Engavetamento;2;3;;;;;1
21/11/2020;00:12:00;13;3 - Acidente com Danos Materiais;86;BR-381/SP;Norte;Colisão Traseira;1;2;;;;;1
21/11/2020;08:02:00;77;3 - Acidente com Danos Materiais;597;BR-381/MG;Norte;Colisão Traseira;1;2;;;;;1
21/11/2020;14:08:00;172;3 - Acidente com Danos Materiais;756,5;BR-381/MG;Sul;Colisão Traseira;2;4;;;;;1
21/11/2020;18:30:00;274;2 - Acidente com VITIMA;903,5;BR-381/MG;Norte;Choque - Defensa, barreira ou "submarino";1;0;1;;;;1
21/11/2020;19:35:00;301;3 - Acidente com Danos Materiais;481,3;BR-381/MG;Sul;Engavetamento;1;3;;;;;1
21/11/2020;23:33:00;353;3 - Acidente com Danos Materiais;906,5;BR-381/MG;Norte;Colisão Traseira;2;2;;;;;1
21/11/2020;23:53:00;355;3 - Acidente com Danos Materiais;41;BR-381/SP;Norte;Engavetamento;1;6;;;;;1
22/11/2020;07:39:00;70;3 - Acidente com Danos Materiais;497;BR-381/MG;Norte;Tombamento;1;1;;;;;1
22/11/2020;13:01:00;169;2 - Acidente com VITIMA;510;BR-381/MG;Sul;Colisão Traseira;1;2;1;;;;1
22/11/2020;19:10:00;319;3 - Acidente com Danos Materiais;580;BR-381/MG;Sul;Colisão Traseira;2;2;;;;;1
23/11/2020;16:11:00;283;3 - Acidente com Danos Materiais;802;BR-381/MG;Sul;Colisão Lateral;1;5;;;;;1
23/11/2020;16:45:00;291;3 - Acidente com Danos Materiais;601,5;BR-381/MG;Sul;Choque - Talude;1;1;;;;;1
23/11/2020;18:15:00;312;3 - Acidente com Danos Materiais;60,8;BR-381/SP;Norte;Colisão Traseira;1;2;;;;;1
23/11/2020;22:03:00;379;2 - Acidente com VITIMA;559;BR-381/MG;Sul;Colisão Traseira;2;1;1;;;;1
23/11/2020;23:50:00;398;3 - Acidente com Danos Materiais;626;BR-381/MG;Norte;Tombamento;1;1;;;;;1
24/11/2020;00:23:00;16;3 - Acidente com Danos Materiais;27;BR-381/SP;Sul;Tombamento;1;1;;;;;1
24/11/2020;01:45:00;28;3 - Acidente com Danos Materiais;727,3;BR-381/MG;Sul;Choque - Defensa, barreira ou "submarino";1;1;;;;;1
24/11/2020;03:27:00;43;3 - Acidente com Danos Materiais;528,5;BR-381/MG;Norte;Choque - Defensa, barreira ou "submarino";1;1;;;;;1
24/11/2020;10:43:00;181;3 - Acidente com Danos Materiais;604,5;BR-381/MG;Sul;Engavetamento;2;3;;;;;1
24/11/2020;11:09:00;191;2 - Acidente com VITIMA;500,2;BR-381/MG;Norte;Colisão Lateral;1;1;;2;;;2
24/11/2020;12:21:00;214;3 - Acidente com Danos Materiais;644;BR-381/MG;Norte;Choque - Talude;1;1;;;;;1
24/11/2020;14:49:00;262;3 - Acidente com Danos Materiais;946,5;BR-381/MG;Norte;Colisão Lateral;1;2;;;;;1
24/11/2020;15:55:00;286;3 - Acidente com Danos Materiais;524,7;BR-381/MG;Sul;Engavetamento;3;3;;;;;1
24/11/2020;16:23:00;298;3 - Acidente com Danos Materiais;626;BR-381/MG;Norte;Colisão Lateral;1;2;;;;;1
24/11/2020;17:50:00;337;2 - Acidente com VITIMA;947;BR-381/MG;Norte;Colisão Lateral;1;5;1;;;;1
24/11/2020;19:07:00;372;3 - Acidente com Danos Materiais;524,7;BR-381/MG;Sul;Colisão Traseira;1;3;;;;;1
24/11/2020;20:26:00;399;2 - Acidente com VITIMA;567;BR-381/MG;Sul;Tombamento;1;0;1;;;;1
24/11/2020;22:46:00;435;3 - Acidente com Danos Materiais;563;BR-381/MG;Sul;Engavetamento;3;3;;;;;1
25/11/2020;00:35:00;13;3 - Acidente com Danos Materiais;753,5;BR-381/MG;Sul;Choque - Defensa, barreira ou "submarino";1;1;;;;;1
25/11/2020;05:59:00;50;3 - Acidente com Danos Materiais;848,8;BR-381/MG;Norte;Tombamento;1;1;;;;;1
25/11/2020;10:12:00;157;3 - Acidente com Danos Materiais;945,6;BR-381/MG;Sul;Colisão Traseira;2;2;;;;;1
25/11/2020;11:25:00;185;3 - Acidente com Danos Materiais;946,9;BR-381/MG;Norte;Engavetamento;3;3;;;;;1
25/11/2020;11:45:00;189;2 - Acidente com VITIMA;576,9;BR-381/MG;Norte;Colisão Traseira;2;1;1;;;;1
25/11/2020;14:38:00;227;3 - Acidente com Danos Materiais;42;BR-381/SP;Sul;Colisão Lateral;1;2;;;;;1
25/11/2020;14:46:00;231;3 - Acidente com Danos Materiais;485;BR-381/MG;Sul;Colisão Traseira;1;2;;;;;1
25/11/2020;17:22:00;312;3 - Acidente com Danos Materiais;651,9;BR-381/MG;Norte;Colisão Lateral;1;4;;;;;1
25/11/2020;17:49:00;320;1 - Acidente com Vitima Fatal;777,1;BR-381/MG;Sul;Colisão Traseira;2;2;;;;1;3
25/11/2020;21:31:00;391;3 - Acidente com Danos Materiais;853;BR-381/MG;Sul;Colisão Traseira;2;2;;;;;1
26/11/2020;00:44:00;14;2 - Acidente com VITIMA;675,3;BR-381/MG;Norte;Colisão Traseira;2;1;1;;;;1
26/11/2020;02:36:00;22;3 - Acidente com Danos Materiais;63;BR-381/SP;Sul;Colisão Traseira;1;2;;;;;1
26/11/2020;13:08:00;227;2 - Acidente com VITIMA;838,9;BR-381/MG;Sul;Engavetamento;5;4;2;;2;;2
26/11/2020;15:16:00;269;3 - Acidente com Danos Materiais;488;BR-381/MG;Sul;Engavetamento;1;4;;;;;1
26/11/2020;16:58:00;314;3 - Acidente com Danos Materiais;69,5;BR-381/SP;Sul;Choque - Defensa, barreira ou "submarino";1;1;;;;;1
26/11/2020;18:52:00;364;3 - Acidente com Danos Materiais;68;BR-381/SP;Sul;Choque - Poste;1;1;;;;;1
26/11/2020;21:57:00;426;2 - Acidente com VITIMA;930,5;BR-381/MG;Norte;Colisão Traseira;2;2;;1;;;2
27/11/2020;15:32:00;277;3 - Acidente com Danos Materiais;647,2;BR-381/MG;Norte;Colisão Traseira;2;3;;;;;1
27/11/2020;20:12:00;391;2 - Acidente com VITIMA;942,3;BR-381/MG;Sul;Tombamento;1;0;1;;;;1
27/11/2020;23:47:00;451;3 - Acidente com Danos Materiais;881;BR-381/MG;Norte;Colisão Traseira;2;2;;;;;1
28/11/2020;04:41:00;58;3 - Acidente com Danos Materiais;518;BR-381/MG;Norte;Choque - Defensa, barreira ou "submarino";1;1;;;;;1
28/11/2020;06:09:00;69;3 - Acidente com Danos Materiais;79,1;BR-381/SP;Sul;Tombamento;2;2;;;;;1
28/11/2020;06:34:00;74;3 - Acidente com Danos Materiais;855;BR-381/MG;Norte;Colisão Lateral;1;2;;;;;1
28/11/2020;15:40:00;265;2 - Acidente com VITIMA;49;BR-381/SP;Norte;Colisão Lateral;1;5;1;;;;1
28/11/2020;21:01:00;363;3 - Acidente com Danos Materiais;748;BR-381/MG;Sul;Choque - Defensa, barreira ou "submarino";1;1;;;;;1
29/11/2020;00:15:00;13;2 - Acidente com VITIMA;481,8;BR-381/MG;Sul;Colisão Lateral;1;1;1;;;;1
29/11/2020;12:02:00;170;3 - Acidente com Danos Materiais;7,5;BR-381/SP;Norte;Colisão Traseira;1;2;;;;;1
29/11/2020;12:36:00;183;2 - Acidente com VITIMA;870,1;BR-381/MG;Norte;Colisão Traseira;1;1;1;;;;1
29/11/2020;12:53:00;189;2 - Acidente com VITIMA;537,5;BR-381/MG;Sul;Engavetamento;3;1;1;1;;;2
29/11/2020;16:36:00;269;3 - Acidente com Danos Materiais;735,5;BR-381/MG;Norte;Choque - Defensa, barreira ou "submarino";1;1;;;;;1
29/11/2020;20:15:00;343;2 - Acidente com VITIMA;479;BR-381/MG;Norte;Engavetamento;1;2;1;;;;1
30/11/2020;04:06:00;33;2 - Acidente com VITIMA;526,8;BR-381/MG;Sul;Tombamento;1;0;1;;;;1
30/11/2020;07:10:00;57;2 - Acidente com VITIMA;482;BR-381/MG;Sul;Colisão Lateral;1;2;1;;;;1
30/11/2020;07:13:00;60;2 - Acidente com VITIMA;551;BR-381/MG;Norte;Tombamento;1;0;2;;;;1
30/11/2020;16:02:00;264;3 - Acidente com Danos Materiais;69,2;BR-381/SP;Sul;Colisão Lateral;1;2;;;;;1
30/11/2020;16:38:00;277;3 - Acidente com Danos Materiais;526,5;BR-381/MG;Sul;Choque - Elemento de Drenagem;1;1;;;;;1
30/11/2020;16:43:00;280;3 - Acidente com Danos Materiais;50;BR-381/SP;Norte;Choque - Defensa, barreira ou "submarino";1;1;;;;;1
30/11/2020;16:52:00;284;3 - Acidente com Danos Materiais;7,5;BR-381/SP;Norte;Choque - Suporte de Sinalização;1;1;;;;;1
30/11/2020;17:26:00;297;3 - Acidente com Danos Materiais;86,1;BR-381/SP;Sul;Colisão Traseira;1;2;;;;;1
30/11/2020;17:40:00;302;2 - Acidente com VITIMA;508;BR-381/MG;Sul;Colisão Traseira;1;1;;;1;;2
01/12/2020;05:22:00;34;3 - Acidente com Danos Materiais;597,6;BR-381/MG;Norte;Colisão Traseira;2;2;;;;;1
01/12/2020;07:38:00;78;2 - Acidente com VITIMA;925,3;BR-381/MG;Norte;Tombamento;1;0;1;;;;1
01/12/2020;09:11:00;113;3 - Acidente com Danos Materiais;64;BR-381/SP;Sul;Engavetamento;2;4;;;;;1
01/12/2020;11:06:00;160;3 - Acidente com Danos Materiais;527,5;BR-381/MG;Norte;Colisão Traseira;1;2;;;;;1
01/12/2020;12:49:00;190;3 - Acidente com Danos Materiais;923,4;BR-381/MG;Norte;Colisão Lateral;1;2;;;;;1
01/12/2020;14:31:00;229;2 - Acidente com VITIMA;525;BR-381/MG;Sul;Capotamento;1;0;1;1;;;2
02/12/2020;00:43:00;19;2 - Acidente com VITIMA;817,3;BR-381/MG;Sul;Colisão Traseira;2;1;1;;;;1
02/12/2020;02:40:00;38;3 - Acidente com Danos Materiais;744;BR-381/MG;Norte;Choque - Defensa, barreira ou "submarino";1;1;;;;;1
02/12/2020;02:56:00;39;2 - Acidente com VITIMA;760;BR-381/MG;Norte;Choque - Talude;1;3;1;;;;1
02/12/2020;08:29:00;131;2 - Acidente com VITIMA;35,3;BR-381/SP;Sul;Engavetamento;3;8;;1;;;2
02/12/2020;16:16:00;288;3 - Acidente com Danos Materiais;525;BR-381/MG;Sul;Choque - Defensa, barreira ou "submarino";1;1;;;;;1
02/12/2020;19:48:00;371;3 - Acidente com Danos Materiais;27;BR-381/SP;Norte;Colisão Traseira;1;3;;;;;1
02/12/2020;21:22:00;395;3 - Acidente com Danos Materiais;736;BR-381/MG;Sul;Choque - Veiculo parado no acostamento;2;2;;;;;1
02/12/2020;23:06:00;417;3 - Acidente com Danos Materiais;863,5;BR-381/MG;Norte;Colisão Traseira;1;2;;;;;1
03/12/2020;02:36:00;29;3 - Acidente com Danos Materiais;680;BR-381/MG;Norte;Colisão Traseira;1;2;;;;;1
03/12/2020;02:44:00;30;3 - Acidente com Danos Materiais;16;BR-381/SP;Sul;Choque - Defensa, barreira ou "submarino";1;1;;;;;1
03/12/2020;06:05:00;51;3 - Acidente com Danos Materiais;14;BR-381/SP;Sul;Colisão Traseira;1;2;;;;;1
03/12/2020;07:57:00;95;3 - Acidente com Danos Materiais;771,8;BR-381/MG;Norte;Choque - Defensa, barreira ou "submarino";1;1;;;;;1
03/12/2020;11:05:00;184;3 - Acidente com Danos Materiais;66,6;BR-381/SP;Sul;Choque - Veiculo parado na pista;1;2;;;;;1
03/12/2020;14:37:00;259;3 - Acidente com Danos Materiais;580;BR-381/MG;Sul;Tombamento;1;1;;;;;1
03/12/2020;14:44:00;264;2 - Acidente com VITIMA;727;BR-381/MG;Sul;Tombamento;1;1;1;;;;1
03/12/2020;15:02:00;274;3 - Acidente com Danos Materiais;12,6;BR-381/SP;Sul;Choque - Defensa, barreira ou "submarino";1;2;;;;;1
03/12/2020;17:30:00;330;2 - Acidente com VITIMA;903;BR-381/MG;Norte;Choque - Talude;1;0;1;;;;1
03/12/2020;17:41:00;336;3 - Acidente com Danos Materiais;526;BR-381/MG;Sul;Choque - Defensa, barreira ou "submarino";1;1;;;;;1
03/12/2020;21:04:00;389;2 - Acidente com VITIMA;905;BR-381/MG;Norte;Engavetamento;4;3;;1;;;2
04/12/2020;07:00:00;101;3 - Acidente com Danos Materiais;905;BR-381/MG;Sul;Choque - Defensa, barreira ou "submarino";1;1;;;;;1
04/12/2020;07:24:00;121;3 - Acidente com Danos Materiais;805,1;BR-381/MG;Sul;Colisão Traseira;1;2;;;;;1
04/12/2020;09:14:00;192;3 - Acidente com Danos Materiais;744;BR-381/MG;Norte;Choque - Defensa, barreira ou "submarino";1;1;;;;;1
04/12/2020;13:31:00;265;2 - Acidente com VITIMA;488;BR-381/MG;Norte;Engavetamento;1;4;1;;;;1