data;horario;n_da_ocorrencia;tipo_de_ocorrencia;km;trecho;sentido;tipo_de_acidente;caminhao;ilesos;levemente_feridos;moderadamente_feridos;gravemente_feridos;mortos;3
04/12/2020;16:00:00;320;3 - Acidente com Danos Materiais;75,5;BR-381/SP;Sul;Colisão Traseira;1;2;;;;;1
04/12/2020;16:16:00;327;2 - Acidente com VITIMA;791,8;BR-381/MG;Norte;Tombamento;1;1;1;;;;1
04/12/2020;18:22:00;383;3 - Acidente com Danos Materiais;926;BR-381/MG;Norte;Engavetamento;1;3;;;;;1
04/12/2020;21:46:00;449;3 - Acidente com Danos Materiais;760;BR-381/MG;Sul;Choque - Defensa, barreira ou "submarino";1;1;;;;;1
04/12/2020;22:28:00;466;3 - Acidente com Danos Materiais;533,4;BR-381/MG;Sul;Tombamento;1;1;;;;;1
05/12/2020;02:44:00;37;3 - Acidente com Danos Materiais;702,4;BR-381/MG;Norte;Colisão Traseira;2;2;;;;;1
05/12/2020;04:03:00;53;2 - Acidente com VITIMA;512,499;BR-381/MG;Norte;Colisão Traseira;1;1;;1;;;2
05/12/2020;05:21:00;67;3 - Acidente com Danos Materiais;672,95;BR-381/MG;Sul;Choque - Veiculo parado no acostamento;2;3;;;;;1
05/12/2020;10:22:00;168;3 - Acidente com Danos Materiais;805;BR-381/MG;Norte;Choque - Defensa, barreira ou "submarino";1;1;;;;;1
05/12/2020;11:33:00;189;2 - Acidente com VITIMA;653;BR-381/MG;Sul;Tombamento;1;0;1;;;;1
05/12/2020;13:22:00;218;2 - Acidente com VITIMA;926;BR-381/MG;Norte;Colisão Lateral;1;2;1;;;;1
05/12/2020;17:17:00;303;3 - Acidente com Danos Materiais;602,2;BR-381/MG;Norte;Choque - Defensa, barreira ou "submarino";1;1;;;;;1
05/12/2020;18:58:00;334;3 - Acidente com Danos Materiais;770;BR-381/MG;Sul;Choque - Elemento de Drenagem;1;1;;;;;1
05/12/2020;19:48:00;352;3 - Acidente com Danos Materiais;737,499;BR-381/MG;Sul;Choque - Defensa, barreira ou "submarino";1;1;;;;;1
05/12/2020;19:49:00;353;3 - Acidente com Danos Materiais;770,9;BR-381/MG;Sul;Choque - Elemento de Drenagem;1;2;;;;;1
05/12/2020;21:57:00;388;3 - Acidente com Danos Materiais;605;BR-381/MG;Sul;Tombamento;1;1;;;;;1
07/12/2020;05:23:00;51;2 - Acidente com VITIMA;633,5;BR-381/MG;Norte;Tombamento;1;0;1;;;;1
07/12/2020;09:05:00;140;3 - Acidente com Danos Materiais;501,4;BR-381/MG;Norte;Engavetamento;1;7;;;;;1
07/12/2020;14:07:00;251;3 - Acidente com Danos Materiais;937,3;BR-381/MG;Norte;Tombamento;1;1;;;;;1
07/12/2020;14:26:00;258;3 - Acidente com Danos Materiais;652,4;BR-381/MG;Sul;Choque - Elemento de Drenagem;1;2;;;;;1
07/12/2020;14:46:00;268;2 - Acidente com VITIMA;618;BR-381/MG;Sul;Choque - Defensa, barreira ou "submarino";1;1;1;;;;1
07/12/2020;14:49:00;271;2 - Acidente com VITIMA;531;BR-381/MG;Norte;Capotamento;1;1;1;;;;1
07/12/2020;15:11:00;285;1 - Acidente com Vitima Fatal;58,5;BR-381/SP;Norte;Atropelamento - Andarilho;1;1;;;;1;3
07/12/2020;15:38:00;294;3 - Acidente com Danos Materiais;812,2;BR-381/MG;Sul;Choque - Elemento de Drenagem;1;1;;;;;1
07/12/2020;19:31:00;389;3 - Acidente com Danos Materiais;767;BR-381/MG;Sul;Choque - Elemento de Drenagem;1;1;;;;;1
08/12/2020;08:01:00;125;2 - Acidente com VITIMA;810;BR-381/MG;Norte;Colisão Traseira;1;1;;1;;;2
08/12/2020;15:38:00;300;2 - Acidente com VITIMA;483,5;BR-381/MG;Sul;Colisão Traseira;1;1;;1;;;2
08/12/2020;15:55:00;310;3 - Acidente com Danos Materiais;546;BR-381/MG;Norte;Colisão Lateral;1;2;;;;;1
08/12/2020;19:37:00;389;3 - Acidente com Danos Materiais;850,2;BR-381/MG;Sul;Colisão Lateral;1;2;;;;;1
09/12/2020;00:02:00;17;3 - Acidente com Danos Materiais;786,5;BR-381/MG;Sul;Colisão Traseira;2;2;;;;;1
09/12/2020;01:05:00;25;3 - Acidente com Danos Materiais;556;BR-381/MG;Norte;Colisão Traseira;2;2;;;;;1
09/12/2020;09:11:00;141;3 - Acidente com Danos Materiais;942,1;BR-381/MG;Sul;Colisão Traseira;2;2;;;;;1
09/12/2020;11:20:00;184;3 - Acidente com Danos Materiais;944;BR-381/MG;Norte;Choque - Defensa, barreira ou "submarino";1;1;;;;;1
09/12/2020;13:09:00;226;3 - Acidente com Danos Materiais;526,7;BR-381/MG;Sul;Colisão Lateral;2;2;;;;;1
09/12/2020;15:15:00;263;3 - Acidente com Danos Materiais;28;BR-381/SP;Norte;Choque - Talude;1;2;;;;;1
10/12/2020;07:11:00;67;3 - Acidente com Danos Materiais;615,3;BR-381/MG;Sul;Colisão Lateral;2;2;;;;;1
10/12/2020;10:53:00;197;3 - Acidente com Danos Materiais;510;BR-381/MG;Sul;Choque - Defensa, barreira ou "submarino";1;1;;;;;1
10/12/2020;11:26:00;208;3 - Acidente com Danos Materiais;22,3;BR-381/SP;Norte;Colisão Traseira;1;2;;;;;1
10/12/2020;19:13:00;392;3 - Acidente com Danos Materiais;732,8;BR-381/MG;Norte;Colisão Lateral;1;2;;;;;1
10/12/2020;21:20:00;437;3 - Acidente com Danos Materiais;793,9;BR-381/MG;Sul;Choque - Elemento de Drenagem;1;1;;;;;1
11/12/2020;01:51:00;26;3 - Acidente com Danos Materiais;896;BR-381/MG;Norte;Atropelamento de Animal;1;2;;;;;1
11/12/2020;02:30:00;34;3 - Acidente com Danos Materiais;640,8;BR-381/MG;Norte;Tombamento;1;1;;;;;1
11/12/2020;09:04:00;156;3 - Acidente com Danos Materiais;844;BR-381/MG;Norte;Colisão Traseira;1;2;;;;;1
11/12/2020;10:07:00;185;3 - Acidente com Danos Materiais;931,4;BR-381/MG;Sul;Colisão Traseira;2;2;;;;;1
11/12/2020;10:52:00;200;3 - Acidente com Danos Materiais;940,5;BR-381/MG;Sul;Colisão Lateral;2;2;;;;;1
11/12/2020;12:37:00;241;3 - Acidente com Danos Materiais;84;BR-381/SP;Sul;Choque - Defensa, barreira ou "submarino";1;1;;;;;1
11/12/2020;12:39:00;243;2 - Acidente com VITIMA;2;BR-381/SP;Sul;Colisão Frontal;1;2;1;;;;1
11/12/2020;14:25:00;274;3 - Acidente com Danos Materiais;873,8;BR-381/MG;Sul;Tombamento;1;2;;;;;1
11/12/2020;14:28:00;277;2 - Acidente com VITIMA;640,8;BR-381/MG;Norte;Engavetamento;2;5;1;;;;1
11/12/2020;14:43:00;281;3 - Acidente com Danos Materiais;480;BR-381/MG;Norte;Colisão Traseira;1;2;;;;;1
11/12/2020;14:56:00;286;2 - Acidente com VITIMA;700,7;BR-381/MG;Sul;Tombamento;1;0;1;;;;1
11/12/2020;16:17:00;323;3 - Acidente com Danos Materiais;872,5;BR-381/MG;Sul;Choque - Elemento de Drenagem;1;1;;;;;1
11/12/2020;20:34:00;441;3 - Acidente com Danos Materiais;484,8;BR-381/MG;Sul;Engavetamento;1;3;;;;;1
11/12/2020;20:35:00;443;3 - Acidente com Danos Materiais;43;BR-381/SP;Sul;Engavetamento;1;3;;;;;1
11/12/2020;21:36:00;463;3 - Acidente com Danos Materiais;485;BR-381/MG;Sul;Colisão Lateral;1;2;;;;;1
12/12/2020;03:24:00;57;3 - Acidente com Danos Materiais;873;BR-381/MG;Norte;Choque - Talude;1;1;;;;;1
12/12/2020;09:48:00;163;3 - Acidente com Danos Materiais;597,6;BR-381/MG;Norte;Choque - Defensa, barreira ou "submarino";1;1;;;;;1
12/12/2020;12:18:00;212;3 - Acidente com Danos Materiais;597,6;BR-381/MG;Norte;Choque - Cancela de Pedagio;1;1;;;;;1
12/12/2020;14:23:00;251;3 - Acidente com Danos Materiais;539;BR-381/MG;Norte;Colisão Traseira;2;2;;;;;1
12/12/2020;17:24:00;325;3 - Acidente com Danos Materiais;760,4;BR-381/MG;Norte;Tombamento;1;1;;;;;1
12/12/2020;23:24:00;422;2 - Acidente com VITIMA;854;BR-381/MG;Norte;Colisão Traseira;2;2;1;;;;1
13/12/2020;08:44:00;111;2 - Acidente com VITIMA;798;BR-381/MG;Norte;Choque - Defensa, barreira ou "submarino";1;0;1;;;;1
13/12/2020;14:56:00;230;2 - Acidente com VITIMA;762;BR-381/MG;Norte;Capotamento;1;2;1;;;;1
13/12/2020;16:45:00;284;3 - Acidente com Danos Materiais;69,7;BR-381/SP;Sul;Choque - Defensa, barreira ou "submarino";1;1;;;;;1
13/12/2020;17:14:00;294;3 - Acidente com Danos Materiais;881;BR-381/MG;Norte;Choque - Poste;1;1;;;;;1
13/12/2020;17:28:00;307;3 - Acidente com Danos Materiais;66;BR-381/SP;Sul;Colisão Lateral;1;2;;;;;1
13/12/2020;23:47:00;429;3 - Acidente com Danos Materiais;789,1;BR-381/MG;Norte;Colisão Lateral;2;2;;;;;1
14/12/2020;18:32:00;361;3 - Acidente com Danos Materiais;483,6;BR-381/MG;Sul;Engavetamento;1;3;;;;;1
14/12/2020;20:38:00;407;2 - Acidente com VITIMA;680,8;BR-381/MG;Sul;Colisão Traseira;3;2;1;;;;1
15/12/2020;04:38:00;56;3 - Acidente com Danos Materiais;642,5;BR-381/MG;Sul;Colisão Traseira;2;2;;;;;1
15/12/2020;05:45:00;68;3 - Acidente com Danos Materiais;826;BR-381/MG;Norte;Colisão Traseira;1;2;;;;;1
15/12/2020;09:53:00;175;3 - Acidente com Danos Materiais;506;BR-381/MG;Sul;Engavetamento;2;4;;;;;1
15/12/2020;11:09:00;206;2 - Acidente com VITIMA;720;BR-381/MG;Norte;Tombamento;1;0;1;;;;1
15/12/2020;12:55:00;233;2 - Acidente com VITIMA;675;BR-381/MG;Sul;Atropelamento - Morador;1;1;;;1;;2
15/12/2020;13:25:00;242;3 - Acidente com Danos Materiais;73,4;BR-381/SP;Norte;Tombamento;1;1;;;;;1
15/12/2020;13:38:00;247;3 - Acidente com Danos Materiais;937,5;BR-381/MG;Sul;Tombamento;1;1;;;;;1
15/12/2020;14:09:00;258;3 - Acidente com Danos Materiais;933;BR-381/MG;Norte;Choque - Elemento de Drenagem;1;1;;;;;1
16/12/2020;02:04:00;38;3 - Acidente com Danos Materiais;58,5;BR-381/SP;Sul;Colisão Traseira;2;2;;;;;1
16/12/2020;03:51:00;42;3 - Acidente com Danos Materiais;626;BR-381/MG;Sul;Choque - Defensa, barreira ou "submarino";1;1;;;;;1
16/12/2020;08:25:00;120;3 - Acidente com Danos Materiais;900,88;BR-381/MG;Sul;Colisão Traseira;2;2;;;;;1
16/12/2020;12:28:00;239;3 - Acidente com Danos Materiais;839,8;BR-381/MG;Sul;Choque - Elemento de Drenagem;1;1;;;;;1
16/12/2020;13:44:00;260;3 - Acidente com Danos Materiais;844,5;BR-381/MG;Norte;Colisão Traseira;2;2;;;;;1
16/12/2020;16:42:00;328;2 - Acidente com VITIMA;490;BR-381/MG;Sul;Colisão Traseira;1;1;1;;;;1
16/12/2020;16:52:00;331;2 - Acidente com VITIMA;728;BR-381/MG;Sul;Tombamento;1;0;1;;;;1
16/12/2020;17:15:00;345;2 - Acidente com VITIMA;857;BR-381/MG;Sul;Capotamento;1;0;2;;;;1
16/12/2020;22:42:00;456;2 - Acidente com VITIMA;601;BR-381/MG;Sul;Colisão Traseira;2;2;1;;;;1
17/12/2020;02:27:00;24;3 - Acidente com Danos Materiais;884;BR-381/MG;Norte;Choque - Defensa, barreira ou "submarino";1;1;;;;;1
17/12/2020;02:36:00;27;2 - Acidente com VITIMA;740;BR-381/MG;Norte;Tombamento;1;0;1;;;;1
17/12/2020;05:53:00;59;3 - Acidente com Danos Materiais;597,3;BR-381/MG;Sul;Colisão Traseira;2;2;;;;;1
17/12/2020;07:29:00;93;2 - Acidente com VITIMA;583,8;BR-381/MG;Sul;Choque - Defensa, barreira ou "submarino";1;0;1;;;;1
17/12/2020;09:34:00;156;3 - Acidente com Danos Materiais;722;BR-381/MG;Norte;Tombamento;1;1;;;;;1
17/12/2020;10:39:00;179;3 - Acidente com Danos Materiais;564,5;BR-381/MG;Norte;Colisão Traseira;2;2;;;;;1
17/12/2020;13:48:00;240;2 - Acidente com VITIMA;887;BR-381/MG;Sul;Colisão Traseira;2;1;;1;;;2
17/12/2020;18:23:00;355;3 - Acidente com Danos Materiais;939;BR-381/MG;Norte;Choque - Elemento de Drenagem;1;1;;;;;1
18/12/2020;06:48:00;99;3 - Acidente com Danos Materiais;732;BR-381/MG;Norte;Engavetamento;2;3;;;;;1
18/12/2020;08:44:00;161;3 - Acidente com Danos Materiais;4;BR-381/SP;Sul;Colisão Lateral;1;2;;;;;1
18/12/2020;10:39:00;231;2 - Acidente com VITIMA;481;BR-381/MG;Sul;Engavetamento;2;2;;1;;;2
18/12/2020;17:46:00;421;3 - Acidente com Danos Materiais;478,3;BR-381/MG;Norte;Colisão Traseira;1;2;;;;;1
18/12/2020;19:20:00;470;3 - Acidente com Danos Materiais;1;BR-381/MG-CONT;Sul;Colisão Traseira;1;2;;;;;1
19/12/2020;03:43:00;69;3 - Acidente com Danos Materiais;685;BR-381/MG;Sul;Colisão Traseira;1;2;;;;;1
19/12/2020;03:49:00;71;3 - Acidente com Danos Materiais;845;BR-381/MG;Norte;Colisão Lateral;1;2;;;;;1
19/12/2020;13:03:00;284;3 - Acidente com Danos Materiais;598;BR-381/MG;Norte;Engavetamento;1;3;;;;;1
19/12/2020;13:16:00;288;2 - Acidente com VITIMA;490;BR-381/MG;Sul;Engavetamento;1;2;2;;;;1
19/12/2020;14:28:00;323;2 - Acidente com VITIMA;585;BR-381/MG;Norte;Tombamento;1;0;;1;;;2
19/12/2020;17:33:00;429;3 - Acidente com Danos Materiais;6,5;BR-381/SP;Sul;Choque - Defensa, barreira ou "submarino";1;1;;;;;1
19/12/2020;20:19:00;503;3 - Acidente com Danos Materiais;89,6;BR-381/SP;Sul;Engavetamento;1;3;;;;;1
19/12/2020;23:56:00;576;3 - Acidente com Danos Materiais;937,001;BR-381/MG;Sul;Choque - Defensa, barreira ou "submarino";1;1;;;;;1
20/12/2020;02:04:00;34;1 - Acidente com Vitima Fatal;764;BR-381/MG;Sul;Engavetamento;2;2;;;1;1;3
20/12/2020;07:42:00;105;3 - Acidente com Danos Materiais;849;BR-381/MG;Norte;Tombamento;1;2;;;;;1
20/12/2020;12:07:00;205;3 - Acidente com Danos Materiais;857;BR-381/MG;Norte;Engavetamento;1;4;;;;;1
21/12/2020;07:52:00;116;3 - Acidente com Danos Materiais;504;BR-381/MG;Norte;Choque - Veiculo parado na pista;1;2;;;;;1
21/12/2020;10:14:00;176;3 - Acidente com Danos Materiais;508;BR-381/MG;Norte;Colisão Lateral;1;2;;;;;1
21/12/2020;13:58:00;244;3 - Acidente com Danos Materiais;507;BR-381/MG;Sul;Colisão Traseira;1;2;;;;;1
21/12/2020;14:12:00;249;3 - Acidente com Danos Materiais;704;BR-381/MG;Norte;Tombamento;1;1;;;;;1
21/12/2020;15:26:00;283;1 - Acidente com Vitima Fatal;800,2;BR-381/MG;Sul;Choque - Defensa, barreira ou "submarino";1;1;;;;1;3
21/12/2020;21:37:00;446;3 - Acidente com Danos Materiais;25,7;BR-381/SP;Sul;Colisão Lateral;2;2;;;;;1
22/12/2020;02:52:00;46;1 - Acidente com Vitima Fatal;704,5;BR-381/MG;Norte;Tombamento;1;0;;;;1;3
22/12/2020;02:57:00;47;1 - Acidente com Vitima Fatal;704,3;BR-381/MG;Sul;Colisão Traseira;2;1;;;;1;3
22/12/2020;07:00:00;89;3 - Acidente com Danos Materiais;700,3;BR-381/MG;Sul;Colisão Traseira;2;2;;;;;1
22/12/2020;07:25:00;95;2 - Acidente com VITIMA;722,1;BR-381/MG;Norte;Tombamento;1;2;1;;;;1
22/12/2020;07:50:00;110;3 - Acidente com Danos Materiais;724;BR-381/MG;Norte;Tombamento;1;1;;;;;1
22/12/2020;07:55:00;114;3 - Acidente com Danos Materiais;533,4;BR-381/MG;Norte;Colisão Lateral;1;2;;;;;1
22/12/2020;12:04:00;222;2 - Acidente com VITIMA;945,1;BR-381/MG;Norte;Capotamento;1;2;1;;;;1
22/12/2020;12:46:00;234;3 - Acidente com Danos Materiais;673;BR-381/MG;Sul;Colisão Lateral;1;2;;;;;1
22/12/2020;13:26:00;253;2 - Acidente com VITIMA;939;BR-381/MG;Norte;Colisão Traseira;2;1;;1;;;2
22/12/2020;18:19:00;399;3 - Acidente com Danos Materiais;787;BR-381/MG;Norte;Colisão Traseira;1;5;;;;;1
22/12/2020;21:10:00;465;3 - Acidente com Danos Materiais;491;BR-381/MG;Sul;Colisão Lateral;1;2;;;;;1
22/12/2020;21:32:00;471;2 - Acidente com VITIMA;659;BR-381/MG;Sul;Colisão Traseira;2;1;1;;;;1
23/12/2020;08:28:00;172;3 - Acidente com Danos Materiais;887;BR-381/MG;Norte;Colisão Traseira;1;6;;;;;1
23/12/2020;08:31:00;175;2 - Acidente com VITIMA;859,2;BR-381/MG;Norte;Colisão Lateral;1;1;1;;;;1
23/12/2020;08:31:00;176;3 - Acidente com Danos Materiais;519;BR-381/MG;Norte;Colisão Traseira;2;2;;;;;1
23/12/2020;08:32:00;177;1 - Acidente com Vitima Fatal;643,3;BR-381/MG;Sul;Colisão Lateral;3;2;;;;1;3
23/12/2020;09:41:00;211;2 - Acidente com VITIMA;574,5;BR-381/MG;Sul;Colisão Traseira;1;2;1;;;;1
23/12/2020;10:19:00;231;3 - Acidente com Danos Materiais;68;BR-381/SP;Norte;Engavetamento;1;5;;;;;1
23/12/2020;10:34:00;238;3 - Acidente com Danos Materiais;521;BR-381/MG;Norte;Engavetamento;2;3;;;;;1
23/12/2020;12:43:00;292;3 - Acidente com Danos Materiais;65;BR-381/SP;Norte;Colisão Traseira;1;2;;;;;1
23/12/2020;17:27:00;449;3 - Acidente com Danos Materiais;69,5;BR-381/SP;Norte;Tombamento;1;1;;;;;1
23/12/2020;23:25:00;560;3 - Acidente com Danos Materiais;867;BR-381/MG;Norte;Colisão Lateral;1;6;;;;;1
24/12/2020;02:10:00;40;3 - Acidente com Danos Materiais;497;BR-381/MG;Norte;Outros;1;1;;;;;1
24/12/2020;02:34:00;43;2 - Acidente com VITIMA;525,5;BR-381/MG;Sul;Capotamento;1;0;;;1;;2
24/12/2020;07:22:00;119;2 - Acidente com VITIMA;543,8;BR-381/MG;Sul;Tombamento;1;0;;1;;;2
24/12/2020;11:39:00;216;2 - Acidente com VITIMA;878;BR-381/MG;Norte;Engavetamento;2;2;1;;;;1
24/12/2020;12:24:00;233;3 - Acidente com Danos Materiais;635;BR-381/MG;Norte;Colisão Traseira;1;2;;;;;1
24/12/2020;13:57:00;274;2 - Acidente com VITIMA;483;BR-381/MG;Sul;Capotamento;1;1;2;;;;1
24/12/2020;17:45:00;372;3 - Acidente com Danos Materiais;767,7;BR-381/MG;Norte;Colisão Lateral;1;2;;;;;1
24/12/2020;17:52:00;377;3 - Acidente com Danos Materiais;815,8;BR-381/MG;Norte;Colisão Traseira;1;2;;;;;1
24/12/2020;18:40:00;394;3 - Acidente com Danos Materiais;792;BR-381/MG;Sul;Choque - Elemento de Drenagem;1;1;;;;;1
25/12/2020;05:43:00;53;3 - Acidente com Danos Materiais;871;BR-381/MG;Sul;Tombamento;1;1;;;;;1
25/12/2020;07:57:00;79;2 - Acidente com VITIMA;918,4;BR-381/MG;Sul;Choque - Suporte de Sinalização;1;0;1;;;;1
25/12/2020;10:39:00;111;2 - Acidente com VITIMA;821,7;BR-381/MG;Norte;Tombamento;1;1;1;;;;1
25/12/2020;21:03:00;278;3 - Acidente com Danos Materiais;583;BR-381/MG;Norte;Colisão Lateral;1;2;;;;;1
27/12/2020;07:03:00;88;2 - Acidente com VITIMA;546,1;BR-381/MG;Sul;Engavetamento;1;2;1;;;;1
27/12/2020;09:23:00;138;3 - Acidente com Danos Materiais;71;BR-381/SP;Norte;Choque - Elemento de Drenagem;1;1;;;;;1
27/12/2020;12:28:00;206;3 - Acidente com Danos Materiais;851,8;BR-381/MG;Sul;Choque - Suporte de Sinalização;1;1;;;;;1
27/12/2020;17:05:00;328;3 - Acidente com Danos Materiais;49;BR-381/SP;Sul;Colisão Lateral;1;2;;;;;1
27/12/2020;18:28:00;366;2 - Acidente com VITIMA;0;BR-381/SP;Sul;Colisão Lateral;1;2;1;;;;1
27/12/2020;19:34:00;394;2 - Acidente com VITIMA;541;BR-381/MG;Sul;Colisão Traseira;2;2;;1;;;2
28/12/2020;08:52:00;94;3 - Acidente com Danos Materiais;64;BR-381/SP;Norte;Colisão Lateral;1;2;;;;;1
28/12/2020;11:56:00;161;2 - Acidente com VITIMA;32,5;BR-381/SP;Norte;Colisão Lateral;1;5;1;;;;1
28/12/2020;13:59:00;219;3 - Acidente com Danos Materiais;491,2;BR-381/MG;Norte;Engavetamento;2;4;;;;;1
29/12/2020;08:19:00;112;2 - Acidente com VITIMA;693,1;BR-381/MG;Norte;Capotamento;1;1;2;;;;1
29/12/2020;11:11:00;180;3 - Acidente com Danos Materiais;508;BR-381/MG;Sul;Colisão Lateral;1;2;;;;;1
29/12/2020;11:18:00;183;3 - Acidente com Danos Materiais;690;BR-381/MG;Norte;Choque - Defensa, barreira ou "submarino";1;1;;;;;1
29/12/2020;14:16:00;238;2 - Acidente com VITIMA;510;BR-381/MG;Sul;Colisão Lateral;1;5;;1;;;2
29/12/2020;17:57:00;339;2 - Acidente com VITIMA;796;BR-381/MG;Sul;Tombamento;1;3;1;;;;1
29/12/2020;21:21:00;417;3 - Acidente com Danos Materiais;59,5;BR-381/SP;Sul;Engavetamento;2;3;;;;;1
30/12/2020;00:52:00;17;2 - Acidente com VITIMA;907,5;BR-381/MG;Norte;Capotamento;1;0;1;2;;;2
30/12/2020;07:25:00;63;3 - Acidente com Danos Materiais;5;BR-381/MG-CONT;Norte;Engavetamento;1;3;;;;;1
30/12/2020;08:54:00;99;3 - Acidente com Danos Materiais;515;BR-381/MG;Norte;Choque - Elemento de Drenagem;1;1;;;;;1
30/12/2020;09:16:00;120;3 - Acidente com Danos Materiais;897;BR-381/MG;Norte;Choque - Elemento de Drenagem;1;1;;;;;1
31/12/2020;21:56:00;338;3 - Acidente com Danos Materiais;532;BR-381/MG;Norte;Choque - Defensa, barreira ou "submarino";1;1;;;;;1
01/01/2021;01:23:00;22;2 - Acidente com VITIMA;615,7;BR-381/MG;Sul;Choque - Defensa, barreira ou "submarino";1;0;1;;;;1
01/01/2021;13:30:00;123;3 - Acidente com Danos Materiais;526;BR-381/MG;Sul;Choque - Defensa, barreira ou "submarino";1;7;;;;;1
01/01/2021;13:42:00;126;3 - Acidente com Danos Materiais;502;BR-381/MG;Sul;Choque - Defensa, barreira ou "submarino";1;1;;;;;1
01/01/2021;16:21:00;168;2 - Acidente com VITIMA;6,8;BR-381/MG-CONT;Sul;Colisão Traseira;1;1;1;;1;;2
01/01/2021;18:12:00;203;3 - Acidente com Danos Materiais;802,9;BR-381/MG;Sul;Choque - Defensa, barreira ou "submarino";1;1;;;;;1
02/01/2021;00:35:00;14;3 - Acidente com Danos Materiais;925;BR-381/MG;Sul;Tombamento;1;5;;;;;1
02/01/2021;06:21:00;44;2 - Acidente com VITIMA;601,7;BR-381/MG;Norte;Tombamento;1;0;;;1;;2
02/01/2021;09:41:00;90;1 - Acidente com Vitima Fatal;531,5;BR-381/MG;Sul;Choque - Defensa, barreira ou "submarino";1;0;1;;;1;3
02/01/2021;11:10:00;122;2 - Acidente com VITIMA;484;BR-381/MG;Norte;Colisão Traseira;1;2;2;;;;1
02/01/2021;17:35:00;266;3 - Acidente com Danos Materiais;762;BR-381/MG;Norte;Colisão Lateral;1;2;;;;;1
03/01/2021;01:05:00;29;3 - Acidente com Danos Materiais;680;BR-381/MG;Sul;Colisão Traseira;1;3;;;;;1
03/01/2021;08:02:00;104;3 - Acidente com Danos Materiais;658,25;BR-381/MG;Norte;Colisão Traseira;1;1;;;;;1
03/01/2021;14:51:00;268;2 - Acidente com VITIMA;506,5;BR-381/MG;Norte;Colisão Lateral;1;1;2;;;;1
03/01/2021;17:43:00;352;2 - Acidente com VITIMA;568;BR-381/MG;Norte;Colisão Traseira;1;2;1;;;;1
04/01/2021;00:04:00;9;3 - Acidente com Danos Materiais;930,5;BR-381/MG;Sul;Atropelamento de Animal;1;1;;;;;1
04/01/2021;07:13:00;95;2 - Acidente com VITIMA;83,5;BR-381/SP;Norte;Colisão Traseira;1;1;;1;;;2
04/01/2021;10:58:00;168;2 - Acidente com VITIMA;777,5;BR-381/MG;Norte;Colisão Lateral;1;3;2;;;;1
04/01/2021;19:00:00;383;3 - Acidente com Danos Materiais;796,4;BR-381/MG;Norte;Tombamento;1;1;;;;;1
04/01/2021;20:29:00;415;3 - Acidente com Danos Materiais;905;BR-381/MG;Norte;Colisão Lateral;2;2;;;;;1
05/01/2021;02:37:00;40;3 - Acidente com Danos Materiais;31;BR-381/SP;Sul;Colisão Lateral;1;2;;;;;1
05/01/2021;06:42:00;77;3 - Acidente com Danos Materiais;565;BR-381/MG;Norte;Colisão Traseira;2;2;;;;;1
06/01/2021;14:10:00;252;3 - Acidente com Danos Materiais;12,1;BR-381/SP;Norte;Colisão Lateral;2;2;;;;;1
06/01/2021;19:36:00;372;2 - Acidente com VITIMA;947;BR-381/MG;Sul;Colisão Traseira;1;1;1;;;;1
06/01/2021;20:49:00;396;1 - Acidente com Vitima Fatal;830,95;BR-381/MG;Sul;Atropelamento - Morador;1;1;;;;1;3
06/01/2021;22:35:00;420;3 - Acidente com Danos Materiais;823,7;BR-381/MG;Sul;Choque - Elemento de Drenagem;1;1;;;;;1
07/01/2021;00:54:00;23;3 - Acidente com Danos Materiais;761;BR-381/MG;Sul;Choque - Defensa, barreira ou "submarino";1;2;;;;;1
07/01/2021;11:35:00;203;3 - Acidente com Danos Materiais;505;BR-381/MG;Sul;Colisão Traseira;2;2;;;;;1
07/01/2021;11:55:00;207;3 - Acidente com Danos Materiais;492;BR-381/MG;Sul;Colisão Lateral;1;2;;;;;1
07/01/2021;15:52:00;292;2 - Acidente com VITIMA;873,3;BR-381/MG;Norte;Tombamento;1;0;1;;;;1
07/01/2021;16:16:00;303;3 - Acidente com Danos Materiais;63,555;BR-381/SP;Sul;Choque - Defensa, barreira ou "submarino";1;1;;;;;1
07/01/2021;17:01:00;330;3 - Acidente com Danos Materiais;568,3;BR-381/MG;Norte;Colisão Lateral;1;2;;;;;1