data;horario;n_da_ocorrencia;tipo_de_ocorrencia;km;trecho;sentido;tipo_de_acidente;caminhao;ilesos;levemente_feridos;moderadamente_feridos;gravemente_feridos;mortos;3
10/02/2021;13:04:00;230;2 - Acidente com VITIMA;481;BR-381/MG;Norte;Colisão Lateral;1;1;1;;;;1
10/02/2021;13:17:00;237;3 - Acidente com Danos Materiais;709,899;BR-381/MG;Sul;Tombamento;1;1;;;;;1
10/02/2021;17:20:00;322;3 - Acidente com Danos Materiais;686;BR-381/MG;Norte;Choque - Defensa, barreira ou "submarino";1;1;;;;;1
10/02/2021;17:40:00;330;3 - Acidente com Danos Materiais;609,5;BR-381/MG;Norte;Colisão Traseira;2;2;;;;;1
10/02/2021;20:14:00;402;3 - Acidente com Danos Materiais;705,8;BR-381/MG;Sul;Tombamento;1;1;;;;;1
11/02/2021;08:07:00;116;3 - Acidente com Danos Materiais;535;BR-381/MG;Sul;Colisão Traseira;2;2;;;;;1
11/02/2021;11:21:00;224;3 - Acidente com Danos Materiais;28,9;BR-381/SP;Sul;Colisão Traseira;1;2;;;;;1
11/02/2021;14:00:00;275;2 - Acidente com VITIMA;655;BR-381/MG;Norte;Tombamento;1;0;1;;;;1
11/02/2021;14:31:00;286;3 - Acidente com Danos Materiais;61,5;BR-381/SP;Sul;Choque - Elemento de Drenagem;1;1;;;;;1
11/02/2021;16:53:00;359;2 - Acidente com VITIMA;40;BR-381/SP;Norte;Capotamento;1;0;;1;;;2
11/02/2021;18:16:00;393;3 - Acidente com Danos Materiais;479,4;BR-381/MG;Sul;Colisão Lateral;1;2;;;;;1
11/02/2021;19:54:00;425;3 - Acidente com Danos Materiais;90;BR-381/SP;Sul;Colisão Lateral;1;2;;;;;1
11/02/2021;22:23:00;466;3 - Acidente com Danos Materiais;493,6;BR-381/MG;Norte;Colisão Lateral;1;2;;;;;1
12/02/2021;00:47:00;5;2 - Acidente com VITIMA;528;BR-381/MG;Sul;Tombamento;1;0;1;;;;1
12/02/2021;08:12:00;129;3 - Acidente com Danos Materiais;598;BR-381/MG;Sul;Engavetamento;1;3;;;;;1
12/02/2021;16:54:00;344;3 - Acidente com Danos Materiais;900,8;BR-381/MG;Norte;Choque - Defensa, barreira ou "submarino";1;1;;;;;1
12/02/2021;17:26:00;354;3 - Acidente com Danos Materiais;487,3;BR-381/MG;Sul;Choque - Defensa, barreira ou "submarino";1;1;;;;;1
12/02/2021;17:26:00;362;3 - Acidente com Danos Materiais;487,3;BR-381/MG;Sul;Colisão Lateral;1;2;;;;;1
12/02/2021;18:48:00;391;3 - Acidente com Danos Materiais;76;BR-381/SP;Norte;Engavetamento;1;3;;;;;1
12/02/2021;19:38:00;411;3 - Acidente com Danos Materiais;78;BR-381/SP;Norte;Colisão Traseira;1;2;;;;;1
12/02/2021;20:38:00;435;3 - Acidente com Danos Materiais;716;BR-381/MG;Norte;Colisão Lateral;1;2;;;;;1
13/02/2021;01:28:00;38;2 - Acidente com VITIMA;816;BR-381/MG;Norte;Colisão Traseira;1;2;;1;;;2
13/02/2021;07:00:00;96;3 - Acidente com Danos Materiais;76;BR-381/SP;Sul;Colisão Lateral;1;2;;;;;1
13/02/2021;10:51:00;183;2 - Acidente com VITIMA;888,5;BR-381/MG;Norte;Tombamento;1;0;1;;;;1
13/02/2021;13:02:00;221;3 - Acidente com Danos Materiais;589,5;BR-381/MG;Norte;Colisão Lateral;2;2;;;;;1
13/02/2021;14:48:00;257;3 - Acidente com Danos Materiais;747;BR-381/MG;Sul;Colisão Traseira;1;2;;;;;1
13/02/2021;16:08:00;290;3 - Acidente com Danos Materiais;70,4;BR-381/SP;Norte;Colisão Traseira;1;2;;;;;1
13/02/2021;16:51:00;307;2 - Acidente com VITIMA;832,5;BR-381/MG;Sul;Colisão Lateral;1;2;1;;;;1
13/02/2021;17:33:00;318;3 - Acidente com Danos Materiais;525;BR-381/MG;Sul;Tombamento;1;1;;;;;1
13/02/2021;19:37:00;363;3 - Acidente com Danos Materiais;685;BR-381/MG;Sul;Colisão Traseira;1;2;;;;;1
13/02/2021;20:11:00;376;2 - Acidente com VITIMA;925;BR-381/MG;Sul;Colisão Lateral;1;3;1;;;;1
14/02/2021;07:45:00;92;3 - Acidente com Danos Materiais;545,5;BR-381/MG;Norte;Choque - Suporte de Sinalização;1;1;;;;;1
14/02/2021;11:03:00;137;2 - Acidente com VITIMA;68,1;BR-381/SP;Sul;Tombamento;1;1;1;;;;1
14/02/2021;20:54:00;312;2 - Acidente com VITIMA;872,5;BR-381/MG;Norte;Capotamento;1;0;1;;;;1
15/02/2021;23:14:00;340;3 - Acidente com Danos Materiais;696;BR-381/MG;Norte;Colisão Traseira;1;2;;;;;1
16/02/2021;15:02:00;221;3 - Acidente com Danos Materiais;617;BR-381/MG;Norte;Tombamento;1;1;;;;;1
16/02/2021;15:49:00;241;3 - Acidente com Danos Materiais;864,6;BR-381/MG;Norte;Engavetamento;3;6;;;;;1
16/02/2021;20:25:00;347;3 - Acidente com Danos Materiais;507;BR-381/MG;Sul;Choque - Defensa, barreira ou "submarino";1;1;;;;;1
16/02/2021;21:11:00;360;3 - Acidente com Danos Materiais;514;BR-381/MG;Sul;Colisão Traseira;2;2;;;;;1
17/02/2021;03:51:00;40;3 - Acidente com Danos Materiais;15;BR-381/SP;Norte;Choque - Talude;1;1;;;;;1
17/02/2021;08:43:00;120;1 - Acidente com Vitima Fatal;64,5;BR-381/SP;Sul;Colisão Traseira;2;1;;;1;1;3
17/02/2021;10:17:00;155;3 - Acidente com Danos Materiais;660,6;BR-381/MG;Sul;Tombamento;1;1;;;;;1
17/02/2021;17:47:00;318;3 - Acidente com Danos Materiais;943;BR-381/MG;Sul;Choque - Defensa, barreira ou "submarino";1;1;;;;;1
17/02/2021;18:24:00;328;3 - Acidente com Danos Materiais;921;BR-381/MG;Sul;Tombamento;1;1;;;;;1
17/02/2021;21:54:00;383;3 - Acidente com Danos Materiais;924,5;BR-381/MG;Sul;Colisão Lateral;1;2;;;;;1
18/02/2021;02:52:00;46;3 - Acidente com Danos Materiais;846,6;BR-381/MG;Sul;Atropelamento de Animal;1;3;;;;;1
18/02/2021;05:19:00;68;3 - Acidente com Danos Materiais;626,2;BR-381/MG;Norte;Choque - Elemento de Drenagem;1;1;;;;;1
18/02/2021;06:28:00;76;3 - Acidente com Danos Materiais;903;BR-381/MG;Norte;Tombamento;1;1;;;;;1
18/02/2021;11:02:00;203;3 - Acidente com Danos Materiais;496;BR-381/MG;Sul;Colisão Traseira;1;2;;;;;1
18/02/2021;11:05:00;207;3 - Acidente com Danos Materiais;89,8;BR-381/SP;Sul;Colisão Traseira;1;2;;;;;1
18/02/2021;11:28:00;216;3 - Acidente com Danos Materiais;546;BR-381/MG;Norte;Colisão Traseira;1;2;;;;;1
18/02/2021;12:22:00;235;2 - Acidente com VITIMA;704,5;BR-381/MG;Sul;Choque - Defensa, barreira ou "submarino";1;0;;1;;;2
18/02/2021;15:34:00;301;3 - Acidente com Danos Materiais;694,7;BR-381/MG;Sul;Colisão Traseira;1;2;;;;;1
18/02/2021;15:52:00;310;3 - Acidente com Danos Materiais;904,5;BR-381/MG;Norte;Choque - Elemento de Drenagem;1;1;;;;;1
18/02/2021;18:27:00;384;3 - Acidente com Danos Materiais;50;BR-381/SP;Sul;Choque - Elemento de Drenagem;1;1;;;;;1
19/02/2021;08:49:00;138;3 - Acidente com Danos Materiais;58;BR-381/SP;Sul;Engavetamento;1;3;;;;;1
19/02/2021;10:07:00;178;2 - Acidente com VITIMA;743,4;BR-381/MG;Norte;Choque - Defensa, barreira ou "submarino";1;0;;1;;;2
19/02/2021;13:32:00;249;3 - Acidente com Danos Materiais;55,5;BR-381/SP;Sul;Colisão Lateral;1;2;;;;;1
19/02/2021;16:16:00;330;3 - Acidente com Danos Materiais;488,6;BR-381/MG;Sul;Engavetamento;1;3;;;;;1
19/02/2021;22:13:00;471;2 - Acidente com VITIMA;658;BR-381/MG;Sul;Colisão Traseira;2;1;;2;;;2
20/02/2021;01:18:00;25;2 - Acidente com VITIMA;730;BR-381/MG;Norte;Choque - Defensa, barreira ou "submarino";1;0;1;;;;1
20/02/2021;12:23:00;192;2 - Acidente com VITIMA;506,499;BR-381/MG;Norte;Colisão Lateral;1;4;1;;;;1
20/02/2021;16:34:00;295;3 - Acidente com Danos Materiais;65,8;BR-381/SP;Norte;Atropelamento de Animal;1;1;;;;;1
20/02/2021;20:56:00;382;3 - Acidente com Danos Materiais;865,5;BR-381/MG;Sul;Colisão Traseira;2;2;;;;;1
20/02/2021;23:57:00;413;3 - Acidente com Danos Materiais;21,5;BR-381/SP;Norte;Colisão Traseira;1;2;;;;;1
21/02/2021;09:07:00;93;3 - Acidente com Danos Materiais;620,8;BR-381/MG;Norte;Tombamento;1;1;;;;;1
21/02/2021;14:31:00;192;3 - Acidente com Danos Materiais;934;BR-381/MG;Norte;Choque - Talude;1;2;;;;;1
21/02/2021;16:12:00;228;2 - Acidente com VITIMA;760,1;BR-381/MG;Norte;Tombamento;1;0;1;;;;1
21/02/2021;20:20:00;313;2 - Acidente com VITIMA;526,9;BR-381/MG;Sul;Choque - Defensa, barreira ou "submarino";1;0;1;;;;1
21/02/2021;21:19:00;324;3 - Acidente com Danos Materiais;541;BR-381/MG;Norte;Choque - Elemento de Drenagem;1;1;;;;;1
22/02/2021;03:09:00;45;3 - Acidente com Danos Materiais;545,95;BR-381/MG;Norte;Atropelamento de Animal;1;1;;;;;1
22/02/2021;08:59:00;150;3 - Acidente com Danos Materiais;57;BR-381/SP;Norte;Colisão Traseira;1;2;;;;;1
22/02/2021;09:43:00;162;3 - Acidente com Danos Materiais;486,8;BR-381/MG;Norte;Choque - Defensa, barreira ou "submarino";1;1;;;;;1
22/02/2021;10:55:00;191;3 - Acidente com Danos Materiais;754,5;BR-381/MG;Norte;Colisão Traseira;2;2;;;;;1
22/02/2021;12:15:00;220;3 - Acidente com Danos Materiais;33,5;BR-381/SP;Norte;Choque - Elemento de Drenagem;1;1;;;;;1
22/02/2021;15:37:00;290;3 - Acidente com Danos Materiais;825;BR-381/MG;Sul;Tombamento;1;1;;;;;1
22/02/2021;18:29:00;365;3 - Acidente com Danos Materiais;484,1;BR-381/MG;Sul;Colisão Traseira;2;3;;;;;1
22/02/2021;19:09:00;384;3 - Acidente com Danos Materiais;590;BR-381/MG;Norte;Choque - Elemento de Drenagem;1;1;;;;;1
22/02/2021;20:00:00;397;3 - Acidente com Danos Materiais;30;BR-381/SP;Norte;Colisão Traseira;2;2;;;;;1
23/02/2021;02:10:00;34;3 - Acidente com Danos Materiais;931,4;BR-381/MG;Sul;Tombamento;1;1;;;;;1
23/02/2021;06:44:00;67;3 - Acidente com Danos Materiais;939;BR-381/MG;Norte;Colisão Traseira;1;5;;;;;1
23/02/2021;07:18:00;84;3 - Acidente com Danos Materiais;481;BR-381/MG;Sul;Engavetamento;1;4;;;;;1
23/02/2021;18:18:00;368;3 - Acidente com Danos Materiais;495;BR-381/MG;Sul;Engavetamento;1;3;;;;;1
23/02/2021;18:25:00;371;3 - Acidente com Danos Materiais;499;BR-381/MG;Sul;Colisão Traseira;1;2;;;;;1
23/02/2021;22:04:00;445;2 - Acidente com VITIMA;637,2;BR-381/MG;Sul;Colisão Traseira;2;1;;1;;;2
23/02/2021;23:13:00;471;1 - Acidente com Vitima Fatal;85,5;BR-381/SP;Norte;Choque - Veiculo parado na pista;1;2;;;;3;3
24/02/2021;07:31:00;109;3 - Acidente com Danos Materiais;502,4;BR-381/MG;Norte;Colisão Traseira;1;6;;;;;1
24/02/2021;09:19:00;160;2 - Acidente com VITIMA;65,005;BR-381/SP;Norte;Engavetamento;1;2;1;;;;1
25/02/2021;04:09:00;37;2 - Acidente com VITIMA;815,7;BR-381/MG;Norte;Choque - Talude;1;0;1;;;;1
25/02/2021;07:27:00;92;3 - Acidente com Danos Materiais;940,8;BR-381/MG;Norte;Choque - Elemento de Drenagem;1;1;;;;;1
25/02/2021;08:11:00;115;3 - Acidente com Danos Materiais;620;BR-381/MG;Norte;Choque - Defensa, barreira ou "submarino";1;2;;;;;1
25/02/2021;16:04:00;289;3 - Acidente com Danos Materiais;749,05;BR-381/MG;Sul;Choque - Elemento de Drenagem;1;1;;;;;1
25/02/2021;16:59:00;310;3 - Acidente com Danos Materiais;692,9;BR-381/MG;Norte;Tombamento;1;2;;;;;1
25/02/2021;17:44:00;326;3 - Acidente com Danos Materiais;50,9;BR-381/SP;Norte;Tombamento;1;1;;;;;1
25/02/2021;18:32:00;341;3 - Acidente com Danos Materiais;70,2;BR-381/SP;Norte;Tombamento;1;1;;;;;1
25/02/2021;19:17:00;355;3 - Acidente com Danos Materiais;75;BR-381/SP;Norte;Colisão Traseira;2;2;;;;;1
26/02/2021;06:20:00;55;3 - Acidente com Danos Materiais;832,1;BR-381/MG;Sul;Choque - Defensa, barreira ou "submarino";1;1;;;;;1
26/02/2021;07:02:00;76;3 - Acidente com Danos Materiais;938;BR-381/MG;Sul;Choque - Elemento de Drenagem;1;1;;;;;1
26/02/2021;10:28:00;191;2 - Acidente com VITIMA;479,8;BR-381/MG;Norte;Colisão Lateral;1;1;1;;;;1
26/02/2021;16:46:00;343;3 - Acidente com Danos Materiais;903,5;BR-381/MG;Norte;Colisão Traseira;1;2;;;;;1
26/02/2021;17:20:00;361;2 - Acidente com VITIMA;500;BR-381/MG;Norte;Engavetamento;1;3;1;;;;1
26/02/2021;17:25:00;364;2 - Acidente com VITIMA;490,1;BR-381/MG;Norte;Colisão Traseira;1;1;1;;;;1
27/02/2021;01:47:00;26;3 - Acidente com Danos Materiais;848,7;BR-381/MG;Sul;Tombamento;1;1;;;;;1
27/02/2021;13:07:00;223;3 - Acidente com Danos Materiais;58,8;BR-381/SP;Norte;Colisão Traseira;1;2;;;;;1
27/02/2021;16:53:00;300;3 - Acidente com Danos Materiais;937,3;BR-381/MG;Sul;Choque - Defensa, barreira ou "submarino";1;1;;;;;1
27/02/2021;20:30:00;371;3 - Acidente com Danos Materiais;71;BR-381/SP;Norte;Engavetamento;1;5;;;;;1
28/02/2021;11:46:00;150;1 - Acidente com Vitima Fatal;84,899;BR-381/SP;Norte;Atropelamento - Morador;1;1;;;;1;3
28/02/2021;14:49:00;204;1 - Acidente com Vitima Fatal;941;BR-381/MG;Norte;Colisão Traseira;1;1;;;;1;3
01/03/2021;05:27:00;54;3 - Acidente com Danos Materiais;930;BR-381/MG;Sul;Tombamento;1;1;;;;;1
01/03/2021;09:54:00;174;3 - Acidente com Danos Materiais;707,5;BR-381/MG;Norte;Engavetamento;2;3;;;;;1
01/03/2021;18:04:00;345;3 - Acidente com Danos Materiais;673,2;BR-381/MG;Norte;Colisão Traseira;1;2;;;;;1
01/03/2021;21:48:00;422;3 - Acidente com Danos Materiais;680;BR-381/MG;Norte;Colisão Traseira;1;2;;;;;1
02/03/2021;01:55:00;31;3 - Acidente com Danos Materiais;758;BR-381/MG;Norte;Choque - Defensa, barreira ou "submarino";1;2;;;;;1
02/03/2021;03:08:00;38;3 - Acidente com Danos Materiais;7,5;BR-381/SP;Sul;Colisão Traseira;2;2;;;;;1
02/03/2021;15:50:00;307;3 - Acidente com Danos Materiais;65,5;BR-381/SP;Norte;Choque - Defensa, barreira ou "submarino";1;1;;;;;1
02/03/2021;16:43:00;327;3 - Acidente com Danos Materiais;38;BR-381/SP;Norte;Colisão Traseira;1;2;;;;;1
02/03/2021;17:04:00;337;2 - Acidente com VITIMA;676,2;BR-381/MG;Sul;Capotamento;1;0;1;;;;1
02/03/2021;18:05:00;363;3 - Acidente com Danos Materiais;546;BR-381/MG;Sul;Choque - Outros;1;1;;;;;1
02/03/2021;18:53:00;377;2 - Acidente com VITIMA;82;BR-381/SP;Norte;Colisão Traseira;1;0;2;;;;1
03/03/2021;07:33:00;101;3 - Acidente com Danos Materiais;735,5;BR-381/MG;Sul;Colisão Traseira;2;2;;;;;1
03/03/2021;10:18:00;201;3 - Acidente com Danos Materiais;493;BR-381/MG;Norte;Colisão Traseira;1;2;;;;;1
03/03/2021;11:25:00;226;3 - Acidente com Danos Materiais;7,5;BR-381/SP;Sul;Colisão Traseira;2;2;;;;;1
03/03/2021;13:42:00;274;3 - Acidente com Danos Materiais;483;BR-381/MG;Sul;Colisão Traseira;1;2;;;;;1
03/03/2021;14:13:00;285;3 - Acidente com Danos Materiais;483;BR-381/MG;Sul;Colisão Traseira;1;2;;;;;1
03/03/2021;19:28:00;445;3 - Acidente com Danos Materiais;65,5;BR-381/SP;Norte;Colisão Traseira;1;2;;;;;1
04/03/2021;01:36:00;24;2 - Acidente com VITIMA;839;BR-381/MG;Sul;Tombamento;1;0;1;;;;1
04/03/2021;14:21:00;279;2 - Acidente com VITIMA;3;BR-381/MG-CONT;Sul;Colisão Frontal;1;1;1;;;;1
04/03/2021;15:21:00;294;2 - Acidente com VITIMA;677;BR-381/MG;Norte;Tombamento;1;0;1;;;;1
04/03/2021;19:59:00;386;3 - Acidente com Danos Materiais;941;BR-381/MG;Norte;Colisão Lateral;2;2;;;;;1
05/03/2021;03:24:00;49;3 - Acidente com Danos Materiais;910,9;BR-381/MG;Norte;Colisão Traseira;2;2;;;;;1
05/03/2021;05:13:00;65;3 - Acidente com Danos Materiais;745,8;BR-381/MG;Sul;Colisão Traseira;2;2;;;;;1
05/03/2021;05:26:00;67;3 - Acidente com Danos Materiais;938,9;BR-381/MG;Sul;Colisão Traseira;1;2;;;;;1
05/03/2021;06:49:00;87;3 - Acidente com Danos Materiais;871;BR-381/MG;Sul;Choque - Elemento de Drenagem;1;2;;;;;1
05/03/2021;08:01:00;139;3 - Acidente com Danos Materiais;906;BR-381/MG;Norte;Colisão Traseira;1;2;;;;;1
05/03/2021;08:00:00;140;3 - Acidente com Danos Materiais;501,8;BR-381/MG;Norte;Engavetamento;2;3;;;;;1
05/03/2021;11:51:00;249;2 - Acidente com VITIMA;495;BR-381/MG;Norte;Colisão Traseira;2;2;;2;;;2
05/03/2021;13:22:00;274;3 - Acidente com Danos Materiais;945;BR-381/MG;Sul;Choque - Defensa, barreira ou "submarino";1;1;;;;;1
05/03/2021;14:25:00;301;3 - Acidente com Danos Materiais;495;BR-381/MG;Norte;Colisão Traseira;1;2;;;;;1
05/03/2021;17:21:00;385;3 - Acidente com Danos Materiais;39;BR-381/SP;Norte;Engavetamento;1;3;;;;;1
05/03/2021;18:41:00;424;3 - Acidente com Danos Materiais;499;BR-381/MG;Sul;Colisão Traseira;1;2;;;;;1
05/03/2021;18:54:00;431;3 - Acidente com Danos Materiais;936;BR-381/MG;Sul;Choque - Talude;1;1;;;;;1
05/03/2021;20:51:00;460;3 - Acidente com Danos Materiais;636;BR-381/MG;Sul;Engavetamento;1;8;;;;;1
05/03/2021;23:00:00;510;3 - Acidente com Danos Materiais;539;BR-381/MG;Norte;Colisão Traseira;1;3;;;;;1
06/03/2021;00:00:00;1;3 - Acidente com Danos Materiais;743,6;BR-381/MG;Norte;Choque - Elemento de Drenagem;1;1;;;;;1
06/03/2021;02:27:00;37;3 - Acidente com Danos Materiais;803;BR-381/MG;Norte;Colisão Traseira;2;2;;;;;1
06/03/2021;05:29:00;66;3 - Acidente com Danos Materiais;542;BR-381/MG;Norte;Colisão Traseira;1;2;;;;;1
06/03/2021;15:28:00;275;2 - Acidente com VITIMA;686,4;BR-381/MG;Sul;Choque - Defensa, barreira ou "submarino";1;0;2;;;;1
06/03/2021;15:38:00;281;3 - Acidente com Danos Materiais;85,3;BR-381/SP;Norte;Colisão Traseira;1;2;;;;;1
06/03/2021;15:39:00;284;3 - Acidente com Danos Materiais;10;BR-381/SP;Norte;Colisão Traseira;1;2;;;;;1
07/03/2021;13:00:00;151;2 - Acidente com VITIMA;521,4;BR-381/MG;Sul;Choque - Talude;1;0;1;;;;1
07/03/2021;16:43:00;223;2 - Acidente com VITIMA;767,8;BR-381/MG;Norte;Colisão Traseira;1;1;1;;1;;2
07/03/2021;17:17:00;242;2 - Acidente com VITIMA;502;BR-381/MG;Norte;Colisão Traseira;1;4;1;;;;1
07/03/2021;23:39:00;374;3 - Acidente com Danos Materiais;756;BR-381/MG;Sul;Capotamento;1;1;;;;;1
08/03/2021;16:53:00;336;3 - Acidente com Danos Materiais;496;BR-381/MG;Norte;Colisão Traseira;2;2;;;;;1
08/03/2021;17:45:00;359;3 - Acidente com Danos Materiais;77;BR-381/SP;Norte;Colisão Traseira;1;2;;;;;1
09/03/2021;00:10:00;7;3 - Acidente com Danos Materiais;815;BR-381/MG;Sul;Choque - Defensa, barreira ou "submarino";1;1;;;;;1
09/03/2021;04:41:00;49;3 - Acidente com Danos Materiais;907;BR-381/MG;Norte;Colisão Traseira;1;2;;;;;1
09/03/2021;06:24:00;65;2 - Acidente com VITIMA;571,5;BR-381/MG;Sul;Tombamento;1;0;1;;;;1
09/03/2021;07:25:00;85;3 - Acidente com Danos Materiais;489;BR-381/MG;Norte;Colisão Lateral;1;2;;;;;1
09/03/2021;07:53:00;106;3 - Acidente com Danos Materiais;567,4;BR-381/MG;Sul;Colisão Traseira;1;2;;;;;1
09/03/2021;08:49:00;137;3 - Acidente com Danos Materiais;605;BR-381/MG;Sul;Colisão Lateral;2;2;;;;;1
09/03/2021;10:17:00;197;3 - Acidente com Danos Materiais;546;BR-381/MG;Sul;Choque - Suporte de Sinalização;1;1;;;;;1
09/03/2021;10:25:00;199;3 - Acidente com Danos Materiais;510,6;BR-381/MG;Norte;Engavetamento;3;3;;;;;1
09/03/2021;11:29:00;229;1 - Acidente com Vitima Fatal;511,1;BR-381/MG;Norte;Engavetamento;4;4;;;;1;3
09/03/2021;14:18:00;276;3 - Acidente com Danos Materiais;65;BR-381/SP;Sul;Colisão Traseira;1;2;;;;;1
09/03/2021;16:05:00;315;3 - Acidente com Danos Materiais;511;BR-381/MG;Norte;Colisão Traseira;1;2;;;;;1
10/03/2021;00:52:00;19;3 - Acidente com Danos Materiais;59,2;BR-381/SP;Sul;Colisão Traseira;2;2;;;;;1
10/03/2021;04:57:00;49;2 - Acidente com VITIMA;919,1;BR-381/MG;Sul;Colisão Traseira;2;1;;1;;;2
10/03/2021;08:07:00;116;3 - Acidente com Danos Materiais;902,9;BR-381/MG;Norte;Tombamento;1;1;;;;;1
10/03/2021;09:11:00;163;2 - Acidente com VITIMA;602,3;BR-381/MG;Sul;Choque - Elemento de Drenagem;1;0;1;;;;1
10/03/2021;09:25:00;170;3 - Acidente com Danos Materiais;670,5;BR-381/MG;Norte;Colisão Traseira;1;2;;;;;1
10/03/2021;10:03:00;191;2 - Acidente com VITIMA;848,2;BR-381/MG;Sul;Capotamento;1;0;1;;;;1
11/03/2021;10:08:00;184;3 - Acidente com Danos Materiais;618,8;BR-381/MG;Sul;Colisão Lateral;1;2;;;;;1
11/03/2021;13:22:00;242;3 - Acidente com Danos Materiais;503,8;BR-381/MG;Sul;Colisão Traseira;2;2;;;;;1
11/03/2021;14:53:00;272;3 - Acidente com Danos Materiais;488;BR-381/MG;Norte;Colisão Traseira;1;2;;;;;1
11/03/2021;17:34:00;344;2 - Acidente com VITIMA;527;BR-381/MG;Sul;Tombamento;1;0;1;;;;1
12/03/2021;00:01:00;3;3 - Acidente com Danos Materiais;560;BR-381/MG;Sul;Tombamento;2;2;;;;;1
12/03/2021;09:35:00;182;3 - Acidente com Danos Materiais;511;BR-381/MG;Norte;Colisão Traseira;2;2;;;;;1
12/03/2021;11:20:00;218;2 - Acidente com VITIMA;503;BR-381/MG;Norte;Colisão Traseira;1;1;5;;;;1
12/03/2021;14:49:00;293;3 - Acidente com Danos Materiais;583;BR-381/MG;Sul;Colisão Traseira;1;2;;;;;1
12/03/2021;15:22:00;306;3 - Acidente com Danos Materiais;649;BR-381/MG;Norte;Colisão Lateral;1;2;;;;;1
12/03/2021;16:11:00;333;3 - Acidente com Danos Materiais;57,1;BR-381/SP;Norte;Colisão Lateral;1;2;;;;;1
12/03/2021;22:19:00;481;3 - Acidente com Danos Materiais;897,1;BR-381/MG;Norte;Choque - Elemento de Drenagem;1;1;;;;;1
13/03/2021;01:33:00;26;2 - Acidente com VITIMA;496;BR-381/MG;Norte;Colisão Traseira;1;1;1;;;;1
13/03/2021;05:49:00;60;3 - Acidente com Danos Materiais;547;BR-381/MG;Norte;Colisão Traseira;1;2;;;;;1
13/03/2021;09:20:00;145;2 - Acidente com VITIMA;496;BR-381/MG;Norte;Tombamento;1;1;2;;;;1
13/03/2021;12:17:00;203;2 - Acidente com VITIMA;654;BR-381/MG;Norte;Tombamento;1;0;1;;;;1
13/03/2021;12:41:00;212;3 - Acidente com Danos Materiais;737;BR-381/MG;Sul;Tombamento;1;1;;;;;1
13/03/2021;18:34:00;319;3 - Acidente com Danos Materiais;71,2;BR-381/SP;Sul;Choque - Defensa, barreira ou "submarino";1;1;;;;;1
14/03/2021;02:49:00;33;2 - Acidente com VITIMA;754;BR-381/MG;Norte;Tombamento;1;2;1;;;;1
14/03/2021;07:02:00;63;3 - Acidente com Danos Materiais;931;BR-381/MG;Norte;Tombamento;1;1;;;;;1
14/03/2021;17:32:00;231;1 - Acidente com Vitima Fatal;523,4;BR-381/MG;Norte;Colisão Traseira;1;1;;;1;1;3
14/03/2021;21:20:00;307;3 - Acidente com Danos Materiais;913;BR-381/MG;Norte;Choque - Veiculo parado na pista;1;2;;;;;1
15/03/2021;00:33:00;11;3 - Acidente com Danos Materiais;915,7;BR-381/MG;Sul;Tombamento;1;1;;;;;1
15/03/2021;07:22:00;73;2 - Acidente com VITIMA;655,3;BR-381/MG;Sul;Colisão Traseira;1;1;1;;;;1
15/03/2021;09:30:00;147;3 - Acidente com Danos Materiais;481,3;BR-381/MG;Sul;Colisão Lateral;2;2;;;;;1
15/03/2021;17:22:00;333;3 - Acidente com Danos Materiais;936;BR-381/MG;Sul;Choque - Defensa, barreira ou "submarino";1;1;;;;;1
15/03/2021;17:43:00;340;3 - Acidente com Danos Materiais;479,4;BR-381/MG;Sul;Colisão Lateral;1;3;;;;;1
15/03/2021;17:58:00;350;3 - Acidente com Danos Materiais;503;BR-381/MG;Norte;Choque - Defensa, barreira ou "submarino";2;2;;;;;1
16/03/2021;06:30:00;44;2 - Acidente com VITIMA;491,2;BR-381/MG;Norte;Engavetamento;2;2;1;;;;1
16/03/2021;07:28:00;71;3 - Acidente com Danos Materiais;916;BR-381/MG;Sul;Colisão Traseira;2;2;;;;;1
16/03/2021;17:41:00;314;2 - Acidente com VITIMA;79;BR-381/SP;Sul;Choque - Defensa, barreira ou "submarino";1;0;;1;1;;2