data;horario;n_da_ocorrencia;tipo_de_ocorrencia;km;trecho;sentido;tipo_de_acidente;caminhao;ilesos;levemente_feridos;moderadamente_feridos;gravemente_feridos;mortos;3
16/03/2021;18:58:00;343;3 - Acidente com Danos Materiais;485;BR-381/MG;Sul;Colisão Traseira;1;2;;;;;1
16/03/2021;22:53:00;412;3 - Acidente com Danos Materiais;866;BR-381/MG;Sul;Choque - Veiculo parado no acostamento;2;2;;;;;1
17/03/2021;04:20:00;43;3 - Acidente com Danos Materiais;626,5;BR-381/MG;Norte;Colisão Traseira;1;2;;;;;1
17/03/2021;06:32:00;63;2 - Acidente com VITIMA;635;BR-381/MG;Sul;Tombamento;1;0;1;;;;1
17/03/2021;15:30:00;291;3 - Acidente com Danos Materiais;12,5;BR-381/SP;Norte;Colisão Lateral;1;3;;;;;1
17/03/2021;15:42:00;296;2 - Acidente com VITIMA;12,5;BR-381/SP;Norte;Engavetamento;3;3;2;;;;1
18/03/2021;02:36:00;32;3 - Acidente com Danos Materiais;581,9;BR-381/MG;Sul;Engavetamento;2;4;;;;;1
18/03/2021;08:03:00;107;2 - Acidente com VITIMA;485;BR-381/MG;Norte;Colisão Lateral;1;0;2;;;;1
18/03/2021;13:10:00;213;3 - Acidente com Danos Materiais;15,5;BR-381/SP;Norte;Colisão Traseira;1;2;;;;;1
18/03/2021;16:39:00;269;2 - Acidente com VITIMA;597,67;BR-381/MG;Norte;Choque - Defensa, barreira ou "submarino";1;0;2;;;;1
18/03/2021;18:19:00;307;2 - Acidente com VITIMA;542;BR-381/MG;Norte;Colisão Traseira;1;1;;1;;;2
18/03/2021;20:36:00;351;3 - Acidente com Danos Materiais;556;BR-381/MG;Sul;Colisão Traseira;1;2;;;;;1
19/03/2021;00:58:00;13;2 - Acidente com VITIMA;493;BR-381/MG;Norte;Colisão Traseira;1;1;1;;;;1
19/03/2021;01:33:00;24;3 - Acidente com Danos Materiais;945;BR-381/MG;Sul;Engavetamento;3;5;;;;;1
19/03/2021;06:41:00;72;2 - Acidente com VITIMA;560,6;BR-381/MG;Sul;Colisão Traseira;2;1;1;;;;1
19/03/2021;10:41:00;181;2 - Acidente com VITIMA;537;BR-381/MG;Sul;Colisão Traseira;2;1;1;;;;1
19/03/2021;17:18:00;330;2 - Acidente com VITIMA;880;BR-381/MG;Norte;Colisão Traseira;1;2;;;1;;2
19/03/2021;19:33:00;376;3 - Acidente com Danos Materiais;15,5;BR-381/SP;Sul;Colisão Traseira;1;2;;;;;1
19/03/2021;20:15:00;386;3 - Acidente com Danos Materiais;14;BR-381/SP;Norte;Colisão Traseira;2;2;;;;;1
19/03/2021;20:23:00;389;2 - Acidente com VITIMA;486;BR-381/MG;Sul;Engavetamento;2;3;1;1;;;2
20/03/2021;10:29:00;135;2 - Acidente com VITIMA;657;BR-381/MG;Sul;Colisão Traseira;1;1;4;;1;;2
20/03/2021;10:50:00;140;2 - Acidente com VITIMA;708;BR-381/MG;Sul;Tombamento;1;1;1;;;;1
20/03/2021;12:16:00;165;2 - Acidente com VITIMA;2,8;BR-381/MG-CONT;Sul;Colisão Lateral;1;1;1;;;;1
20/03/2021;21:04:00;322;3 - Acidente com Danos Materiais;88;BR-381/SP;Sul;Colisão Lateral;1;3;;;;;1
20/03/2021;23:27:00;349;3 - Acidente com Danos Materiais;680;BR-381/MG;Sul;Colisão Lateral;1;2;;;;;1
21/03/2021;01:13:00;16;3 - Acidente com Danos Materiais;904;BR-381/MG;Norte;Choque - Elemento de Drenagem;1;1;;;;;1
21/03/2021;08:36:00;65;3 - Acidente com Danos Materiais;597,9;BR-381/MG;Norte;Colisão Traseira;1;2;;;;;1
21/03/2021;20:45:00;277;2 - Acidente com VITIMA;849;BR-381/MG;Norte;Choque - Defensa, barreira ou "submarino";2;0;1;;1;;2
21/03/2021;21:01:00;282;3 - Acidente com Danos Materiais;880;BR-381/MG;Sul;Colisão Lateral;1;2;;;;;1
22/03/2021;04:43:00;36;2 - Acidente com VITIMA;55,5;BR-381/SP;Norte;Colisão Lateral;1;1;;2;;;2
22/03/2021;06:46:00;51;3 - Acidente com Danos Materiais;563;BR-381/MG;Norte;Choque - Defensa, barreira ou "submarino";1;1;;;;;1
22/03/2021;09:40:00;146;3 - Acidente com Danos Materiais;40;BR-381/SP;Norte;Colisão Traseira;2;2;;;;;1
22/03/2021;12:37:00;204;2 - Acidente com VITIMA;906;BR-381/MG;Norte;Engavetamento;4;8;;1;;;2
22/03/2021;13:08:00;214;3 - Acidente com Danos Materiais;624;BR-381/MG;Sul;Tombamento;1;1;;;;;1
22/03/2021;13:58:00;231;3 - Acidente com Danos Materiais;519;BR-381/MG;Sul;Colisão Lateral;1;5;;;;;1
22/03/2021;19:05:00;342;3 - Acidente com Danos Materiais;477,2;BR-381/MG;Norte;Engavetamento;2;5;;;;;1
23/03/2021;04:58:00;45;3 - Acidente com Danos Materiais;815;BR-381/MG;Sul;Colisão Traseira;2;2;;;;;1
23/03/2021;11:17:00;199;2 - Acidente com VITIMA;913,2;BR-381/MG;Sul;Tombamento;1;0;1;;;;1
23/03/2021;14:09:00;254;3 - Acidente com Danos Materiais;496,3;BR-381/MG;Sul;Colisão Traseira;1;2;;;;;1
23/03/2021;15:31:00;285;2 - Acidente com VITIMA;36,6;BR-381/SP;Norte;Tombamento;1;0;1;;;;1
23/03/2021;17:12:00;326;3 - Acidente com Danos Materiais;794;BR-381/MG;Norte;Choque - Defensa, barreira ou "submarino";1;1;;;;;1
23/03/2021;17:51:00;340;3 - Acidente com Danos Materiais;485;BR-381/MG;Sul;Engavetamento;1;4;;;;;1
23/03/2021;19:11:00;361;3 - Acidente com Danos Materiais;686;BR-381/MG;Sul;Colisão Lateral;1;3;;;;;1
23/03/2021;19:52:00;373;3 - Acidente com Danos Materiais;847;BR-381/MG;Sul;Colisão Traseira;1;2;;;;;1
23/03/2021;21:53:00;416;2 - Acidente com VITIMA;931;BR-381/MG;Sul;Colisão Traseira;2;1;1;;;;1
24/03/2021;02:48:00;28;3 - Acidente com Danos Materiais;630;BR-381/MG;Sul;Atropelamento de Animal;1;2;;;;;1
24/03/2021;06:12:00;50;3 - Acidente com Danos Materiais;639,95;BR-381/MG;Norte;Tombamento;1;1;;;;;1
24/03/2021;06:34:00;54;3 - Acidente com Danos Materiais;483;BR-381/MG;Norte;Engavetamento;2;3;;;;;1
24/03/2021;07:02:00;63;2 - Acidente com VITIMA;584,5;BR-381/MG;Sul;Tombamento;1;1;1;;;;1
24/03/2021;09:11:00;134;2 - Acidente com VITIMA;486,5;BR-381/MG;Sul;Colisão Traseira;1;1;1;;;;1
25/03/2021;06:52:00;66;3 - Acidente com Danos Materiais;26;BR-381/SP;Sul;Choque - Defensa, barreira ou "submarino";1;1;;;;;1
25/03/2021;07:46:00;93;3 - Acidente com Danos Materiais;495;BR-381/MG;Sul;Colisão Lateral;1;2;;;;;1
25/03/2021;08:53:00;141;3 - Acidente com Danos Materiais;500,5;BR-381/MG;Norte;Colisão Traseira;2;2;;;;;1
25/03/2021;10:18:00;168;2 - Acidente com VITIMA;946,8;BR-381/MG;Sul;Engavetamento;4;10;;3;1;;2
25/03/2021;11:34:00;197;3 - Acidente com Danos Materiais;945;BR-381/MG;Sul;Colisão Traseira;2;2;;;;;1
25/03/2021;11:57:00;205;3 - Acidente com Danos Materiais;875;BR-381/MG;Sul;Colisão Traseira;2;2;;;;;1
25/03/2021;12:35:00;218;3 - Acidente com Danos Materiais;486,6;BR-381/MG;Sul;Choque - Poste;1;1;;;;;1
25/03/2021;12:47:00;224;3 - Acidente com Danos Materiais;946;BR-381/MG;Sul;Colisão Traseira;2;2;;;;;1
25/03/2021;13:44:00;246;3 - Acidente com Danos Materiais;81;BR-381/SP;Norte;Colisão Traseira;1;2;;;;;1
25/03/2021;15:59:00;293;3 - Acidente com Danos Materiais;65,5;BR-381/SP;Norte;Choque - Outros;1;1;;;;;1
25/03/2021;16:00:00;295;3 - Acidente com Danos Materiais;63,5;BR-381/SP;Norte;Colisão Lateral;1;2;;;;;1
25/03/2021;19:16:00;364;3 - Acidente com Danos Materiais;1;BR-381/MG-CONT;Sul;Colisão Lateral;1;2;;;;;1
25/03/2021;21:57:00;405;2 - Acidente com VITIMA;64;BR-381/SP;Sul;Colisão Traseira;1;1;;1;;;2
26/03/2021;04:44:00;39;3 - Acidente com Danos Materiais;898;BR-381/MG;Norte;Colisão Traseira;1;2;;;;;1
26/03/2021;09:20:00;161;3 - Acidente com Danos Materiais;546,5;BR-381/MG;Norte;Colisão Lateral;1;2;;;;;1
26/03/2021;11:39:00;209;2 - Acidente com VITIMA;498;BR-381/MG;Sul;Tombamento;1;0;1;;;;1
26/03/2021;14:29:00;262;3 - Acidente com Danos Materiais;763,3;BR-381/MG;Sul;Choque - Defensa, barreira ou "submarino";1;2;;;;;1
26/03/2021;18:10:00;369;3 - Acidente com Danos Materiais;76,5;BR-381/SP;Sul;Choque - Veiculo parado no acostamento;2;2;;;;;1
26/03/2021;19:00:00;386;3 - Acidente com Danos Materiais;55;BR-381/SP;Norte;Colisão Traseira;1;3;;;;;1
26/03/2021;20:25:00;407;2 - Acidente com VITIMA;54,5;BR-381/SP;Norte;Colisão Traseira;1;1;1;;;;1
27/03/2021;07:07:00;59;2 - Acidente com VITIMA;481,3;BR-381/MG;Norte;Colisão Lateral;1;1;1;;;;1
27/03/2021;08:45:00;102;3 - Acidente com Danos Materiais;525;BR-381/MG;Sul;Colisão Traseira;2;3;;;;;1
27/03/2021;09:27:00;110;3 - Acidente com Danos Materiais;721;BR-381/MG;Norte;Engavetamento;3;3;;;;;1
27/03/2021;17:34:00;267;2 - Acidente com VITIMA;481,3;BR-381/MG;Sul;Colisão Lateral;1;1;;1;;;2
28/03/2021;08:32:00;53;2 - Acidente com VITIMA;782,7;BR-381/MG;Norte;Tombamento;1;0;1;;;;1
28/03/2021;09:31:00;66;3 - Acidente com Danos Materiais;883;BR-381/MG;Sul;Colisão Traseira;1;2;;;;;1
28/03/2021;16:44:00;162;3 - Acidente com Danos Materiais;713,2;BR-381/MG;Sul;Colisão Traseira;1;4;;;;;1
28/03/2021;19:23:00;208;3 - Acidente com Danos Materiais;899,3;BR-381/MG;Norte;Colisão Traseira;1;2;;;;;1
28/03/2021;20:59:00;233;3 - Acidente com Danos Materiais;526;BR-381/MG;Sul;Choque - Defensa, barreira ou "submarino";1;1;;;;;1
29/03/2021;03:21:00;21;3 - Acidente com Danos Materiais;813,5;BR-381/MG;Sul;Tombamento;1;1;;;;;1
29/03/2021;03:24:00;22;3 - Acidente com Danos Materiais;60,3;BR-381/SP;Sul;Tombamento;1;1;;;;;1
29/03/2021;09:17:00;131;3 - Acidente com Danos Materiais;852;BR-381/MG;Sul;Choque - Defensa, barreira ou "submarino";1;1;;;;;1
29/03/2021;19:59:00;360;2 - Acidente com VITIMA;526;BR-381/MG;Sul;Tombamento;1;0;1;;;;1
29/03/2021;20:18:00;364;3 - Acidente com Danos Materiais;0;BR-381/MG-CONT;Sul;Colisão Lateral;1;2;;;;;1
29/03/2021;23:38:00;409;3 - Acidente com Danos Materiais;508;BR-381/MG;Sul;Tombamento;1;1;;;;;1
30/03/2021;01:44:00;26;3 - Acidente com Danos Materiais;925;BR-381/MG;Sul;Tombamento;1;1;;;;;1
30/03/2021;12:02:00;193;3 - Acidente com Danos Materiais;507,5;BR-381/MG;Sul;Choque - Defensa, barreira ou "submarino";1;1;;;;;1
30/03/2021;14:15:00;249;2 - Acidente com VITIMA;508,2;BR-381/MG;Sul;Colisão Traseira;1;1;1;;;;1
30/03/2021;14:17:00;252;3 - Acidente com Danos Materiais;525;BR-381/MG;Sul;Choque - Defensa, barreira ou "submarino";1;1;;;;;1
30/03/2021;16:08:00;297;3 - Acidente com Danos Materiais;628;BR-381/MG;Norte;Colisão Lateral;1;2;;;;;1
30/03/2021;17:32:00;332;2 - Acidente com VITIMA;89,3;BR-381/SP;Sul;Choque - Defensa, barreira ou "submarino";1;0;2;;;;1
30/03/2021;19:43:00;378;3 - Acidente com Danos Materiais;36;BR-381/SP;Norte;Colisão Traseira;1;2;;;;;1
31/03/2021;00:17:00;7;3 - Acidente com Danos Materiais;743;BR-381/MG;Sul;Tombamento;2;2;;;;;1
31/03/2021;08:11:00;123;3 - Acidente com Danos Materiais;482,95;BR-381/MG;Norte;Colisão Traseira;1;2;;;;;1
31/03/2021;12:53:00;222;3 - Acidente com Danos Materiais;817;BR-381/MG;Norte;Choque - Elemento de Drenagem;1;1;;;;;1
31/03/2021;20:03:00;394;3 - Acidente com Danos Materiais;699,8;BR-381/MG;Norte;Choque - Defensa, barreira ou "submarino";1;2;;;;;1
31/03/2021;21:45:00;421;3 - Acidente com Danos Materiais;583;BR-381/MG;Norte;Choque - Elemento de Drenagem;1;1;;;;;1
01/04/2021;08:01:00;112;3 - Acidente com Danos Materiais;777,5;BR-381/MG;Norte;Choque - Veiculo parado no acostamento;2;2;;;;;1
01/04/2021;09:20:00;149;3 - Acidente com Danos Materiais;88;BR-381/SP;Norte;Colisão Traseira;1;2;;;;;1
01/04/2021;13:42:00;242;3 - Acidente com Danos Materiais;499;BR-381/MG;Sul;Colisão Lateral;1;6;;;;;1
01/04/2021;21:16:00;376;3 - Acidente com Danos Materiais;925,5;BR-381/MG;Norte;Tombamento;1;1;;;;;1
01/04/2021;23:06:00;398;3 - Acidente com Danos Materiais;760;BR-381/MG;Norte;Colisão Traseira;2;2;;;;;1
01/04/2021;23:52:00;410;3 - Acidente com Danos Materiais;931;BR-381/MG;Norte;Engavetamento;3;3;;;;;1
03/04/2021;17:17:00;162;2 - Acidente com VITIMA;519;BR-381/MG;Norte;Capotamento;1;0;1;;;;1
04/04/2021;09:32:00;63;3 - Acidente com Danos Materiais;29;BR-381/SP;Sul;Colisão Traseira;1;2;;;;;1
04/04/2021;14:47:00;139;3 - Acidente com Danos Materiais;898;BR-381/MG;Sul;Colisão Lateral;1;2;;;;;1
05/04/2021;12:03:00;195;3 - Acidente com Danos Materiais;513;BR-381/MG;Sul;Choque - Outros;1;1;;;;;1
05/04/2021;18:12:00;311;3 - Acidente com Danos Materiais;513;BR-381/MG;Sul;Colisão Traseira;1;2;;;;;1
05/04/2021;23:38:00;370;2 - Acidente com VITIMA;562;BR-381/MG;Sul;Capotamento;1;1;1;;;;1
06/04/2021;10:44:00;180;3 - Acidente com Danos Materiais;726;BR-381/MG;Sul;Tombamento;1;3;;;;;1
06/04/2021;12:45:00;217;3 - Acidente com Danos Materiais;607,6;BR-381/MG;Norte;Colisão Traseira;1;2;;;;;1
06/04/2021;13:09:00;225;3 - Acidente com Danos Materiais;907,4;BR-381/MG;Norte;Choque - Talude;1;1;;;;;1
06/04/2021;13:33:00;236;2 - Acidente com VITIMA;921,4;BR-381/MG;Sul;Tombamento;1;0;1;;;;1
06/04/2021;14:25:00;264;3 - Acidente com Danos Materiais;71,1;BR-381/SP;Norte;Colisão Lateral;1;2;;;;;1
06/04/2021;19:19:00;336;2 - Acidente com VITIMA;540;BR-381/MG;Norte;Choque - Defensa, barreira ou "submarino";1;0;1;;;;1
07/04/2021;06:49:00;76;3 - Acidente com Danos Materiais;7,57;BR-381/SP;Norte;Colisão Traseira;1;2;;;;;1
07/04/2021;13:21:00;257;3 - Acidente com Danos Materiais;673,4;BR-381/MG;Sul;Colisão Traseira;2;2;;;;;1
08/04/2021;07:42:00;105;2 - Acidente com VITIMA;63,54;BR-381/SP;Sul;Colisão Traseira;2;1;;1;;;2
08/04/2021;16:56:00;311;3 - Acidente com Danos Materiais;936;BR-381/MG;Norte;Colisão Lateral;1;2;;;;;1
08/04/2021;17:28:00;322;3 - Acidente com Danos Materiais;901,88;BR-381/MG;Norte;Choque - Defensa, barreira ou "submarino";1;1;;;;;1
08/04/2021;17:32:00;326;3 - Acidente com Danos Materiais;526;BR-381/MG;Sul;Engavetamento;1;3;;;;;1
08/04/2021;19:09:00;364;2 - Acidente com VITIMA;544;BR-381/MG;Norte;Colisão Traseira;1;1;1;;;;1
09/04/2021;00:00:00;3;3 - Acidente com Danos Materiais;755;BR-381/MG;Sul;Choque - Talude;1;2;;;;;1
09/04/2021;00:36:00;9;3 - Acidente com Danos Materiais;842;BR-381/MG;Sul;Colisão Traseira;1;2;;;;;1
09/04/2021;02:40:00;31;3 - Acidente com Danos Materiais;658,25;BR-381/MG;Norte;Colisão Lateral;2;2;;;;;1
09/04/2021;03:06:00;40;3 - Acidente com Danos Materiais;910;BR-381/MG;Sul;Colisão Traseira;2;2;;;;;1
09/04/2021;06:49:00;83;3 - Acidente com Danos Materiais;8;BR-381/SP;Norte;Colisão Traseira;1;2;;;;;1
09/04/2021;08:40:00;157;2 - Acidente com VITIMA;884;BR-381/MG;Sul;Engavetamento;3;1;;3;;;2
09/04/2021;08:41:00;158;3 - Acidente com Danos Materiais;942;BR-381/MG;Sul;Colisão Traseira;1;2;;;;;1
09/04/2021;19:39:00;438;3 - Acidente com Danos Materiais;679;BR-381/MG;Norte;Colisão Lateral;1;2;;;;;1
09/04/2021;20:21:00;460;3 - Acidente com Danos Materiais;13,5;BR-381/SP;Sul;Colisão Lateral;1;2;;;;;1
10/04/2021;02:49:00;29;3 - Acidente com Danos Materiais;657;BR-381/MG;Norte;Colisão Traseira;2;2;;;;;1
10/04/2021;16:48:00;281;3 - Acidente com Danos Materiais;741,7;BR-381/MG;Norte;Colisão Traseira;1;4;;;;;1
11/04/2021;02:17:00;29;3 - Acidente com Danos Materiais;873,85;BR-381/MG;Sul;Choque - Defensa, barreira ou "submarino";1;1;;;;;1
11/04/2021;12:48:00;147;3 - Acidente com Danos Materiais;33;BR-381/SP;Sul;Engavetamento;1;3;;;;;1
11/04/2021;17:39:00;239;3 - Acidente com Danos Materiais;490,1;BR-381/MG;Sul;Choque - Defensa, barreira ou "submarino";1;1;;;;;1
11/04/2021;21:46:00;306;3 - Acidente com Danos Materiais;791;BR-381/MG;Sul;Choque - Defensa, barreira ou "submarino";1;1;;;;;1
11/04/2021;22:48:00;313;3 - Acidente com Danos Materiais;935,4;BR-381/MG;Norte;Choque - Elemento de Drenagem;1;1;;;;;1
13/04/2021;05:32:00;45;3 - Acidente com Danos Materiais;513,5;BR-381/MG;Norte;Choque - Defensa, barreira ou "submarino";1;1;;;;;1
13/04/2021;09:51:00;180;2 - Acidente com VITIMA;687;BR-381/MG;Norte;Tombamento;1;0;1;;;;1
13/04/2021;13:14:00;261;3 - Acidente com Danos Materiais;65;BR-381/SP;Sul;Colisão Traseira;1;2;;;;;1
13/04/2021;14:12:00;278;3 - Acidente com Danos Materiais;484,16;BR-381/MG;Norte;Colisão Lateral;1;2;;;;;1
13/04/2021;15:22:00;302;3 - Acidente com Danos Materiais;485;BR-381/MG;Sul;Colisão Lateral;1;2;;;;;1
13/04/2021;15:25:00;303;2 - Acidente com VITIMA;738;BR-381/MG;Norte;Objeto lançado contra veículo;1;1;1;;;;1
13/04/2021;15:55:00;308;3 - Acidente com Danos Materiais;919,5;BR-381/MG;Norte;Colisão Lateral;2;3;;;;;1
13/04/2021;16:26:00;321;2 - Acidente com VITIMA;69;BR-381/SP;Norte;Tombamento;1;0;1;;;;1
13/04/2021;16:27:00;322;3 - Acidente com Danos Materiais;871,7;BR-381/MG;Norte;Colisão Traseira;1;2;;;;;1
13/04/2021;20:54:00;387;2 - Acidente com VITIMA;526;BR-381/MG;Sul;Tombamento;1;0;1;;;;1
13/04/2021;21:07:00;391;3 - Acidente com Danos Materiais;580;BR-381/MG;Sul;Tombamento;1;1;;;;;1
14/04/2021;14:28:00;269;3 - Acidente com Danos Materiais;735,5;BR-381/MG;Sul;Choque - Defensa, barreira ou "submarino";1;1;;;;;1
14/04/2021;17:53:00;347;2 - Acidente com VITIMA;489;BR-381/MG;Norte;Colisão Traseira;1;1;1;;;;1
14/04/2021;17:50:00;364;3 - Acidente com Danos Materiais;57,5;BR-381/SP;Norte;Colisão Lateral;2;2;;;;;1
15/04/2021;12:32:00;243;2 - Acidente com VITIMA;797,4;BR-381/MG;Sul;Tombamento;1;0;1;;;;1
15/04/2021;17:38:00;354;3 - Acidente com Danos Materiais;85,5;BR-381/SP;Norte;Engavetamento;1;3;;;;;1
15/04/2021;21:29:00;422;2 - Acidente com VITIMA;606;BR-381/MG;Sul;Tombamento;1;0;1;;;;1
16/04/2021;00:34:00;10;2 - Acidente com VITIMA;673;BR-381/MG;Norte;Colisão Traseira;2;1;;1;;;2
16/04/2021;00:41:00;14;3 - Acidente com Danos Materiais;34;BR-381/SP;Sul;Colisão Traseira;2;2;;;;;1
16/04/2021;08:53:00;166;3 - Acidente com Danos Materiais;864;BR-381/MG;Sul;Colisão Traseira;1;3;;;;;1
16/04/2021;09:26:00;179;3 - Acidente com Danos Materiais;556,2;BR-381/MG;Sul;Tombamento;1;1;;;;;1
16/04/2021;15:59:00;327;3 - Acidente com Danos Materiais;51;BR-381/SP;Norte;Engavetamento;1;3;;;;;1
16/04/2021;18:35:00;395;3 - Acidente com Danos Materiais;77;BR-381/SP;Sul;Tombamento;1;1;;;;;1
16/04/2021;19:00:00;401;3 - Acidente com Danos Materiais;935;BR-381/MG;Norte;Objeto lançado contra veículo;1;2;;;;;1
16/04/2021;20:28:00;429;3 - Acidente com Danos Materiais;900,88;BR-381/MG;Norte;Colisão Traseira;1;2;;;;;1
16/04/2021;21:39:00;454;2 - Acidente com VITIMA;801,4;BR-381/MG;Sul;Colisão Traseira;2;1;;1;;;2
17/04/2021;12:14:00;222;3 - Acidente com Danos Materiais;3;BR-381/MG-CONT;Sul;Colisão Lateral;1;2;;;;;1
18/04/2021;09:10:00;90;3 - Acidente com Danos Materiais;738,3;BR-381/MG;Norte;Choque - Elemento de Drenagem;1;1;;;;;1
18/04/2021;16:18:00;234;3 - Acidente com Danos Materiais;909;BR-381/MG;Sul;Colisão Lateral;1;2;;;;;1
18/04/2021;18:44:00;278;3 - Acidente com Danos Materiais;501;BR-381/MG;Norte;Choque - Defensa, barreira ou "submarino";1;1;;;;;1
18/04/2021;22:13:00;333;3 - Acidente com Danos Materiais;624;BR-381/MG;Norte;Choque - Defensa, barreira ou "submarino";1;1;;;;;1
19/04/2021;00:34:00;19;3 - Acidente com Danos Materiais;37,5;BR-381/SP;Sul;Tombamento;1;1;;;;;1
19/04/2021;01:35:00;22;3 - Acidente com Danos Materiais;873,8;BR-381/MG;Sul;Tombamento;1;1;;;;;1
19/04/2021;02:18:00;34;3 - Acidente com Danos Materiais;61,25;BR-381/SP;Sul;Tombamento;1;1;;;;;1
19/04/2021;20:07:00;375;2 - Acidente com VITIMA;925;BR-381/MG;Sul;Tombamento;1;0;1;;;;1
20/04/2021;01:48:00;31;3 - Acidente com Danos Materiais;496;BR-381/MG;Sul;Atropelamento de Animal;1;1;;;;;1
20/04/2021;08:28:00;137;3 - Acidente com Danos Materiais;481;BR-381/MG;Sul;Engavetamento;2;3;;;;;1
20/04/2021;15:30:00;282;2 - Acidente com VITIMA;831,5;BR-381/MG;Norte;Colisão Traseira;1;1;;1;;;2
20/04/2021;17:29:00;331;3 - Acidente com Danos Materiais;849;BR-381/MG;Norte;Colisão Traseira;1;2;;;;;1
20/04/2021;17:53:00;337;2 - Acidente com VITIMA;487,6;BR-381/MG;Norte;Choque - Defensa, barreira ou "submarino";1;0;1;;;;1
21/04/2021;09:42:00;131;3 - Acidente com Danos Materiais;938,2;BR-381/MG;Sul;Tombamento;1;1;;;;;1
21/04/2021;13:16:00;183;3 - Acidente com Danos Materiais;496,8;BR-381/MG;Sul;Engavetamento;2;3;;;;;1
21/04/2021;13:17:00;186;2 - Acidente com VITIMA;521,5;BR-381/MG;Sul;Tombamento;1;0;1;;;;1
21/04/2021;13:22:00;189;2 - Acidente com VITIMA;586,1;BR-381/MG;Norte;Colisão Traseira;1;1;2;1;;;2
21/04/2021;17:39:00;272;2 - Acidente com VITIMA;760,6;BR-381/MG;Sul;Tombamento;1;0;1;;;;1
21/04/2021;23:16:00;334;3 - Acidente com Danos Materiais;745;BR-381/MG;Sul;Tombamento;1;1;;;;;1
21/04/2021;23:25:00;335;3 - Acidente com Danos Materiais;626;BR-381/MG;Sul;Atropelamento de Animal;1;1;;;;;1
22/04/2021;08:15:00;108;1 - Acidente com Vitima Fatal;726;BR-381/MG;Norte;Tombamento;1;0;;;;1;3
22/04/2021;16:53:00;304;3 - Acidente com Danos Materiais;805;BR-381/MG;Norte;Colisão Traseira;1;2;;;;;1
23/04/2021;00:05:00;10;2 - Acidente com VITIMA;67,95;BR-381/SP;Norte;Tombamento;1;0;1;;;;1
23/04/2021;07:07:00;75;3 - Acidente com Danos Materiais;663,9;BR-381/MG;Sul;Colisão Traseira;2;2;;;;;1
23/04/2021;07:39:00;84;2 - Acidente com VITIMA;700,95;BR-381/MG;Sul;Tombamento;1;0;1;;;;1
23/04/2021;09:49:00;160;3 - Acidente com Danos Materiais;47,3;BR-381/SP;Norte;Colisão Traseira;1;2;;;;;1
23/04/2021;09:55:00;162;3 - Acidente com Danos Materiais;485;BR-381/MG;Sul;Engavetamento;1;12;;;;;1
23/04/2021;12:41:00;232;1 - Acidente com Vitima Fatal;698,9;BR-381/MG;Sul;Engavetamento;3;1;1;;1;1;3
23/04/2021;17:30:00;337;3 - Acidente com Danos Materiais;481;BR-381/MG;Sul;Colisão Lateral;1;2;;;;;1
23/04/2021;23:43:00;444;3 - Acidente com Danos Materiais;754,5;BR-381/MG;Sul;Colisão Traseira;2;2;;;;;1
24/04/2021;03:06:00;37;3 - Acidente com Danos Materiais;748,9;BR-381/MG;Norte;Atropelamento de Animal;1;1;;;;;1
24/04/2021;04:39:00;56;3 - Acidente com Danos Materiais;617,2;BR-381/MG;Norte;Colisão Traseira;2;2;;;;;1
24/04/2021;10:01:00;146;3 - Acidente com Danos Materiais;7,57;BR-381/SP;Norte;Colisão Traseira;1;2;;;;;1
25/04/2021;08:31:00;76;2 - Acidente com VITIMA;756,9;BR-381/MG;Sul;Colisão Traseira;1;1;1;;;;1
25/04/2021;10:09:00;102;3 - Acidente com Danos Materiais;929,9;BR-381/MG;Sul;Tombamento;1;1;;;;;1
25/04/2021;23:49:00;329;3 - Acidente com Danos Materiais;477,2;BR-381/MG;Sul;Colisão Traseira;1;2;;;;;1
26/04/2021;03:24:00;25;3 - Acidente com Danos Materiais;53;BR-381/SP;Sul;Colisão Lateral;1;2;;;;;1
26/04/2021;15:01:00;258;3 - Acidente com Danos Materiais;627;BR-381/MG;Sul;Colisão Traseira;2;2;;;;;1
26/04/2021;15:37:00;281;3 - Acidente com Danos Materiais;508,7;BR-381/MG;Sul;Colisão Lateral;1;2;;;;;1
27/04/2021;00:26:00;9;3 - Acidente com Danos Materiais;542,5;BR-381/MG;Sul;Choque - Defensa, barreira ou "submarino";1;1;;;;;1