data;horario;n_da_ocorrencia;tipo_de_ocorrencia;km;trecho;sentido;tipo_de_acidente;caminhao;ilesos;levemente_feridos;moderadamente_feridos;gravemente_feridos;mortos;3
27/04/2021;02:25:00;30;2 - Acidente com VITIMA;921;BR-381/MG;Sul;Tombamento;1;0;;1;;;2
27/04/2021;04:16:00;42;3 - Acidente com Danos Materiais;25,9;BR-381/SP;Sul;Capotamento;1;1;;;;;1
27/04/2021;13:04:00;248;3 - Acidente com Danos Materiais;74;BR-381/SP;Sul;Tombamento;1;1;;;;;1
27/04/2021;14:12:00;275;3 - Acidente com Danos Materiais;935,5;BR-381/MG;Norte;Choque - Elemento de Drenagem;1;1;;;;;1
27/04/2021;23:23:00;458;2 - Acidente com VITIMA;68;BR-381/SP;Norte;Colisão Lateral;2;1;1;;;;1
28/04/2021;15:21:00;323;3 - Acidente com Danos Materiais;892;BR-381/MG;Norte;Colisão Lateral;1;2;;;;;1
29/04/2021;10:34:00;185;3 - Acidente com Danos Materiais;668,6;BR-381/MG;Sul;Choque - Elemento de Drenagem;1;1;;;;;1
29/04/2021;18:59:00;365;2 - Acidente com VITIMA;743;BR-381/MG;Norte;Colisão Traseira;2;1;1;;;;1
30/04/2021;00:36:00;19;3 - Acidente com Danos Materiais;719;BR-381/MG;Sul;Colisão Lateral;1;2;;;;;1
30/04/2021;07:21:00;94;3 - Acidente com Danos Materiais;502,5;BR-381/MG;Norte;Colisão Lateral;1;2;;;;;1
30/04/2021;09:07:00;138;3 - Acidente com Danos Materiais;66,6;BR-381/SP;Sul;Colisão Traseira;1;2;;;;;1
30/04/2021;10:23:00;174;2 - Acidente com VITIMA;496,5;BR-381/MG;Norte;Colisão Traseira;1;2;1;;;;1
30/04/2021;11:15:00;192;3 - Acidente com Danos Materiais;2;BR-381/MG-CONT;Sul;Choque - Elemento de Drenagem;1;1;;;;;1
30/04/2021;11:36:00;201;3 - Acidente com Danos Materiais;519;BR-381/MG;Norte;Colisão Traseira;1;2;;;;;1
30/04/2021;12:55:00;227;3 - Acidente com Danos Materiais;735;BR-381/MG;Norte;Colisão Traseira;2;2;;;;;1
30/04/2021;15:47:00;291;3 - Acidente com Danos Materiais;675;BR-381/MG;Sul;Colisão Traseira;1;2;;;;;1
30/04/2021;15:59:00;299;2 - Acidente com VITIMA;42,9;BR-381/SP;Norte;Choque - Veiculo parado no acostamento;1;1;1;;;;1
30/04/2021;17:07:00;328;3 - Acidente com Danos Materiais;478,3;BR-381/MG;Sul;Colisão Lateral;1;2;;;;;1
30/04/2021;17:10:00;331;3 - Acidente com Danos Materiais;909;BR-381/MG;Norte;Colisão Traseira;1;3;;;;;1
30/04/2021;18:34:00;370;3 - Acidente com Danos Materiais;39;BR-381/SP;Norte;Engavetamento;1;4;;;;;1
30/04/2021;20:09:00;397;3 - Acidente com Danos Materiais;485,4;BR-381/MG;Sul;Colisão Traseira;1;2;;;;;1
01/05/2021;08:24:00;84;3 - Acidente com Danos Materiais;923;BR-381/MG;Sul;Colisão Traseira;1;2;;;;;1
01/05/2021;14:21:00;182;3 - Acidente com Danos Materiais;4,5;BR-381/SP;Norte;Colisão Traseira;1;2;;;;;1
01/05/2021;20:07:00;300;3 - Acidente com Danos Materiais;491;BR-381/MG;Norte;Colisão Lateral;1;2;;;;;1
01/05/2021;20:29:00;309;3 - Acidente com Danos Materiais;499;BR-381/MG;Norte;Colisão Lateral;1;3;;;;;1
01/05/2021;22:20:00;330;1 - Acidente com Vitima Fatal;707;BR-381/MG;Norte;Capotamento;1;0;;;;1;3
02/05/2021;18:37:00;262;3 - Acidente com Danos Materiais;908,3;BR-381/MG;Sul;Tombamento;1;1;;;;;1
03/05/2021;06:36:00;38;2 - Acidente com VITIMA;760;BR-381/MG;Norte;Engavetamento;1;6;;1;;;2
03/05/2021;09:37:00;129;3 - Acidente com Danos Materiais;482,9;BR-381/MG;Norte;Engavetamento;1;7;;;;;1
03/05/2021;13:36:00;205;1 - Acidente com Vitima Fatal;507,6;BR-381/MG;Sul;Atropelamento - Morador;1;1;;;;1;3
03/05/2021;14:23:00;220;2 - Acidente com VITIMA;870,3;BR-381/MG;Sul;Tombamento;1;0;1;;;;1
03/05/2021;17:06:00;298;3 - Acidente com Danos Materiais;932;BR-381/MG;Norte;Colisão Traseira;1;46;;;;;1
04/05/2021;03:43:00;43;3 - Acidente com Danos Materiais;33,49;BR-381/SP;Sul;Tombamento;1;1;;;;;1
04/05/2021;07:34:00;103;3 - Acidente com Danos Materiais;25,9;BR-381/SP;Sul;Engavetamento;4;6;;;;;1
04/05/2021;13:01:00;220;3 - Acidente com Danos Materiais;560,3;BR-381/MG;Norte;Colisão Traseira;1;2;;;;;1
04/05/2021;15:38:00;276;2 - Acidente com VITIMA;482,7;BR-381/MG;Sul;Colisão Traseira;1;2;2;;;;1
04/05/2021;18:55:00;370;2 - Acidente com VITIMA;524;BR-381/MG;Sul;Tombamento;1;0;1;;;;1
04/05/2021;21:21:00;407;3 - Acidente com Danos Materiais;882,7;BR-381/MG;Sul;Colisão Transversal;1;2;;;;;1
05/05/2021;01:03:00;17;2 - Acidente com VITIMA;24,2;BR-381/SP;Norte;Colisão Traseira;2;1;;1;;;2
05/05/2021;05:00:00;51;3 - Acidente com Danos Materiais;707,8;BR-381/MG;Norte;Choque - Talude;1;1;;;;;1
05/05/2021;05:24:00;56;3 - Acidente com Danos Materiais;671;BR-381/MG;Norte;Choque - Elemento de Drenagem;1;1;;;;;1
05/05/2021;05:25:00;57;3 - Acidente com Danos Materiais;645;BR-381/MG;Norte;Colisão Lateral;1;2;;;;;1
05/05/2021;06:32:00;67;3 - Acidente com Danos Materiais;751,9;BR-381/MG;Norte;Colisão Traseira;1;2;;;;;1
05/05/2021;08:45:00;133;3 - Acidente com Danos Materiais;89,4;BR-381/SP;Sul;Colisão Lateral;1;2;;;;;1
05/05/2021;11:07:00;185;2 - Acidente com VITIMA;492,8;BR-381/MG;Norte;Colisão Traseira;1;1;2;;;;1
05/05/2021;12:14:00;201;2 - Acidente com VITIMA;25;BR-381/SP;Sul;Choque - Veiculo parado no acostamento;1;1;1;;;;1
05/05/2021;23:15:00;385;3 - Acidente com Danos Materiais;846;BR-381/MG;Sul;Colisão Traseira;2;2;;;;;1
06/05/2021;02:57:00;27;3 - Acidente com Danos Materiais;844;BR-381/MG;Sul;Choque - Defensa, barreira ou "submarino";1;1;;;;;1
06/05/2021;05:33:00;47;2 - Acidente com VITIMA;708;BR-381/MG;Sul;Colisão Traseira;2;1;1;;;;1
06/05/2021;19:50:00;380;2 - Acidente com VITIMA;529,5;BR-381/MG;Norte;Tombamento;1;0;1;;;;1
07/05/2021;03:33:00;46;3 - Acidente com Danos Materiais;516,5;BR-381/MG;Norte;Choque - Talude;1;1;;;;;1
07/05/2021;06:05:00;75;2 - Acidente com VITIMA;769,3;BR-381/MG;Sul;Choque - Defensa, barreira ou "submarino";1;0;1;;;;1
07/05/2021;07:03:00;100;2 - Acidente com VITIMA;655,5;BR-381/MG;Norte;Colisão Traseira;2;0;2;;;;1
07/05/2021;10:00:00;206;3 - Acidente com Danos Materiais;658;BR-381/MG;Norte;Colisão Lateral;1;4;;;;;1
07/05/2021;10:29:00;215;3 - Acidente com Danos Materiais;2;BR-381/MG-CONT;Sul;Choque - Veiculo parado no acostamento;2;2;;;;;1
07/05/2021;11:48:00;237;3 - Acidente com Danos Materiais;722,1;BR-381/MG;Norte;Tombamento;1;1;;;;;1
07/05/2021;11:54:00;241;3 - Acidente com Danos Materiais;661,5;BR-381/MG;Norte;Engavetamento;2;3;;;;;1
07/05/2021;13:02:00;261;3 - Acidente com Danos Materiais;772,2;BR-381/MG;Norte;Engavetamento;2;6;;;;;1
07/05/2021;13:28:00;273;3 - Acidente com Danos Materiais;81,5;BR-381/SP;Sul;Choque - Defensa, barreira ou "submarino";1;1;;;;;1
07/05/2021;17:15:00;385;2 - Acidente com VITIMA;12;BR-381/SP;Norte;Colisão Traseira;1;3;1;;;;1
08/05/2021;12:47:00;205;2 - Acidente com VITIMA;692;BR-381/MG;Norte;Colisão Traseira;1;1;2;;;;1
09/05/2021;00:46:00;15;2 - Acidente com VITIMA;572,9;BR-381/MG;Norte;Tombamento;1;0;1;;;;1
09/05/2021;01:46:00;20;2 - Acidente com VITIMA;563,5;BR-381/MG;Norte;Choque - Defensa, barreira ou "submarino";1;0;1;;;;1
09/05/2021;05:13:00;41;3 - Acidente com Danos Materiais;883,5;BR-381/MG;Norte;Choque - Defensa, barreira ou "submarino";1;1;;;;;1
10/05/2021;03:24:00;47;3 - Acidente com Danos Materiais;641,6;BR-381/MG;Norte;Tombamento;1;1;;;;;1
10/05/2021;04:01:00;52;3 - Acidente com Danos Materiais;36,4;BR-381/SP;Norte;Choque - Veiculo parado na pista;1;2;;;;;1
10/05/2021;04:49:00;60;3 - Acidente com Danos Materiais;718,6;BR-381/MG;Norte;Atropelamento de Animal;1;1;;;;;1
10/05/2021;07:56:00;122;3 - Acidente com Danos Materiais;22,3;BR-381/SP;Sul;Colisão Traseira;1;2;;;;;1
10/05/2021;08:19:00;141;3 - Acidente com Danos Materiais;520;BR-381/MG;Sul;Engavetamento;1;3;;;;;1
11/05/2021;02:25:00;30;2 - Acidente com VITIMA;727,5;BR-381/MG;Sul;Colisão Traseira;2;1;1;;;;1
11/05/2021;08:53:00;143;2 - Acidente com VITIMA;478;BR-381/MG;Norte;Atropelamento - Sem Informação;1;1;;;1;;2
11/05/2021;09:02:00;151;3 - Acidente com Danos Materiais;491;BR-381/MG;Norte;Colisão Lateral;1;2;;;;;1
11/05/2021;09:02:00;152;2 - Acidente com VITIMA;88,9;BR-381/SP;Sul;Colisão Traseira;1;1;1;;;;1
11/05/2021;13:50:00;267;3 - Acidente com Danos Materiais;907,7;BR-381/MG;Sul;Choque - Defensa, barreira ou "submarino";1;1;;;;;1
11/05/2021;20:35:00;424;1 - Acidente com Vitima Fatal;525;BR-381/MG;Sul;Tombamento;1;0;;;;1;3
11/05/2021;21:35:00;440;2 - Acidente com VITIMA;17;BR-381/SP;Norte;Colisão Traseira;1;1;1;;;;1
12/05/2021;00:37:00;8;2 - Acidente com VITIMA;68;BR-381/SP;Norte;Tombamento;1;2;1;;;;1
12/05/2021;06:53:00;61;2 - Acidente com VITIMA;561;BR-381/MG;Sul;Colisão Traseira;2;1;1;;;;1
12/05/2021;06:59:00;64;3 - Acidente com Danos Materiais;540;BR-381/MG;Sul;Colisão Lateral;2;2;;;;;1
12/05/2021;16:23:00;300;3 - Acidente com Danos Materiais;804;BR-381/MG;Norte;Colisão Lateral;1;3;;;;;1
12/05/2021;17:36:00;329;3 - Acidente com Danos Materiais;487;BR-381/MG;Norte;Choque - Objeto sobre a pista;1;2;;;;;1
12/05/2021;19:45:00;377;3 - Acidente com Danos Materiais;680;BR-381/MG;Sul;Engavetamento;3;5;;;;;1
12/05/2021;19:51:00;380;3 - Acidente com Danos Materiais;849;BR-381/MG;Sul;Colisão Lateral;1;3;;;;;1
12/05/2021;22:34:00;423;2 - Acidente com VITIMA;942;BR-381/MG;Norte;Engavetamento;3;6;4;;;;1
13/05/2021;03:30:00;29;2 - Acidente com VITIMA;775,3;BR-381/MG;Sul;Colisão Traseira;1;4;2;;;;1
13/05/2021;15:50:00;270;3 - Acidente com Danos Materiais;525,9;BR-381/MG;Sul;Choque - Talude;1;1;;;;;1
13/05/2021;18:28:00;327;2 - Acidente com VITIMA;790;BR-381/MG;Sul;Colisão Traseira;2;1;1;;;;1
13/05/2021;19:09:00;339;3 - Acidente com Danos Materiais;946;BR-381/MG;Sul;Choque - Elemento de Drenagem;1;1;;;;;1
13/05/2021;19:09:00;340;2 - Acidente com VITIMA;88,5;BR-381/SP;Norte;Tombamento;1;1;1;;;;1
13/05/2021;19:19:00;347;3 - Acidente com Danos Materiais;82;BR-381/SP;Norte;Colisão Traseira;1;2;;;;;1
14/05/2021;01:49:00;24;3 - Acidente com Danos Materiais;568;BR-381/MG;Norte;Choque - Defensa, barreira ou "submarino";1;1;;;;;1
14/05/2021;15:17:00;261;3 - Acidente com Danos Materiais;71,5;BR-381/SP;Sul;Colisão Lateral;1;3;;;;;1
14/05/2021;18:35:00;336;3 - Acidente com Danos Materiais;65,5;BR-381/SP;Norte;Colisão Lateral;1;2;;;;;1
15/05/2021;03:30:00;38;3 - Acidente com Danos Materiais;853;BR-381/MG;Norte;Colisão Traseira;2;2;;;;;1
15/05/2021;04:01:00;44;3 - Acidente com Danos Materiais;511;BR-381/MG;Sul;Choque - Defensa, barreira ou "submarino";1;1;;;;;1
15/05/2021;08:26:00;101;3 - Acidente com Danos Materiais;493;BR-381/MG;Norte;Colisão Lateral;1;2;;;;;1
15/05/2021;12:05:00;152;2 - Acidente com VITIMA;525;BR-381/MG;Sul;Colisão Lateral;2;1;;1;;;2
15/05/2021;16:39:00;232;3 - Acidente com Danos Materiais;589;BR-381/MG;Sul;Tombamento;1;1;;;;;1
15/05/2021;23:29:00;329;3 - Acidente com Danos Materiais;59,5;BR-381/SP;Norte;Colisão Traseira;2;3;;;;;1
16/05/2021;14:22:00;156;2 - Acidente com VITIMA;722;BR-381/MG;Norte;Tombamento;1;0;4;;;;1
16/05/2021;16:10:00;203;2 - Acidente com VITIMA;1,5;BR-381/MG-CONT;Norte;Colisão Lateral;1;1;;2;;;2
17/05/2021;02:06:00;17;3 - Acidente com Danos Materiais;682;BR-381/MG;Norte;Tombamento;1;1;;;;;1
17/05/2021;04:38:00;33;2 - Acidente com VITIMA;580,5;BR-381/MG;Sul;Colisão Traseira;1;0;4;;;;1
17/05/2021;05:57:00;41;2 - Acidente com VITIMA;602,3;BR-381/MG;Norte;Tombamento;1;0;1;;;;1
17/05/2021;07:54:00;102;3 - Acidente com Danos Materiais;7,57;BR-381/SP;Norte;Choque - Defensa, barreira ou "submarino";1;1;;;;;1
17/05/2021;13:56:00;232;3 - Acidente com Danos Materiais;944;BR-381/MG;Norte;Choque - Elemento de Drenagem;1;1;;;;;1
17/05/2021;15:46:00;273;3 - Acidente com Danos Materiais;945;BR-381/MG;Norte;Colisão Traseira;1;2;;;;;1
17/05/2021;18:10:00;328;3 - Acidente com Danos Materiais;945;BR-381/MG;Sul;Choque - Defensa, barreira ou "submarino";1;1;;;;;1
17/05/2021;19:51:00;359;3 - Acidente com Danos Materiais;617;BR-381/MG;Norte;Choque - Defensa, barreira ou "submarino";1;1;;;;;1
18/05/2021;03:53:00;47;3 - Acidente com Danos Materiais;906;BR-381/MG;Norte;Tombamento;1;1;;;;;1
18/05/2021;07:41:00;109;3 - Acidente com Danos Materiais;7,5;BR-381/SP;Sul;Choque - Outros;1;1;;;;;1
18/05/2021;11:20:00;227;3 - Acidente com Danos Materiais;508;BR-381/MG;Norte;Colisão Traseira;2;2;;;;;1
18/05/2021;15:06:00;316;3 - Acidente com Danos Materiais;872,9;BR-381/MG;Norte;Choque - Elemento de Drenagem;1;1;;;;;1
18/05/2021;15:50:00;329;3 - Acidente com Danos Materiais;66,5;BR-381/SP;Sul;Choque - Defensa, barreira ou "submarino";1;1;;;;;1
18/05/2021;18:31:00;391;3 - Acidente com Danos Materiais;874,5;BR-381/MG;Sul;Engavetamento;1;3;;;;;1
18/05/2021;18:58:00;399;2 - Acidente com VITIMA;490;BR-381/MG;Sul;Colisão Lateral;1;1;3;;;;1
18/05/2021;21:54:00;438;3 - Acidente com Danos Materiais;566,5;BR-381/MG;Sul;Tombamento;1;1;;;;;1
18/05/2021;22:41:00;449;1 - Acidente com Vitima Fatal;628,5;BR-381/MG;Sul;Choque - Talude;1;0;;;;1;3
19/05/2021;00:37:00;13;2 - Acidente com VITIMA;79;BR-381/SP;Sul;Tombamento;1;0;1;;;;1
19/05/2021;02:58:00;39;3 - Acidente com Danos Materiais;13,8;BR-381/SP;Sul;Colisão Traseira;2;2;;;;;1
19/05/2021;07:45:00;104;3 - Acidente com Danos Materiais;500,6;BR-381/MG;Norte;Engavetamento;2;3;;;;;1
19/05/2021;07:47:00;105;3 - Acidente com Danos Materiais;58;BR-381/SP;Sul;Engavetamento;1;3;;;;;1
19/05/2021;08:35:00;139;3 - Acidente com Danos Materiais;752,7;BR-381/MG;Norte;Tombamento;1;1;;;;;1
19/05/2021;12:35:00;242;2 - Acidente com VITIMA;82;BR-381/SP;Sul;Engavetamento;1;3;1;;;;1
19/05/2021;14:28:00;280;3 - Acidente com Danos Materiais;655;BR-381/MG;Sul;Colisão Lateral;1;2;;;;;1
19/05/2021;17:19:00;370;2 - Acidente com VITIMA;18,5;BR-381/SP;Norte;Colisão Traseira;1;2;;;1;;2
20/05/2021;11:10:00;193;3 - Acidente com Danos Materiais;510;BR-381/MG;Sul;Engavetamento;1;3;;;;;1
20/05/2021;15:16:00;285;2 - Acidente com VITIMA;482,7;BR-381/MG;Norte;Colisão Traseira;1;1;1;;;;1
20/05/2021;16:28:00;305;3 - Acidente com Danos Materiais;721;BR-381/MG;Norte;Colisão Traseira;1;8;;;;;1
20/05/2021;16:34:00;307;3 - Acidente com Danos Materiais;487;BR-381/MG;Norte;Colisão Lateral;1;2;;;;;1
20/05/2021;20:30:00;388;2 - Acidente com VITIMA;62,5;BR-381/SP;Sul;Choque - Talude;1;0;1;;;;1
20/05/2021;20:57:00;397;3 - Acidente com Danos Materiais;658,25;BR-381/MG;Norte;Choque - Defensa, barreira ou "submarino";1;1;;;;;1
20/05/2021;22:45:00;421;3 - Acidente com Danos Materiais;36,6;BR-381/SP;Norte;Colisão Traseira;1;2;;;;;1
21/05/2021;05:32:00;61;3 - Acidente com Danos Materiais;788;BR-381/MG;Norte;Choque - Defensa, barreira ou "submarino";1;1;;;;;1
21/05/2021;05:36:00;62;2 - Acidente com VITIMA;660;BR-381/MG;Norte;Colisão Traseira;1;1;;1;;;2
21/05/2021;06:12:00;67;3 - Acidente com Danos Materiais;597,2;BR-381/MG;Sul;Colisão Traseira;2;2;;;;;1
21/05/2021;07:06:00;89;3 - Acidente com Danos Materiais;777,1;BR-381/MG;Norte;Colisão Lateral;2;2;;;;;1
21/05/2021;08:01:00;116;2 - Acidente com VITIMA;888,3;BR-381/MG;Norte;Tombamento;1;0;;1;;;2
21/05/2021;08:56:00;141;2 - Acidente com VITIMA;486,5;BR-381/MG;Norte;Engavetamento;1;6;1;;;;1
21/05/2021;11:30:00;196;3 - Acidente com Danos Materiais;530;BR-381/MG;Sul;Colisão Lateral;2;2;;;;;1
21/05/2021;12:54:00;226;3 - Acidente com Danos Materiais;490,3;BR-381/MG;Norte;Colisão Lateral;1;2;;;;;1
21/05/2021;16:07:00;309;3 - Acidente com Danos Materiais;482;BR-381/MG;Sul;Colisão Lateral;1;2;;;;;1
21/05/2021;17:56:00;364;3 - Acidente com Danos Materiais;37;BR-381/SP;Norte;Colisão Lateral;1;2;;;;;1
21/05/2021;19:19:00;397;3 - Acidente com Danos Materiais;40,5;BR-381/SP;Norte;Colisão Lateral;1;2;;;;;1
21/05/2021;20:47:00;432;3 - Acidente com Danos Materiais;69,9;BR-381/SP;Sul;Choque - Elemento de Drenagem;1;1;;;;;1
21/05/2021;22:13:00;466;2 - Acidente com VITIMA;565;BR-381/MG;Sul;Colisão Traseira;1;2;1;;;;1
22/05/2021;06:30:00;69;3 - Acidente com Danos Materiais;61;BR-381/SP;Norte;Colisão Lateral;1;2;;;;;1
22/05/2021;06:30:00;70;3 - Acidente com Danos Materiais;480;BR-381/MG;Sul;Colisão Lateral;1;2;;;;;1
22/05/2021;12:15:00;192;3 - Acidente com Danos Materiais;61,2;BR-381/SP;Sul;Choque - Defensa, barreira ou "submarino";1;1;;;;;1
22/05/2021;12:48:00;204;3 - Acidente com Danos Materiais;55;BR-381/SP;Norte;Engavetamento;2;4;;;;;1
22/05/2021;18:40:00;317;2 - Acidente com VITIMA;670;BR-381/MG;Norte;Choque - Defensa, barreira ou "submarino";1;3;2;;;;1
22/05/2021;18:53:00;323;2 - Acidente com VITIMA;944;BR-381/MG;Sul;Choque - Defensa, barreira ou "submarino";1;1;1;;;;1
22/05/2021;19:23:00;336;2 - Acidente com VITIMA;512;BR-381/MG;Norte;Colisão Traseira;1;1;1;;;;1
23/05/2021;03:24:00;32;3 - Acidente com Danos Materiais;486;BR-381/MG;Sul;Colisão Traseira;1;2;;;;;1
23/05/2021;04:36:00;37;3 - Acidente com Danos Materiais;866,3;BR-381/MG;Sul;Tombamento;1;1;;;;;1
23/05/2021;04:43:00;38;3 - Acidente com Danos Materiais;560;BR-381/MG;Sul;Tombamento;1;1;;;;;1
23/05/2021;18:07:00;245;3 - Acidente com Danos Materiais;683;BR-381/MG;Norte;Colisão Traseira;2;2;;;;;1
23/05/2021;19:00:00;265;3 - Acidente com Danos Materiais;491,5;BR-381/MG;Sul;Colisão Traseira;1;2;;;;;1
23/05/2021;22:59:00;315;3 - Acidente com Danos Materiais;529;BR-381/MG;Sul;Atropelamento de Animal;1;1;;;;;1
24/05/2021;07:13:00;74;3 - Acidente com Danos Materiais;936;BR-381/MG;Norte;Choque - Elemento de Drenagem;1;1;;;;;1
24/05/2021;08:47:00;124;3 - Acidente com Danos Materiais;491,8;BR-381/MG;Sul;Choque - Defensa, barreira ou "submarino";1;1;;;;;1
24/05/2021;09:26:00;140;3 - Acidente com Danos Materiais;789,2;BR-381/MG;Norte;Choque - Defensa, barreira ou "submarino";1;1;;;;;1
24/05/2021;17:04:00;314;3 - Acidente com Danos Materiais;582;BR-381/MG;Norte;Tombamento;1;1;;;;;1
25/05/2021;03:00:00;39;2 - Acidente com VITIMA;537,4;BR-381/MG;Norte;Choque - Poste;1;0;2;;;;1
25/05/2021;03:55:00;46;3 - Acidente com Danos Materiais;528;BR-381/MG;Sul;Tombamento;2;2;;;;;1
25/05/2021;07:48:00;91;3 - Acidente com Danos Materiais;505;BR-381/MG;Norte;Colisão Traseira;1;2;;;;;1
25/05/2021;13:06:00;222;3 - Acidente com Danos Materiais;897,5;BR-381/MG;Sul;Colisão Traseira;1;2;;;;;1
25/05/2021;13:15:00;225;3 - Acidente com Danos Materiais;80,8;BR-381/SP;Sul;Colisão Traseira;2;2;;;;;1
25/05/2021;14:36:00;253;3 - Acidente com Danos Materiais;680,4;BR-381/MG;Sul;Choque - Elemento de Drenagem;1;1;;;;;1
26/05/2021;01:19:00;18;3 - Acidente com Danos Materiais;844,5;BR-381/MG;Sul;Atropelamento de Animal;1;1;;;;;1
26/05/2021;06:21:00;58;3 - Acidente com Danos Materiais;539;BR-381/MG;Norte;Colisão Traseira;1;2;;;;;1
26/05/2021;06:36:00;61;3 - Acidente com Danos Materiais;575;BR-381/MG;Sul;Choque - Defensa, barreira ou "submarino";1;3;;;;;1
26/05/2021;07:51:00;104;3 - Acidente com Danos Materiais;1;BR-381/SP;Sul;Colisão Traseira;1;2;;;;;1
26/05/2021;10:05:00;163;3 - Acidente com Danos Materiais;508;BR-381/MG;Sul;Choque - Elemento de Drenagem;1;1;;;;;1
26/05/2021;10:23:00;169;2 - Acidente com VITIMA;905,2;BR-381/MG;Norte;Colisão Traseira;1;0;2;;;;1
26/05/2021;13:15:00;240;3 - Acidente com Danos Materiais;7,57;BR-381/SP;Sul;Colisão Traseira;2;2;;;;;1
26/05/2021;18:59:00;378;3 - Acidente com Danos Materiais;498,6;BR-381/MG;Norte;Choque - Elemento de Drenagem;1;1;;;;;1
26/05/2021;23:43:00;459;2 - Acidente com VITIMA;923;BR-381/MG;Sul;Choque - Defensa, barreira ou "submarino";1;0;1;;;;1
26/05/2021;23:48:00;462;3 - Acidente com Danos Materiais;65,5;BR-381/SP;Norte;Colisão Traseira;1;2;;;;;1
27/05/2021;16:12:00;347;3 - Acidente com Danos Materiais;580;BR-381/MG;Sul;Choque - Elemento de Drenagem;1;1;;;;;1
27/05/2021;18:19:00;408;3 - Acidente com Danos Materiais;681;BR-381/MG;Sul;Tombamento;1;2;;;;;1
27/05/2021;18:20:00;409;3 - Acidente com Danos Materiais;945,4;BR-381/MG;Norte;Engavetamento;2;3;;;;;1
27/05/2021;18:24:00;412;3 - Acidente com Danos Materiais;725;BR-381/MG;Sul;Colisão Traseira;2;3;;;;;1
28/05/2021;11:21:00;223;2 - Acidente com VITIMA;65;BR-381/SP;Sul;Engavetamento;2;4;1;1;;;2
28/05/2021;13:59:00;275;3 - Acidente com Danos Materiais;86;BR-381/SP;Sul;Engavetamento;2;3;;;;;1
28/05/2021;16:00:00;322;3 - Acidente com Danos Materiais;690,4;BR-381/MG;Sul;Colisão Traseira;1;2;;;;;1
28/05/2021;23:28:00;481;3 - Acidente com Danos Materiais;545;BR-381/MG;Norte;Choque - Defensa, barreira ou "submarino";1;1;;;;;1
29/05/2021;01:31:00;33;2 - Acidente com VITIMA;759,8;BR-381/MG;Sul;Colisão Traseira;1;20;2;;;;1
29/05/2021;05:52:00;66;2 - Acidente com VITIMA;775,6;BR-381/MG;Sul;Colisão Traseira;2;1;1;;;;1
29/05/2021;08:46:00;139;3 - Acidente com Danos Materiais;785,5;BR-381/MG;Sul;Choque - Defensa, barreira ou "submarino";1;1;;;;;1
29/05/2021;09:45:00;168;3 - Acidente com Danos Materiais;505,6;BR-381/MG;Norte;Choque - Defensa, barreira ou "submarino";1;1;;;;;1
29/05/2021;14:30:00;272;2 - Acidente com VITIMA;849;BR-381/MG;Norte;Choque - Defensa, barreira ou "submarino";1;5;;1;;;2
29/05/2021;20:41:00;411;3 - Acidente com Danos Materiais;946;BR-381/MG;Norte;Choque - Defensa, barreira ou "submarino";1;1;;;;;1
30/05/2021;07:46:00;59;3 - Acidente com Danos Materiais;752,7;BR-381/MG;Norte;Colisão Traseira;1;3;;;;;1
30/05/2021;08:10:00;65;2 - Acidente com VITIMA;921,2;BR-381/MG;Sul;Tombamento;1;0;1;;;;1
30/05/2021;11:40:00;116;1 - Acidente com Vitima Fatal;54;BR-381/SP;Sul;Colisão Traseira;2;1;;;;2;3
30/05/2021;16:05:00;200;3 - Acidente com Danos Materiais;873,9;BR-381/MG;Sul;Choque - Defensa, barreira ou "submarino";1;3;;;;;1
31/05/2021;21:40:00;399;3 - Acidente com Danos Materiais;526,8;BR-381/MG;Sul;Choque - Elemento de Drenagem;1;1;;;;;1
31/05/2021;23:05:00;421;2 - Acidente com VITIMA;567;BR-381/MG;Norte;Colisão Frontal;2;1;;1;;;2
01/06/2021;03:14:00;35;3 - Acidente com Danos Materiais;889;BR-381/MG;Norte;Choque - Defensa, barreira ou "submarino";1;1;;;;;1
01/06/2021;06:26:00;59;3 - Acidente com Danos Materiais;565,8;BR-381/MG;Sul;Colisão Lateral;1;2;;;;;1