data;horario;n_da_ocorrencia;tipo_de_ocorrencia;km;trecho;sentido;tipo_de_acidente;caminhao;ilesos;levemente_feridos;moderadamente_feridos;gravemente_feridos;mortos;3
01/06/2021;11:02:00;203;3 - Acidente com Danos Materiais;33;BR-381/SP;Sul;Colisão Lateral;1;2;;;;;1
01/06/2021;11:18:00;209;3 - Acidente com Danos Materiais;948;BR-381/MG;Norte;Choque - Defensa, barreira ou "submarino";1;1;;;;;1
01/06/2021;15:14:00;290;1 - Acidente com Vitima Fatal;489,3;BR-381/MG;Norte;Atropelamento - Andarilho;1;1;;;;1;3
01/06/2021;15:17:00;293;3 - Acidente com Danos Materiais;78,8;BR-381/SP;Norte;Choque - Defensa, barreira ou "submarino";1;1;;;;;1
01/06/2021;19:50:00;372;3 - Acidente com Danos Materiais;90;BR-381/SP;Norte;Colisão Traseira;1;2;;;;;1
01/06/2021;21:38:00;408;2 - Acidente com VITIMA;76,8;BR-381/SP;Sul;Tombamento;1;0;1;;;;1
01/06/2021;22:55:00;423;1 - Acidente com Vitima Fatal;36;BR-381/SP;Norte;Colisão Traseira;1;2;;;;1;3
02/06/2021;02:21:00;35;3 - Acidente com Danos Materiais;699,5;BR-381/MG;Norte;Choque - Elemento de Drenagem;1;1;;;;;1
02/06/2021;04:01:00;47;3 - Acidente com Danos Materiais;651;BR-381/MG;Norte;Choque - Talude;1;1;;;;;1
02/06/2021;07:57:00;108;2 - Acidente com VITIMA;855,8;BR-381/MG;Sul;Colisão Lateral;1;1;;;1;;2
02/06/2021;09:42:00;162;3 - Acidente com Danos Materiais;941,1;BR-381/MG;Norte;Tombamento;1;1;;;;;1
02/06/2021;14:37:00;265;3 - Acidente com Danos Materiais;790,2;BR-381/MG;Sul;Choque - Elemento de Drenagem;1;1;;;;;1
03/06/2021;09:17:00;108;3 - Acidente com Danos Materiais;721,2;BR-381/MG;Norte;Tombamento;1;1;;;;;1
03/06/2021;09:49:00;119;3 - Acidente com Danos Materiais;853,9;BR-381/MG;Norte;Engavetamento;1;6;;;;;1
03/06/2021;13:10:00;198;1 - Acidente com Vitima Fatal;64,9;BR-381/SP;Sul;Choque - Defensa, barreira ou "submarino";1;0;1;;;1;3
04/06/2021;03:58:00;33;2 - Acidente com VITIMA;674;BR-381/MG;Sul;Tombamento;1;0;1;;;;1
04/06/2021;09:27:00;121;3 - Acidente com Danos Materiais;48,6;BR-381/SP;Sul;Choque - Talude;1;1;;;;;1
04/06/2021;14:27:00;208;3 - Acidente com Danos Materiais;89,9;BR-381/SP;Sul;Colisão Traseira;1;2;;;;;1
04/06/2021;14:27:00;209;3 - Acidente com Danos Materiais;915;BR-381/MG;Norte;Colisão Lateral;1;3;;;;;1
04/06/2021;21:49:00;376;3 - Acidente com Danos Materiais;776;BR-381/MG;Sul;Atropelamento de Animal;1;1;;;;;1
04/06/2021;22:53:00;391;3 - Acidente com Danos Materiais;851,5;BR-381/MG;Norte;Choque - Elemento de Drenagem;1;1;;;;;1
05/06/2021;03:41:00;34;3 - Acidente com Danos Materiais;41,5;BR-381/SP;Norte;Engavetamento;1;6;;;;;1
05/06/2021;07:52:00;95;1 - Acidente com Vitima Fatal;688,1;BR-381/MG;Norte;Tombamento;1;0;;;;1;3
05/06/2021;08:45:00;109;2 - Acidente com VITIMA;932,4;BR-381/MG;Norte;Tombamento;1;0;;1;;;2
05/06/2021;12:01:00;155;3 - Acidente com Danos Materiais;597;BR-381/MG;Norte;Colisão Lateral;1;2;;;;;1
05/06/2021;21:59:00;342;2 - Acidente com VITIMA;532;BR-381/MG;Norte;Tombamento;1;0;;1;1;;2
06/06/2021;11:18:00;119;2 - Acidente com VITIMA;559,8;BR-381/MG;Sul;Tombamento;1;2;;1;;;2
06/06/2021;17:18:00;246;2 - Acidente com VITIMA;45,5;BR-381/SP;Sul;Engavetamento;2;2;;1;;;2
06/06/2021;21:22:00;320;1 - Acidente com Vitima Fatal;834,2;BR-381/MG;Sul;Atropelamento - Usuário;1;1;;;;1;3
07/06/2021;06:51:00;65;3 - Acidente com Danos Materiais;919,1;BR-381/MG;Sul;Colisão Traseira;1;2;;;;;1
07/06/2021;07:24:00;85;3 - Acidente com Danos Materiais;7,5;BR-381/SP;Norte;Colisão Traseira;2;2;;;;;1
07/06/2021;13:36:00;246;3 - Acidente com Danos Materiais;78,5;BR-381/SP;Sul;Colisão Traseira;1;2;;;;;1
07/06/2021;13:55:00;251;3 - Acidente com Danos Materiais;52;BR-381/SP;Norte;Colisão Traseira;1;37;;;;;1
07/06/2021;16:51:00;327;2 - Acidente com VITIMA;484;BR-381/MG;Norte;Engavetamento;1;2;1;;;;1
07/06/2021;17:06:00;334;2 - Acidente com VITIMA;894,5;BR-381/MG;Sul;Tombamento;1;1;2;;;;1
07/06/2021;19:57:00;398;3 - Acidente com Danos Materiais;907,4;BR-381/MG;Sul;Choque - Elemento de Drenagem;1;1;;;;;1
07/06/2021;21:20:00;417;2 - Acidente com VITIMA;705;BR-381/MG;Sul;Tombamento;1;0;1;;;;1
07/06/2021;22:14:00;433;2 - Acidente com VITIMA;479,85;BR-381/MG;Sul;Colisão Lateral;1;2;1;;;;1
08/06/2021;04:55:00;52;3 - Acidente com Danos Materiais;489;BR-381/MG;Norte;Choque - Defensa, barreira ou "submarino";1;1;;;;;1
08/06/2021;09:10:00;120;3 - Acidente com Danos Materiais;829;BR-381/MG;Sul;Tombamento;1;1;;;;;1
08/06/2021;09:57:00;143;3 - Acidente com Danos Materiais;843;BR-381/MG;Sul;Colisão Traseira;2;2;;;;;1
08/06/2021;16:17:00;271;3 - Acidente com Danos Materiais;478;BR-381/MG;Sul;Colisão Traseira;1;2;;;;;1
08/06/2021;18:49:00;325;2 - Acidente com VITIMA;756,4;BR-381/MG;Sul;Tombamento;1;0;1;;;;1
09/06/2021;03:41:00;47;2 - Acidente com VITIMA;880,9;BR-381/MG;Norte;Colisão Traseira;2;1;1;;;;1
09/06/2021;07:32:00;93;3 - Acidente com Danos Materiais;580;BR-381/MG;Sul;Colisão Lateral;1;2;;;;;1
09/06/2021;09:54:00;168;2 - Acidente com VITIMA;918;BR-381/MG;Sul;Outros;1;1;1;;;;1
09/06/2021;10:04:00;179;2 - Acidente com VITIMA;660;BR-381/MG;Norte;Colisão Traseira;2;2;;;1;;2
09/06/2021;10:16:00;183;3 - Acidente com Danos Materiais;858,7;BR-381/MG;Norte;Colisão Traseira;1;2;;;;;1
09/06/2021;11:56:00;217;3 - Acidente com Danos Materiais;498,7;BR-381/MG;Sul;Engavetamento;2;5;;;;;1
09/06/2021;23:15:00;449;3 - Acidente com Danos Materiais;669;BR-381/MG;Norte;Colisão Lateral;1;2;;;;;1
09/06/2021;23:19:00;451;3 - Acidente com Danos Materiais;721,2;BR-381/MG;Sul;Tombamento;1;1;;;;;1
10/06/2021;04:24:00;62;3 - Acidente com Danos Materiais;940,5;BR-381/MG;Sul;Atropelamento de Animal;1;1;;;;;1
10/06/2021;06:33:00;82;3 - Acidente com Danos Materiais;705,15;BR-381/MG;Sul;Choque - Defensa, barreira ou "submarino";1;1;;;;;1
10/06/2021;12:56:00;241;3 - Acidente com Danos Materiais;590;BR-381/MG;Sul;Colisão Traseira;1;2;;;;;1
10/06/2021;19:24:00;403;3 - Acidente com Danos Materiais;491,5;BR-381/MG;Sul;Colisão Lateral;1;2;;;;;1
10/06/2021;20:18:00;422;3 - Acidente com Danos Materiais;875;BR-381/MG;Norte;Colisão Traseira;2;2;;;;;1
11/06/2021;08:35:00;126;2 - Acidente com VITIMA;501,2;BR-381/MG;Norte;Colisão Traseira;1;1;1;;;;1
11/06/2021;09:49:00;158;3 - Acidente com Danos Materiais;940,2;BR-381/MG;Sul;Engavetamento;4;4;;;;;1
11/06/2021;11:23:00;187;2 - Acidente com VITIMA;939,2;BR-381/MG;Sul;Colisão Traseira;1;1;1;;;;1
11/06/2021;12:14:00;200;3 - Acidente com Danos Materiais;498;BR-381/MG;Sul;Engavetamento;1;3;;;;;1
11/06/2021;13:14:00;226;3 - Acidente com Danos Materiais;498;BR-381/MG;Norte;Colisão Traseira;2;2;;;;;1
11/06/2021;14:15:00;244;3 - Acidente com Danos Materiais;540,3;BR-381/MG;Norte;Colisão Traseira;3;4;;;;;1
11/06/2021;14:36:00;252;3 - Acidente com Danos Materiais;730;BR-381/MG;Sul;Choque - Defensa, barreira ou "submarino";1;3;;;;;1
11/06/2021;19:40:00;374;3 - Acidente com Danos Materiais;673;BR-381/MG;Norte;Colisão Traseira;2;3;;;;;1
12/06/2021;07:29:00;92;3 - Acidente com Danos Materiais;941;BR-381/MG;Norte;Choque - Defensa, barreira ou "submarino";1;1;;;;;1
12/06/2021;09:46:00;131;3 - Acidente com Danos Materiais;724,8;BR-381/MG;Norte;Choque - Defensa, barreira ou "submarino";1;1;;;;;1
12/06/2021;10:19:00;141;3 - Acidente com Danos Materiais;539,7;BR-381/MG;Norte;Colisão Traseira;1;2;;;;;1
12/06/2021;12:26:00;175;3 - Acidente com Danos Materiais;494,3;BR-381/MG;Norte;Colisão Traseira;1;2;;;;;1
12/06/2021;16:16:00;244;2 - Acidente com VITIMA;564;BR-381/MG;Norte;Tombamento;1;0;1;;;;1
12/06/2021;20:41:00;320;2 - Acidente com VITIMA;525,6;BR-381/MG;Sul;Capotamento;1;0;1;;;;1
12/06/2021;21:22:00;331;2 - Acidente com VITIMA;707,1;BR-381/MG;Norte;Tombamento;1;0;1;;;;1
13/06/2021;02:08:00;37;3 - Acidente com Danos Materiais;77;BR-381/SP;Sul;Choque - Defensa, barreira ou "submarino";1;1;;;;;1
13/06/2021;08:57:00;95;3 - Acidente com Danos Materiais;491,7;BR-381/MG;Norte;Colisão Traseira;1;2;;;;;1
14/06/2021;09:16:00;124;2 - Acidente com VITIMA;495;BR-381/MG;Norte;Colisão Traseira;1;3;1;;;;1
14/06/2021;18:29:00;340;2 - Acidente com VITIMA;86,3;BR-381/SP;Norte;Tombamento;1;1;;;1;;2
15/06/2021;07:07:00;59;3 - Acidente com Danos Materiais;537;BR-381/MG;Sul;Colisão Traseira;2;2;;;;;1
15/06/2021;08:47:00;101;3 - Acidente com Danos Materiais;620,5;BR-381/MG;Sul;Choque - Defensa, barreira ou "submarino";1;1;;;;;1
15/06/2021;10:52:00;172;2 - Acidente com VITIMA;484,5;BR-381/MG;Sul;Colisão Traseira;1;1;1;;;;1
15/06/2021;12:08:00;196;3 - Acidente com Danos Materiais;33;BR-381/SP;Norte;Colisão Traseira;1;2;;;;;1
15/06/2021;13:44:00;229;3 - Acidente com Danos Materiais;86;BR-381/SP;Norte;Choque - Defensa, barreira ou "submarino";1;2;;;;;1
15/06/2021;18:10:00;323;3 - Acidente com Danos Materiais;74;BR-381/SP;Sul;Objeto lançado contra veículo;1;3;;;;;1
15/06/2021;23:14:00;388;3 - Acidente com Danos Materiais;884;BR-381/MG;Norte;Atropelamento de Animal;1;2;;;;;1
15/06/2021;23:19:00;392;3 - Acidente com Danos Materiais;886,5;BR-381/MG;Sul;Atropelamento de Animal;1;1;;;;;1
16/06/2021;03:08:00;41;2 - Acidente com VITIMA;755,7;BR-381/MG;Norte;Colisão Traseira;2;1;1;;;;1
16/06/2021;04:05:00;49;3 - Acidente com Danos Materiais;529;BR-381/MG;Norte;Choque - Elemento de Drenagem;1;1;;;;;1
16/06/2021;09:20:00;149;3 - Acidente com Danos Materiais;483;BR-381/MG;Norte;Engavetamento;1;3;;;;;1
16/06/2021;10:02:00;168;3 - Acidente com Danos Materiais;89;BR-381/SP;Sul;Colisão Traseira;1;2;;;;;1
16/06/2021;12:51:00;230;2 - Acidente com VITIMA;63;BR-381/SP;Sul;Colisão Traseira;2;1;;1;;;2
16/06/2021;23:23:00;421;3 - Acidente com Danos Materiais;713;BR-381/MG;Sul;Tombamento;1;3;;;;;1
17/06/2021;06:45:00;64;2 - Acidente com VITIMA;740,2;BR-381/MG;Norte;Engavetamento;3;2;1;;;;1
17/06/2021;07:37:00;91;3 - Acidente com Danos Materiais;597;BR-381/MG;Norte;Colisão Traseira;1;2;;;;;1
17/06/2021;10:41:00;174;3 - Acidente com Danos Materiais;845;BR-381/MG;Norte;Colisão Traseira;2;2;;;;;1
17/06/2021;11:38:00;196;3 - Acidente com Danos Materiais;749;BR-381/MG;Norte;Colisão Traseira;1;2;;;;;1
17/06/2021;15:41:00;291;3 - Acidente com Danos Materiais;68;BR-381/SP;Norte;Tombamento;1;3;;;;;1
17/06/2021;16:49:00;320;3 - Acidente com Danos Materiais;6;BR-381/SP;Norte;Colisão Traseira;1;2;;;;;1
17/06/2021;18:47:00;353;3 - Acidente com Danos Materiais;529,5;BR-381/MG;Sul;Colisão Lateral;2;2;;;;;1
17/06/2021;21:01:00;391;3 - Acidente com Danos Materiais;508;BR-381/MG;Norte;Colisão Traseira;3;3;;;;;1
17/06/2021;23:01:00;423;3 - Acidente com Danos Materiais;78,5;BR-381/SP;Norte;Colisão Lateral;1;2;;;;;1
18/06/2021;00:06:00;10;2 - Acidente com VITIMA;867,5;BR-381/MG;Sul;Choque - Defensa, barreira ou "submarino";1;0;1;;1;;2
18/06/2021;10:29:00;177;2 - Acidente com VITIMA;889;BR-381/MG;Sul;Choque - Defensa, barreira ou "submarino";1;0;1;;;;1
18/06/2021;10:35:00;179;2 - Acidente com VITIMA;739,3;BR-381/MG;Norte;Engavetamento;1;2;1;;;;1
18/06/2021;14:35:00;252;3 - Acidente com Danos Materiais;491;BR-381/MG;Norte;Colisão Traseira;1;2;;;;;1
18/06/2021;19:03:00;368;3 - Acidente com Danos Materiais;829;BR-381/MG;Norte;Tombamento;2;6;;;;;1
18/06/2021;23:23:00;445;3 - Acidente com Danos Materiais;519;BR-381/MG;Sul;Colisão Lateral;2;2;;;;;1
19/06/2021;04:12:00;45;3 - Acidente com Danos Materiais;525;BR-381/MG;Sul;Colisão Lateral;1;2;;;;;1
19/06/2021;07:56:00;107;3 - Acidente com Danos Materiais;916;BR-381/MG;Norte;Engavetamento;3;3;;;;;1
19/06/2021;12:44:00;211;3 - Acidente com Danos Materiais;521,6;BR-381/MG;Sul;Tombamento;1;1;;;;;1
19/06/2021;23:58:00;406;2 - Acidente com VITIMA;86;BR-381/SP;Norte;Choque - Veiculo parado no acostamento;1;1;2;;;;1
20/06/2021;03:26:00;35;2 - Acidente com VITIMA;940,6;BR-381/MG;Norte;Choque - Defensa, barreira ou "submarino";1;2;1;;;;1
20/06/2021;09:10:00;89;3 - Acidente com Danos Materiais;894;BR-381/MG;Norte;Choque - Defensa, barreira ou "submarino";1;1;;;;;1
20/06/2021;20:41:00;318;2 - Acidente com VITIMA;536;BR-381/MG;Norte;Tombamento;1;0;1;;;;1
21/06/2021;06:11:00;39;3 - Acidente com Danos Materiais;686,9;BR-381/MG;Sul;Colisão Traseira;1;2;;;;;1
21/06/2021;07:33:00;73;3 - Acidente com Danos Materiais;71,1;BR-381/SP;Norte;Choque - Talude;1;1;;;;;1
21/06/2021;08:21:00;97;3 - Acidente com Danos Materiais;77,8;BR-381/SP;Norte;Choque - Talude;1;1;;;;;1
21/06/2021;14:45:00;224;3 - Acidente com Danos Materiais;491,3;BR-381/MG;Norte;Choque - Veiculo parado no acostamento;1;2;;;;;1
21/06/2021;17:39:00;299;3 - Acidente com Danos Materiais;36;BR-381/SP;Norte;Engavetamento;2;3;;;;;1
21/06/2021;15:48:00;316;3 - Acidente com Danos Materiais;29;BR-381/SP;Norte;Choque - Outros;1;1;;;;;1
21/06/2021;18:51:00;321;1 - Acidente com Vitima Fatal;526,8;BR-381/MG;Sul;Capotamento;1;0;;;;1;3
21/06/2021;22:30:00;382;3 - Acidente com Danos Materiais;781;BR-381/MG;Norte;Atropelamento de Animal;1;1;;;;;1
21/06/2021;23:57:00;401;3 - Acidente com Danos Materiais;491,1;BR-381/MG;Norte;Atropelamento de Animal;1;1;;;;;1
22/06/2021;03:37:00;38;2 - Acidente com VITIMA;921,4;BR-381/MG;Sul;Colisão Traseira;2;1;;;1;;2
22/06/2021;04:49:00;51;2 - Acidente com VITIMA;801,8;BR-381/MG;Sul;Tombamento;1;0;1;;;;1
22/06/2021;05:13:00;54;3 - Acidente com Danos Materiais;936,8;BR-381/MG;Norte;Choque - Talude;1;1;;;;;1
22/06/2021;06:53:00;75;3 - Acidente com Danos Materiais;906;BR-381/MG;Norte;Colisão Traseira;1;5;;;;;1
22/06/2021;07:51:00;99;3 - Acidente com Danos Materiais;493;BR-381/MG;Norte;Colisão Traseira;1;2;;;;;1
22/06/2021;07:57:00;101;3 - Acidente com Danos Materiais;904;BR-381/MG;Sul;Choque - Defensa, barreira ou "submarino";1;1;;;;;1
22/06/2021;10:35:00;161;3 - Acidente com Danos Materiais;75;BR-381/SP;Sul;Colisão Traseira;1;2;;;;;1
22/06/2021;11:35:00;183;3 - Acidente com Danos Materiais;688,1;BR-381/MG;Norte;Choque - Defensa, barreira ou "submarino";1;1;;;;;1
22/06/2021;14:02:00;234;3 - Acidente com Danos Materiais;528;BR-381/MG;Norte;Colisão Traseira;1;2;;;;;1
22/06/2021;16:16:00;284;3 - Acidente com Danos Materiais;811;BR-381/MG;Sul;Colisão Traseira;1;2;;;;;1
22/06/2021;20:57:00;388;3 - Acidente com Danos Materiais;50;BR-381/SP;Sul;Colisão Traseira;1;2;;;;;1
23/06/2021;01:32:00;30;3 - Acidente com Danos Materiais;832,3;BR-381/MG;Sul;Tombamento;1;2;;;;;1
23/06/2021;02:27:00;41;3 - Acidente com Danos Materiais;671;BR-381/MG;Norte;Choque - Defensa, barreira ou "submarino";1;2;;;;;1
23/06/2021;05:34:00;61;3 - Acidente com Danos Materiais;694,1;BR-381/MG;Norte;Tombamento;1;1;;;;;1
23/06/2021;07:04:00;80;3 - Acidente com Danos Materiais;948,2;BR-381/MG;Norte;Colisão Traseira;2;2;;;;;1
23/06/2021;07:08:00;83;2 - Acidente com VITIMA;506,7;BR-381/MG;Norte;Engavetamento;3;8;;2;1;;2
23/06/2021;13:24:00;217;2 - Acidente com VITIMA;478;BR-381/MG;Norte;Colisão Lateral;1;1;;1;;;2
23/06/2021;20:10:00;379;3 - Acidente com Danos Materiais;7,5;BR-381/SP;Norte;Choque - Defensa, barreira ou "submarino";1;1;;;;;1
23/06/2021;21:37:00;398;3 - Acidente com Danos Materiais;887;BR-381/MG;Norte;Colisão Traseira;1;3;;;;;1
24/06/2021;00:12:00;7;2 - Acidente com VITIMA;493,4;BR-381/MG;Sul;Colisão Traseira;1;1;1;;;;1
24/06/2021;06:49:00;85;3 - Acidente com Danos Materiais;55;BR-381/SP;Sul;Colisão Lateral;1;2;;;;;1
24/06/2021;09:26:00;157;3 - Acidente com Danos Materiais;846,8;BR-381/MG;Sul;Colisão Lateral;1;2;;;;;1
24/06/2021;10:09:00;172;3 - Acidente com Danos Materiais;736,7;BR-381/MG;Norte;Colisão Lateral;2;2;;;;;1
24/06/2021;10:38:00;185;3 - Acidente com Danos Materiais;8,5;BR-381/SP;Sul;Colisão Lateral;1;2;;;;;1
24/06/2021;12:18:00;217;3 - Acidente com Danos Materiais;855;BR-381/MG;Norte;Engavetamento;2;3;;;;;1
24/06/2021;12:38:00;225;2 - Acidente com VITIMA;4;BR-381/MG-CONT;Norte;Capotamento;1;1;1;;;;1
24/06/2021;16:22:00;299;3 - Acidente com Danos Materiais;503,996;BR-381/MG;Sul;Colisão Lateral;1;2;;;;;1
24/06/2021;18:06:00;333;2 - Acidente com VITIMA;933;BR-381/MG;Norte;Colisão Traseira;1;1;1;;;;1
24/06/2021;19:32:00;365;3 - Acidente com Danos Materiais;926;BR-381/MG;Norte;Colisão Lateral;1;2;;;;;1
25/06/2021;05:51:00;43;3 - Acidente com Danos Materiais;934;BR-381/MG;Norte;Tombamento;1;1;;;;;1
25/06/2021;06:22:00;47;2 - Acidente com VITIMA;830,5;BR-381/MG;Sul;Tombamento;1;1;;1;;;2
25/06/2021;09:16:00;123;2 - Acidente com VITIMA;494,8;BR-381/MG;Sul;Objeto lançado contra veículo;1;1;1;;;;1
25/06/2021;10:02:00;140;3 - Acidente com Danos Materiais;943,8;BR-381/MG;Sul;Engavetamento;3;10;;;;;1
25/06/2021;12:38:00;205;3 - Acidente com Danos Materiais;492;BR-381/MG;Norte;Colisão Lateral;1;2;;;;;1
25/06/2021;15:16:00;263;3 - Acidente com Danos Materiais;524;BR-381/MG;Sul;Choque - Defensa, barreira ou "submarino";1;1;;;;;1
25/06/2021;16:03:00;280;3 - Acidente com Danos Materiais;840,9;BR-381/MG;Norte;Choque - Elemento de Drenagem;1;1;;;;;1
25/06/2021;23:37:00;415;2 - Acidente com VITIMA;595;BR-381/MG;Sul;Colisão Traseira;1;1;3;;;;1
26/06/2021;09:12:00;103;3 - Acidente com Danos Materiais;7,57;BR-381/SP;Sul;Choque - Defensa, barreira ou "submarino";1;1;;;;;1
26/06/2021;09:25:00;109;3 - Acidente com Danos Materiais;722;BR-381/MG;Sul;Tombamento;1;1;;;;;1
26/06/2021;09:57:00;128;2 - Acidente com VITIMA;500,3;BR-381/MG;Norte;Colisão Lateral;1;3;1;;;;1
26/06/2021;18:25:00;325;3 - Acidente com Danos Materiais;864;BR-381/MG;Sul;Capotamento;1;3;;;;;1
27/06/2021;16:52:00;206;2 - Acidente com VITIMA;85,8;BR-381/SP;Sul;Colisão Lateral;1;1;;1;;;2
27/06/2021;17:38:00;216;2 - Acidente com VITIMA;534,8;BR-381/MG;Sul;Choque - Veiculo parado na pista;1;1;1;;;;1
27/06/2021;21:21:00;267;3 - Acidente com Danos Materiais;541;BR-381/MG;Norte;Colisão Traseira;2;2;;;;;1
28/06/2021;11:02:00;185;2 - Acidente com VITIMA;916,201;BR-381/MG;Sul;Engavetamento;1;4;1;;;;1
29/06/2021;03:30:00;28;2 - Acidente com VITIMA;754,9;BR-381/MG;Norte;Tombamento;3;2;1;;;;1
29/06/2021;10:23:00;144;2 - Acidente com VITIMA;523,8;BR-381/MG;Norte;Colisão Traseira;2;1;1;1;;;2
29/06/2021;12:48:00;193;3 - Acidente com Danos Materiais;782;BR-381/MG;Norte;Colisão Traseira;2;3;;;;;1
29/06/2021;23:46:00;403;3 - Acidente com Danos Materiais;482;BR-381/MG;Norte;Colisão Traseira;1;2;;;;;1
30/06/2021;10:14:00;147;3 - Acidente com Danos Materiais;65;BR-381/SP;Norte;Tombamento;1;1;;;;;1
30/06/2021;19:40:00;315;3 - Acidente com Danos Materiais;492;BR-381/MG;Norte;Colisão Lateral;1;2;;;;;1
30/06/2021;19:40:00;316;3 - Acidente com Danos Materiais;940,14;BR-381/MG;Norte;Colisão Lateral;1;2;;;;;1
30/06/2021;23:33:00;364;2 - Acidente com VITIMA;69,5;BR-381/SP;Norte;Tombamento;1;0;1;;;;1
01/07/2021;05:42:00;45;3 - Acidente com Danos Materiais;725;BR-381/MG;Norte;Tombamento;1;1;;;;;1
01/07/2021;07:27:00;78;3 - Acidente com Danos Materiais;35,5;BR-381/SP;Norte;Colisão Lateral;1;2;;;;;1
01/07/2021;12:57:00;204;1 - Acidente com Vitima Fatal;699,4;BR-381/MG;Norte;Choque - Talude;1;0;;;;1;3
01/07/2021;20:29:00;378;2 - Acidente com VITIMA;755,579;BR-381/MG;Norte;Colisão Lateral;1;4;1;;;;1
02/07/2021;00:22:00;9;2 - Acidente com VITIMA;728,5;BR-381/MG;Sul;Capotamento;1;1;1;;;;1
02/07/2021;00:55:00;15;1 - Acidente com Vitima Fatal;928,5;BR-381/MG;Norte;Atropelamento - Sem Informação;1;1;;;;1;3
02/07/2021;08:29:00;121;3 - Acidente com Danos Materiais;766,2;BR-381/MG;Sul;Choque - Talude;1;1;;;;;1
02/07/2021;10:07:00;167;3 - Acidente com Danos Materiais;78,7;BR-381/SP;Norte;Tombamento;1;1;;;;;1
02/07/2021;19:49:00;369;3 - Acidente com Danos Materiais;900,88;BR-381/MG;Norte;Engavetamento;1;3;;;;;1
02/07/2021;21:23:00;416;2 - Acidente com VITIMA;57,3;BR-381/SP;Norte;Engavetamento;1;15;4;;;;1
03/07/2021;06:35:00;57;3 - Acidente com Danos Materiais;507;BR-381/MG;Sul;Colisão Lateral;1;2;;;;;1
03/07/2021;07:36:00;79;3 - Acidente com Danos Materiais;831;BR-381/MG;Norte;Tombamento;1;1;;;;;1
03/07/2021;11:41:00;174;3 - Acidente com Danos Materiais;496,7;BR-381/MG;Norte;Colisão Traseira;1;2;;;;;1
03/07/2021;15:28:00;257;3 - Acidente com Danos Materiais;926;BR-381/MG;Sul;Tombamento;1;1;;;;;1
03/07/2021;18:11:00;325;3 - Acidente com Danos Materiais;753;BR-381/MG;Sul;Colisão Lateral;1;4;;;;;1
03/07/2021;19:40:00;354;2 - Acidente com VITIMA;920;BR-381/MG;Sul;Colisão Traseira;2;1;;1;;;2
04/07/2021;00:31:00;13;2 - Acidente com VITIMA;783,8;BR-381/MG;Norte;Choque - Suporte de Sinalização;1;1;1;;;;1
04/07/2021;13:42:00;164;2 - Acidente com VITIMA;490;BR-381/MG;Sul;Colisão Frontal;1;1;2;;;;1
04/07/2021;16:24:00;222;3 - Acidente com Danos Materiais;827;BR-381/MG;Norte;Colisão Traseira;1;2;;;;;1
04/07/2021;17:19:00;240;3 - Acidente com Danos Materiais;511,502;BR-381/MG;Norte;Colisão Lateral;1;2;;;;;1
04/07/2021;21:07:00;308;3 - Acidente com Danos Materiais;855;BR-381/MG;Sul;Colisão Traseira;1;2;;;;;1
05/07/2021;07:10:00;56;3 - Acidente com Danos Materiais;888,3;BR-381/MG;Norte;Choque - Defensa, barreira ou "submarino";1;1;;;;;1
05/07/2021;09:17:00;120;3 - Acidente com Danos Materiais;61,3;BR-381/SP;Sul;Choque - Defensa, barreira ou "submarino";1;1;;;;;1
05/07/2021;11:14:00;153;2 - Acidente com VITIMA;616,8;BR-381/MG;Sul;Choque - Defensa, barreira ou "submarino";1;0;;1;;;2
05/07/2021;15:35:00;252;2 - Acidente com VITIMA;867,899;BR-381/MG;Norte;Tombamento;1;1;3;;;;1
05/07/2021;17:49:00;298;3 - Acidente com Danos Materiais;491,9;BR-381/MG;Norte;Colisão Lateral;1;2;;;;;1
05/07/2021;18:11:00;309;3 - Acidente com Danos Materiais;482;BR-381/MG;Sul;Colisão Lateral;1;2;;;;;1
06/07/2021;01:39:00;21;2 - Acidente com VITIMA;543;BR-381/MG;Norte;Colisão Traseira;2;2;1;;;;1
06/07/2021;03:42:00;37;3 - Acidente com Danos Materiais;521;BR-381/MG;Norte;Choque - Defensa, barreira ou "submarino";1;1;;;;;1