data;horario;n_da_ocorrencia;tipo_de_ocorrencia;km;trecho;sentido;tipo_de_acidente;caminhao;ilesos;levemente_feridos;moderadamente_feridos;gravemente_feridos;mortos;3
06/07/2021;10:49:00;185;3 - Acidente com Danos Materiais;521,4;BR-381/MG;Norte;Colisão Traseira;1;2;;;;;1
06/07/2021;11:54:00;206;3 - Acidente com Danos Materiais;499,8;BR-381/MG;Norte;Engavetamento;1;5;;;;;1
06/07/2021;13:23:00;238;3 - Acidente com Danos Materiais;481;BR-381/MG;Norte;Choque - Outros;1;2;;;;;1
06/07/2021;16:45:00;325;3 - Acidente com Danos Materiais;72;BR-381/SP;Norte;Colisão Traseira;1;2;;;;;1
06/07/2021;16:50:00;328;3 - Acidente com Danos Materiais;490;BR-381/MG;Sul;Colisão Lateral;1;2;;;;;1
06/07/2021;21:36:00;406;3 - Acidente com Danos Materiais;871;BR-381/MG;Norte;Choque - Elemento de Drenagem;1;1;;;;;1
07/07/2021;07:56:00;95;2 - Acidente com VITIMA;491,7;BR-381/MG;Sul;Capotamento;1;1;1;;;;1
07/07/2021;14:28:00;265;2 - Acidente com VITIMA;484,2;BR-381/MG;Norte;Colisão Traseira;1;1;1;;;;1
07/07/2021;16:33:00;326;3 - Acidente com Danos Materiais;1;BR-381/SP;Norte;Colisão Lateral;1;2;;;;;1
07/07/2021;17:10:00;333;2 - Acidente com VITIMA;725;BR-381/MG;Sul;Colisão Traseira;1;1;;;1;;2
08/07/2021;01:58:00;22;3 - Acidente com Danos Materiais;683,5;BR-381/MG;Norte;Engavetamento;2;3;;;;;1
08/07/2021;02:01:00;24;3 - Acidente com Danos Materiais;766,1;BR-381/MG;Norte;Colisão Traseira;2;2;;;;;1
08/07/2021;06:39:00;56;3 - Acidente com Danos Materiais;658,25;BR-381/MG;Sul;Colisão Traseira;2;2;;;;;1
08/07/2021;07:42:00;91;3 - Acidente com Danos Materiais;63,96;BR-381/SP;Norte;Engavetamento;1;3;;;;;1
08/07/2021;08:23:00;112;3 - Acidente com Danos Materiais;647,5;BR-381/MG;Norte;Colisão Lateral;1;2;;;;;1
08/07/2021;09:57:00;147;3 - Acidente com Danos Materiais;60;BR-381/SP;Norte;Colisão Lateral;1;3;;;;;1
08/07/2021;16:45:00;302;3 - Acidente com Danos Materiais;38;BR-381/SP;Norte;Engavetamento;1;3;;;;;1
08/07/2021;17:41:00;334;1 - Acidente com Vitima Fatal;726,8;BR-381/MG;Norte;Capotamento;1;0;;;;1;3
08/07/2021;18:42:00;363;3 - Acidente com Danos Materiais;72;BR-381/SP;Norte;Choque - Talude;1;1;;;;;1
09/07/2021;09:22:00;163;1 - Acidente com Vitima Fatal;797;BR-381/MG;Norte;Engavetamento;2;8;;;;2;3
09/07/2021;13:23:00;259;2 - Acidente com VITIMA;905,8;BR-381/MG;Norte;Colisão Lateral;1;1;1;;;;1
09/07/2021;13:35:00;266;2 - Acidente com VITIMA;905,8;BR-381/MG;Norte;Engavetamento;1;6;1;;;;1
09/07/2021;21:17:00;467;3 - Acidente com Danos Materiais;690,5;BR-381/MG;Sul;Colisão Lateral;1;2;;;;;1
10/07/2021;07:27:00;77;3 - Acidente com Danos Materiais;25,95;BR-381/SP;Norte;Colisão Lateral;1;2;;;;;1
10/07/2021;11:49:00;155;3 - Acidente com Danos Materiais;491;BR-381/MG;Norte;Colisão Traseira;1;3;;;;;1
10/07/2021;18:02:00;272;3 - Acidente com Danos Materiais;805,1;BR-381/MG;Sul;Colisão Lateral;2;2;;;;;1
10/07/2021;19:20:00;317;3 - Acidente com Danos Materiais;678;BR-381/MG;Sul;Colisão Lateral;1;3;;;;;1
10/07/2021;20:58:00;338;2 - Acidente com VITIMA;746;BR-381/MG;Norte;Colisão Traseira;2;1;;1;;;2
11/07/2021;07:57:00;65;3 - Acidente com Danos Materiais;913;BR-381/MG;Norte;Colisão Lateral;1;6;;;;;1
11/07/2021;09:26:00;87;3 - Acidente com Danos Materiais;87,1;BR-381/SP;Norte;Choque - Defensa, barreira ou "submarino";1;2;;;;;1
11/07/2021;09:49:00;97;3 - Acidente com Danos Materiais;523;BR-381/MG;Sul;Colisão Lateral;1;2;;;;;1
11/07/2021;17:09:00;255;3 - Acidente com Danos Materiais;841;BR-381/MG;Sul;Colisão Traseira;1;5;;;;;1
11/07/2021;20:12:00;321;3 - Acidente com Danos Materiais;829;BR-381/MG;Sul;Engavetamento;1;9;;;;;1
12/07/2021;00:33:00;5;3 - Acidente com Danos Materiais;840,5;BR-381/MG;Sul;Colisão Traseira;2;2;;;;;1
12/07/2021;07:58:00;101;3 - Acidente com Danos Materiais;943,3;BR-381/MG;Norte;Choque - Elemento de Drenagem;1;1;;;;;1
12/07/2021;12:20:00;193;2 - Acidente com VITIMA;944,5;BR-381/MG;Norte;Choque - Elemento de Drenagem;1;0;1;;;;1
12/07/2021;14:33:00;232;2 - Acidente com VITIMA;850,3;BR-381/MG;Norte;Colisão Traseira;1;1;;1;;;2
12/07/2021;16:42:00;303;3 - Acidente com Danos Materiais;944,6;BR-381/MG;Sul;Engavetamento;1;4;;;;;1
12/07/2021;17:18:00;319;3 - Acidente com Danos Materiais;806;BR-381/MG;Sul;Choque - Elemento de Drenagem;1;3;;;;;1
12/07/2021;17:22:00;321;2 - Acidente com VITIMA;545;BR-381/MG;Sul;Colisão Traseira;1;3;2;;;;1
13/07/2021;01:46:00;16;2 - Acidente com VITIMA;518;BR-381/MG;Norte;Colisão Traseira;2;1;1;;;;1
13/07/2021;05:39:00;48;3 - Acidente com Danos Materiais;915;BR-381/MG;Sul;Colisão Traseira;1;2;;;;;1
13/07/2021;08:54:00;128;1 - Acidente com Vitima Fatal;684,1;BR-381/MG;Norte;Atropelamento - Sem Informação;1;1;;;;1;3
13/07/2021;11:00:00;164;3 - Acidente com Danos Materiais;477,2;BR-381/MG;Norte;Engavetamento;1;4;;;;;1
13/07/2021;13:22:00;220;2 - Acidente com VITIMA;946,8;BR-381/MG;Sul;Engavetamento;1;2;1;;;;1
13/07/2021;13:42:00;224;3 - Acidente com Danos Materiais;932,5;BR-381/MG;Sul;Choque - Defensa, barreira ou "submarino";1;1;;;;;1
13/07/2021;15:20:00;257;3 - Acidente com Danos Materiais;937;BR-381/MG;Norte;Colisão Lateral;2;2;;;;;1
13/07/2021;17:30:00;314;3 - Acidente com Danos Materiais;90;BR-381/SP;Sul;Colisão Lateral;1;2;;;;;1
14/07/2021;01:36:00;12;3 - Acidente com Danos Materiais;767;BR-381/MG;Sul;Choque - Elemento de Drenagem;1;2;;;;;1
14/07/2021;14:47:00;254;2 - Acidente com VITIMA;909,5;BR-381/MG;Norte;Tombamento;1;0;1;;;;1
14/07/2021;15:50:00;285;3 - Acidente com Danos Materiais;9;BR-381/SP;Norte;Colisão Traseira;2;2;;;;;1
14/07/2021;17:10:00;315;2 - Acidente com VITIMA;754,4;BR-381/MG;Norte;Choque - Defensa, barreira ou "submarino";1;1;;1;;;2
14/07/2021;17:15:00;317;3 - Acidente com Danos Materiais;523,205;BR-381/MG;Norte;Colisão Traseira;1;3;;;;;1
14/07/2021;17:45:00;328;3 - Acidente com Danos Materiais;946;BR-381/MG;Sul;Tombamento;2;2;;;;;1
14/07/2021;18:55:00;349;3 - Acidente com Danos Materiais;863,8;BR-381/MG;Sul;Capotamento;1;1;;;;;1
14/07/2021;23:33:00;411;2 - Acidente com VITIMA;631;BR-381/MG;Norte;Tombamento;1;0;1;;;;1
15/07/2021;07:47:00;76;3 - Acidente com Danos Materiais;872,8;BR-381/MG;Norte;Choque - Arvore;1;1;;;;;1
15/07/2021;09:51:00;156;3 - Acidente com Danos Materiais;817;BR-381/MG;Norte;Choque - Talude;1;1;;;;;1
15/07/2021;15:20:00;279;3 - Acidente com Danos Materiais;859;BR-381/MG;Sul;Colisão Traseira;2;2;;;;;1
15/07/2021;15:37:00;283;3 - Acidente com Danos Materiais;921,4;BR-381/MG;Sul;Tombamento;1;1;;;;;1
15/07/2021;16:13:00;299;3 - Acidente com Danos Materiais;486;BR-381/MG;Norte;Engavetamento;1;3;;;;;1
15/07/2021;21:18:00;408;3 - Acidente com Danos Materiais;480;BR-381/MG;Norte;Choque - Defensa, barreira ou "submarino";1;1;;;;;1
15/07/2021;23:25:00;436;3 - Acidente com Danos Materiais;594;BR-381/MG;Norte;Colisão Traseira;2;2;;;;;1
16/07/2021;06:04:00;44;3 - Acidente com Danos Materiais;788;BR-381/MG;Sul;Choque - Elemento de Drenagem;1;1;;;;;1
16/07/2021;07:58:00;91;3 - Acidente com Danos Materiais;27,5;BR-381/SP;Norte;Colisão Traseira;2;2;;;;;1
16/07/2021;20:37:00;373;3 - Acidente com Danos Materiais;0;BR-381/SP;Sul;Colisão Traseira;1;2;;;;;1
17/07/2021;08:21:00;95;3 - Acidente com Danos Materiais;638,5;BR-381/MG;Sul;Tombamento;1;1;;;;;1
17/07/2021;09:03:00;109;3 - Acidente com Danos Materiais;61,1;BR-381/SP;Sul;Engavetamento;1;5;;;;;1
17/07/2021;18:54:00;301;2 - Acidente com VITIMA;937,2;BR-381/MG;Sul;Colisão Lateral;1;5;1;;;;1
17/07/2021;19:04:00;302;3 - Acidente com Danos Materiais;754;BR-381/MG;Norte;Tombamento;1;1;;;;;1
18/07/2021;03:33:00;29;3 - Acidente com Danos Materiais;771;BR-381/MG;Sul;Choque - Elemento de Drenagem;1;1;;;;;1
18/07/2021;16:33:00;199;3 - Acidente com Danos Materiais;59;BR-381/SP;Sul;Colisão Lateral;1;2;;;;;1
18/07/2021;19:26:00;263;3 - Acidente com Danos Materiais;7,57;BR-381/SP;Sul;Engavetamento;2;3;;;;;1
18/07/2021;21:14:00;297;3 - Acidente com Danos Materiais;905,2;BR-381/MG;Norte;Choque - Elemento de Drenagem;1;1;;;;;1
19/07/2021;00:36:00;10;3 - Acidente com Danos Materiais;518;BR-381/MG;Norte;Atropelamento de Animal;1;1;;;;;1
19/07/2021;06:30:00;39;3 - Acidente com Danos Materiais;0,1;BR-381/SP;Sul;Colisão Traseira;2;2;;;;;1
19/07/2021;13:23:00;193;3 - Acidente com Danos Materiais;7;BR-381/MG-CONT;Norte;Colisão Lateral;1;2;;;;;1
20/07/2021;06:57:00;68;3 - Acidente com Danos Materiais;764,1;BR-381/MG;Norte;Colisão Traseira;2;2;;;;;1
20/07/2021;08:26:00;129;3 - Acidente com Danos Materiais;66,5;BR-381/SP;Sul;Colisão Traseira;1;2;;;;;1
20/07/2021;12:52:00;209;3 - Acidente com Danos Materiais;545,9;BR-381/MG;Sul;Engavetamento;1;6;;;;;1
20/07/2021;15:49:00;282;1 - Acidente com Vitima Fatal;525,3;BR-381/MG;Sul;Engavetamento;3;3;1;1;;1;3
20/07/2021;16:09:00;287;3 - Acidente com Danos Materiais;82,7;BR-381/SP;Sul;Engavetamento;1;3;;;;;1
20/07/2021;16:49:00;293;2 - Acidente com VITIMA;623,001;BR-381/MG;Sul;Choque - Elemento de Drenagem;1;0;1;;;;1
21/07/2021;00:34:00;12;3 - Acidente com Danos Materiais;725;BR-381/MG;Sul;Colisão Traseira;2;2;;;;;1
21/07/2021;06:16:00;53;3 - Acidente com Danos Materiais;31,43;BR-381/SP;Sul;Colisão Lateral;2;3;;;;;1
21/07/2021;06:40:00;60;2 - Acidente com VITIMA;0,7;BR-381/SP;Sul;Engavetamento;2;4;;1;1;;2
21/07/2021;11:09:00;200;3 - Acidente com Danos Materiais;481,5;BR-381/MG;Norte;Colisão Lateral;1;2;;;;;1
21/07/2021;13:56:00;271;2 - Acidente com VITIMA;595,9;BR-381/MG;Sul;Tombamento;1;0;1;1;;;2
21/07/2021;14:05:00;273;3 - Acidente com Danos Materiais;671,3;BR-381/MG;Norte;Tombamento;1;1;;;;;1
21/07/2021;14:19:00;278;3 - Acidente com Danos Materiais;594,5;BR-381/MG;Sul;Colisão Traseira;2;2;;;;;1
21/07/2021;18:03:00;372;2 - Acidente com VITIMA;502;BR-381/MG;Norte;Capotamento;1;1;1;;;;1
22/07/2021;11:50:00;207;2 - Acidente com VITIMA;487,8;BR-381/MG;Sul;Engavetamento;4;21;1;;;;1
22/07/2021;12:44:00;225;2 - Acidente com VITIMA;525;BR-381/MG;Sul;Colisão Traseira;2;1;1;;;;1
22/07/2021;19:58:00;418;3 - Acidente com Danos Materiais;82,05;BR-381/SP;Sul;Engavetamento;1;3;;;;;1
22/07/2021;23:18:00;468;3 - Acidente com Danos Materiais;859,5;BR-381/MG;Sul;Choque - Defensa, barreira ou "submarino";1;1;;;;;1
23/07/2021;07:01:00;71;3 - Acidente com Danos Materiais;774;BR-381/MG;Sul;Choque - Defensa, barreira ou "submarino";1;1;;;;;1
23/07/2021;07:22:00;82;3 - Acidente com Danos Materiais;881,6;BR-381/MG;Sul;Choque - Objeto sobre a pista;1;2;;;;;1
23/07/2021;11:55:00;212;3 - Acidente com Danos Materiais;498,8;BR-381/MG;Sul;Colisão Traseira;2;2;;;;;1
23/07/2021;12:46:00;235;3 - Acidente com Danos Materiais;87,4;BR-381/SP;Sul;Choque - Veiculo parado na pista;1;2;;;;;1
23/07/2021;13:22:00;252;3 - Acidente com Danos Materiais;622;BR-381/MG;Sul;Colisão Lateral;1;3;;;;;1
23/07/2021;18:13:00;374;3 - Acidente com Danos Materiais;485,8;BR-381/MG;Norte;Choque - Defensa, barreira ou "submarino";1;1;;;;;1
23/07/2021;19:02:00;399;2 - Acidente com VITIMA;817;BR-381/MG;Sul;Colisão Traseira;1;1;;1;;;2
23/07/2021;20:04:00;431;3 - Acidente com Danos Materiais;707,1;BR-381/MG;Norte;Tombamento;1;2;;;;;1
24/07/2021;09:31:00;87;2 - Acidente com VITIMA;528;BR-381/MG;Sul;Tombamento;1;0;1;;;;1
24/07/2021;23:10:00;327;3 - Acidente com Danos Materiais;499;BR-381/MG;Sul;Colisão Lateral;1;5;;;;;1
25/07/2021;10:59:00;113;3 - Acidente com Danos Materiais;839,9;BR-381/MG;Sul;Colisão Traseira;1;5;;;;;1
25/07/2021;16:21:00;229;2 - Acidente com VITIMA;627,5;BR-381/MG;Sul;Colisão Traseira;1;1;1;;1;;2
25/07/2021;16:42:00;247;3 - Acidente com Danos Materiais;755,7;BR-381/MG;Sul;Colisão Traseira;1;7;;;;;1
25/07/2021;17:00:00;257;2 - Acidente com VITIMA;55,6;BR-381/SP;Sul;Engavetamento;1;2;1;;;;1
25/07/2021;17:51:00;285;3 - Acidente com Danos Materiais;504,5;BR-381/MG;Norte;Colisão Lateral;1;2;;;;;1
25/07/2021;20:51:00;353;3 - Acidente com Danos Materiais;898,5;BR-381/MG;Sul;Colisão Lateral;1;2;;;;;1
25/07/2021;22:27:00;377;2 - Acidente com VITIMA;482;BR-381/MG;Norte;Colisão Lateral;1;2;1;1;;;2
26/07/2021;07:54:00;82;3 - Acidente com Danos Materiais;889,5;BR-381/MG;Norte;Colisão Lateral;2;2;;;;;1
26/07/2021;10:04:00;139;1 - Acidente com Vitima Fatal;64;BR-381/SP;Sul;Colisão Lateral;1;0;;2;;1;3
26/07/2021;14:44:00;213;3 - Acidente com Danos Materiais;6;BR-381/SP;Sul;Engavetamento;3;8;;;;;1
26/07/2021;15:48:00;235;2 - Acidente com VITIMA;792;BR-381/MG;Sul;Colisão Traseira;1;2;2;;;;1
26/07/2021;21:09:00;327;3 - Acidente com Danos Materiais;544;BR-381/MG;Norte;Colisão Traseira;2;2;;;;;1
26/07/2021;21:39:00;334;3 - Acidente com Danos Materiais;544;BR-381/MG;Sul;Colisão Lateral;2;2;;;;;1
27/07/2021;01:55:00;32;3 - Acidente com Danos Materiais;33;BR-381/SP;Sul;Colisão Traseira;2;3;;;;;1
27/07/2021;07:13:00;78;3 - Acidente com Danos Materiais;491;BR-381/MG;Norte;Colisão Lateral;1;2;;;;;1
27/07/2021;07:22:00;84;3 - Acidente com Danos Materiais;687;BR-381/MG;Sul;Colisão Traseira;1;2;;;;;1
27/07/2021;07:31:00;92;3 - Acidente com Danos Materiais;687,1;BR-381/MG;Sul;Colisão Lateral;1;2;;;;;1
27/07/2021;11:09:00;194;2 - Acidente com VITIMA;40;BR-381/SP;Norte;Colisão Traseira;1;1;1;;;;1
28/07/2021;03:12:00;29;2 - Acidente com VITIMA;941,1;BR-381/MG;Norte;Choque - Defensa, barreira ou "submarino";1;0;;1;;;2
28/07/2021;03:35:00;31;2 - Acidente com VITIMA;525,5;BR-381/MG;Sul;Tombamento;1;0;1;;;;1
28/07/2021;04:40:00;35;2 - Acidente com VITIMA;496;BR-381/MG;Sul;Tombamento;1;0;1;;;;1
28/07/2021;06:14:00;49;3 - Acidente com Danos Materiais;912,667;BR-381/MG;Norte;Choque - Elemento de Drenagem;1;2;;;;;1
28/07/2021;06:43:00;54;2 - Acidente com VITIMA;41,2;BR-381/SP;Norte;Colisão Lateral;1;1;;1;;;2
28/07/2021;07:11:00;66;3 - Acidente com Danos Materiais;920,49;BR-381/MG;Norte;Colisão Lateral;1;2;;;;;1
28/07/2021;08:43:00;120;3 - Acidente com Danos Materiais;75;BR-381/SP;Norte;Colisão Traseira;1;2;;;;;1
28/07/2021;08:58:00;131;2 - Acidente com VITIMA;526,8;BR-381/MG;Norte;Tombamento;1;0;1;;;;1
28/07/2021;08:58:00;132;3 - Acidente com Danos Materiais;658,25;BR-381/MG;Sul;Colisão Traseira;1;3;;;;;1
28/07/2021;09:48:00;155;3 - Acidente com Danos Materiais;874;BR-381/MG;Sul;Colisão Traseira;2;2;;;;;1
28/07/2021;10:19:00;166;3 - Acidente com Danos Materiais;26;BR-381/SP;Norte;Choque - Poste;1;1;;;;;1
28/07/2021;11:57:00;195;3 - Acidente com Danos Materiais;922,3;BR-381/MG;Norte;Tombamento;1;1;;;;;1
28/07/2021;15:06:00;274;3 - Acidente com Danos Materiais;500,9;BR-381/MG;Sul;Colisão Traseira;1;2;;;;;1
28/07/2021;15:20:00;280;3 - Acidente com Danos Materiais;76;BR-381/SP;Sul;Choque - Elemento de Drenagem;1;1;;;;;1
28/07/2021;17:04:00;325;2 - Acidente com VITIMA;801,8;BR-381/MG;Norte;Colisão Traseira;1;1;1;;;;1
28/07/2021;17:40:00;341;3 - Acidente com Danos Materiais;815;BR-381/MG;Norte;Colisão Lateral;1;2;;;;;1
29/07/2021;11:16:00;185;3 - Acidente com Danos Materiais;502;BR-381/MG;Norte;Colisão Lateral;1;2;;;;;1
29/07/2021;11:33:00;195;3 - Acidente com Danos Materiais;938,5;BR-381/MG;Sul;Colisão Traseira;1;2;;;;;1
29/07/2021;18:12:00;331;3 - Acidente com Danos Materiais;691,8;BR-381/MG;Sul;Colisão Traseira;2;2;;;;;1
29/07/2021;21:52:00;396;3 - Acidente com Danos Materiais;933;BR-381/MG;Sul;Colisão Lateral;1;2;;;;;1
29/07/2021;23:56:00;411;3 - Acidente com Danos Materiais;829;BR-381/MG;Norte;Choque - Talude;1;1;;;;;1
30/07/2021;02:40:00;23;2 - Acidente com VITIMA;511;BR-381/MG;Sul;Colisão Traseira;1;1;1;;;;1
30/07/2021;04:19:00;29;2 - Acidente com VITIMA;532,8;BR-381/MG;Norte;Tombamento;1;0;1;;;;1
30/07/2021;05:33:00;46;2 - Acidente com VITIMA;73;BR-381/SP;Norte;Choque - Veiculo parado no acostamento;1;1;;1;;;2
30/07/2021;12:59:00;226;3 - Acidente com Danos Materiais;81,6;BR-381/SP;Sul;Colisão Traseira;1;3;;;;;1
30/07/2021;15:38:00;280;3 - Acidente com Danos Materiais;481;BR-381/MG;Sul;Colisão Lateral;1;2;;;;;1
30/07/2021;17:41:00;325;3 - Acidente com Danos Materiais;499,6;BR-381/MG;Sul;Colisão Traseira;2;2;;;;;1
30/07/2021;18:57:00;358;3 - Acidente com Danos Materiais;38,5;BR-381/SP;Norte;Engavetamento;1;3;;;;;1
30/07/2021;20:38:00;399;3 - Acidente com Danos Materiais;948;BR-381/MG;Norte;Colisão Lateral;1;2;;;;;1
30/07/2021;22:29:00;426;3 - Acidente com Danos Materiais;880;BR-381/MG;Sul;Colisão Traseira;2;2;;;;;1
31/07/2021;03:24:00;32;3 - Acidente com Danos Materiais;570,2;BR-381/MG;Sul;Atropelamento de Animal;1;1;;;;;1
31/07/2021;06:17:00;49;3 - Acidente com Danos Materiais;15,8;BR-381/SP;Sul;Colisão Traseira;2;2;;;;;1
31/07/2021;08:02:00;85;2 - Acidente com VITIMA;526;BR-381/MG;Norte;Colisão Traseira;2;1;1;;;;1
31/07/2021;09:58:00;124;2 - Acidente com VITIMA;571,2;BR-381/MG;Sul;Tombamento;1;0;1;;;;1
31/07/2021;18:59:00;307;3 - Acidente com Danos Materiais;40,4;BR-381/SP;Norte;Colisão Traseira;1;2;;;;;1
01/08/2021;05:21:00;41;2 - Acidente com VITIMA;600,5;BR-381/MG;Norte;Choque - Defensa, barreira ou "submarino";1;1;;1;;;2
01/08/2021;08:40:00;65;2 - Acidente com VITIMA;707;BR-381/MG;Norte;Tombamento;1;0;1;;;;1
02/08/2021;02:31:00;25;2 - Acidente com VITIMA;705,3;BR-381/MG;Sul;Tombamento;1;0;;1;;;2
02/08/2021;07:42:00;79;3 - Acidente com Danos Materiais;792;BR-381/MG;Norte;Choque - Defensa, barreira ou "submarino";1;1;;;;;1
02/08/2021;09:10:00;126;2 - Acidente com VITIMA;88;BR-381/SP;Norte;Colisão Lateral;1;1;1;;;;1
02/08/2021;09:56:00;148;2 - Acidente com VITIMA;908;BR-381/MG;Norte;Tombamento;1;0;1;;;;1
02/08/2021;10:52:00;166;2 - Acidente com VITIMA;779;BR-381/MG;Sul;Colisão Traseira;1;3;1;;;;1
02/08/2021;11:28:00;176;2 - Acidente com VITIMA;653;BR-381/MG;Norte;Choque - Elemento de Drenagem;1;0;1;;;;1
02/08/2021;14:43:00;226;3 - Acidente com Danos Materiais;30;BR-381/SP;Norte;Colisão Traseira;1;2;;;;;1
02/08/2021;14:58:00;232;2 - Acidente com VITIMA;656;BR-381/MG;Sul;Colisão Traseira;2;1;1;;;;1
02/08/2021;16:09:00;261;3 - Acidente com Danos Materiais;73,5;BR-381/SP;Norte;Capotamento;1;1;;;;;1
02/08/2021;17:34:00;294;3 - Acidente com Danos Materiais;591,2;BR-381/MG;Norte;Tombamento;1;1;;;;;1
02/08/2021;20:33:00;350;2 - Acidente com VITIMA;844;BR-381/MG;Sul;Tombamento;1;0;1;;;;1
02/08/2021;22:26:00;377;3 - Acidente com Danos Materiais;684;BR-381/MG;Sul;Choque - Defensa, barreira ou "submarino";1;1;;;;;1
03/08/2021;01:43:00;17;3 - Acidente com Danos Materiais;494;BR-381/MG;Sul;Colisão Lateral;2;2;;;;;1
03/08/2021;06:56:00;50;3 - Acidente com Danos Materiais;528;BR-381/MG;Norte;Colisão Lateral;2;2;;;;;1
03/08/2021;08:18:00;93;2 - Acidente com VITIMA;484,3;BR-381/MG;Sul;Colisão Lateral;1;1;1;;;;1
04/08/2021;10:51:00;150;3 - Acidente com Danos Materiais;769;BR-381/MG;Norte;Colisão Traseira;1;2;;;;;1
04/08/2021;12:22:00;179;3 - Acidente com Danos Materiais;690;BR-381/MG;Sul;Choque - Defensa, barreira ou "submarino";1;1;;;;;1
04/08/2021;21:09:00;312;3 - Acidente com Danos Materiais;736,26;BR-381/MG;Norte;Tombamento;1;1;;;;;1
04/08/2021;22:10:00;320;3 - Acidente com Danos Materiais;791,7;BR-381/MG;Norte;Tombamento;1;1;;;;;1
04/08/2021;22:49:00;329;3 - Acidente com Danos Materiais;2;BR-381/SP;Sul;Colisão Traseira;1;2;;;;;1
05/08/2021;04:16:00;39;3 - Acidente com Danos Materiais;814,5;BR-381/MG;Sul;Choque - Defensa, barreira ou "submarino";1;1;;;;;1
05/08/2021;12:36:00;202;3 - Acidente com Danos Materiais;502,359;BR-381/MG;Sul;Colisão Traseira;1;2;;;;;1
05/08/2021;13:07:00;216;2 - Acidente com VITIMA;69,1;BR-381/SP;Norte;Tombamento;1;0;1;;;;1
05/08/2021;15:19:00;262;3 - Acidente com Danos Materiais;670;BR-381/MG;Norte;Engavetamento;2;4;;;;;1
05/08/2021;19:46:00;358;2 - Acidente com VITIMA;489,8;BR-381/MG;Sul;Engavetamento;1;2;1;;;;1
05/08/2021;23:25:00;411;2 - Acidente com VITIMA;64;BR-381/SP;Sul;Colisão Lateral;1;1;2;;;;1
06/08/2021;05:08:00;50;2 - Acidente com VITIMA;695,5;BR-381/MG;Sul;Tombamento;1;0;1;;;;1
06/08/2021;06:06:00;65;3 - Acidente com Danos Materiais;602,4;BR-381/MG;Norte;Tombamento;1;1;;;;;1
06/08/2021;07:26:00;90;1 - Acidente com Vitima Fatal;654;BR-381/MG;Norte;Tombamento;1;1;;;;1;3
06/08/2021;08:08:00;110;3 - Acidente com Danos Materiais;938,8;BR-381/MG;Sul;Tombamento;1;1;;;;;1
06/08/2021;16:07:00;300;3 - Acidente com Danos Materiais;479;BR-381/MG;Sul;Colisão Lateral;1;2;;;;;1
06/08/2021;19:21:00;375;3 - Acidente com Danos Materiais;490;BR-381/MG;Sul;Colisão Lateral;1;2;;;;;1
06/08/2021;23:01:00;432;2 - Acidente com VITIMA;813,1;BR-381/MG;Sul;Colisão Traseira;2;1;1;;;;1
07/08/2021;02:53:00;32;2 - Acidente com VITIMA;508,7;BR-381/MG;Sul;Choque - Defensa, barreira ou "submarino";1;0;1;;;;1
07/08/2021;03:47:00;39;2 - Acidente com VITIMA;918,1;BR-381/MG;Sul;Colisão Traseira;2;2;2;;;;1
07/08/2021;05:13:00;47;3 - Acidente com Danos Materiais;540;BR-381/MG;Norte;Engavetamento;3;6;;;;;1
07/08/2021;05:48:00;51;3 - Acidente com Danos Materiais;540;BR-381/MG;Norte;Colisão Traseira;2;2;;;;;1
07/08/2021;06:00:00;53;2 - Acidente com VITIMA;540;BR-381/MG;Norte;Colisão Traseira;1;1;;1;;;2
07/08/2021;07:25:00;68;2 - Acidente com VITIMA;492,5;BR-381/MG;Norte;Colisão Traseira;1;1;1;;;;1
07/08/2021;07:39:00;76;3 - Acidente com Danos Materiais;598;BR-381/MG;Sul;Choque - Suporte de Sinalização;1;1;;;;;1
07/08/2021;11:15:00;142;2 - Acidente com VITIMA;514,1;BR-381/MG;Norte;Engavetamento;3;4;2;;;;1
07/08/2021;13:43:00;183;2 - Acidente com VITIMA;705,5;BR-381/MG;Norte;Capotamento;1;0;;1;;;2
07/08/2021;14:35:00;199;3 - Acidente com Danos Materiais;748;BR-381/MG;Norte;Choque - Defensa, barreira ou "submarino";1;1;;;;;1
08/08/2021;00:33:00;13;3 - Acidente com Danos Materiais;868,5;BR-381/MG;Sul;Tombamento;1;1;;;;;1
08/08/2021;11:54:00;121;2 - Acidente com VITIMA;907,5;BR-381/MG;Norte;Tombamento;1;0;1;1;;;2
09/08/2021;06:39:00;52;3 - Acidente com Danos Materiais;699,9;BR-381/MG;Norte;Choque - Elemento de Drenagem;1;1;;;;;1