data;horario;n_da_ocorrencia;tipo_de_ocorrencia;km;trecho;sentido;tipo_de_acidente;caminhao;ilesos;levemente_feridos;moderadamente_feridos;gravemente_feridos;mortos;3
09/08/2021;10:27:00;150;3 - Acidente com Danos Materiais;59;BR-381/SP;Norte;Colisão Traseira;2;2;;;;;1
09/08/2021;17:12:00;283;3 - Acidente com Danos Materiais;707,1;BR-381/MG;Norte;Tombamento;1;1;;;;;1
10/08/2021;03:07:00;34;2 - Acidente com VITIMA;760,5;BR-381/MG;Norte;Engavetamento;3;3;1;;;;1
10/08/2021;04:44:00;38;3 - Acidente com Danos Materiais;73;BR-381/SP;Norte;Choque - Defensa, barreira ou "submarino";1;1;;;;;1
10/08/2021;07:26:00;70;2 - Acidente com VITIMA;9;BR-381/SP;Norte;Engavetamento;1;2;4;;;;1
10/08/2021;08:08:00;88;2 - Acidente com VITIMA;502;BR-381/MG;Norte;Colisão Traseira;1;1;;1;;;2
10/08/2021;13:29:00;202;3 - Acidente com Danos Materiais;55;BR-381/SP;Sul;Colisão Traseira;2;2;;;;;1
10/08/2021;14:07:00;216;3 - Acidente com Danos Materiais;62,7;BR-381/SP;Sul;Colisão Lateral;1;2;;;;;1
10/08/2021;15:33:00;256;3 - Acidente com Danos Materiais;935,5;BR-381/MG;Norte;Tombamento;1;1;;;;;1
10/08/2021;15:45:00;262;2 - Acidente com VITIMA;815,85;BR-381/MG;Norte;Choque - Talude;1;0;;1;;;2
10/08/2021;16:03:00;265;3 - Acidente com Danos Materiais;804;BR-381/MG;Sul;Colisão Lateral;1;2;;;;;1
10/08/2021;17:05:00;323;3 - Acidente com Danos Materiais;72;BR-381/SP;Sul;Choque - Defensa, barreira ou "submarino";1;1;;;;;1
10/08/2021;23:29:00;404;3 - Acidente com Danos Materiais;732;BR-381/MG;Norte;Colisão Lateral;1;2;;;;;1
11/08/2021;00:02:00;3;2 - Acidente com VITIMA;793;BR-381/MG;Sul;Colisão Lateral;1;1;6;4;;;2
11/08/2021;05:34:00;38;2 - Acidente com VITIMA;705;BR-381/MG;Norte;Choque - Talude;1;0;1;;;;1
11/08/2021;08:41:00;104;3 - Acidente com Danos Materiais;759,5;BR-381/MG;Sul;Choque - Elemento de Drenagem;1;1;;;;;1
11/08/2021;14:06:00;207;3 - Acidente com Danos Materiais;527;BR-381/MG;Sul;Outros;1;1;;;;;1
11/08/2021;15:05:00;227;2 - Acidente com VITIMA;27,35;BR-381/SP;Norte;Colisão Traseira;1;1;1;;;;1
11/08/2021;16:16:00;257;3 - Acidente com Danos Materiais;16,427;BR-381/SP;Sul;Engavetamento;2;3;;;;;1
12/08/2021;08:13:00;120;3 - Acidente com Danos Materiais;82,2;BR-381/SP;Sul;Colisão Lateral;1;2;;;;;1
12/08/2021;09:02:00;139;1 - Acidente com Vitima Fatal;563,8;BR-381/MG;Norte;Capotamento;1;0;;;;1;3
12/08/2021;17:24:00;319;2 - Acidente com VITIMA;905,5;BR-381/MG;Norte;Engavetamento;4;4;1;;;;1
12/08/2021;17:42:00;325;3 - Acidente com Danos Materiais;77;BR-381/SP;Sul;Colisão Traseira;1;2;;;;;1
12/08/2021;21:10:00;376;2 - Acidente com VITIMA;563;BR-381/MG;Sul;Choque - Defensa, barreira ou "submarino";1;0;1;;;;1
13/08/2021;00:41:00;11;3 - Acidente com Danos Materiais;907,3;BR-381/MG;Norte;Tombamento;1;1;;;;;1
13/08/2021;03:08:00;36;3 - Acidente com Danos Materiais;518;BR-381/MG;Sul;Choque - Elemento de Drenagem;1;1;;;;;1
13/08/2021;10:38:00;185;2 - Acidente com VITIMA;843,1;BR-381/MG;Sul;Colisão Traseira;1;2;2;;1;;2
13/08/2021;10:51:00;189;3 - Acidente com Danos Materiais;84;BR-381/SP;Sul;Engavetamento;1;3;;;;;1
13/08/2021;11:10:00;201;3 - Acidente com Danos Materiais;726,9;BR-381/MG;Norte;Choque - Defensa, barreira ou "submarino";1;1;;;;;1
13/08/2021;15:06:00;270;3 - Acidente com Danos Materiais;36;BR-381/SP;Sul;Colisão Lateral;1;2;;;;;1
13/08/2021;18:16:00;347;3 - Acidente com Danos Materiais;936;BR-381/MG;Norte;Colisão Lateral;1;2;;;;;1
14/08/2021;16:25:00;290;1 - Acidente com Vitima Fatal;925,2;BR-381/MG;Sul;Tombamento;1;0;;;;1;3
14/08/2021;20:25:00;360;3 - Acidente com Danos Materiais;494;BR-381/MG;Sul;Colisão Lateral;1;2;;;;;1
15/08/2021;02:55:00;22;2 - Acidente com VITIMA;478;BR-381/MG;Sul;Colisão Traseira;1;1;1;;;;1
15/08/2021;14:56:00;180;3 - Acidente com Danos Materiais;90;BR-381/SP;Norte;Colisão Traseira;1;2;;;;;1
15/08/2021;16:56:00;224;2 - Acidente com VITIMA;507,799;BR-381/MG;Norte;Atropelamento - Morador;1;1;;;1;;2
15/08/2021;17:57:00;246;3 - Acidente com Danos Materiais;698,8;BR-381/MG;Sul;Colisão Lateral;2;3;;;;;1
16/08/2021;12:31:00;204;2 - Acidente com VITIMA;75,5;BR-381/SP;Norte;Tombamento;1;0;1;;;;1
16/08/2021;16:00:00;283;3 - Acidente com Danos Materiais;873,6;BR-381/MG;Sul;Choque - Defensa, barreira ou "submarino";1;1;;;;;1
16/08/2021;16:06:00;284;3 - Acidente com Danos Materiais;935,899;BR-381/MG;Norte;Choque - Elemento de Drenagem;1;1;;;;;1
16/08/2021;18:51:00;339;3 - Acidente com Danos Materiais;864;BR-381/MG;Norte;Engavetamento;2;5;;;;;1
17/08/2021;07:18:00;80;3 - Acidente com Danos Materiais;648;BR-381/MG;Norte;Choque - Defensa, barreira ou "submarino";1;1;;;;;1
17/08/2021;13:09:00;222;3 - Acidente com Danos Materiais;597;BR-381/MG;Sul;Colisão Lateral;2;2;;;;;1
17/08/2021;15:49:00;288;3 - Acidente com Danos Materiais;522,5;BR-381/MG;Sul;Choque - Veiculo parado no acostamento;1;2;;;;;1
17/08/2021;21:09:00;412;2 - Acidente com VITIMA;51,2;BR-381/SP;Norte;Objeto lançado contra veículo;1;2;1;;;;1
18/08/2021;00:07:00;8;3 - Acidente com Danos Materiais;480;BR-381/MG;Norte;Colisão Traseira;2;2;;;;;1
18/08/2021;03:08:00;30;2 - Acidente com VITIMA;931,3;BR-381/MG;Sul;Choque - Defensa, barreira ou "submarino";1;0;1;;;;1
18/08/2021;06:54:00;57;3 - Acidente com Danos Materiais;68;BR-381/SP;Norte;Choque - Defensa, barreira ou "submarino";1;1;;;;;1
18/08/2021;08:09:00;99;3 - Acidente com Danos Materiais;779;BR-381/MG;Sul;Choque - Defensa, barreira ou "submarino";1;1;;;;;1
18/08/2021;10:36:00;159;3 - Acidente com Danos Materiais;677;BR-381/MG;Sul;Tombamento;1;1;;;;;1
18/08/2021;14:27:00;242;2 - Acidente com VITIMA;608;BR-381/MG;Sul;Engavetamento;1;5;2;;;;1
19/08/2021;02:33:00;26;3 - Acidente com Danos Materiais;583;BR-381/MG;Norte;Atropelamento de Animal;1;1;;;;;1
19/08/2021;04:57:00;41;3 - Acidente com Danos Materiais;545,3;BR-381/MG;Sul;Choque - Defensa, barreira ou "submarino";1;1;;;;;1
19/08/2021;09:20:00;149;3 - Acidente com Danos Materiais;540,9;BR-381/MG;Norte;Choque - Defensa, barreira ou "submarino";1;1;;;;;1
19/08/2021;10:55:00;186;3 - Acidente com Danos Materiais;73,5;BR-381/SP;Norte;Tombamento;1;1;;;;;1
19/08/2021;13:57:00;248;3 - Acidente com Danos Materiais;491,9;BR-381/MG;Sul;Colisão Lateral;1;2;;;;;1
19/08/2021;17:42:00;309;2 - Acidente com VITIMA;692,9;BR-381/MG;Sul;Colisão Lateral;1;1;1;;;;1
20/08/2021;11:30:00;179;3 - Acidente com Danos Materiais;497,501;BR-381/MG;Norte;Colisão Lateral;1;3;;;;;1
20/08/2021;13:22:00;207;3 - Acidente com Danos Materiais;835,6;BR-381/MG;Norte;Colisão Traseira;2;2;;;;;1
20/08/2021;22:55:00;404;3 - Acidente com Danos Materiais;745,5;BR-381/MG;Sul;Colisão Traseira;2;2;;;;;1
21/08/2021;00:12:00;6;2 - Acidente com VITIMA;672,8;BR-381/MG;Norte;Colisão Traseira;1;1;1;;;;1
21/08/2021;06:27:00;62;3 - Acidente com Danos Materiais;70,5;BR-381/SP;Sul;Colisão Lateral;1;2;;;;;1
21/08/2021;08:26:00;111;3 - Acidente com Danos Materiais;717,45;BR-381/MG;Norte;Colisão Lateral;1;2;;;;;1
21/08/2021;11:51:00;188;2 - Acidente com VITIMA;678,7;BR-381/MG;Sul;Tombamento;1;1;1;;;;1
21/08/2021;12:56:00;210;3 - Acidente com Danos Materiais;773,1;BR-381/MG;Sul;Colisão Traseira;1;6;;;;;1
21/08/2021;14:16:00;246;3 - Acidente com Danos Materiais;492;BR-381/MG;Norte;Colisão Lateral;1;2;;;;;1
21/08/2021;15:34:00;277;3 - Acidente com Danos Materiais;53;BR-381/SP;Sul;Colisão Traseira;1;2;;;;;1
21/08/2021;22:42:00;412;3 - Acidente com Danos Materiais;897;BR-381/MG;Norte;Engavetamento;3;4;;;;;1
21/08/2021;23:24:00;422;3 - Acidente com Danos Materiais;56,8;BR-381/SP;Sul;Choque - Defensa, barreira ou "submarino";1;1;;;;;1
22/08/2021;11:38:00;121;3 - Acidente com Danos Materiais;831,1;BR-381/MG;Sul;Colisão Traseira;1;2;;;;;1
22/08/2021;21:58:00;356;3 - Acidente com Danos Materiais;22;BR-381/SP;Sul;Engavetamento;2;4;;;;;1
22/08/2021;22:39:00;371;3 - Acidente com Danos Materiais;22;BR-381/SP;Sul;Colisão Lateral;1;2;;;;;1
23/08/2021;00:41:00;12;2 - Acidente com VITIMA;526,1;BR-381/MG;Sul;Tombamento;1;1;;1;;;2
23/08/2021;04:14:00;38;3 - Acidente com Danos Materiais;742;BR-381/MG;Sul;Choque - Defensa, barreira ou "submarino";1;1;;;;;1
23/08/2021;09:18:00;141;2 - Acidente com VITIMA;479,6;BR-381/MG;Norte;Choque - Defensa, barreira ou "submarino";1;0;1;;;;1
23/08/2021;16:36:00;297;2 - Acidente com VITIMA;943;BR-381/MG;Sul;Colisão Frontal;1;1;2;;;;1
23/08/2021;16:56:00;307;3 - Acidente com Danos Materiais;699,9;BR-381/MG;Sul;Engavetamento;2;4;;;;;1
23/08/2021;17:08:00;311;1 - Acidente com Vitima Fatal;487,3;BR-381/MG;Sul;Colisão Traseira;1;1;;;;1;3
23/08/2021;23:32:00;422;2 - Acidente com VITIMA;759,5;BR-381/MG;Sul;Colisão Traseira;2;1;;;1;;2
24/08/2021;00:01:00;1;3 - Acidente com Danos Materiais;744;BR-381/MG;Norte;Atropelamento de Animal;1;1;;;;;1
24/08/2021;03:00:00;35;3 - Acidente com Danos Materiais;569,9;BR-381/MG;Norte;Choque - Suporte de Sinalização;1;1;;;;;1
24/08/2021;07:28:00;87;3 - Acidente com Danos Materiais;489,2;BR-381/MG;Norte;Colisão Traseira;1;2;;;;;1
24/08/2021;07:40:00;106;2 - Acidente com VITIMA;488,45;BR-381/MG;Norte;Colisão Lateral;1;1;1;;;;1
24/08/2021;07:59:00;108;3 - Acidente com Danos Materiais;846,2;BR-381/MG;Sul;Engavetamento;2;3;;;;;1
24/08/2021;08:46:00;133;3 - Acidente com Danos Materiais;2;BR-381/MG-CONT;Sul;Colisão Traseira;2;2;;;;;1
24/08/2021;12:28:00;210;2 - Acidente com VITIMA;484,6;BR-381/MG;Sul;Engavetamento;1;6;3;1;;;2
24/08/2021;17:21:00;334;3 - Acidente com Danos Materiais;68;BR-381/SP;Norte;Choque - Veiculo parado no acostamento;1;2;;;;;1
25/08/2021;12:07:00;226;3 - Acidente com Danos Materiais;517;BR-381/MG;Norte;Colisão Traseira;2;2;;;;;1
25/08/2021;19:26:00;407;3 - Acidente com Danos Materiais;52;BR-381/SP;Norte;Choque - Defensa, barreira ou "submarino";1;1;;;;;1
26/08/2021;06:37:00;50;3 - Acidente com Danos Materiais;948,556;BR-381/MG;Sul;Colisão Lateral;1;2;;;;;1
26/08/2021;07:41:00;81;3 - Acidente com Danos Materiais;488;BR-381/MG;Sul;Colisão Traseira;1;2;;;;;1
26/08/2021;09:42:00;144;3 - Acidente com Danos Materiais;492,071;BR-381/MG;Sul;Colisão Lateral;1;2;;;;;1
26/08/2021;10:40:00;166;3 - Acidente com Danos Materiais;762,8;BR-381/MG;Sul;Choque - Elemento de Drenagem;1;1;;;;;1
26/08/2021;10:42:00;167;3 - Acidente com Danos Materiais;510,4;BR-381/MG;Norte;Choque - Elemento de Drenagem;1;1;;;;;1
26/08/2021;12:59:00;218;2 - Acidente com VITIMA;57,2;BR-381/SP;Sul;Colisão Traseira;1;1;1;;;;1
26/08/2021;13:52:00;233;2 - Acidente com VITIMA;708;BR-381/MG;Sul;Colisão Lateral;1;1;1;;;;1
26/08/2021;23:27:00;428;3 - Acidente com Danos Materiais;533,8;BR-381/MG;Sul;Tombamento;1;1;;;;;1
27/08/2021;07:25:00;84;2 - Acidente com VITIMA;493,501;BR-381/MG;Sul;Colisão Lateral;1;3;1;;;;1
27/08/2021;08:31:00;123;3 - Acidente com Danos Materiais;601,7;BR-381/MG;Sul;Tombamento;1;1;;;;;1
27/08/2021;21:15:00;429;3 - Acidente com Danos Materiais;686,5;BR-381/MG;Norte;Colisão Traseira;1;2;;;;;1
28/08/2021;01:54:00;26;2 - Acidente com VITIMA;818,1;BR-381/MG;Sul;Tombamento;1;0;1;;;;1
28/08/2021;06:05:00;53;2 - Acidente com VITIMA;724,7;BR-381/MG;Sul;Colisão Traseira;2;1;1;;;;1
28/08/2021;12:54:00;178;2 - Acidente com VITIMA;13,5;BR-381/SP;Sul;Colisão Traseira;2;2;1;;;;1
28/08/2021;16:14:00;255;3 - Acidente com Danos Materiais;598;BR-381/MG;Sul;Colisão Traseira;1;2;;;;;1
29/08/2021;01:27:00;22;2 - Acidente com VITIMA;80;BR-381/SP;Sul;Colisão Lateral;1;1;1;;;;1
29/08/2021;14:25:00;175;2 - Acidente com VITIMA;889;BR-381/MG;Sul;Tombamento;1;0;1;;;;1
29/08/2021;18:42:00;260;2 - Acidente com VITIMA;908,2;BR-381/MG;Norte;Tombamento;1;1;;2;;;2
29/08/2021;20:18:00;294;3 - Acidente com Danos Materiais;504;BR-381/MG;Sul;Colisão Lateral;1;2;;;;;1
29/08/2021;20:31:00;300;3 - Acidente com Danos Materiais;701;BR-381/MG;Sul;Choque - Outros;1;1;;;;;1
30/08/2021;07:18:00;78;3 - Acidente com Danos Materiais;76;BR-381/SP;Norte;Choque - Veiculo parado na pista;1;2;;;;;1
30/08/2021;10:16:00;171;2 - Acidente com VITIMA;491;BR-381/MG;Norte;Colisão Lateral;1;3;1;;;;1
30/08/2021;11:32:00;198;2 - Acidente com VITIMA;483,1;BR-381/MG;Sul;Engavetamento;1;3;1;;;;1
30/08/2021;12:48:00;216;2 - Acidente com VITIMA;491,6;BR-381/MG;Sul;Colisão Lateral;1;1;;1;;;2
30/08/2021;14:21:00;247;3 - Acidente com Danos Materiais;817;BR-381/MG;Norte;Choque - Defensa, barreira ou "submarino";1;2;;;;;1
30/08/2021;16:35:00;308;2 - Acidente com VITIMA;921,3;BR-381/MG;Sul;Tombamento;1;0;1;;;;1
30/08/2021;17:08:00;315;3 - Acidente com Danos Materiais;597,57;BR-381/MG;Sul;Colisão Traseira;1;3;;;;;1
30/08/2021;17:48:00;330;3 - Acidente com Danos Materiais;526,1;BR-381/MG;Sul;Colisão Lateral;2;2;;;;;1
30/08/2021;18:21:00;337;3 - Acidente com Danos Materiais;872;BR-381/MG;Sul;Choque - Elemento de Drenagem;1;1;;;;;1
30/08/2021;18:34:00;342;3 - Acidente com Danos Materiais;850,5;BR-381/MG;Norte;Colisão Traseira;1;2;;;;;1
30/08/2021;18:51:00;347;2 - Acidente com VITIMA;525,5;BR-381/MG;Sul;Tombamento;1;0;1;;;;1
30/08/2021;19:54:00;366;2 - Acidente com VITIMA;525,1;BR-381/MG;Sul;Engavetamento;4;3;;1;;;2
30/08/2021;22:53:00;412;3 - Acidente com Danos Materiais;899,5;BR-381/MG;Norte;Choque - Veiculo parado no acostamento;2;3;;;;;1
30/08/2021;23:53:00;422;3 - Acidente com Danos Materiais;503,3;BR-381/MG;Sul;Atropelamento de Animal;1;1;;;;;1
31/08/2021;00:08:00;2;3 - Acidente com Danos Materiais;19;BR-381/SP;Sul;Choque - Defensa, barreira ou "submarino";1;1;;;;;1
31/08/2021;02:54:00;20;2 - Acidente com VITIMA;483,1;BR-381/MG;Sul;Tombamento;1;0;1;;;;1
31/08/2021;07:57:00;81;3 - Acidente com Danos Materiais;528,333;BR-381/MG;Sul;Colisão Lateral;1;2;;;;;1
31/08/2021;08:09:00;86;2 - Acidente com VITIMA;771,8;BR-381/MG;Norte;Colisão Traseira;1;1;1;;;;1
31/08/2021;08:31:00;100;1 - Acidente com Vitima Fatal;845,2;BR-381/MG;Sul;Engavetamento;2;4;;;;2;3
31/08/2021;10:05:00;137;2 - Acidente com VITIMA;616,915;BR-381/MG;Sul;Tombamento;1;0;1;;;;1
31/08/2021;11:33:00;163;3 - Acidente com Danos Materiais;558,3;BR-381/MG;Norte;Choque - Defensa, barreira ou "submarino";1;1;;;;;1
31/08/2021;16:03:00;250;3 - Acidente com Danos Materiais;847,6;BR-381/MG;Sul;Colisão Traseira;2;2;;;;;1
01/09/2021;00:06:00;5;3 - Acidente com Danos Materiais;665,8;BR-381/MG;Norte;Choque - Talude;1;1;;;;;1
01/09/2021;03:01:00;27;2 - Acidente com VITIMA;747;BR-381/MG;Norte;Colisão Traseira;2;1;1;;;;1
01/09/2021;03:46:00;34;3 - Acidente com Danos Materiais;879;BR-381/MG;Norte;Choque - Elemento de Drenagem;1;1;;;;;1
01/09/2021;08:56:00;136;3 - Acidente com Danos Materiais;526,65;BR-381/MG;Sul;Colisão Traseira;2;8;;;;;1
01/09/2021;10:55:00;167;3 - Acidente com Danos Materiais;5,5;BR-381/MG-CONT;Sul;Choque - Veiculo parado no acostamento;2;2;;;;;1
01/09/2021;11:53:00;187;2 - Acidente com VITIMA;2,1;BR-381/MG-CONT;Sul;Colisão Traseira;2;2;1;;;;1
01/09/2021;12:12:00;193;3 - Acidente com Danos Materiais;789,5;BR-381/MG;Norte;Colisão Lateral;1;2;;;;;1
01/09/2021;18:05:00;336;2 - Acidente com VITIMA;705;BR-381/MG;Norte;Tombamento;1;0;1;;;;1
02/09/2021;01:18:00;26;3 - Acidente com Danos Materiais;797;BR-381/MG;Norte;Choque - Elemento de Drenagem;1;1;;;;;1
02/09/2021;02:27:00;34;3 - Acidente com Danos Materiais;724;BR-381/MG;Sul;Choque - Defensa, barreira ou "submarino";1;1;;;;;1
02/09/2021;22:22:00;436;3 - Acidente com Danos Materiais;596;BR-381/MG;Sul;Colisão Traseira;1;3;;;;;1
02/09/2021;22:29:00;444;3 - Acidente com Danos Materiais;810;BR-381/MG;Sul;Colisão Lateral;1;3;;;;;1
03/09/2021;04:04:00;40;3 - Acidente com Danos Materiais;817;BR-381/MG;Sul;Colisão Traseira;2;3;;;;;1
03/09/2021;05:59:00;54;3 - Acidente com Danos Materiais;526;BR-381/MG;Sul;Colisão Traseira;1;3;;;;;1
03/09/2021;11:20:00;172;3 - Acidente com Danos Materiais;35;BR-381/SP;Sul;Engavetamento;3;3;;;;;1
03/09/2021;11:48:00;183;3 - Acidente com Danos Materiais;62;BR-381/SP;Norte;Colisão Traseira;1;2;;;;;1
03/09/2021;15:48:00;296;2 - Acidente com VITIMA;680;BR-381/MG;Sul;Colisão Traseira;1;1;1;;;;1
03/09/2021;18:54:00;375;2 - Acidente com VITIMA;671,5;BR-381/MG;Sul;Engavetamento;1;2;3;1;;;2
04/09/2021;08:36:00;138;3 - Acidente com Danos Materiais;674,4;BR-381/MG;Norte;Colisão Traseira;1;2;;;;;1
04/09/2021;08:44:00;142;3 - Acidente com Danos Materiais;506,4;BR-381/MG;Norte;Colisão Traseira;1;2;;;;;1
04/09/2021;09:32:00;167;3 - Acidente com Danos Materiais;903,095;BR-381/MG;Norte;Colisão Traseira;1;2;;;;;1
04/09/2021;11:55:00;222;3 - Acidente com Danos Materiais;617,3;BR-381/MG;Sul;Colisão Lateral;1;2;;;;;1
04/09/2021;12:02:00;224;3 - Acidente com Danos Materiais;755;BR-381/MG;Norte;Colisão Lateral;1;2;;;;;1
04/09/2021;16:45:00;344;3 - Acidente com Danos Materiais;80,6;BR-381/SP;Sul;Tombamento;1;1;;;;;1
04/09/2021;18:17:00;379;3 - Acidente com Danos Materiais;33;BR-381/SP;Norte;Colisão Lateral;1;2;;;;;1
05/09/2021;07:02:00;47;3 - Acidente com Danos Materiais;561,2;BR-381/MG;Sul;Choque - Defensa, barreira ou "submarino";1;1;;;;;1
05/09/2021;12:42:00;144;3 - Acidente com Danos Materiais;82,1;BR-381/SP;Norte;Colisão Traseira;1;2;;;;;1
05/09/2021;23:00:00;357;1 - Acidente com Vitima Fatal;633,95;BR-381/MG;Norte;Colisão Frontal;1;0;1;;;1;3
06/09/2021;10:05:00;121;2 - Acidente com VITIMA;507,403;BR-381/MG;Sul;Colisão Traseira;1;1;;1;;;2
06/09/2021;11:10:00;141;2 - Acidente com VITIMA;559,38;BR-381/MG;Sul;Colisão Traseira;2;1;1;;;;1
06/09/2021;15:03:00;223;3 - Acidente com Danos Materiais;946;BR-381/MG;Norte;Colisão Lateral;2;2;;;;;1
07/09/2021;02:54:00;35;2 - Acidente com VITIMA;943,5;BR-381/MG;Norte;Colisão Traseira;1;1;1;;;;1
07/09/2021;05:35:00;50;3 - Acidente com Danos Materiais;907,1;BR-381/MG;Sul;Choque - Defensa, barreira ou "submarino";1;1;;;;;1
07/09/2021;16:22:00;246;2 - Acidente com VITIMA;745,9;BR-381/MG;Sul;Colisão Traseira;1;1;1;1;;;2
08/09/2021;14:41:00;220;2 - Acidente com VITIMA;736,2;BR-381/MG;Norte;Capotamento;1;1;1;;;;1
08/09/2021;17:24:00;293;2 - Acidente com VITIMA;750,418;BR-381/MG;Sul;Tombamento;1;0;1;;;;1
08/09/2021;20:21:00;350;3 - Acidente com Danos Materiais;750,5;BR-381/MG;Norte;Colisão Lateral;1;2;;;;;1
09/09/2021;09:15:00;124;3 - Acidente com Danos Materiais;723,134;BR-381/MG;Sul;Colisão Traseira;2;2;;;;;1
09/09/2021;13:09:00;188;3 - Acidente com Danos Materiais;936,1;BR-381/MG;Sul;Colisão Lateral;1;2;;;;;1
09/09/2021;17:18:00;284;3 - Acidente com Danos Materiais;478;BR-381/MG;Sul;Colisão Lateral;1;2;;;;;1
10/09/2021;03:43:00;25;3 - Acidente com Danos Materiais;880;BR-381/MG;Sul;Choque - Defensa, barreira ou "submarino";1;1;;;;;1
10/09/2021;04:43:00;34;2 - Acidente com VITIMA;482,2;BR-381/MG;Norte;Colisão Traseira;1;1;1;;;;1
10/09/2021;06:31:00;50;3 - Acidente com Danos Materiais;493,4;BR-381/MG;Norte;Engavetamento;1;3;;;;;1
10/09/2021;10:33:00;152;3 - Acidente com Danos Materiais;545;BR-381/MG;Norte;Colisão Traseira;1;2;;;;;1
10/09/2021;15:26:00;255;3 - Acidente com Danos Materiais;556,5;BR-381/MG;Norte;Choque - Elemento de Drenagem;1;1;;;;;1
10/09/2021;15:48:00;263;3 - Acidente com Danos Materiais;74;BR-381/SP;Norte;Colisão Traseira;1;2;;;;;1
10/09/2021;18:41:00;325;3 - Acidente com Danos Materiais;65;BR-381/SP;Norte;Colisão Lateral;1;2;;;;;1
11/09/2021;12:14:00;159;3 - Acidente com Danos Materiais;502,4;BR-381/MG;Norte;Choque - Defensa, barreira ou "submarino";1;1;;;;;1
11/09/2021;16:31:00;241;3 - Acidente com Danos Materiais;490,6;BR-381/MG;Sul;Colisão Lateral;1;2;;;;;1
11/09/2021;17:57:00;272;2 - Acidente com VITIMA;482;BR-381/MG;Norte;Colisão Traseira;1;1;1;;;;1
12/09/2021;07:25:00;56;2 - Acidente com VITIMA;583,551;BR-381/MG;Norte;Tombamento;1;0;1;;;;1
12/09/2021;08:28:00;77;3 - Acidente com Danos Materiais;481,613;BR-381/MG;Sul;Colisão Traseira;1;2;;;;;1
12/09/2021;17:32:00;266;3 - Acidente com Danos Materiais;858;BR-381/MG;Norte;Tombamento;1;2;;;;;1
13/09/2021;06:43:00;54;3 - Acidente com Danos Materiais;652,084;BR-381/MG;Norte;Choque - Defensa, barreira ou "submarino";1;1;;;;;1
13/09/2021;07:18:00;69;3 - Acidente com Danos Materiais;33,9;BR-381/SP;Norte;Colisão Traseira;1;2;;;;;1
13/09/2021;20:24:00;367;3 - Acidente com Danos Materiais;607,5;BR-381/MG;Sul;Choque - Elemento de Drenagem;1;1;;;;;1
14/09/2021;01:18:00;18;1 - Acidente com Vitima Fatal;531,566;BR-381/MG;Norte;Tombamento;1;0;;1;;1;3
14/09/2021;03:44:00;40;3 - Acidente com Danos Materiais;796,2;BR-381/MG;Sul;Atropelamento de Animal;1;1;;;;;1
14/09/2021;08:34:00;123;3 - Acidente com Danos Materiais;502,6;BR-381/MG;Norte;Colisão Lateral;1;2;;;;;1
14/09/2021;09:29:00;140;2 - Acidente com VITIMA;478,11;BR-381/MG;Sul;Colisão Traseira;1;1;1;;;;1
14/09/2021;13:10:00;215;3 - Acidente com Danos Materiais;598,2;BR-381/MG;Norte;Choque - Defensa, barreira ou "submarino";1;1;;;;;1
14/09/2021;14:27:00;255;3 - Acidente com Danos Materiais;87;BR-381/SP;Norte;Colisão Lateral;1;2;;;;;1
15/09/2021;07:56:00;90;2 - Acidente com VITIMA;529,201;BR-381/MG;Norte;Tombamento;1;0;1;;;;1
15/09/2021;08:22:00;103;3 - Acidente com Danos Materiais;487,7;BR-381/MG;Norte;Colisão Lateral;1;2;;;;;1
15/09/2021;12:27:00;193;3 - Acidente com Danos Materiais;0,2;BR-381/MG-CONT;Sul;Choque - Defensa, barreira ou "submarino";1;1;;;;;1
15/09/2021;14:10:00;233;2 - Acidente com VITIMA;42,3;BR-381/SP;Sul;Objeto lançado contra veículo;1;1;1;;;;1
15/09/2021;22:58:00;412;3 - Acidente com Danos Materiais;793;BR-381/MG;Sul;Choque - Defensa, barreira ou "submarino";1;1;;;;;1
16/09/2021;01:19:00;11;3 - Acidente com Danos Materiais;63;BR-381/SP;Sul;Colisão Traseira;2;2;;;;;1
16/09/2021;09:24:00;134;2 - Acidente com VITIMA;482,919;BR-381/MG;Sul;Colisão Lateral;1;2;1;;;;1
16/09/2021;21:19:00;365;3 - Acidente com Danos Materiais;74,6;BR-381/SP;Norte;Colisão Traseira;1;2;;;;;1