data;horario;n_da_ocorrencia;tipo_de_ocorrencia;km;trecho;sentido;tipo_de_acidente;caminhao;ilesos;levemente_feridos;moderadamente_feridos;gravemente_feridos;mortos;3
17/09/2021;03:56:00;42;3 - Acidente com Danos Materiais;580,6;BR-381/MG;Norte;Choque - Defensa, barreira ou "submarino";1;1;;;;;1
17/09/2021;10:07:00;182;3 - Acidente com Danos Materiais;800,198;BR-381/MG;Norte;Colisão Traseira;1;2;;;;;1
17/09/2021;10:18:00;191;2 - Acidente com VITIMA;484,2;BR-381/MG;Sul;Engavetamento;3;5;1;;;;1
17/09/2021;18:38:00;367;2 - Acidente com VITIMA;51,2;BR-381/SP;Norte;Colisão Lateral;1;3;;1;;;2
17/09/2021;18:51:00;377;3 - Acidente com Danos Materiais;805,1;BR-381/MG;Norte;Colisão Traseira;1;2;;;;;1
17/09/2021;21:29:00;413;3 - Acidente com Danos Materiais;652;BR-381/MG;Sul;Colisão Traseira;2;2;;;;;1
18/09/2021;07:26:00;85;3 - Acidente com Danos Materiais;60,4;BR-381/SP;Sul;Choque - Defensa, barreira ou "submarino";1;1;;;;;1
18/09/2021;12:01:00;175;3 - Acidente com Danos Materiais;33;BR-381/SP;Norte;Colisão Lateral;1;2;;;;;1
18/09/2021;12:50:00;194;1 - Acidente com Vitima Fatal;5,16;BR-381/MG-CONT;Norte;Colisão Lateral;1;1;;;;1;3
18/09/2021;15:32:00;248;3 - Acidente com Danos Materiais;478;BR-381/MG;Norte;Colisão Traseira;1;3;;;;;1
18/09/2021;17:01:00;294;1 - Acidente com Vitima Fatal;1;BR-381/MG-CONT;Sul;Colisão Traseira;1;1;;;;1;3
18/09/2021;19:35:00;354;3 - Acidente com Danos Materiais;496;BR-381/MG;Norte;Colisão Traseira;1;2;;;;;1
19/09/2021;05:42:00;36;3 - Acidente com Danos Materiais;542;BR-381/MG;Sul;Colisão Traseira;2;2;;;;;1
19/09/2021;08:54:00;80;2 - Acidente com VITIMA;486,9;BR-381/MG;Norte;Colisão Traseira;1;2;1;;;;1
19/09/2021;10:07:00;101;3 - Acidente com Danos Materiais;506,1;BR-381/MG;Sul;Colisão Traseira;1;2;;;;;1
19/09/2021;17:38:00;293;3 - Acidente com Danos Materiais;812,6;BR-381/MG;Sul;Choque - Talude;1;1;;;;;1
19/09/2021;19:05:00;339;3 - Acidente com Danos Materiais;905,1;BR-381/MG;Norte;Choque - Defensa, barreira ou "submarino";1;2;;;;;1
19/09/2021;19:26:00;346;2 - Acidente com VITIMA;932,48;BR-381/MG;Norte;Capotamento;1;0;1;;;;1
19/09/2021;20:03:00;361;3 - Acidente com Danos Materiais;48,8;BR-381/SP;Sul;Colisão Traseira;1;2;;;;;1
19/09/2021;20:04:00;362;3 - Acidente com Danos Materiais;37,8;BR-381/SP;Sul;Atropelamento de Animal;1;1;;;;;1
19/09/2021;21:51:00;396;3 - Acidente com Danos Materiais;674,5;BR-381/MG;Sul;Choque - Defensa, barreira ou "submarino";1;1;;;;;1
20/09/2021;04:36:00;50;3 - Acidente com Danos Materiais;74,6;BR-381/SP;Sul;Choque - Suporte de Sinalização;1;1;;;;;1
20/09/2021;08:49:00;129;3 - Acidente com Danos Materiais;24,031;BR-381/SP;Sul;Colisão Traseira;1;2;;;;;1
20/09/2021;19:14:00;366;3 - Acidente com Danos Materiais;71,4;BR-381/SP;Sul;Colisão Traseira;1;2;;;;;1
20/09/2021;20:40:00;400;3 - Acidente com Danos Materiais;802,5;BR-381/MG;Norte;Engavetamento;2;3;;;;;1
20/09/2021;23:05:00;441;3 - Acidente com Danos Materiais;740,45;BR-381/MG;Norte;Choque - Defensa, barreira ou "submarino";1;1;;;;;1
21/09/2021;01:27:00;22;3 - Acidente com Danos Materiais;848,24;BR-381/MG;Norte;Tombamento;1;1;;;;;1
21/09/2021;07:58:00;113;3 - Acidente com Danos Materiais;736,517;BR-381/MG;Norte;Colisão Lateral;2;2;;;;;1
21/09/2021;08:15:00;121;2 - Acidente com VITIMA;484;BR-381/MG;Norte;Engavetamento;1;2;1;;;;1
21/09/2021;11:31:00;186;3 - Acidente com Danos Materiais;749,079;BR-381/MG;Sul;Colisão Traseira;1;2;;;;;1
21/09/2021;11:32:00;187;3 - Acidente com Danos Materiais;71,3;BR-381/SP;Norte;Colisão Lateral;1;3;;;;;1
21/09/2021;14:24:00;252;1 - Acidente com Vitima Fatal;482,5;BR-381/MG;Norte;Colisão Traseira;1;1;1;;;1;3
21/09/2021;14:39:00;258;3 - Acidente com Danos Materiais;545,05;BR-381/MG;Sul;Colisão Traseira;1;2;;;;;1
21/09/2021;14:44:00;261;3 - Acidente com Danos Materiais;77,4;BR-381/SP;Norte;Choque - Talude;1;1;;;;;1
22/09/2021;19:44:00;355;3 - Acidente com Danos Materiais;940;BR-381/MG;Norte;Colisão Lateral;1;2;;;;;1
22/09/2021;23:37:00;410;3 - Acidente com Danos Materiais;906,1;BR-381/MG;Norte;Choque - Elemento de Drenagem;1;3;;;;;1
23/09/2021;00:43:00;5;3 - Acidente com Danos Materiais;69,7;BR-381/SP;Norte;Tombamento;1;2;;;;;1
23/09/2021;06:37:00;52;2 - Acidente com VITIMA;686,079;BR-381/MG;Sul;Choque - Objeto sobre a pista;1;2;;;1;;2
23/09/2021;06:57:00;61;2 - Acidente com VITIMA;483,4;BR-381/MG;Norte;Colisão Traseira;1;1;1;;;;1
23/09/2021;06:37:00;72;3 - Acidente com Danos Materiais;686,1;BR-381/MG;Norte;Choque - Defensa, barreira ou "submarino";1;1;;;;;1
23/09/2021;07:28:00;79;3 - Acidente com Danos Materiais;791,1;BR-381/MG;Norte;Colisão Traseira;2;2;;;;;1
23/09/2021;08:01:00;96;3 - Acidente com Danos Materiais;685,1;BR-381/MG;Norte;Colisão Traseira;1;2;;;;;1
23/09/2021;08:13:00;109;3 - Acidente com Danos Materiais;32,77;BR-381/SP;Sul;Colisão Lateral;1;2;;;;;1
23/09/2021;08:21:00;117;2 - Acidente com VITIMA;680,1;BR-381/MG;Sul;Engavetamento;2;2;1;1;;;2
23/09/2021;10:24:00;171;2 - Acidente com VITIMA;64,8;BR-381/SP;Sul;Engavetamento;1;1;2;1;;;2
23/09/2021;10:44:00;176;3 - Acidente com Danos Materiais;684,1;BR-381/MG;Norte;Choque - Talude;1;1;;;;;1
23/09/2021;15:13:00;254;3 - Acidente com Danos Materiais;82;BR-381/SP;Sul;Colisão Lateral;1;2;;;;;1
23/09/2021;15:18:00;256;3 - Acidente com Danos Materiais;915,8;BR-381/MG;Norte;Choque - Objeto sobre a pista;1;1;;;;;1
23/09/2021;15:55:00;266;3 - Acidente com Danos Materiais;642,4;BR-381/MG;Sul;Choque - Elemento de Drenagem;1;1;;;;;1
23/09/2021;16:59:00;298;3 - Acidente com Danos Materiais;677,6;BR-381/MG;Norte;Tombamento;1;1;;;;;1
23/09/2021;17:14:00;304;3 - Acidente com Danos Materiais;58,8;BR-381/SP;Sul;Engavetamento;1;3;;;;;1
23/09/2021;18:06:00;323;3 - Acidente com Danos Materiais;846,4;BR-381/MG;Sul;Colisão Traseira;2;2;;;;;1
24/09/2021;07:53:00;116;3 - Acidente com Danos Materiais;900,8;BR-381/MG;Norte;Colisão Traseira;1;2;;;;;1
24/09/2021;12:12:00;211;2 - Acidente com VITIMA;492,1;BR-381/MG;Sul;Colisão Lateral;1;1;4;;;;1
24/09/2021;16:49:00;310;3 - Acidente com Danos Materiais;491,1;BR-381/MG;Norte;Engavetamento;1;5;;;;;1
24/09/2021;20:38:00;398;3 - Acidente com Danos Materiais;496;BR-381/MG;Sul;Colisão Lateral;1;4;;;;;1
24/09/2021;23:05:00;437;2 - Acidente com VITIMA;685,5;BR-381/MG;Sul;Colisão Traseira;2;1;1;;;;1
25/09/2021;06:25:00;58;3 - Acidente com Danos Materiais;703,4;BR-381/MG;Sul;Colisão Traseira;1;2;;;;;1
25/09/2021;16:08:00;243;3 - Acidente com Danos Materiais;934,9;BR-381/MG;Norte;Choque - Elemento de Drenagem;1;1;;;;;1
25/09/2021;19:03:00;326;3 - Acidente com Danos Materiais;524,5;BR-381/MG;Sul;Choque - Defensa, barreira ou "submarino";1;1;;;;;1
26/09/2021;15:15:00;192;3 - Acidente com Danos Materiais;863,5;BR-381/MG;Sul;Capotamento;1;1;;;;;1
26/09/2021;15:56:00;210;3 - Acidente com Danos Materiais;52;BR-381/SP;Sul;Choque - Elemento de Drenagem;1;1;;;;;1
27/09/2021;05:15:00;48;3 - Acidente com Danos Materiais;946,6;BR-381/MG;Sul;Colisão Traseira;1;2;;;;;1
27/09/2021;09:06:00;130;2 - Acidente com VITIMA;536,5;BR-381/MG;Sul;Tombamento;1;0;1;;;;1
27/09/2021;15:54:00;268;3 - Acidente com Danos Materiais;862;BR-381/MG;Sul;Colisão Traseira;1;2;;;;;1
27/09/2021;16:58:00;302;3 - Acidente com Danos Materiais;623;BR-381/MG;Norte;Colisão Lateral;2;2;;;;;1
27/09/2021;21:22:00;397;3 - Acidente com Danos Materiais;757;BR-381/MG;Sul;Choque - Defensa, barreira ou "submarino";1;1;;;;;1
28/09/2021;00:03:00;5;3 - Acidente com Danos Materiais;545,5;BR-381/MG;Norte;Colisão Traseira;2;2;;;;;1
28/09/2021;02:37:00;23;3 - Acidente com Danos Materiais;727,2;BR-381/MG;Sul;Choque - Defensa, barreira ou "submarino";1;1;;;;;1
28/09/2021;04:42:00;31;3 - Acidente com Danos Materiais;881;BR-381/MG;Sul;Tombamento;1;2;;;;;1
28/09/2021;10:16:00;152;3 - Acidente com Danos Materiais;716,5;BR-381/MG;Norte;Colisão Lateral;1;2;;;;;1
28/09/2021;13:12:00;213;1 - Acidente com Vitima Fatal;684,468;BR-381/MG;Norte;Colisão Lateral;1;3;2;;;1;3
28/09/2021;17:03:00;306;2 - Acidente com VITIMA;908,4;BR-381/MG;Norte;Tombamento;1;0;1;;;;1
28/09/2021;17:43:00;330;3 - Acidente com Danos Materiais;494;BR-381/MG;Norte;Colisão Traseira;1;2;;;;;1
28/09/2021;19:29:00;371;3 - Acidente com Danos Materiais;843;BR-381/MG;Sul;Colisão Traseira;1;2;;;;;1
28/09/2021;20:19:00;384;3 - Acidente com Danos Materiais;484,7;BR-381/MG;Norte;Engavetamento;1;3;;;;;1
28/09/2021;21:01:00;392;3 - Acidente com Danos Materiais;897,8;BR-381/MG;Sul;Choque - Elemento de Drenagem;1;1;;;;;1
28/09/2021;21:10:00;404;3 - Acidente com Danos Materiais;484;BR-381/MG;Norte;Colisão Traseira;1;2;;;;;1
29/09/2021;01:07:00;17;2 - Acidente com VITIMA;643,45;BR-381/MG;Norte;Choque - Talude;1;0;1;;;;1
29/09/2021;09:12:00;153;2 - Acidente com VITIMA;921,2;BR-381/MG;Sul;Tombamento;1;1;1;;;;1
29/09/2021;12:30:00;219;3 - Acidente com Danos Materiais;88;BR-381/SP;Sul;Engavetamento;1;3;;;;;1
29/09/2021;13:26:00;245;2 - Acidente com VITIMA;920,9;BR-381/MG;Norte;Capotamento;1;1;1;;;;1
29/09/2021;15:11:00;281;3 - Acidente com Danos Materiais;71;BR-381/SP;Sul;Colisão Traseira;1;2;;;;;1
29/09/2021;17:09:00;328;3 - Acidente com Danos Materiais;494,1;BR-381/MG;Norte;Colisão Traseira;1;2;;;;;1
29/09/2021;17:19:00;334;3 - Acidente com Danos Materiais;873,94;BR-381/MG;Sul;Tombamento;1;1;;;;;1
29/09/2021;23:53:00;437;2 - Acidente com VITIMA;743,4;BR-381/MG;Sul;Choque - Defensa, barreira ou "submarino";1;0;1;;;;1
30/09/2021;04:42:00;43;3 - Acidente com Danos Materiais;595,1;BR-381/MG;Norte;Choque - Elemento de Drenagem;1;1;;;;;1
30/09/2021;06:00:00;56;2 - Acidente com VITIMA;891,75;BR-381/MG;Norte;Choque - Elemento de Drenagem;2;3;;1;;;2
30/09/2021;06:59:00;72;3 - Acidente com Danos Materiais;482,7;BR-381/MG;Norte;Engavetamento;1;3;;;;;1
30/09/2021;07:24:00;84;3 - Acidente com Danos Materiais;570,1;BR-381/MG;Sul;Colisão Traseira;1;2;;;;;1
30/09/2021;08:29:00;118;3 - Acidente com Danos Materiais;700,138;BR-381/MG;Sul;Choque - Defensa, barreira ou "submarino";1;1;;;;;1
30/09/2021;09:04:00;134;2 - Acidente com VITIMA;861,803;BR-381/MG;Norte;Colisão Traseira;1;3;1;;;;1
30/09/2021;11:24:00;182;3 - Acidente com Danos Materiais;873,5;BR-381/MG;Sul;Colisão Traseira;1;3;;;;;1
30/09/2021;11:58:00;199;3 - Acidente com Danos Materiais;855,2;BR-381/MG;Norte;Engavetamento;2;4;;;;;1
30/09/2021;17:47:00;350;3 - Acidente com Danos Materiais;511,4;BR-381/MG;Sul;Colisão Traseira;1;2;;;;;1
30/09/2021;19:58:00;401;3 - Acidente com Danos Materiais;873;BR-381/MG;Norte;Choque - Elemento de Drenagem;1;1;;;;;1
01/10/2021;00:04:00;2;1 - Acidente com Vitima Fatal;908,4;BR-381/MG;Norte;Tombamento;1;0;;;;1;3
01/10/2021;05:50:00;39;2 - Acidente com VITIMA;711;BR-381/MG;Sul;Colisão Traseira;2;1;;1;;;2
01/10/2021;06:40:00;53;2 - Acidente com VITIMA;658,2;BR-381/MG;Norte;Colisão Traseira;2;1;1;;;;1
01/10/2021;07:44:00;89;3 - Acidente com Danos Materiais;929,8;BR-381/MG;Sul;Tombamento;1;1;;;;;1
01/10/2021;09:27:00;144;3 - Acidente com Danos Materiais;755,5;BR-381/MG;Sul;Colisão Traseira;1;2;;;;;1
01/10/2021;14:29:00;237;2 - Acidente com VITIMA;912,8;BR-381/MG;Norte;Engavetamento;2;2;1;;;;1
01/10/2021;15:16:00;256;3 - Acidente com Danos Materiais;925,5;BR-381/MG;Norte;Colisão Traseira;2;2;;;;;1
01/10/2021;17:19:00;305;3 - Acidente com Danos Materiais;924,8;BR-381/MG;Norte;Tombamento;1;1;;;;;1
01/10/2021;20:09:00;373;2 - Acidente com VITIMA;674,5;BR-381/MG;Norte;Choque - Defensa, barreira ou "submarino";1;0;1;;;;1
01/10/2021;20:05:00;380;3 - Acidente com Danos Materiais;766,1;BR-381/MG;Sul;Choque - Defensa, barreira ou "submarino";1;1;;;;;1
01/10/2021;20:46:00;386;2 - Acidente com VITIMA;707,8;BR-381/MG;Norte;Tombamento;1;0;1;;;;1
01/10/2021;22:11:00;413;3 - Acidente com Danos Materiais;597,9;BR-381/MG;Norte;Choque - Elemento de Drenagem;1;1;;;;;1
01/10/2021;23:20:00;436;3 - Acidente com Danos Materiais;526,3;BR-381/MG;Sul;Choque - Elemento de Drenagem;1;1;;;;;1
01/10/2021;23:54:00;446;3 - Acidente com Danos Materiais;686,284;BR-381/MG;Norte;Choque - Defensa, barreira ou "submarino";1;1;;;;;1
01/10/2021;23:56:00;447;3 - Acidente com Danos Materiais;11;BR-381/SP;Norte;Choque - Veiculo parado no acostamento;1;6;;;;;1
02/10/2021;00:55:00;15;2 - Acidente com VITIMA;932,5;BR-381/MG;Norte;Tombamento;1;0;1;;;;1
02/10/2021;05:20:00;75;3 - Acidente com Danos Materiais;543,9;BR-381/MG;Norte;Choque - Elemento de Drenagem;1;2;;;;;1
02/10/2021;05:27:00;76;2 - Acidente com VITIMA;543,9;BR-381/MG;Norte;Engavetamento;1;6;3;;;;1
02/10/2021;15:09:00;283;3 - Acidente com Danos Materiais;689;BR-381/MG;Norte;Colisão Traseira;1;2;;;;;1
02/10/2021;16:51:00;312;2 - Acidente com VITIMA;2,1;BR-381/MG-CONT;Sul;Choque - Defensa, barreira ou "submarino";1;0;1;;;;1
02/10/2021;17:06:00;319;2 - Acidente com VITIMA;65;BR-381/SP;Sul;Colisão Traseira;1;2;1;;;;1
02/10/2021;20:17:00;372;3 - Acidente com Danos Materiais;69,7;BR-381/SP;Sul;Choque - Defensa, barreira ou "submarino";1;2;;;;;1
02/10/2021;20:44:00;380;2 - Acidente com VITIMA;526,4;BR-381/MG;Sul;Capotamento;1;0;1;;;;1
03/10/2021;14:55:00;163;3 - Acidente com Danos Materiais;34,5;BR-381/SP;Norte;Colisão Traseira;1;2;;;;;1
03/10/2021;15:27:00;177;3 - Acidente com Danos Materiais;591,8;BR-381/MG;Norte;Choque - Defensa, barreira ou "submarino";1;1;;;;;1
03/10/2021;17:21:00;231;3 - Acidente com Danos Materiais;16;BR-381/SP;Norte;Colisão Lateral;1;3;;;;;1
03/10/2021;17:36:00;234;2 - Acidente com VITIMA;15;BR-381/SP;Sul;Colisão Traseira;1;1;1;;;;1
03/10/2021;22:04:00;309;3 - Acidente com Danos Materiais;831,3;BR-381/MG;Sul;Colisão Lateral;1;4;;;;;1
04/10/2021;08:29:00;108;3 - Acidente com Danos Materiais;505,5;BR-381/MG;Sul;Colisão Lateral;1;2;;;;;1
04/10/2021;12:07:00;181;3 - Acidente com Danos Materiais;24,1;BR-381/SP;Norte;Choque - Elemento de Drenagem;1;1;;;;;1
04/10/2021;19:40:00;372;3 - Acidente com Danos Materiais;563,2;BR-381/MG;Norte;Choque - Defensa, barreira ou "submarino";1;1;;;;;1
04/10/2021;19:49:00;376;3 - Acidente com Danos Materiais;487,5;BR-381/MG;Sul;Colisão Traseira;2;2;;;;;1
04/10/2021;21:34:00;400;3 - Acidente com Danos Materiais;910;BR-381/MG;Sul;Colisão Traseira;2;2;;;;;1
05/10/2021;04:31:00;46;3 - Acidente com Danos Materiais;538,713;BR-381/MG;Norte;Colisão Traseira;2;2;;;;;1
05/10/2021;05:57:00;61;2 - Acidente com VITIMA;1,4;BR-381/MG-CONT;Sul;Choque - Defensa, barreira ou "submarino";1;0;;1;;;2
05/10/2021;06:23:00;66;3 - Acidente com Danos Materiais;517;BR-381/MG;Sul;Colisão Traseira;1;2;;;;;1
05/10/2021;06:47:00;81;2 - Acidente com VITIMA;922,5;BR-381/MG;Norte;Colisão Lateral;1;1;1;;;;1
05/10/2021;09:57:00;175;3 - Acidente com Danos Materiais;90;BR-381/SP;Sul;Engavetamento;2;3;;;;;1
05/10/2021;10:20:00;184;3 - Acidente com Danos Materiais;90;BR-381/SP;Sul;Colisão Lateral;1;2;;;;;1
05/10/2021;13:47:00;254;3 - Acidente com Danos Materiais;908,4;BR-381/MG;Norte;Tombamento;1;1;;;;;1
05/10/2021;15:57:00;306;3 - Acidente com Danos Materiais;489,8;BR-381/MG;Norte;Choque - Defensa, barreira ou "submarino";1;1;;;;;1
05/10/2021;18:37:00;386;3 - Acidente com Danos Materiais;4,5;BR-381/MG-CONT;Sul;Choque - Elemento de Drenagem;1;1;;;;;1
05/10/2021;19:25:00;403;2 - Acidente com VITIMA;905,05;BR-381/MG;Norte;Tombamento;5;9;;2;1;;2
05/10/2021;20:08:00;420;3 - Acidente com Danos Materiais;896;BR-381/MG;Norte;Colisão Lateral;1;2;;;;;1
05/10/2021;22:27:00;453;2 - Acidente com VITIMA;62,4;BR-381/SP;Sul;Colisão Traseira;2;1;1;;;;1
06/10/2021;00:29:00;7;3 - Acidente com Danos Materiais;831,1;BR-381/MG;Norte;Colisão Traseira;2;2;;;;;1
06/10/2021;01:55:00;23;3 - Acidente com Danos Materiais;805,2;BR-381/MG;Norte;Choque - Outros;1;1;;;;;1
06/10/2021;04:32:00;48;2 - Acidente com VITIMA;516,83;BR-381/MG;Norte;Tombamento;1;0;1;1;;;2
06/10/2021;06:06:00;61;3 - Acidente com Danos Materiais;523,216;BR-381/MG;Sul;Colisão Lateral;1;2;;;;;1
06/10/2021;15:55:00;287;3 - Acidente com Danos Materiais;507,8;BR-381/MG;Norte;Engavetamento;1;4;;;;;1
06/10/2021;18:16:00;352;3 - Acidente com Danos Materiais;872,95;BR-381/MG;Sul;Tombamento;1;1;;;;;1
06/10/2021;19:26:00;373;2 - Acidente com VITIMA;525,5;BR-381/MG;Sul;Tombamento;1;0;;;2;;2
06/10/2021;19:52:00;388;3 - Acidente com Danos Materiais;504,1;BR-381/MG;Norte;Colisão Traseira;2;3;;;;;1
06/10/2021;22:58:00;439;2 - Acidente com VITIMA;40,5;BR-381/SP;Norte;Colisão Traseira;1;2;;1;;;2
07/10/2021;02:43:00;16;3 - Acidente com Danos Materiais;519,15;BR-381/MG;Sul;Colisão Traseira;2;2;;;;;1
07/10/2021;04:09:00;26;2 - Acidente com VITIMA;844,85;BR-381/MG;Norte;Choque - Defensa, barreira ou "submarino";1;0;1;1;;;2
07/10/2021;06:34:00;56;3 - Acidente com Danos Materiais;916,5;BR-381/MG;Sul;Choque - Defensa, barreira ou "submarino";1;1;;;;;1
07/10/2021;11:07:00;180;2 - Acidente com VITIMA;500,455;BR-381/MG;Norte;Engavetamento;1;3;1;;;;1
07/10/2021;12:06:00;203;2 - Acidente com VITIMA;477,3;BR-381/MG;Norte;Colisão Lateral;1;1;4;;;;1
07/10/2021;15:25:00;264;3 - Acidente com Danos Materiais;735,5;BR-381/MG;Norte;Colisão Traseira;1;2;;;;;1
07/10/2021;18:38:00;334;2 - Acidente com VITIMA;870,1;BR-381/MG;Sul;Colisão Traseira;2;1;1;;;;1
08/10/2021;03:37:00;45;3 - Acidente com Danos Materiais;946,232;BR-381/MG;Norte;Engavetamento;3;3;;;;;1
08/10/2021;05:20:00;58;3 - Acidente com Danos Materiais;490,765;BR-381/MG;Norte;Colisão Traseira;1;2;;;;;1
08/10/2021;11:49:00;211;3 - Acidente com Danos Materiais;505,8;BR-381/MG;Sul;Colisão Traseira;1;2;;;;;1
08/10/2021;13:18:00;239;3 - Acidente com Danos Materiais;502,1;BR-381/MG;Sul;Colisão Traseira;1;2;;;;;1
08/10/2021;20:09:00;395;3 - Acidente com Danos Materiais;527,3;BR-381/MG;Norte;Choque - Defensa, barreira ou "submarino";1;1;;;;;1
08/10/2021;20:59:00;415;3 - Acidente com Danos Materiais;521,3;BR-381/MG;Norte;Colisão Lateral;1;2;;;;;1
08/10/2021;21:12:00;421;2 - Acidente com VITIMA;494;BR-381/MG;Norte;Colisão Lateral;2;3;1;;;;1
08/10/2021;23:39:00;458;3 - Acidente com Danos Materiais;67,8;BR-381/SP;Norte;Engavetamento;1;4;;;;;1
09/10/2021;02:00:00;21;2 - Acidente com VITIMA;894,85;BR-381/MG;Sul;Choque - Talude;1;0;;1;;;2
09/10/2021;03:58:00;56;2 - Acidente com VITIMA;737,2;BR-381/MG;Sul;Tombamento;1;0;1;;;;1
09/10/2021;08:34:00;132;3 - Acidente com Danos Materiais;9,2;BR-381/SP;Norte;Colisão Lateral;1;3;;;;;1
09/10/2021;13:33:00;250;2 - Acidente com VITIMA;593,427;BR-381/MG;Norte;Colisão Traseira;2;1;1;;;;1
09/10/2021;15:07:00;280;2 - Acidente com VITIMA;556,6;BR-381/MG;Sul;Colisão Traseira;1;3;2;;;;1
09/10/2021;19:41:00;388;3 - Acidente com Danos Materiais;501,8;BR-381/MG;Sul;Colisão Lateral;1;2;;;;;1
10/10/2021;01:49:00;27;3 - Acidente com Danos Materiais;757,2;BR-381/MG;Norte;Choque - Elemento de Drenagem;1;1;;;;;1
10/10/2021;06:06:00;54;3 - Acidente com Danos Materiais;521,688;BR-381/MG;Norte;Choque - Defensa, barreira ou "submarino";1;1;;;;;1
10/10/2021;06:27:00;63;3 - Acidente com Danos Materiais;905,2;BR-381/MG;Norte;Tombamento;1;1;;;;;1
10/10/2021;10:32:00;137;3 - Acidente com Danos Materiais;521,7;BR-381/MG;Norte;Colisão Traseira;1;2;;;;;1
10/10/2021;12:33:00;176;3 - Acidente com Danos Materiais;937,4;BR-381/MG;Sul;Choque - Defensa, barreira ou "submarino";1;1;;;;;1
10/10/2021;13:01:00;186;3 - Acidente com Danos Materiais;921,5;BR-381/MG;Sul;Choque - Defensa, barreira ou "submarino";1;2;;;;;1
10/10/2021;17:18:00;270;3 - Acidente com Danos Materiais;540,5;BR-381/MG;Norte;Colisão Lateral;2;2;;;;;1
10/10/2021;19:33:00;300;3 - Acidente com Danos Materiais;623,4;BR-381/MG;Norte;Choque - Defensa, barreira ou "submarino";1;2;;;;;1
10/10/2021;20:00:00;305;2 - Acidente com VITIMA;589,1;BR-381/MG;Norte;Colisão Lateral;1;1;1;;;;1
10/10/2021;23:25:00;353;3 - Acidente com Danos Materiais;688;BR-381/MG;Sul;Colisão Lateral;1;2;;;;;1
11/10/2021;00:51:00;16;3 - Acidente com Danos Materiais;724;BR-381/MG;Sul;Colisão Traseira;2;2;;;;;1
11/10/2021;03:17:00;33;3 - Acidente com Danos Materiais;63,9;BR-381/SP;Sul;Choque - Talude;1;1;;;;;1
11/10/2021;03:36:00;37;2 - Acidente com VITIMA;678,3;BR-381/MG;Norte;Colisão Traseira;1;1;1;;;;1
11/10/2021;03:40:00;38;2 - Acidente com VITIMA;764,1;BR-381/MG;Sul;Choque - Elemento de Drenagem;1;0;1;;;;1
11/10/2021;06:16:00;54;3 - Acidente com Danos Materiais;46,5;BR-381/SP;Sul;Choque - Defensa, barreira ou "submarino";1;1;;;;;1
11/10/2021;09:14:00;98;2 - Acidente com VITIMA;857,24;BR-381/MG;Norte;Colisão Traseira;1;5;2;1;;;2
11/10/2021;09:19:00;100;3 - Acidente com Danos Materiais;694,1;BR-381/MG;Norte;Colisão Traseira;2;2;;;;;1
11/10/2021;10:18:00;127;2 - Acidente com VITIMA;872,3;BR-381/MG;Norte;Choque - Defensa, barreira ou "submarino";1;0;1;;;;1
11/10/2021;11:46:00;156;3 - Acidente com Danos Materiais;524,678;BR-381/MG;Sul;Colisão Traseira;1;6;;;;;1
11/10/2021;14:29:00;214;3 - Acidente com Danos Materiais;686,88;BR-381/MG;Norte;Choque - Defensa, barreira ou "submarino";1;1;;;;;1
11/10/2021;15:31:00;234;3 - Acidente com Danos Materiais;923,804;BR-381/MG;Norte;Choque - Suporte de Sinalização;1;1;;;;;1
11/10/2021;17:20:00;284;3 - Acidente com Danos Materiais;728,174;BR-381/MG;Sul;Choque - Defensa, barreira ou "submarino";1;2;;;;;1
11/10/2021;19:12:00;331;3 - Acidente com Danos Materiais;540,588;BR-381/MG;Sul;Choque - Elemento de Drenagem;1;1;;;;;1
12/10/2021;02:23:00;29;3 - Acidente com Danos Materiais;797;BR-381/MG;Norte;Atropelamento de Animal;1;1;;;;;1
12/10/2021;05:38:00;47;3 - Acidente com Danos Materiais;580,5;BR-381/MG;Norte;Colisão Traseira;1;2;;;;;1
12/10/2021;06:35:00;61;3 - Acidente com Danos Materiais;66,6;BR-381/SP;Sul;Choque - Suporte de Sinalização;1;1;;;;;1