data;horario;n_da_ocorrencia;tipo_de_ocorrencia;km;trecho;sentido;tipo_de_acidente;caminhao;ilesos;levemente_feridos;moderadamente_feridos;gravemente_feridos;mortos;3
12/10/2021;08:41:00;91;2 - Acidente com VITIMA;525,6;BR-381/MG;Sul;Tombamento;1;0;1;;;;1
12/10/2021;09:57:00;112;3 - Acidente com Danos Materiais;23,1;BR-381/SP;Sul;Choque - Elemento de Drenagem;1;1;;;;;1
12/10/2021;13:33:00;149;2 - Acidente com VITIMA;496,25;BR-381/MG;Sul;Engavetamento;1;3;1;;;;1
12/10/2021;20:34:00;289;3 - Acidente com Danos Materiais;595,9;BR-381/MG;Norte;Colisão Traseira;1;2;;;;;1
13/10/2021;05:29:00;37;3 - Acidente com Danos Materiais;597,9;BR-381/MG;Norte;Colisão Lateral;2;2;;;;;1
13/10/2021;07:16:00;73;3 - Acidente com Danos Materiais;641;BR-381/MG;Sul;Choque - Defensa, barreira ou "submarino";1;2;;;;;1
13/10/2021;08:38:00;109;3 - Acidente com Danos Materiais;917,9;BR-381/MG;Norte;Colisão Traseira;1;2;;;;;1
13/10/2021;13:39:00;204;3 - Acidente com Danos Materiais;847,46;BR-381/MG;Sul;Colisão Traseira;2;2;;;;;1
13/10/2021;16:02:00;261;3 - Acidente com Danos Materiais;886,257;BR-381/MG;Norte;Choque - Defensa, barreira ou "submarino";1;1;;;;;1
13/10/2021;16:55:00;284;3 - Acidente com Danos Materiais;846,1;BR-381/MG;Sul;Colisão Traseira;1;2;;;;;1
13/10/2021;20:03:00;355;3 - Acidente com Danos Materiais;845,1;BR-381/MG;Sul;Colisão Lateral;2;2;;;;;1
13/10/2021;20:06:00;356;2 - Acidente com VITIMA;525,57;BR-381/MG;Sul;Tombamento;1;0;2;;;;1
14/10/2021;18:32:00;343;3 - Acidente com Danos Materiais;69,5;BR-381/SP;Sul;Choque - Defensa, barreira ou "submarino";1;1;;;;;1
14/10/2021;21:21:00;402;3 - Acidente com Danos Materiais;724,2;BR-381/MG;Norte;Choque - Defensa, barreira ou "submarino";1;1;;;;;1
15/10/2021;00:41:00;8;2 - Acidente com VITIMA;484,7;BR-381/MG;Sul;Choque - Defensa, barreira ou "submarino";1;0;1;;;;1
15/10/2021;06:36:00;75;3 - Acidente com Danos Materiais;832,6;BR-381/MG;Sul;Choque - Defensa, barreira ou "submarino";1;2;;;;;1
15/10/2021;10:09:00;180;3 - Acidente com Danos Materiais;479,94;BR-381/MG;Norte;Choque - Defensa, barreira ou "submarino";1;1;;;;;1
15/10/2021;11:44:00;211;3 - Acidente com Danos Materiais;848,118;BR-381/MG;Sul;Engavetamento;3;3;;;;;1
15/10/2021;11:58:00;215;2 - Acidente com VITIMA;627,7;BR-381/MG;Norte;Colisão Traseira;1;1;;2;2;;2
15/10/2021;13:06:00;235;3 - Acidente com Danos Materiais;869,2;BR-381/MG;Sul;Choque - Defensa, barreira ou "submarino";1;1;;;;;1
15/10/2021;15:20:00;279;3 - Acidente com Danos Materiais;724,48;BR-381/MG;Sul;Choque - Defensa, barreira ou "submarino";1;1;;;;;1
15/10/2021;15:44:00;289;3 - Acidente com Danos Materiais;947,2;BR-381/MG;Norte;Colisão Traseira;2;2;;;;;1
15/10/2021;16:26:00;312;2 - Acidente com VITIMA;936,3;BR-381/MG;Sul;Choque - Poste;1;0;1;;;;1
15/10/2021;23:40:00;442;3 - Acidente com Danos Materiais;43,8;BR-381/SP;Norte;Tombamento;1;1;;;;;1
16/10/2021;06:20:00;61;2 - Acidente com VITIMA;620,831;BR-381/MG;Norte;Choque - Defensa, barreira ou "submarino";1;0;1;;;;1
16/10/2021;06:35:00;67;3 - Acidente com Danos Materiais;2;BR-381/SP;Sul;Choque - Suporte de Sinalização;1;1;;;;;1
16/10/2021;07:54:00;102;3 - Acidente com Danos Materiais;504,4;BR-381/MG;Norte;Colisão Lateral;1;2;;;;;1
16/10/2021;08:15:00;110;3 - Acidente com Danos Materiais;520,1;BR-381/MG;Sul;Colisão Traseira;1;2;;;;;1
16/10/2021;09:21:00;132;2 - Acidente com VITIMA;685,4;BR-381/MG;Norte;Choque - Suporte de Sinalização;1;0;;;1;;2
16/10/2021;15:58:00;276;3 - Acidente com Danos Materiais;904,7;BR-381/MG;Norte;Tombamento;1;1;;;;;1
16/10/2021;16:23:00;284;3 - Acidente com Danos Materiais;945;BR-381/MG;Norte;Colisão Traseira;1;2;;;;;1
16/10/2021;16:12:00;320;3 - Acidente com Danos Materiais;904,7;BR-381/MG;Norte;Choque - Talude;1;1;;;;;1
16/10/2021;23:40:00;396;2 - Acidente com VITIMA;78,8;BR-381/SP;Norte;Tombamento;1;1;1;;;;1
17/10/2021;06:04:00;50;2 - Acidente com VITIMA;699,8;BR-381/MG;Sul;Choque - Talude;1;1;1;;;;1
17/10/2021;06:07:00;51;3 - Acidente com Danos Materiais;712,4;BR-381/MG;Sul;Choque - Defensa, barreira ou "submarino";1;1;;;;;1
17/10/2021;06:33:00;54;2 - Acidente com VITIMA;525,439;BR-381/MG;Sul;Choque - Defensa, barreira ou "submarino";1;0;;;1;;2
17/10/2021;09:00:00;101;2 - Acidente com VITIMA;720,7;BR-381/MG;Norte;Colisão Traseira;1;2;1;;;;1
17/10/2021;09:17:00;106;3 - Acidente com Danos Materiais;727,2;BR-381/MG;Sul;Colisão Lateral;1;2;;;;;1
17/10/2021;09:32:00;112;3 - Acidente com Danos Materiais;901,1;BR-381/MG;Sul;Choque - Cancela de Pedagio;1;1;;;;;1
17/10/2021;11:53:00;145;1 - Acidente com Vitima Fatal;925,3;BR-381/MG;Sul;Capotamento;1;0;;;;1;3
17/10/2021;13:48:00;181;3 - Acidente com Danos Materiais;90,2;BR-381/SP;Norte;Tombamento;1;1;;;;;1
17/10/2021;17:04:00;258;3 - Acidente com Danos Materiais;682,4;BR-381/MG;Sul;Colisão Lateral;1;4;;;;;1
17/10/2021;23:08:00;347;1 - Acidente com Vitima Fatal;930,1;BR-381/MG;Sul;Colisão Lateral;1;0;1;;;1;3
18/10/2021;08:46:00;129;1 - Acidente com Vitima Fatal;87,5;BR-381/SP;Sul;Colisão Lateral;1;1;;;;1;3
18/10/2021;11:31:00;201;3 - Acidente com Danos Materiais;532,3;BR-381/MG;Sul;Atropelamento de Animal;1;1;;;;;1
18/10/2021;11:43:00;205;3 - Acidente com Danos Materiais;799,3;BR-381/MG;Sul;Choque - Suporte de Sinalização;1;1;;;;;1
18/10/2021;13:56:00;245;3 - Acidente com Danos Materiais;863,4;BR-381/MG;Sul;Choque - Elemento de Drenagem;1;1;;;;;1
18/10/2021;14:54:00;268;2 - Acidente com VITIMA;487,5;BR-381/MG;Sul;Engavetamento;1;4;1;;;;1
18/10/2021;16:26:00;306;3 - Acidente com Danos Materiais;75,9;BR-381/SP;Sul;Colisão Traseira;1;2;;;;;1
18/10/2021;18:46:00;344;3 - Acidente com Danos Materiais;538,418;BR-381/MG;Norte;Atropelamento de Animal;1;1;;;;;1
18/10/2021;19:35:00;354;3 - Acidente com Danos Materiais;483,2;BR-381/MG;Norte;Colisão Lateral;1;2;;;;;1
18/10/2021;22:34:00;389;3 - Acidente com Danos Materiais;601;BR-381/MG;Norte;Choque - Defensa, barreira ou "submarino";1;1;;;;;1
19/10/2021;01:46:00;22;3 - Acidente com Danos Materiais;54,3;BR-381/SP;Norte;Choque - Defensa, barreira ou "submarino";1;1;;;;;1
19/10/2021;07:23:00;91;2 - Acidente com VITIMA;728,269;BR-381/MG;Norte;Choque - Defensa, barreira ou "submarino";1;0;;1;;;2
19/10/2021;10:36:00;167;3 - Acidente com Danos Materiais;921,501;BR-381/MG;Sul;Choque - Defensa, barreira ou "submarino";1;1;;;;;1
19/10/2021;12:27:00;200;3 - Acidente com Danos Materiais;561,062;BR-381/MG;Sul;Choque - Defensa, barreira ou "submarino";2;2;;;;;1
20/10/2021;00:42:00;21;3 - Acidente com Danos Materiais;889,1;BR-381/MG;Norte;Choque - Elemento de Drenagem;1;1;;;;;1
20/10/2021;02:17:00;35;3 - Acidente com Danos Materiais;735,5;BR-381/MG;Norte;Colisão Traseira;2;2;;;;;1
20/10/2021;03:08:00;40;2 - Acidente com VITIMA;568,9;BR-381/MG;Sul;Tombamento;1;0;1;;;;1
20/10/2021;06:40:00;69;3 - Acidente com Danos Materiais;654,1;BR-381/MG;Norte;Choque - Elemento de Drenagem;1;1;;;;;1
20/10/2021;07:04:00;78;3 - Acidente com Danos Materiais;807,5;BR-381/MG;Norte;Choque - Defensa, barreira ou "submarino";1;1;;;;;1
20/10/2021;09:28:00;152;3 - Acidente com Danos Materiais;517,2;BR-381/MG;Norte;Choque - Talude;1;1;;;;;1
20/10/2021;10:32:00;175;2 - Acidente com VITIMA;41;BR-381/SP;Norte;Colisão Lateral;2;3;1;;;;1
20/10/2021;12:17:00;210;2 - Acidente com VITIMA;491,6;BR-381/MG;Norte;Colisão Traseira;1;1;;;1;;2
20/10/2021;15:00:00;271;2 - Acidente com VITIMA;708,236;BR-381/MG;Sul;Engavetamento;2;2;1;;1;;2
20/10/2021;19:07:00;371;3 - Acidente com Danos Materiais;48,963;BR-381/SP;Sul;Colisão Traseira;1;2;;;;;1
20/10/2021;20:31:00;398;2 - Acidente com VITIMA;737,351;BR-381/MG;Sul;Capotamento;1;0;1;;;;1
20/10/2021;21:52:00;427;2 - Acidente com VITIMA;724,5;BR-381/MG;Sul;Colisão Traseira;2;1;1;;;;1
20/10/2021;22:39:00;437;3 - Acidente com Danos Materiais;767,25;BR-381/MG;Sul;Choque - Defensa, barreira ou "submarino";1;1;;;;;1
21/10/2021;07:06:00;81;2 - Acidente com VITIMA;761,171;BR-381/MG;Sul;Tombamento;1;1;2;;;;1
21/10/2021;08:16:00;117;2 - Acidente com VITIMA;795,8;BR-381/MG;Sul;Colisão Lateral;1;2;2;;;;1
21/10/2021;11:26:00;199;3 - Acidente com Danos Materiais;523,6;BR-381/MG;Sul;Colisão Lateral;1;2;;;;;1
21/10/2021;15:30:00;288;3 - Acidente com Danos Materiais;490,93;BR-381/MG;Sul;Colisão Traseira;1;2;;;;;1
22/10/2021;03:05:00;41;3 - Acidente com Danos Materiais;514,776;BR-381/MG;Sul;Atropelamento de Animal;1;1;;;;;1
22/10/2021;03:55:00;47;3 - Acidente com Danos Materiais;83,791;BR-381/SP;Sul;Tombamento;1;2;;;;;1
22/10/2021;09:29:00;156;2 - Acidente com VITIMA;501,8;BR-381/MG;Sul;Atropelamento - Morador;1;1;;1;;;2
22/10/2021;10:31:00;173;3 - Acidente com Danos Materiais;1,5;BR-381/MG-CONT;Sul;Colisão Traseira;1;2;;;;;1
22/10/2021;11:57:00;198;3 - Acidente com Danos Materiais;478,2;BR-381/MG;Sul;Engavetamento;2;3;;;;;1
22/10/2021;13:52:00;229;3 - Acidente com Danos Materiais;830,8;BR-381/MG;Norte;Choque - Defensa, barreira ou "submarino";1;1;;;;;1
22/10/2021;16:21:00;268;3 - Acidente com Danos Materiais;898,4;BR-381/MG;Norte;Colisão Traseira;2;2;;;;;1
22/10/2021;22:59:00;376;1 - Acidente com Vitima Fatal;625,06;BR-381/MG;Sul;Colisão Traseira;2;1;;;;1;3
22/10/2021;23:01:00;378;3 - Acidente com Danos Materiais;582,5;BR-381/MG;Norte;Atropelamento de Animal;1;1;;;;;1
23/10/2021;03:36:00;54;3 - Acidente com Danos Materiais;651,332;BR-381/MG;Norte;Colisão Traseira;1;5;;;;;1
23/10/2021;05:33:00;67;2 - Acidente com VITIMA;488,383;BR-381/MG;Sul;Engavetamento;1;1;1;;;;1
23/10/2021;08:24:00;116;3 - Acidente com Danos Materiais;594,3;BR-381/MG;Norte;Choque - Talude;1;1;;;;;1
23/10/2021;10:09:00;156;3 - Acidente com Danos Materiais;539,3;BR-381/MG;Norte;Colisão Lateral;1;4;;;;;1
23/10/2021;17:15:00;300;3 - Acidente com Danos Materiais;937,735;BR-381/MG;Norte;Colisão Lateral;1;2;;;;;1
23/10/2021;18:30:00;318;2 - Acidente com VITIMA;481,1;BR-381/MG;Sul;Outros;1;1;2;;;;1
23/10/2021;20:07:00;347;2 - Acidente com VITIMA;59,15;BR-381/SP;Norte;Atropelamento - Morador;1;1;;;1;;2
23/10/2021;23:31:00;397;3 - Acidente com Danos Materiais;739,12;BR-381/MG;Sul;Choque - Defensa, barreira ou "submarino";1;1;;;;;1
24/10/2021;03:34:00;32;2 - Acidente com VITIMA;530,111;BR-381/MG;Sul;Choque - Talude;1;0;2;;;;1
24/10/2021;08:43:00;88;3 - Acidente com Danos Materiais;67,867;BR-381/SP;Norte;Choque - Defensa, barreira ou "submarino";1;1;;;;;1
24/10/2021;09:09:00;100;3 - Acidente com Danos Materiais;597,8;BR-381/MG;Norte;Colisão Traseira;1;2;;;;;1
24/10/2021;10:03:00;115;1 - Acidente com Vitima Fatal;904,303;BR-381/MG;Norte;Engavetamento;3;1;1;;;1;3
24/10/2021;15:39:00;208;3 - Acidente com Danos Materiais;649,6;BR-381/MG;Norte;Colisão Traseira;1;27;;;;;1
24/10/2021;18:06:00;268;2 - Acidente com VITIMA;925,834;BR-381/MG;Norte;Colisão Traseira;1;2;1;;;;1
24/10/2021;18:40:00;274;2 - Acidente com VITIMA;550,12;BR-381/MG;Sul;Choque - Defensa, barreira ou "submarino";1;0;1;;;;1
25/10/2021;04:09:00;39;2 - Acidente com VITIMA;889,085;BR-381/MG;Sul;Tombamento;1;0;1;;;;1
25/10/2021;12:15:00;189;3 - Acidente com Danos Materiais;900,9;BR-381/MG;Sul;Choque - Cancela de Pedagio;1;1;;;;;1
25/10/2021;12:47:00;205;3 - Acidente com Danos Materiais;517,497;BR-381/MG;Norte;Colisão Lateral;2;2;;;;;1
25/10/2021;15:04:00;260;3 - Acidente com Danos Materiais;485,701;BR-381/MG;Norte;Engavetamento;1;4;;;;;1
25/10/2021;20:09:00;356;2 - Acidente com VITIMA;491,9;BR-381/MG;Sul;Colisão Traseira;1;1;1;;;;1
25/10/2021;20:28:00;362;3 - Acidente com Danos Materiais;844,6;BR-381/MG;Norte;Choque - Defensa, barreira ou "submarino";1;1;;;;;1
25/10/2021;20:44:00;369;3 - Acidente com Danos Materiais;628,022;BR-381/MG;Sul;Colisão Traseira;2;2;;;;;1
25/10/2021;21:22:00;376;1 - Acidente com Vitima Fatal;79,057;BR-381/SP;Sul;Tombamento;1;0;;;;1;3
26/10/2021;07:56:00;106;2 - Acidente com VITIMA;3;BR-381/MG-CONT;Norte;Colisão Lateral;1;2;;1;;;2
26/10/2021;08:02:00;119;2 - Acidente com VITIMA;687,7;BR-381/MG;Sul;Tombamento;1;0;1;;;;1
26/10/2021;12:30:00;222;3 - Acidente com Danos Materiais;943,051;BR-381/MG;Norte;Colisão Traseira;2;2;;;;;1
26/10/2021;13:30:00;247;3 - Acidente com Danos Materiais;943,764;BR-381/MG;Norte;Engavetamento;2;3;;;;;1
26/10/2021;14:35:00;268;3 - Acidente com Danos Materiais;74,7;BR-381/SP;Norte;Choque - Talude;1;1;;;;;1
26/10/2021;15:43:00;298;2 - Acidente com VITIMA;550,288;BR-381/MG;Sul;Colisão Lateral;1;3;1;;;;1
27/10/2021;00:00:00;1;3 - Acidente com Danos Materiais;807,1;BR-381/MG;Sul;Colisão Lateral;1;2;;;;;1
27/10/2021;02:29:00;28;3 - Acidente com Danos Materiais;853;BR-381/MG;Norte;Choque - Defensa, barreira ou "submarino";1;2;;;;;1
27/10/2021;05:38:00;53;2 - Acidente com VITIMA;526,9;BR-381/MG;Norte;Tombamento;1;0;1;;;;1
27/10/2021;08:00:00;121;3 - Acidente com Danos Materiais;76,865;BR-381/SP;Norte;Colisão Traseira;1;2;;;;;1
27/10/2021;09:39:00;176;3 - Acidente com Danos Materiais;528,7;BR-381/MG;Norte;Colisão Traseira;2;2;;;;;1
27/10/2021;16:29:00;332;3 - Acidente com Danos Materiais;68,5;BR-381/SP;Norte;Choque - Elemento de Drenagem;1;1;;;;;1
28/10/2021;01:58:00;20;3 - Acidente com Danos Materiais;757,2;BR-381/MG;Sul;Choque - Elemento de Drenagem;1;1;;;;;1
28/10/2021;05:57:00;50;3 - Acidente com Danos Materiais;839,2;BR-381/MG;Norte;Tombamento;1;1;;;;;1
28/10/2021;06:07:00;52;2 - Acidente com VITIMA;921,2;BR-381/MG;Sul;Choque - Defensa, barreira ou "submarino";1;0;1;;;;1
28/10/2021;07:21:00;83;2 - Acidente com VITIMA;89,3;BR-381/SP;Sul;Colisão Traseira;1;1;1;;;;1
28/10/2021;07:45:00;98;3 - Acidente com Danos Materiais;682,6;BR-381/MG;Sul;Choque - Elemento de Drenagem;1;1;;;;;1
28/10/2021;09:40:00;164;3 - Acidente com Danos Materiais;649,2;BR-381/MG;Sul;Tombamento;1;1;;;;;1
28/10/2021;10:49:00;195;3 - Acidente com Danos Materiais;8,2;BR-381/SP;Sul;Colisão Lateral;1;2;;;;;1
28/10/2021;12:17:00;223;2 - Acidente com VITIMA;49,3;BR-381/SP;Norte;Colisão Lateral;1;1;2;;;;1
28/10/2021;15:58:00;326;3 - Acidente com Danos Materiais;22,5;BR-381/SP;Norte;Colisão Lateral;1;2;;;;;1
28/10/2021;22:34:00;454;3 - Acidente com Danos Materiais;592,1;BR-381/MG;Sul;Choque - Defensa, barreira ou "submarino";1;2;;;;;1
28/10/2021;23:00:00;462;3 - Acidente com Danos Materiais;724,6;BR-381/MG;Sul;Colisão Traseira;2;2;;;;;1
29/10/2021;01:08:00;14;3 - Acidente com Danos Materiais;664,2;BR-381/MG;Sul;Colisão Traseira;2;2;;;;;1
29/10/2021;01:50:00;19;2 - Acidente com VITIMA;651,2;BR-381/MG;Norte;Choque - Defensa, barreira ou "submarino";1;0;;1;;;2
29/10/2021;02:26:00;25;3 - Acidente com Danos Materiais;36,04;BR-381/SP;Sul;Tombamento;1;1;;;;;1
29/10/2021;07:14:00;80;3 - Acidente com Danos Materiais;481,3;BR-381/MG;Sul;Engavetamento;1;3;;;;;1
29/10/2021;09:50:00;177;3 - Acidente com Danos Materiais;921,2;BR-381/MG;Sul;Choque - Defensa, barreira ou "submarino";1;1;;;;;1
29/10/2021;14:13:00;259;2 - Acidente com VITIMA;489,966;BR-381/MG;Sul;Colisão Traseira;1;1;;1;;;2
29/10/2021;14:47:00;277;3 - Acidente com Danos Materiais;82,7;BR-381/SP;Norte;Colisão Traseira;2;2;;;;;1
29/10/2021;16:11:00;320;1 - Acidente com Vitima Fatal;586,433;BR-381/MG;Norte;Choque - Talude;1;0;;;;1;3
29/10/2021;19:49:00;447;3 - Acidente com Danos Materiais;689,8;BR-381/MG;Sul;Colisão Traseira;1;2;;;;;1
29/10/2021;19:50:00;448;3 - Acidente com Danos Materiais;808;BR-381/MG;Norte;Colisão Traseira;1;2;;;;;1
29/10/2021;20:00:00;453;3 - Acidente com Danos Materiais;41,4;BR-381/SP;Norte;Colisão Traseira;1;2;;;;;1
29/10/2021;22:44:00;516;3 - Acidente com Danos Materiais;670;BR-381/MG;Sul;Colisão Traseira;2;2;;;;;1
30/10/2021;00:38:00;15;3 - Acidente com Danos Materiais;662,3;BR-381/MG;Norte;Colisão Traseira;1;2;;;;;1
30/10/2021;05:46:00;62;1 - Acidente com Vitima Fatal;821,71;BR-381/MG;Norte;Colisão Frontal;1;1;;2;;2;3
30/10/2021;11:22:00;173;3 - Acidente com Danos Materiais;41,2;BR-381/SP;Sul;Colisão Lateral;1;2;;;;;1
31/10/2021;04:51:00;39;2 - Acidente com VITIMA;655,4;BR-381/MG;Sul;Choque - Elemento de Drenagem;1;1;1;;;;1
31/10/2021;14:43:00;188;2 - Acidente com VITIMA;697,35;BR-381/MG;Sul;Tombamento;1;0;1;;;;1
31/10/2021;16:56:00;226;1 - Acidente com Vitima Fatal;627,385;BR-381/MG;Norte;Capotamento;1;0;;;;1;3
31/10/2021;18:03:00;243;3 - Acidente com Danos Materiais;729,8;BR-381/MG;Sul;Choque - Defensa, barreira ou "submarino";1;1;;;;;1
31/10/2021;20:23:00;281;3 - Acidente com Danos Materiais;559,9;BR-381/MG;Sul;Choque - Defensa, barreira ou "submarino";1;3;;;;;1
01/11/2021;08:31:31;107;Sem vítima;531,100;BR-381/MG;Decrescente;Choque;1;0;0;0;0;0;1
02/11/2021;02:19:45;38;Sem vítima;559,900;BR-381/MG;Decrescente;Choque;1;1;0;0;0;0;1
02/11/2021;16:48:47;279;Sem vítima;894,310;BR-381/MG;Decrescente;Colisão traseira;1;0;0;0;0;0;1
03/11/2021;05:58:09;67;Sem vítima;529,800;BR-381/MG;Crescente;Colisão traseira;1;0;0;0;0;0;1
03/11/2021;14:53:58;274;Sem vítima;888,600;BR-381/MG;Crescente;Choque;1;0;0;0;0;0;1
03/11/2021;16:09:42;313;Sem vítima;675,000;BR-381/MG;Decrescente;Colisão traseira;1;0;0;0;0;0;1
03/11/2021;23:15:57;451;Sem vítima;78,900;BR-381/MG;Decrescente;Capotamento;1;0;0;0;0;0;1
04/11/2021;15:33:11;302;Sem vítima;604,100;BR-381/MG;Crescente;Colisão traseira;1;0;0;0;0;0;1
04/11/2021;19:39:19;386;Sem vítima;743,000;BR-381/MG;Crescente;Choque;1;0;0;0;0;0;1
04/11/2021;19:48:49;391;Sem vítima;922,914;BR-381/MG;Crescente;Colisão lateral no mesmo sentido;1;0;0;0;0;0;1
05/11/2021;11:47:41;219;Sem vítima;525,500;BR-381/MG;Decrescente;Choque;1;0;0;0;0;0;1
05/11/2021;23:31:19;479;Sem vítima;728,000;BR-381/MG;Decrescente;Choque;1;0;0;0;0;0;1
06/11/2021;13:46:37;226;Sem vítima;533,745;BR-381/MG;Crescente;Choque;1;0;0;0;0;0;1
08/11/2021;05:16:12;39;Sem vítima;547,800;BR-381/MG;Crescente;Choque;1;1;0;0;0;0;1
08/11/2021;13:35:14;228;Sem vítima;485,200;BR-381/MG;Crescente;Colisão traseira;2;0;0;0;0;0;1
08/11/2021;16:07:59;285;Sem vítima;883,600;BR-381/MG;Crescente;Choque;1;0;0;0;0;0;1
08/11/2021;16:11:31;286;Sem vítima;771,100;BR-381/MG;Crescente;Choque;1;0;0;0;0;0;1
08/11/2021;16:27:49;293;Sem vítima;677,700;BR-381/MG;Decrescente;Colisão lateral no mesmo sentido;1;0;0;0;0;0;1
08/11/2021;19:29:22;335;Sem vítima;68,500;BR-381/MG;Crescente;Engavetamento;1;0;0;0;0;0;1
08/11/2021;20:00:40;345;Sem vítima;82,110;BR-381/MG;Crescente;Colisão traseira;1;0;0;0;0;0;1
08/11/2021;20:47:21;353;Sem vítima;67,800;BR-381/MG;Crescente;Colisão traseira;1;0;0;0;0;0;1
09/11/2021;05:09:45;45;Sem vítima;519,499;BR-381/MG;Crescente;Colisão traseira;1;0;0;0;0;0;1
10/11/2021;12:38:13;217;Sem vítima;939,000;BR-381/MG;Crescente;Colisão traseira;1;2;0;0;0;0;1
10/11/2021;15:37:13;291;Sem vítima;484,000;BR-381/MG;Crescente;Colisão traseira;1;2;0;0;0;0;1
11/11/2021;05:50:12;54;Sem vítima;60,200;BR-381/MG;Decrescente;Colisão traseira;1;2;0;0;0;0;1
11/11/2021;07:15:11;88;Sem vítima;597,500;BR-381/MG;Crescente;Colisão traseira;1;2;0;0;0;0;1
11/11/2021;07:48:16;107;Sem vítima;62,100;BR-381/MG;Decrescente;Choque;1;1;0;0;0;0;1
12/11/2021;00:21:26;9;Sem vítima;829,900;BR-381/MG;Crescente;Choque;1;1;0;0;0;0;1
12/11/2021;08:32:19;176;Sem vítima;544,126;BR-381/MG;Crescente;Engavetamento;1;1;0;0;0;0;1
12/11/2021;12:55:18;272;Sem vítima;812,600;BR-381/MG;Decrescente;Colisão traseira;1;2;0;0;0;0;1
12/11/2021;19:08:48;425;Sem vítima;68,000;BR-381/MG;Crescente;Colisão lateral no mesmo sentido;1;2;0;0;0;0;1
13/11/2021;00:03:31;1;Sem vítima;545,500;BR-381/MG;Decrescente;Colisão traseira;1;3;0;0;0;0;1
13/11/2021;06:28:04;103;Sem vítima;849,100;BR-381/MG;Crescente;Choque;1;0;0;0;0;0;1
13/11/2021;10:29:55;192;Sem vítima;37,148;BR-381/MG;Crescente;Colisão lateral no mesmo sentido;1;2;0;0;0;0;1
15/11/2021;10:46:22;105;Sem vítima;777,993;BR-381/MG;Crescente;Colisão traseira;2;2;0;0;0;0;1
15/11/2021;23:54:17;383;Sem vítima;750,200;BR-381/MG;Decrescente;Choque;1;0;0;0;0;0;1
16/11/2021;03:58:06;40;Sem vítima;744,500;BR-381/MG;Decrescente;Choque;1;2;0;0;0;0;1
16/11/2021;04:08:03;43;Sem vítima;724,900;BR-381/MG;Decrescente;Choque;1;1;0;0;0;0;1
16/11/2021;04:16:01;45;Sem vítima;53,300;BR-381/MG;Decrescente;Choque;1;2;0;0;0;0;1
16/11/2021;16:19:21;310;Sem vítima;491,400;BR-381/MG;Decrescente;Colisão lateral no mesmo sentido;1;2;0;0;0;0;1
17/11/2021;09:23:09;156;Sem vítima;595,500;BR-381/MG;Crescente;Colisão lateral no mesmo sentido;1;2;0;0;0;0;1
17/11/2021;09:53:54;170;Sem vítima;86,100;BR-381/MG;Decrescente;Colisão traseira;1;2;0;0;0;0;1
17/11/2021;10:18:24;179;Sem vítima;482,100;BR-381/MG;Crescente;Colisão lateral no mesmo sentido;1;2;0;0;0;0;1
17/11/2021;21:12:29;411;Sem vítima;66,600;BR-381/MG;Decrescente;Choque;1;1;0;0;0;0;1
18/11/2021;14:40:18;243;Sem vítima;76,000;BR-381/MG;Decrescente;Colisão lateral no mesmo sentido;1;2;0;0;0;0;1
18/11/2021;15:32:58;264;Sem vítima;525,400;BR-381/MG;Decrescente;Choque;1;1;0;0;0;0;1
18/11/2021;19:26:32;329;Sem vítima;821,804;BR-381/MG;Crescente;Colisão traseira;1;2;0;0;0;0;1
30/11/2021;14:27:34;258;Sem vítima;491,400;BR-381/MG;Decrescente;Colisão lateral no mesmo sentido;1;1;0;0;0;0;1
30/11/2021;19:21:30;374;Sem vítima;923,800;BR-381/MG;Decrescente;Choque;1;2;0;0;0;0;1
30/11/2021;20:45:21;407;Sem vítima;519,000;BR-381/MG;Crescente;Choque;1;4;0;0;0;0;1
30/11/2021;22:18:07;427;Sem vítima;863,950;BR-381/MG;Decrescente;Choque;1;1;0;0;0;0;1
30/11/2021;22:30:09;430;Sem vítima;941,100;BR-381/MG;Decrescente;Tombamento;2;1;0;0;0;0;1
01/12/2021;14:29:13;251;Sem vítima;547,000;BR-381/MG;Decrescente;Acidentes de outra natureza;1;0;0;0;0;0;1
01/12/2021;18:33:01;342;Sem vítima;556,000;BR-381/MG;Decrescente;Acidentes de outra natureza;1;0;0;0;0;0;1
02/12/2021;02:25:44;21;Sem vítima;64,000;BR-381/MG;Decrescente;Choque;1;1;0;0;0;0;1