data;horario;n_da_ocorrencia;tipo_de_ocorrencia;km;trecho;sentido;tipo_de_acidente;caminhao;ilesos;levemente_feridos;moderadamente_feridos;gravemente_feridos;mortos;3
02/12/2021;04:54:48;39;Sem vítima;591,600;BR-381/MG;Crescente;Colisão lateral no mesmo sentido;1;1;0;0;0;0;1
02/12/2021;06:19:17;48;Sem vítima;510,300;BR-381/MG;Decrescente;Tombamento;1;1;0;0;0;0;1
02/12/2021;08:48:34;135;Com vítima;509,400;BR-381/MG;Crescente;Engavetamento;1;5;0;0;2;0;2
02/12/2021;19:34:05;345;Sem vítima;942,100;BR-381/MG;Decrescente;Choque;1;1;0;0;0;0;1
02/12/2021;21:26:40;370;Sem vítima;604,000;BR-381/MG;Crescente;Colisão lateral no mesmo sentido;2;2;0;0;0;0;1
02/12/2021;21:39:33;375;Sem vítima;32,800;BR-381/MG;Decrescente;Capotamento;1;1;0;0;0;0;1
03/12/2021;04:53:37;37;Sem vítima;942,700;BR-381/MG;Crescente;Colisão traseira;1;2;0;0;0;0;1
03/12/2021;10:10:16;173;Sem vítima;478,950;BR-381/MG;Crescente;Engavetamento;1;3;0;0;0;0;1
03/12/2021;15:07:03;277;Sem vítima;793,860;BR-381/MG;Crescente;Colisão lateral no mesmo sentido;1;2;0;0;0;0;1
03/12/2021;20:10:11;393;Sem vítima;763,100;BR-381/MG;Decrescente;Choque;1;1;0;0;0;0;1
04/12/2021;15:32:16;284;Com vítima;525,500;BR-381/MG;Decrescente;Colisão traseira;1;0;0;0;2;0;2
04/12/2021;16:23:38;298;Sem vítima;71,500;BR-381/MG;Decrescente;Colisão lateral no mesmo sentido;1;2;0;0;0;0;1
04/12/2021;19:20:41;359;Sem vítima;670,900;BR-381/MG;Crescente;Colisão traseira;1;2;0;0;0;0;1
05/12/2021;21:39:20;346;Sem vítima;2,000;BR-381/MG;Decrescente;Tombamento;1;0;0;0;0;0;1
06/12/2021;00:52:43;24;Sem vítima;59,000;BR-381/MG;Decrescente;Colisão traseira;1;2;0;0;0;0;1
06/12/2021;01:28:17;27;Sem vítima;663,552;BR-381/MG;Decrescente;Choque;1;1;0;0;0;0;1
06/12/2021;10:46:48;190;Sem vítima;570,800;BR-381/MG;Decrescente;Choque;1;1;0;0;0;0;1
07/12/2021;02:16:59;21;Sem vítima;746,000;BR-381/MG;Decrescente;Acidentes de outra natureza;1;0;0;0;0;0;1
07/12/2021;02:33:39;25;Sem vítima;801,300;BR-381/MG;Decrescente;Choque;1;1;0;0;0;0;1
07/12/2021;06:49:09;62;Sem vítima;886,000;BR-381/MG;Decrescente;Colisão traseira;1;2;0;0;0;0;1
07/12/2021;09:42:28;149;Sem vítima;0,000;BR-381/MG;Crescente;Colisão traseira;1;2;0;0;0;0;1
07/12/2021;11:58:19;193;Sem vítima;871,000;BR-381/MG;Crescente;Colisão traseira;1;2;0;0;0;0;1
07/12/2021;15:21:37;264;Sem vítima;902,000;BR-381/MG;Crescente;Engavetamento;2;3;0;0;0;0;1
07/12/2021;17:02:20;301;Sem vítima;674,499;BR-381/MG;Crescente;Choque;1;1;0;0;0;0;1
08/12/2021;01:36:58;26;Sem vítima;724,500;BR-381/MG;Crescente;Choque;1;1;0;0;0;0;1
08/12/2021;02:09:00;35;Sem vítima;7,570;BR-381/MG;Decrescente;Colisão lateral no mesmo sentido;1;2;0;0;0;0;1
08/12/2021;15:35:11;290;Sem vítima;886,500;BR-381/MG;Crescente;Colisão lateral no mesmo sentido;1;3;0;0;0;0;1
08/12/2021;16:21:22;321;Sem vítima;838,200;BR-381/MG;Decrescente;Choque;1;1;0;0;0;0;1
08/12/2021;20:46:05;416;Sem vítima;754,200;BR-381/MG;Decrescente;Tombamento;1;0;0;0;0;0;1
08/12/2021;21:24:04;426;Sem vítima;599,000;BR-381/MG;Decrescente;Colisão traseira;1;2;0;0;0;0;1
10/12/2021;05:38:36;54;Sem vítima;792,100;BR-381/MG;Decrescente;Colisão lateral no mesmo sentido;1;1;0;0;0;0;1
10/12/2021;07:15:17;90;Sem vítima;508,100;BR-381/MG;Decrescente;Colisão traseira;1;2;0;0;0;0;1
10/12/2021;08:17:25;139;Sem vítima;857,200;BR-381/MG;Decrescente;Colisão traseira;1;2;0;0;0;0;1
10/12/2021;11:47:36;215;Sem vítima;77,900;BR-381/MG;Crescente;Engavetamento;1;3;0;0;0;0;1
10/12/2021;17:30:16;353;Sem vítima;30,500;BR-381/MG;Decrescente;Engavetamento;1;4;0;0;0;0;1
11/12/2021;04:29:18;29;Sem vítima;13,000;BR-381/MG;Decrescente;Colisão traseira;1;1;0;0;0;0;1
11/12/2021;06:02:52;40;Sem vítima;482,300;BR-381/MG;Crescente;Colisão traseira;1;1;0;0;0;0;1
12/12/2021;10:32:13;113;Sem vítima;856,300;BR-381/MG;Decrescente;Choque;1;1;0;0;0;0;1
12/12/2021;12:17:25;154;Sem vítima;776,200;BR-381/MG;Crescente;Colisão traseira;1;0;0;0;0;0;1
12/12/2021;19:50:48;312;Sem vítima;688,500;BR-381/MG;Crescente;Choque;1;2;0;0;0;0;1
13/12/2021;12:30:35;199;Sem vítima;67,100;BR-381/MG;Decrescente;Colisão lateral no mesmo sentido;1;2;0;0;0;0;1
13/12/2021;15:30:10;253;Sem vítima;71,000;BR-381/MG;Decrescente;Choque;1;1;0;0;0;0;1
14/12/2021;20:27:27;380;Sem vítima;815,500;BR-381/MG;Crescente;Colisão traseira;1;4;0;0;0;0;1
15/12/2021;09:06:34;125;Sem vítima;805,200;BR-381/MG;Decrescente;Choque;1;1;0;0;0;0;1
15/12/2021;15:56:37;293;Sem vítima;921,000;BR-381/MG;Decrescente;Choque;1;1;0;0;0;0;1
16/12/2021;09:25:18;170;Sem vítima;858,000;BR-381/MG;Crescente;Colisão traseira;1;2;0;0;0;0;1
16/12/2021;12:07:42;231;Sem vítima;89,700;BR-381/MG;Decrescente;Colisão traseira;1;2;0;0;0;0;1
16/12/2021;13:33:16;258;Sem vítima;25,000;BR-381/MG;Crescente;Colisão lateral no mesmo sentido;1;2;0;0;0;0;1
16/12/2021;14:49:20;290;Sem vítima;41,200;BR-381/MG;Crescente;Colisão traseira;1;2;0;0;0;0;1
16/12/2021;18:40:37;404;Sem vítima;737,000;BR-381/MG;Decrescente;Choque;1;1;0;0;0;0;1
16/12/2021;19:13:48;416;Sem vítima;44,300;BR-381/MG;Decrescente;Colisão lateral no mesmo sentido;1;1;0;0;0;0;1
16/12/2021;23:37:21;500;Sem vítima;70,429;BR-381/MG;Crescente;Choque;1;2;0;0;0;0;1
17/12/2021;00:36:38;15;Sem vítima;671,500;BR-381/MG;Crescente;Colisão traseira;2;2;0;0;0;0;1
17/12/2021;10:03:21;208;Sem vítima;544,500;BR-381/MG;Decrescente;Acidentes de outra natureza;1;0;0;0;0;0;1
17/12/2021;13:20:52;304;Sem vítima;937,500;BR-381/MG;Crescente;Choque;1;1;0;0;0;0;1
18/12/2021;05:07:37;90;Sem vítima;66,600;BR-381/MG;Decrescente;Colisão traseira;1;2;0;0;0;0;1
18/12/2021;21:46:37;488;Sem vítima;704,100;BR-381/MG;Crescente;Choque;1;2;0;0;0;0;1
19/12/2021;19:41:37;357;Sem vítima;937,500;BR-381/MG;Decrescente;Colisão lateral no mesmo sentido;1;2;0;0;0;0;1
19/12/2021;22:10:18;398;Sem vítima;761,300;BR-381/MG;Decrescente;Engavetamento;1;4;0;0;0;0;1
20/12/2021;16:12:58;342;Sem vítima;525,100;BR-381/MG;Decrescente;Colisão traseira;2;2;0;0;0;0;1
20/12/2021;17:34:26;375;Sem vítima;66,600;BR-381/MG;Decrescente;Colisão traseira;1;2;0;0;0;0;1
20/12/2021;19:10:35;419;Sem vítima;65,500;BR-381/MG;Decrescente;Engavetamento;1;4;0;0;0;0;1
21/12/2021;17:32:59;339;Sem vítima;37,000;BR-381/MG;Crescente;Colisão lateral no mesmo sentido;1;2;0;0;0;0;1
22/12/2021;20:02:48;444;Sem vítima;752,000;BR-381/MG;Decrescente;Colisão transversal;1;2;0;0;0;0;1
23/12/2021;12:14:33;283;Sem vítima;38,000;BR-381/MG;Crescente;Colisão traseira;1;2;0;0;0;0;1
23/12/2021;17:50:38;453;Sem vítima;41,000;BR-381/MG;Crescente;Colisão lateral no mesmo sentido;1;1;0;0;0;0;1
23/12/2021;19:11:29;495;Sem vítima;89,000;BR-381/MG;Decrescente;Colisão traseira;1;2;0;0;0;0;1
26/12/2021;17:54:14;261;Sem vítima;926,100;BR-381/MG;Decrescente;Colisão lateral no mesmo sentido;1;2;0;0;0;0;1
26/12/2021;22:37:25;359;Sem vítima;755,800;BR-381/MG;Crescente;Choque;1;1;0;0;0;0;1
27/12/2021;15:40:51;258;Sem vítima;805,100;BR-381/MG;Crescente;Colisão traseira;1;2;0;0;0;0;1
28/12/2021;04:18:10;31;Sem vítima;753,000;BR-381/MG;Crescente;Colisão traseira;1;2;0;0;0;0;1
28/12/2021;07:41:01;85;Sem vítima;767,700;BR-381/MG;Crescente;Colisão traseira;1;5;0;0;0;0;1
28/12/2021;20:30:17;390;Sem vítima;727,100;BR-381/MG;Crescente;Colisão traseira;1;2;0;0;0;0;1
29/12/2021;10:47:15;164;Sem vítima;563,400;BR-381/MG;Crescente;Colisão traseira;1;2;0;0;0;0;1
29/12/2021;20:40:26;382;Sem vítima;503,850;BR-381/MG;Decrescente;Choque;1;0;0;0;0;0;1
30/12/2021;11:48:03;175;Sem vítima;90,000;BR-381/MG;Crescente;Acidentes de outra natureza;1;0;0;0;0;0;1
30/12/2021;14:46:28;245;Sem vítima;90,000;BR-381/MG;Decrescente;Acidentes de outra natureza;1;0;0;0;0;0;1
30/12/2021;18:22:30;351;Sem vítima;569,500;BR-381/MG;Decrescente;Acidentes de outra natureza;1;0;0;0;0;0;1
30/12/2021;18:36:24;353;Sem vítima;571,000;BR-381/MG;Decrescente;Choque;1;1;0;0;0;0;1
31/12/2021;02:40:35;24;Sem vítima;737,100;BR-381/MG;Decrescente;Tombamento;1;1;0;0;0;0;1
31/12/2021;14:47:32;241;Sem vítima;486,100;BR-381/MG;Decrescente;Choque;1;2;0;0;0;0;1
04/01/2022;16:03:14;324;Sem vítima;792,500;BR-381/MG;Decrescente;Colisão traseira;1;1;0;0;0;0;1
05/01/2022;14:24:22;262;Sem vítima;855,000;BR-381/MG;Crescente;Choque;1;1;0;0;0;0;1
05/01/2022;14:26:23;263;Sem vítima;521,100;BR-381/MG;Crescente;Colisão traseira;1;2;0;0;0;0;1
05/01/2022;14:41:43;271;Sem vítima;905,000;BR-381/MG;Crescente;Colisão traseira;1;1;0;0;0;0;1
05/01/2022;17:10:18;341;Sem vítima;12,600;BR-381/MG;Decrescente;Choque;1;1;0;0;0;0;1
05/01/2022;23:17:39;462;Sem vítima;744,300;BR-381/MG;Decrescente;Choque;1;2;0;0;0;0;1
06/01/2022;06:27:12;63;Sem vítima;615,100;BR-381/MG;Decrescente;Colisão lateral no mesmo sentido;1;2;0;0;0;0;1
06/01/2022;08:56:31;154;Com vítima;491,100;BR-381/MG;Decrescente;Engavetamento;2;2;0;0;1;0;2
06/01/2022;10:16:58;197;Sem vítima;816,300;BR-381/MG;Decrescente;Engavetamento;2;3;0;0;0;0;1
06/01/2022;15:13:09;323;Sem vítima;802,900;BR-381/MG;Decrescente;Colisão lateral no mesmo sentido;1;2;0;0;0;0;1
07/01/2022;17:59:34;309;Sem vítima;856,100;BR-381/MG;Decrescente;Colisão lateral no mesmo sentido;1;2;0;0;0;0;1
07/01/2022;20:30:58;356;Sem vítima;662,800;BR-381/MG;Decrescente;Colisão lateral no mesmo sentido;1;2;0;0;0;0;1
11/01/2022;16:36:18;321;Sem vítima;519,000;BR-381/MG;Crescente;Choque;1;2;0;0;0;0;1
12/01/2022;10:56:58;237;Sem vítima;64,900;BR-381/MG;Decrescente;Choque;1;1;0;0;0;0;1
15/01/2022;14:47:11;251;Sem vítima;484,100;BR-381/MG;Crescente;Colisão lateral no mesmo sentido;1;2;0;0;0;0;1
17/01/2022;02:54:27;20;Sem vítima;527,700;BR-381/MG;Crescente;Choque;1;1;0;0;0;0;1
17/01/2022;17:40:06;315;Sem vítima;511,200;BR-381/MG;Decrescente;Colisão traseira;1;2;0;0;0;0;1
17/01/2022;19:50:35;364;Sem vítima;600,900;BR-381/MG;Decrescente;Colisão traseira;2;2;0;0;0;0;1
18/01/2022;06:16:27;73;Sem vítima;871,380;BR-381/MG;Decrescente;Atropelamento de animal;1;1;0;0;0;0;1
18/01/2022;13:56:26;274;Sem vítima;491,600;BR-381/MG;Decrescente;Colisão lateral no mesmo sentido;1;2;0;0;0;0;1
18/01/2022;13:56:44;275;Sem vítima;627,300;BR-381/MG;Crescente;Choque;1;1;0;0;0;0;1
18/01/2022;23:30:33;471;Sem vítima;839,200;BR-381/MG;Crescente;Choque;1;1;0;0;0;0;1
19/01/2022;13:35:37;239;Sem vítima;484,400;BR-381/MG;Decrescente;Colisão traseira;1;2;0;0;0;0;1
20/01/2022;02:22:37;23;Sem vítima;542,300;BR-381/MG;Crescente;Colisão traseira;1;2;0;0;0;0;1
20/01/2022;11:49:09;187;Sem vítima;527,150;BR-381/MG;Decrescente;Colisão traseira;1;1;0;0;0;0;1
20/01/2022;17:20:19;334;Sem vítima;75,800;BR-381/MG;Crescente;Choque;1;1;0;0;0;0;1
21/01/2022;07:34:41;93;Sem vítima;666,200;BR-381/MG;Crescente;Colisão traseira;1;3;0;0;0;0;1
22/01/2022;12:05:34;176;Sem vítima;515,900;BR-381/MG;Crescente;Colisão traseira;1;2;0;0;0;0;1
22/01/2022;12:27:08;186;Sem vítima;566,500;BR-381/MG;Decrescente;Choque;1;1;0;0;0;0;1
23/01/2022;22:02:32;355;Sem vítima;622,100;BR-381/MG;Decrescente;Colisão lateral no mesmo sentido;2;2;0;0;0;0;1
24/01/2022;16:27:04;307;Sem vítima;573,500;BR-381/MG;Crescente;Choque;1;0;0;0;0;0;1
25/01/2022;06:44:29;49;Sem vítima;493,100;BR-381/MG;Crescente;Colisão traseira;1;2;0;0;0;0;1
25/01/2022;12:06:45;174;Sem vítima;505,300;BR-381/MG;Crescente;Colisão traseira;1;2;0;0;0;0;1
26/01/2022;01:32:33;12;Sem vítima;66,600;BR-381/MG;Decrescente;Colisão traseira;1;1;0;0;0;0;1
26/01/2022;09:41:12;147;Sem vítima;585,100;BR-381/MG;Crescente;Tombamento;1;0;0;0;0;0;1
26/01/2022;15:55:38;288;Sem vítima;529,200;BR-381/MG;Crescente;Engavetamento;2;2;0;0;0;0;1
28/01/2022;09:44:38;148;Sem vítima;492,200;BR-381/MG;Crescente;Colisão lateral no mesmo sentido;1;0;0;0;0;0;1
29/01/2022;00:32:26;9;Sem vítima;933,300;BR-381/MG;Decrescente;Choque;1;2;0;0;0;0;1
29/01/2022;10:55:51;145;Sem vítima;49,900;BR-381/MG;Decrescente;Colisão traseira;1;6;0;0;0;0;1
31/01/2022;16:46:44;294;Sem vítima;521,600;BR-381/MG;Decrescente;Choque;1;1;0;0;0;0;1
01/02/2022;01:44:51;47;Sem vítima;816,500;BR-381/MG;Decrescente;Choque;1;1;0;0;0;0;1
01/02/2022;08:39:25;148;Sem vítima;545,500;BR-381/MG;Crescente;Choque;1;1;0;0;0;0;1
01/02/2022;15:57:25;336;Sem vítima;484,400;BR-381/MG;Decrescente;Colisão lateral no mesmo sentido;1;2;0;0;0;0;1
01/02/2022;16:33:10;349;Sem vítima;525,700;BR-381/MG;Crescente;Choque;1;1;0;0;0;0;1
02/02/2022;07:48:31;96;Sem vítima;495,100;BR-381/MG;Decrescente;Colisão lateral no mesmo sentido;2;2;0;0;0;0;1
02/02/2022;23:38:49;462;Sem vítima;529,200;BR-381/MG;Crescente;Choque;1;1;0;0;0;0;1
03/02/2022;08:28:19;102;Sem vítima;527,250;BR-381/MG;Decrescente;Colisão lateral no mesmo sentido;1;2;0;0;0;0;1
03/02/2022;12:05:03;210;Sem vítima;489,200;BR-381/MG;Decrescente;Colisão traseira;1;1;0;0;0;0;1
03/02/2022;17:06:46;319;Sem vítima;700,500;BR-381/MG;Crescente;Tombamento;1;1;0;0;0;0;1
03/02/2022;17:45:01;333;Sem vítima;484,100;BR-381/MG;Decrescente;Colisão lateral no mesmo sentido;1;2;0;0;0;0;1
03/02/2022;22:17:29;413;Sem vítima;13,000;BR-381/MG;Decrescente;Colisão traseira;1;2;0;0;0;0;1
04/02/2022;20:23:10;379;Sem vítima;662,100;BR-381/MG;Decrescente;Colisão traseira;1;3;0;0;0;0;1
07/02/2022;00:27:05;6;Sem vítima;26,800;BR-381/MG;Decrescente;Choque;1;1;0;0;0;0;1
07/02/2022;15:33:28;305;Sem vítima;634,900;BR-381/MG;Crescente;Colisão lateral no mesmo sentido;1;2;0;0;0;0;1
07/02/2022;15:39:28;307;Sem vítima;637,000;BR-381/MG;Crescente;Colisão lateral no mesmo sentido;1;0;0;0;0;0;1
07/02/2022;16:07:08;322;Sem vítima;76,500;BR-381/MG;Decrescente;Colisão traseira;1;3;0;0;0;0;1
07/02/2022;16:28:10;330;Sem vítima;69,500;BR-381/MG;Crescente;Colisão lateral no mesmo sentido;1;2;0;0;0;0;1
09/02/2022;05:47:07;38;Sem vítima;559,985;BR-381/MG;Crescente;Colisão lateral no mesmo sentido;2;2;0;0;0;0;1
09/02/2022;06:45:29;54;Sem vítima;679,400;BR-381/MG;Decrescente;Engavetamento;1;3;0;0;0;0;1
10/02/2022;13:49:16;253;Sem vítima;492,100;BR-381/MG;Crescente;Colisão traseira;1;2;0;0;0;0;1
10/02/2022;17:40:43;339;Sem vítima;529,900;BR-381/MG;Crescente;Acidentes de outra natureza;1;0;0;0;0;0;1
11/02/2022;02:43:44;20;Sem vítima;590,000;BR-381/MG;Crescente;Acidentes de outra natureza;1;0;0;0;0;0;1
11/02/2022;02:47:42;22;Sem vítima;606,000;BR-381/MG;Decrescente;Choque;1;1;0;0;0;0;1
12/02/2022;11:25:54;185;Sem vítima;494,100;BR-381/MG;Decrescente;Colisão traseira;1;1;0;0;0;0;1
12/02/2022;11:54:07;200;Sem vítima;83,600;BR-381/MG;Decrescente;Colisão traseira;1;1;0;0;0;0;1
13/02/2022;21:57:41;359;Sem vítima;523,940;BR-381/MG;Decrescente;Choque;1;0;0;0;0;0;1
14/02/2022;02:17:42;14;Sem vítima;69,500;BR-381/MG;Decrescente;Choque;1;1;0;0;0;0;1
14/02/2022;06:28:31;51;Sem vítima;498,600;BR-381/MG;Decrescente;Colisão traseira;1;3;0;0;0;0;1
14/02/2022;12:09:25;204;Sem vítima;524,850;BR-381/MG;Decrescente;Choque;1;1;0;0;0;0;1
14/02/2022;17:13:26;297;Sem vítima;728,900;BR-381/MG;Crescente;Choque;1;1;0;0;0;0;1
14/02/2022;20:21:22;375;Sem vítima;66,500;BR-381/MG;Decrescente;Colisão traseira;1;2;0;0;0;0;1
14/02/2022;22:57:23;411;Sem vítima;58,350;BR-381/MG;Decrescente;Colisão traseira;1;1;0;0;0;0;1
15/02/2022;03:31:52;23;Sem vítima;69,100;BR-381/MG;Decrescente;Colisão traseira;1;1;0;0;0;0;1
15/02/2022;07:12:19;66;Sem vítima;519,200;BR-381/MG;Decrescente;Tombamento;1;0;0;0;0;0;1
16/02/2022;20:13:21;370;Sem vítima;52,901;BR-381/MG;Crescente;Colisão traseira;1;2;0;0;0;0;1
17/02/2022;18:20:23;351;Sem vítima;485,200;BR-381/MG;Decrescente;Colisão lateral no mesmo sentido;1;2;0;0;0;0;1
17/02/2022;21:24:20;404;Sem vítima;568,300;BR-381/MG;Decrescente;Colisão lateral no mesmo sentido;1;2;0;0;0;0;1
17/02/2022;23:58:24;436;Sem vítima;940,230;BR-381/MG;Crescente;Colisão lateral no mesmo sentido;2;2;0;0;0;0;1
18/02/2022;00:00:41;1;Sem vítima;540,300;BR-381/MG;Decrescente;Colisão traseira;1;2;0;0;0;0;1
18/02/2022;03:58:21;32;Sem vítima;549,300;BR-381/MG;Decrescente;Acidentes de outra natureza;1;0;0;0;0;0;1
18/02/2022;04:23:48;36;Sem vítima;580,400;BR-381/MG;Decrescente;Colisão lateral no mesmo sentido;1;2;0;0;0;0;1
18/02/2022;08:21:36;109;Com vítima;865,543;BR-381/MG;Crescente;Colisão lateral no mesmo sentido;1;2;0;0;0;1;3
18/02/2022;22:35:50;428;Sem vítima;914,800;BR-381/MG;Decrescente;Colisão lateral no mesmo sentido;1;0;0;0;0;0;1
19/02/2022;00:25:11;4;Sem vítima;649,100;BR-381/MG;Decrescente;Colisão traseira;1;1;0;0;0;0;1
19/02/2022;21:03:55;315;Sem vítima;908,897;BR-381/MG;Crescente;Colisão traseira;1;2;0;0;0;0;1
21/02/2022;20:20:02;410;Sem vítima;82,000;BR-381/MG;Crescente;Colisão lateral no mesmo sentido;1;2;0;0;0;0;1
22/02/2022;06:41:28;61;Sem vítima;484,900;BR-381/MG;Crescente;Colisão lateral no mesmo sentido;1;2;0;0;0;0;1
22/02/2022;19:55:00;393;Sem vítima;662,500;BR-381/MG;Decrescente;Colisão traseira;1;2;0;0;0;0;1
23/02/2022;03:06:37;24;Sem vítima;648,300;BR-381/MG;Decrescente;Atropelamento de animal;1;1;0;0;0;0;1
23/02/2022;11:33:18;215;Sem vítima;555,160;BR-381/MG;Decrescente;Colisão lateral no mesmo sentido;1;1;0;0;0;0;1
24/02/2022;06:42:48;50;Sem vítima;484,100;BR-381/MG;Crescente;Colisão lateral no mesmo sentido;1;1;0;0;0;0;1
24/02/2022;17:57:05;365;Sem vítima;946,000;BR-381/MG;Crescente;Acidentes de outra natureza;1;0;0;0;0;0;1
25/02/2022;05:48:17;46;Sem vítima;602,100;BR-381/MG;Crescente;Choque;1;1;0;0;0;0;1
25/02/2022;10:47:18;183;Sem vítima;529,000;BR-381/MG;Crescente;Colisão traseira;2;2;0;0;0;0;1
25/02/2022;13:32:32;238;Sem vítima;502,400;BR-381/MG;Crescente;Colisão lateral no mesmo sentido;1;2;0;0;0;0;1
25/02/2022;13:37:54;241;Sem vítima;501,200;BR-381/MG;Crescente;Engavetamento;1;3;0;0;0;0;1
26/02/2022;00:47:42;9;Sem vítima;22,200;BR-381/MG;Crescente;Colisão lateral no mesmo sentido;1;3;0;0;0;0;1
26/02/2022;11:38:53;197;Sem vítima;496,900;BR-381/MG;Decrescente;Engavetamento;1;4;0;0;0;0;1
27/02/2022;08:28:20;57;Sem vítima;22,700;BR-381/MG;Decrescente;Tombamento;1;1;0;0;0;0;1
27/02/2022;17:35:13;234;Sem vítima;484,100;BR-381/MG;Crescente;Engavetamento;1;3;0;0;0;0;1
28/02/2022;05:11:16;28;Sem vítima;540,300;BR-381/MG;Crescente;Choque;1;2;0;0;0;0;1
28/02/2022;14:23:28;195;Sem vítima;50,100;BR-381/MG;Decrescente;Colisão lateral no mesmo sentido;1;2;0;0;0;0;1
28/02/2022;21:03:40;317;Sem vítima;56,100;BR-381/MG;Decrescente;Colisão lateral no mesmo sentido;1;2;0;0;0;0;1
01/03/2022;11:49:36;172;Sem vítima;888,300;BR-381/MG;Decrescente;Colisão lateral no mesmo sentido;1;2;0;0;0;0;1
01/03/2022;13:28:46;215;Sem vítima;20,300;BR-381/MG;Crescente;Colisão traseira;1;2;0;0;0;0;1
03/03/2022;11:49:54;172;Sem vítima;876,900;BR-381/MG;Crescente;Choque;1;1;0;0;0;0;1
04/03/2022;00:29:51;6;Sem vítima;23,800;BR-381/MG;Crescente;Colisão traseira;1;2;0;0;0;0;1
04/03/2022;07:50:59;98;Sem vítima;676,840;BR-381/MG;Crescente;Colisão traseira;1;1;0;0;0;0;1
04/03/2022;12:14:25;186;Sem vítima;857,000;BR-381/MG;Decrescente;Colisão lateral no mesmo sentido;1;2;0;0;0;0;1
04/03/2022;15:14:16;229;Sem vítima;76,800;BR-381/MG;Decrescente;Choque;1;2;0;0;0;0;1
05/03/2022;20:48:06;334;Sem vítima;506,100;BR-381/MG;Decrescente;Colisão traseira;1;1;0;0;0;0;1
07/03/2022;08:55:21;147;Sem vítima;496,200;BR-381/MG;Crescente;Colisão traseira;1;2;0;0;0;0;1
07/03/2022;11:52:38;213;Sem vítima;70,100;BR-381/MG;Crescente;Colisão lateral no mesmo sentido;1;2;0;0;0;0;1
07/03/2022;14:55:37;290;Sem vítima;510,000;BR-381/MG;Decrescente;Acidentes de outra natureza;1;0;0;0;0;0;1
07/03/2022;16:54:15;328;Sem vítima;487,600;BR-381/MG;Decrescente;Choque;1;2;0;0;0;0;1
07/03/2022;19:11:52;380;Sem vítima;483,700;BR-381/MG;Decrescente;Colisão lateral no mesmo sentido;1;2;0;0;0;0;1
08/03/2022;00:19:20;3;Sem vítima;848,600;BR-381/MG;Crescente;Choque;1;1;0;0;0;0;1
09/03/2022;18:49:00;386;Sem vítima;38,500;BR-381/MG;Crescente;Engavetamento;1;4;0;0;0;0;1
11/03/2022;04:03:02;24;Sem vítima;64,900;BR-381/MG;Decrescente;Colisão traseira;1;2;0;0;0;0;1
11/03/2022;10:23:42;181;Sem vítima;66,600;BR-381/MG;Decrescente;Colisão traseira;1;2;0;0;0;0;1
11/03/2022;11:49:40;214;Sem vítima;512,435;BR-381/MG;Decrescente;Colisão traseira;2;0;0;0;0;0;1
12/03/2022;11:15:43;172;Sem vítima;29,300;BR-381/MG;Decrescente;Colisão lateral no mesmo sentido;1;2;0;0;0;0;1
12/03/2022;16:43:31;294;Sem vítima;754,110;BR-381/MG;Decrescente;Choque;1;0;0;0;0;0;1
12/03/2022;22:55:11;400;Sem vítima;546,872;BR-381/MG;Decrescente;Colisão lateral no mesmo sentido;2;2;0;0;0;0;1
13/03/2022;21:03:48;293;Sem vítima;506,500;BR-381/MG;Crescente;Acidentes de outra natureza;1;0;0;0;0;0;1
14/03/2022;17:55:17;362;Sem vítima;692,200;BR-381/MG;Decrescente;Choque;1;3;0;0;0;0;1
15/03/2022;04:44:57;32;Sem vítima;919,800;BR-381/MG;Decrescente;Choque;1;1;0;0;0;0;1
15/03/2022;07:50:43;86;Sem vítima;58,600;BR-381/MG;Crescente;Colisão lateral no mesmo sentido;1;1;0;0;0;0;1
15/03/2022;15:26:08;260;Sem vítima;852,523;BR-381/MG;Crescente;Colisão traseira;1;2;0;0;0;0;1
15/03/2022;19:17:23;341;Sem vítima;667,800;BR-381/MG;Decrescente;Colisão lateral no mesmo sentido;2;2;0;0;0;0;1
16/03/2022;06:44:42;60;Sem vítima;490,300;BR-381/MG;Decrescente;Colisão lateral no mesmo sentido;1;2;0;0;0;0;1
17/03/2022;13:08:18;242;Sem vítima;601,100;BR-381/MG;Crescente;Choque;1;1;0;0;0;0;1
18/03/2022;00:45:00;6;Sem vítima;940,606;BR-381/MG;Crescente;Colisão traseira;1;1;0;0;0;0;1
18/03/2022;11:07:10;208;Sem vítima;81,500;BR-381/MG;Decrescente;Engavetamento;1;3;0;0;0;0;1
18/03/2022;15:36:29;317;Sem vítima;493,200;BR-381/MG;Decrescente;Colisão traseira;1;1;0;0;0;0;1
18/03/2022;18:11:36;376;Sem vítima;89,162;BR-381/MG;Crescente;Colisão lateral no mesmo sentido;1;1;0;0;0;0;1
18/03/2022;22:28:26;461;Sem vítima;671,100;BR-381/MG;Crescente;Colisão traseira;2;2;0;0;0;0;1
19/03/2022;01:18:12;15;Sem vítima;873,100;BR-381/MG;Crescente;Tombamento;1;1;0;0;0;0;1
20/03/2022;00:58:03;17;Com vítima;756,500;BR-381/MG;Crescente;Colisão traseira;1;1;0;0;0;1;3