data;horario;n_da_ocorrencia;tipo_de_ocorrencia;km;trecho;sentido;tipo_de_acidente;caminhao;ilesos;levemente_feridos;moderadamente_feridos;gravemente_feridos;mortos;3
20/03/2022;05:35:36;54;Sem vítima;707,500;BR-381/MG;Decrescente;Atropelamento de animal;1;0;0;0;0;0;1
21/03/2022;06:25:10;51;Sem vítima;519,100;BR-381/MG;Crescente;Colisão traseira;1;2;0;0;0;0;1
22/03/2022;23:24:29;398;Sem vítima;630,100;BR-381/MG;Decrescente;Choque;1;1;0;0;0;0;1
23/03/2022;01:36:46;18;Sem vítima;750,100;BR-381/MG;Decrescente;Colisão lateral no mesmo sentido;1;1;0;0;0;0;1
23/03/2022;01:54:16;20;Sem vítima;765,900;BR-381/MG;Decrescente;Tombamento;1;2;0;0;0;0;1
23/03/2022;07:42:29;89;Sem vítima;900,800;BR-381/MG;Decrescente;Choque;1;1;0;0;0;0;1
23/03/2022;11:05:19;199;Sem vítima;477,400;BR-381/MG;Crescente;Atropelamento de pedestre;1;2;0;0;0;0;1
23/03/2022;20:11:09;377;Sem vítima;485,300;BR-381/MG;Decrescente;Colisão traseira;1;2;0;0;0;0;1
24/03/2022;10:16:58;192;Sem vítima;499,200;BR-381/MG;Decrescente;Engavetamento;2;6;0;0;0;0;1
24/03/2022;22:38:34;451;Sem vítima;496,100;BR-381/MG;Crescente;Choque;1;1;0;0;0;0;1
25/03/2022;15:30:04;271;Sem vítima;942,000;BR-381/MG;Crescente;Acidentes de outra natureza;1;0;0;0;0;0;1
25/03/2022;16:07:10;286;Sem vítima;811,200;BR-381/MG;Crescente;Colisão lateral no mesmo sentido;1;2;0;0;0;0;1
25/03/2022;22:44:17;416;Sem vítima;501,800;BR-381/MG;Crescente;Choque;1;1;0;0;0;0;1
26/03/2022;13:59:15;225;Sem vítima;907,100;BR-381/MG;Decrescente;Colisão lateral no mesmo sentido;1;2;0;0;0;0;1
26/03/2022;17:18:01;309;Sem vítima;548,000;BR-381/MG;Decrescente;Colisão traseira;1;0;0;0;0;0;1
28/03/2022;17:11:12;304;Sem vítima;938,100;BR-381/MG;Decrescente;Colisão traseira;1;2;0;0;0;0;1
29/03/2022;06:35:25;49;Sem vítima;744,600;BR-381/MG;Decrescente;Tombamento;1;0;0;0;0;0;1
29/03/2022;21:43:54;382;Sem vítima;907,100;BR-381/MG;Crescente;Colisão traseira;1;2;0;0;0;0;1
30/03/2022;14:15:27;244;Sem vítima;45,800;BR-381/MG;Crescente;Choque;1;1;0;0;0;0;1
30/03/2022;18:51:22;356;Sem vítima;811,850;BR-381/MG;Crescente;Colisão traseira;1;2;0;0;0;0;1
31/03/2022;17:30:15;323;Sem vítima;924,100;BR-381/MG;Decrescente;Colisão traseira;1;2;0;0;0;0;1
31/03/2022;23:47:01;434;Sem vítima;872,100;BR-381/MG;Decrescente;Colisão traseira;1;8;0;0;0;0;1
01/04/2022;05:28:05;81;Sem vítima;619,150;BR-381/MG;Decrescente;Colisão traseira;1;1;0;0;0;0;1
01/04/2022;19:48:20;419;Sem vítima;65,500;BR-381/MG;Crescente;Colisão traseira;1;2;0;0;0;0;1
03/04/2022;06:36:30;33;Sem vítima;496,300;BR-381/MG;Crescente;Colisão traseira;1;1;0;0;0;0;1
03/04/2022;11:48:45;108;Sem vítima;516,900;BR-381/MG;Decrescente;Choque;1;1;0;0;0;0;1
03/04/2022;23:34:21;305;Sem vítima;490,700;BR-381/MG;Crescente;Colisão lateral no mesmo sentido;1;2;0;0;0;0;1
04/04/2022;05:06:55;48;Sem vítima;88,100;BR-381/MG;Decrescente;Colisão traseira;1;2;0;0;0;0;1
04/04/2022;23:11:57;407;Sem vítima;546,300;BR-381/MG;Crescente;Colisão traseira;1;2;0;0;0;0;1
05/04/2022;05:08:17;42;Sem vítima;600,900;BR-381/MG;Decrescente;Colisão traseira;1;1;0;0;0;0;1
05/04/2022;06:34:29;60;Sem vítima;6,100;BR-381/MG;Decrescente;Choque;1;1;0;0;0;0;1
05/04/2022;16:43:55;320;Sem vítima;878,300;BR-381/MG;Decrescente;Colisão lateral no mesmo sentido;1;5;0;0;0;0;1
05/04/2022;17:40:18;354;Sem vítima;513,000;BR-381/MG;Crescente;Colisão traseira;1;2;0;0;0;0;1
06/04/2022;20:30:45;382;Com vítima;85,100;BR-381/MG;Decrescente;Acidentes de outra natureza;1;2;0;0;1;0;2
07/04/2022;01:27:50;12;Sem vítima;62,100;BR-381/MG;Crescente;Colisão traseira;1;2;0;0;0;0;1
08/04/2022;03:48:59;39;Sem vítima;928,550;BR-381/MG;Decrescente;Colisão lateral no mesmo sentido;1;2;0;0;0;0;1
08/04/2022;18:16:20;334;Sem vítima;700,900;BR-381/MG;Decrescente;Colisão traseira;1;2;0;0;0;0;1
08/04/2022;23:29:39;427;Sem vítima;71,500;BR-381/MG;Crescente;Colisão lateral no mesmo sentido;1;2;0;0;0;0;1
09/04/2022;00:41:36;5;Sem vítima;748,300;BR-381/MG;Crescente;Colisão lateral no mesmo sentido;1;2;0;0;0;0;1
09/04/2022;01:43:05;14;Sem vítima;606,200;BR-381/MG;Crescente;Colisão traseira;1;2;0;0;0;0;1
09/04/2022;13:14:30;195;Sem vítima;900,888;BR-381/MG;Crescente;Colisão traseira;1;0;0;0;0;0;1
09/04/2022;14:41:05;217;Sem vítima;51,000;BR-381/MG;Crescente;Engavetamento;1;2;0;0;0;0;1
10/04/2022;06:54:35;55;Sem vítima;621,700;BR-381/MG;Decrescente;Colisão traseira;1;2;0;0;0;0;1
11/04/2022;07:01:11;59;Sem vítima;797,800;BR-381/MG;Decrescente;Choque;1;1;0;0;0;0;1
11/04/2022;19:07:29;309;Sem vítima;74,500;BR-381/MG;Decrescente;Choque;1;1;0;0;0;0;1
12/04/2022;01:22:21;12;Sem vítima;909,400;BR-381/MG;Decrescente;Choque;1;1;0;0;0;0;1
12/04/2022;14:43:30;241;Sem vítima;921,100;BR-381/MG;Decrescente;Choque;1;1;0;0;0;0;1
12/04/2022;15:33:15;262;Sem vítima;685,100;BR-381/MG;Decrescente;Choque;1;2;0;0;0;0;1
13/04/2022;08:28:31;136;Sem vítima;489,100;BR-381/MG;Crescente;Colisão lateral no mesmo sentido;1;1;0;0;0;0;1
14/04/2022;02:37:03;23;Sem vítima;881,208;BR-381/MG;Crescente;Colisão traseira;1;2;0;0;0;0;1
14/04/2022;07:44:52;82;Sem vítima;529,900;BR-381/MG;Crescente;Choque;1;1;0;0;0;0;1
15/04/2022;01:10:32;16;Sem vítima;88,500;BR-381/MG;Crescente;Choque;1;1;0;0;0;0;1
15/04/2022;05:55:59;64;Sem vítima;22,800;BR-381/MG;Crescente;Colisão traseira;1;2;0;0;0;0;1
19/04/2022;11:27:43;188;Sem vítima;61,200;BR-381/MG;Decrescente;Colisão lateral no mesmo sentido;1;1;0;0;0;0;1
19/04/2022;17:24:01;298;Sem vítima;481,300;BR-381/MG;Decrescente;Engavetamento;1;3;0;0;0;0;1
19/04/2022;21:41:36;387;Sem vítima;569,000;BR-381/MG;Crescente;Acidentes de outra natureza;1;0;0;0;0;0;1
20/04/2022;15:30:47;266;Sem vítima;872,100;BR-381/MG;Crescente;Colisão traseira;1;2;0;0;0;0;1
22/04/2022;23:14:12;345;Sem vítima;924,100;BR-381/MG;Crescente;Acidentes de outra natureza;1;0;0;0;0;0;1
22/04/2022;23:17:11;347;Sem vítima;16,100;BR-381/MG;Crescente;Colisão lateral no mesmo sentido;2;2;0;0;0;0;1
22/04/2022;23:24:06;348;Sem vítima;928,600;BR-381/MG;Crescente;Colisão lateral no mesmo sentido;1;2;0;0;0;0;1
23/04/2022;05:36:49;50;Sem vítima;919,200;BR-381/MG;Decrescente;Colisão traseira;1;1;0;0;0;0;1
23/04/2022;11:17:35;147;Sem vítima;681,100;BR-381/MG;Decrescente;Acidentes de outra natureza;1;0;0;0;0;0;1
25/04/2022;06:52:31;66;Sem vítima;488,400;BR-381/MG;Crescente;Colisão lateral no mesmo sentido;1;2;0;0;0;0;1
25/04/2022;13:55:57;257;Sem vítima;25,700;BR-381/MG;Crescente;Colisão traseira;1;2;0;0;0;0;1
25/04/2022;16:21:06;314;Sem vítima;478,100;BR-381/MG;Decrescente;Colisão traseira;1;1;0;0;0;0;1
25/04/2022;16:55:55;327;Sem vítima;57,100;BR-381/MG;Crescente;Colisão traseira;1;2;0;0;0;0;1
26/04/2022;02:15:26;13;Sem vítima;561,100;BR-381/MG;Decrescente;Choque;1;1;0;0;0;0;1
27/04/2022;05:00:06;37;Sem vítima;604,100;BR-381/MG;Crescente;Colisão traseira;2;1;0;0;0;0;1
27/04/2022;14:23:35;261;Sem vítima;920,100;BR-381/MG;Decrescente;Engavetamento;1;4;0;0;0;0;1
28/04/2022;13:52:14;294;Sem vítima;948,100;BR-381/MG;Crescente;Choque;1;1;0;0;0;0;1
28/04/2022;21:33:51;495;Sem vítima;524,500;BR-381/MG;Crescente;Colisão lateral no mesmo sentido;1;2;0;0;0;0;1
29/04/2022;11:02:23;195;Sem vítima;9,100;BR-381/MG;Decrescente;Acidentes de outra natureza;1;0;0;0;0;0;1
29/04/2022;13:24:33;249;Sem vítima;67,700;BR-381/MG;Crescente;Colisão traseira;2;2;0;0;0;0;1
30/04/2022;12:45:46;220;Sem vítima;490,800;BR-381/MG;Decrescente;Engavetamento;1;3;0;0;0;0;1
02/05/2022;17:44:46;335;Sem vítima;485,100;BR-381/MG;Decrescente;Colisão lateral no mesmo sentido;1;2;0;0;0;0;1
02/05/2022;19:49:39;385;Sem vítima;545,600;BR-381/MG;Crescente;Choque;1;1;0;0;0;0;1
03/05/2022;13:25:33;216;Sem vítima;821,400;BR-381/MG;Crescente;Colisão traseira;1;1;0;0;0;0;1
04/05/2022;18:03:14;251;Sem vítima;492,397;BR-381/MG;Crescente;Engavetamento;1;4;0;0;0;0;1
04/05/2022;18:54:28;270;Sem vítima;478,248;BR-381/MG;Crescente;Colisão lateral no mesmo sentido;1;2;0;0;0;0;1
06/05/2022;07:04:08;56;Sem vítima;12,700;BR-381/MG;Decrescente;Colisão traseira;1;2;0;0;0;0;1
06/05/2022;12:22:42;211;Sem vítima;933,300;BR-381/MG;Decrescente;Colisão traseira;1;1;0;0;0;0;1
06/05/2022;17:46:45;355;Sem vítima;499,799;BR-381/MG;Decrescente;Colisão lateral no mesmo sentido;1;4;0;0;0;0;1
06/05/2022;18:05:39;365;Sem vítima;489,600;BR-381/MG;Decrescente;Engavetamento;1;8;0;0;0;0;1
07/05/2022;00:39:30;8;Sem vítima;488,100;BR-381/MG;Decrescente;Colisão traseira;1;0;0;0;0;0;1
07/05/2022;11:20:33;146;Sem vítima;66,100;BR-381/MG;Decrescente;Colisão lateral no mesmo sentido;1;2;0;0;0;0;1
08/05/2022;10:40:59;111;Sem vítima;849,100;BR-381/MG;Crescente;Colisão lateral no mesmo sentido;1;2;0;0;0;0;1
09/05/2022;16:28:34;284;Sem vítima;478,400;BR-381/MG;Decrescente;Engavetamento;1;4;0;0;0;0;1
10/05/2022;09:34:06;135;Sem vítima;946,600;BR-381/MG;Crescente;Choque;1;1;0;0;0;0;1
10/05/2022;16:49:52;301;Sem vítima;58,469;BR-381/MG;Crescente;Colisão traseira;1;2;0;0;0;0;1
10/05/2022;19:01:44;339;Sem vítima;481,300;BR-381/MG;Decrescente;Colisão traseira;1;1;0;0;0;0;1
11/05/2022;19:31:47;388;Sem vítima;670,800;BR-381/MG;Decrescente;Choque;1;2;0;0;0;0;1
12/05/2022;12:21:03;198;Sem vítima;861,700;BR-381/MG;Crescente;Colisão traseira;1;2;0;0;0;0;1
12/05/2022;20:13:55;339;Sem vítima;658,100;BR-381/MG;Decrescente;Colisão traseira;1;3;0;0;0;0;1
13/05/2022;05:13:05;39;Sem vítima;583,200;BR-381/MG;Decrescente;Colisão traseira;1;1;0;0;0;0;1
14/05/2022;04:51:37;34;Sem vítima;492,100;BR-381/MG;Crescente;Colisão lateral no mesmo sentido;1;1;0;0;0;0;1
14/05/2022;11:14:59;150;Sem vítima;478,100;BR-381/MG;Crescente;Engavetamento;2;4;0;0;0;0;1
15/05/2022;04:27:19;20;Sem vítima;39,100;BR-381/MG;Crescente;Choque;1;1;0;0;0;0;1
15/05/2022;23:29:42;343;Sem vítima;667,100;BR-381/MG;Crescente;Choque;1;0;0;0;0;0;1
16/05/2022;07:34:15;73;Sem vítima;57,400;BR-381/MG;Decrescente;Engavetamento;1;3;0;0;0;0;1
16/05/2022;10:53:22;157;Sem vítima;496,100;BR-381/MG;Crescente;Colisão traseira;1;1;0;0;0;0;1
17/05/2022;10:48:53;158;Sem vítima;58,100;BR-381/MG;Crescente;Colisão traseira;1;2;0;0;0;0;1
17/05/2022;16:33:33;288;Sem vítima;41,885;BR-381/MG;Crescente;Colisão lateral no mesmo sentido;1;2;0;0;0;0;1
18/05/2022;16:14:51;331;Sem vítima;496,100;BR-381/MG;Crescente;Engavetamento;1;4;0;0;0;0;1
18/05/2022;19:47:43;408;Sem vítima;487,900;BR-381/MG;Decrescente;Colisão lateral no mesmo sentido;1;2;0;0;0;0;1
18/05/2022;23:57:56;454;Sem vítima;7,500;BR-381/MG;Crescente;Colisão traseira;1;2;0;0;0;0;1
19/05/2022;15:57:52;308;Sem vítima;510,100;BR-381/MG;Decrescente;Colisão lateral no mesmo sentido;1;2;0;0;0;0;1
19/05/2022;17:10:03;339;Sem vítima;482,950;BR-381/MG;Decrescente;Colisão traseira;1;1;0;0;0;0;1
20/05/2022;09:19:08;148;Sem vítima;864,500;BR-381/MG;Decrescente;Colisão lateral no mesmo sentido;1;0;0;0;0;0;1
20/05/2022;09:45:50;162;Sem vítima;10,000;BR-381/MG;Crescente;Choque;1;1;0;0;0;0;1
20/05/2022;14:53:54;265;Sem vítima;637,000;BR-381/MG;Decrescente;Acidentes de outra natureza;1;0;0;0;0;0;1
20/05/2022;18:59:15;383;Sem vítima;478,400;BR-381/MG;Crescente;Colisão traseira;1;0;0;0;0;0;1
20/05/2022;21:51:06;442;Sem vítima;638,450;BR-381/MG;Decrescente;Colisão lateral no mesmo sentido;1;2;0;0;0;0;1
22/05/2022;01:20:25;15;Sem vítima;664,600;BR-381/MG;Crescente;Colisão traseira;1;1;0;0;0;0;1
22/05/2022;09:18:33;79;Com vítima;846,460;BR-381/MG;Crescente;Colisão traseira;1;1;0;0;1;0;2
22/05/2022;21:01:24;287;Sem vítima;39,900;BR-381/MG;Crescente;Colisão lateral no mesmo sentido;1;2;0;0;0;0;1
22/05/2022;22:59:31;302;Sem vítima;670,200;BR-381/MG;Crescente;Colisão traseira;1;2;0;0;0;0;1
23/05/2022;08:13:44;101;Sem vítima;576,500;BR-381/MG;Decrescente;Colisão lateral no mesmo sentido;1;2;0;0;0;0;1
25/05/2022;00:48:28;10;Sem vítima;56,500;BR-381/MG;Decrescente;Choque;1;1;0;0;0;0;1
25/05/2022;01:35:01;15;Sem vítima;671,500;BR-381/MG;Crescente;Colisão traseira;2;2;0;0;0;0;1
25/05/2022;15:39:50;272;Sem vítima;496,240;BR-381/MG;Crescente;Colisão traseira;2;2;0;0;0;0;1
26/05/2022;10:56:48;167;Sem vítima;597,970;BR-381/MG;Crescente;Colisão traseira;1;2;0;0;0;0;1
27/05/2022;12:22:55;202;Sem vítima;492,800;BR-381/MG;Decrescente;Colisão lateral no mesmo sentido;1;1;0;0;0;0;1
28/05/2022;07:54:38;91;Sem vítima;940,140;BR-381/MG;Crescente;Engavetamento;1;6;0;0;0;0;1
29/05/2022;22:17:08;302;Sem vítima;86,400;BR-381/MG;Decrescente;Tombamento;1;1;0;0;0;0;1
30/05/2022;09:26:48;131;Sem vítima;484,600;BR-381/MG;Crescente;Colisão lateral no mesmo sentido;1;1;0;0;0;0;1
31/05/2022;04:46:20;31;Sem vítima;938,400;BR-381/MG;Crescente;Choque;1;1;0;0;0;0;1
31/05/2022;09:38:09;145;Sem vítima;494,100;BR-381/MG;Crescente;Choque;1;1;0;0;0;0;1
31/05/2022;21:08:12;377;Sem vítima;484,450;BR-381/MG;Decrescente;Engavetamento;1;3;0;0;0;0;1
31/05/2022;23:18:15;401;Sem vítima;940,800;BR-381/MG;Decrescente;Colisão traseira;1;1;0;0;0;0;1
01/06/2022;08:29:02;136;Sem vítima;728,100;BR-381/MG;Crescente;Choque;1;1;0;0;0;0;1
01/06/2022;11:04:58;201;Sem vítima;58,100;BR-381/MG;Decrescente;Tombamento;1;1;0;0;0;0;1
02/06/2022;23:20:34;408;Sem vítima;831,500;BR-381/MG;Decrescente;Colisão traseira;1;1;0;0;0;0;1
03/06/2022;08:03:49;121;Sem vítima;698,700;BR-381/MG;Decrescente;Colisão traseira;1;1;0;0;0;0;1
05/06/2022;08:12:46;65;Sem vítima;691,100;BR-381/MG;Crescente;Colisão traseira;1;2;0;0;0;0;1
07/06/2022;10:03:12;148;Sem vítima;39,200;BR-381/MG;Decrescente;Colisão traseira;2;2;0;0;0;0;1
07/06/2022;16:06:24;272;Sem vítima;745,500;BR-381/MG;Decrescente;Choque;1;1;0;0;0;0;1
08/06/2022;07:15:03;65;Sem vítima;676,900;BR-381/MG;Decrescente;Engavetamento;1;2;0;0;0;0;1
08/06/2022;11:16:00;172;Sem vítima;54,300;BR-381/MG;Crescente;Choque;1;2;0;0;0;0;1
08/06/2022;17:27:33;289;Sem vítima;499,500;BR-381/MG;Crescente;Engavetamento;1;3;0;0;0;0;1
09/06/2022;07:04:14;55;Sem vítima;925,300;BR-381/MG;Decrescente;Colisão lateral no mesmo sentido;1;2;0;0;0;0;1
09/06/2022;09:47:03;138;Sem vítima;653,500;BR-381/MG;Decrescente;Colisão traseira;1;3;0;0;0;0;1
09/06/2022;23:18:04;362;Sem vítima;900,880;BR-381/MG;Crescente;Colisão traseira;1;2;0;0;0;0;1
10/06/2022;10:01:30;158;Sem vítima;491,400;BR-381/MG;Decrescente;Colisão lateral no mesmo sentido;1;2;0;0;0;0;1
10/06/2022;20:33:10;395;Sem vítima;868,300;BR-381/MG;Crescente;Colisão traseira;2;0;0;0;0;0;1
10/06/2022;21:47:50;416;Sem vítima;50,200;BR-381/MG;Crescente;Colisão traseira;1;2;0;0;0;0;1
11/06/2022;11:26:46;179;Sem vítima;597,200;BR-381/MG;Crescente;Choque;1;2;0;0;0;0;1
11/06/2022;13:10:28;208;Sem vítima;543,500;BR-381/MG;Crescente;Colisão traseira;2;2;0;0;0;0;1
12/06/2022;06:00:45;33;Sem vítima;509,122;BR-381/MG;Crescente;Colisão lateral no mesmo sentido;1;1;0;0;0;0;1
12/06/2022;20:31:03;260;Sem vítima;923,950;BR-381/MG;Decrescente;Colisão lateral no mesmo sentido;1;2;0;0;0;0;1
13/06/2022;06:48:02;51;Sem vítima;923,400;BR-381/MG;Decrescente;Colisão lateral no mesmo sentido;2;2;0;0;0;0;1
13/06/2022;09:53:22;137;Sem vítima;489,560;BR-381/MG;Crescente;Colisão traseira;1;1;0;0;0;0;1
13/06/2022;20:18:36;349;Sem vítima;37,380;BR-381/MG;Crescente;Choque;1;2;0;0;0;0;1
14/06/2022;08:04:03;115;Sem vítima;810,200;BR-381/MG;Decrescente;Colisão lateral no mesmo sentido;1;2;0;0;0;0;1
14/06/2022;21:35:08;406;Sem vítima;20,279;BR-381/MG;Decrescente;Colisão lateral no mesmo sentido;1;2;0;0;0;0;1
15/06/2022;11:58:40;173;Sem vítima;592,100;BR-381/MG;Crescente;Colisão traseira;2;2;0;0;0;0;1
20/06/2022;14:31:45;224;Sem vítima;490,400;BR-381/MG;Crescente;Colisão traseira;1;2;0;0;0;0;1
21/06/2022;18:50:07;347;Sem vítima;857,141;BR-381/MG;Decrescente;Colisão traseira;1;2;0;0;0;0;1
21/06/2022;22:36:45;402;Sem vítima;923,100;BR-381/MG;Decrescente;Choque;1;1;0;0;0;0;1
23/06/2022;19:23:11;373;Sem vítima;491,300;BR-381/MG;Crescente;Colisão lateral no mesmo sentido;1;2;0;0;0;0;1
24/06/2022;07:09:15;66;Sem vítima;930,000;BR-381/MG;Decrescente;Acidentes de outra natureza;1;0;0;0;0;0;1
24/06/2022;07:35:04;73;Sem vítima;934,700;BR-381/MG;Decrescente;Colisão lateral no mesmo sentido;1;2;0;0;0;0;1
25/06/2022;20:16:46;318;Sem vítima;28,100;BR-381/MG;Crescente;Colisão traseira;1;2;0;0;0;0;1
26/06/2022;04:13:30;23;Sem vítima;597,300;BR-381/MG;Decrescente;Colisão traseira;1;0;0;0;0;0;1
26/06/2022;19:16:24;226;Sem vítima;500,000;BR-381/MG;Crescente;Colisão lateral no mesmo sentido;1;0;0;0;0;0;1
27/06/2022;14:47:11;206;Sem vítima;934,100;BR-381/MG;Crescente;Colisão lateral no mesmo sentido;1;2;0;0;0;0;1
27/06/2022;15:05:28;210;Sem vítima;882,600;BR-381/MG;Crescente;Capotamento;1;2;0;0;0;0;1
28/06/2022;06:26:06;53;Sem vítima;66,600;BR-381/MG;Decrescente;Colisão lateral no mesmo sentido;1;0;0;0;0;0;1
28/06/2022;12:05:09;181;Sem vítima;73,500;BR-381/MG;Decrescente;Colisão traseira;1;2;0;0;0;0;1
28/06/2022;15:31:06;255;Sem vítima;846,600;BR-381/MG;Crescente;Colisão traseira;1;0;0;0;0;0;1
29/06/2022;07:43:28;86;Sem vítima;837,400;BR-381/MG;Decrescente;Colisão traseira;1;2;0;0;0;0;1
29/06/2022;19:20:58;325;Sem vítima;880,100;BR-381/MG;Decrescente;Colisão lateral no mesmo sentido;1;3;0;0;0;0;1
30/06/2022;02:04:12;15;Sem vítima;923,100;BR-381/MG;Crescente;Atropelamento de animal;1;0;0;0;0;0;1
30/06/2022;05:40:02;38;Sem vítima;22,100;BR-381/MG;Decrescente;Colisão lateral no mesmo sentido;1;2;0;0;0;0;1
30/06/2022;07:21:22;71;Sem vítima;492,600;BR-381/MG;Decrescente;Colisão traseira;1;1;0;0;0;0;1
01/07/2022;05:34:34;74;Sem vítima;491,360;BR-381/MG;Crescente;Colisão lateral no mesmo sentido;1;2;0;0;0;0;1
01/07/2022;09:36:07;182;Sem vítima;508,540;BR-381/MG;Crescente;Engavetamento;3;2;0;0;0;0;1
01/07/2022;12:55:04;252;Sem vítima;807,200;BR-381/MG;Decrescente;Choque;1;1;0;0;0;0;1
03/07/2022;20:29:19;306;Sem vítima;545,500;BR-381/MG;Crescente;Colisão traseira;1;2;0;0;0;0;1
04/07/2022;08:29:01;98;Sem vítima;481,300;BR-381/MG;Crescente;Colisão traseira;1;1;0;0;0;0;1
04/07/2022;16:03:40;301;Sem vítima;507,500;BR-381/MG;Crescente;Colisão lateral no mesmo sentido;1;3;0;0;0;0;1
04/07/2022;18:25:21;354;Sem vítima;511,300;BR-381/MG;Decrescente;Colisão traseira;1;2;0;0;0;0;1
05/07/2022;12:55:13;193;Sem vítima;934,500;BR-381/MG;Decrescente;Colisão traseira;2;0;0;0;0;0;1
05/07/2022;16:41:35;288;Sem vítima;500,900;BR-381/MG;Decrescente;Capotamento;1;0;0;0;0;0;1
06/07/2022;13:52:39;205;Sem vítima;30,960;BR-381/MG;Crescente;Colisão lateral no mesmo sentido;1;2;0;0;0;0;1
06/07/2022;19:35:12;331;Sem vítima;893,827;BR-381/MG;Crescente;Colisão traseira;1;2;0;0;0;0;1
07/07/2022;15:47:31;279;Sem vítima;669,150;BR-381/MG;Decrescente;Colisão lateral no mesmo sentido;1;2;0;0;0;0;1
08/07/2022;07:06:45;113;Sem vítima;942,100;BR-381/MG;Crescente;Colisão lateral no mesmo sentido;1;1;0;0;0;0;1
08/07/2022;11:03:40;218;Sem vítima;655,400;BR-381/MG;Decrescente;Colisão traseira;1;1;0;0;0;0;1
09/07/2022;02:42:47;24;Sem vítima;481,200;BR-381/MG;Decrescente;Colisão lateral no mesmo sentido;1;1;0;0;0;0;1
09/07/2022;14:41:33;243;Sem vítima;597,650;BR-381/MG;Crescente;Colisão traseira;2;2;0;0;0;0;1
10/07/2022;10:40:49;98;Sem vítima;884,200;BR-381/MG;Decrescente;Colisão lateral no mesmo sentido;1;2;0;0;0;0;1
11/07/2022;18:16:19;282;Sem vítima;49,200;BR-381/MG;Decrescente;Colisão traseira;2;2;0;0;0;0;1
11/07/2022;19:28:20;303;Sem vítima;839,100;BR-381/MG;Decrescente;Colisão lateral no mesmo sentido;1;3;0;0;0;0;1
12/07/2022;15:22:10;260;Sem vítima;887,700;BR-381/MG;Crescente;Colisão lateral no mesmo sentido;1;3;0;0;0;0;1
12/07/2022;15:49:35;274;Sem vítima;700,100;BR-381/MG;Decrescente;Choque;1;1;0;0;0;0;1
13/07/2022;08:07:16;100;Sem vítima;54,500;BR-381/MG;Crescente;Choque;1;1;0;0;0;0;1
15/07/2022;20:51:14;382;Sem vítima;496,300;BR-381/MG;Decrescente;Colisão lateral no mesmo sentido;1;2;0;0;0;0;1
15/07/2022;23:20:31;420;Sem vítima;939,100;BR-381/MG;Crescente;Colisão traseira;1;2;0;0;0;0;1
16/07/2022;01:48:19;19;Sem vítima;603,100;BR-381/MG;Decrescente;Choque;1;1;0;0;0;0;1
16/07/2022;10:57:23;163;Sem vítima;7,100;BR-381/MG;Crescente;Colisão lateral no mesmo sentido;1;2;0;0;0;0;1
16/07/2022;17:21:29;306;Sem vítima;770,100;BR-381/MG;Decrescente;Choque;1;1;0;0;0;0;1
17/07/2022;20:46:45;384;Sem vítima;862,800;BR-381/MG;Decrescente;Choque;1;1;0;0;0;0;1
18/07/2022;00:20:27;1;Sem vítima;600,900;BR-381/MG;Decrescente;Colisão traseira;1;1;0;0;0;0;1
18/07/2022;01:27:27;9;Sem vítima;58,500;BR-381/MG;Decrescente;Atropelamento de animal;1;3;0;0;0;0;1
18/07/2022;07:36:55;74;Sem vítima;26,500;BR-381/MG;Crescente;Choque;1;1;0;0;0;0;1
19/07/2022;03:49:10;24;Sem vítima;654,600;BR-381/MG;Crescente;Atropelamento de animal;1;1;0;0;0;0;1
19/07/2022;22:43:03;383;Sem vítima;0,800;BR-381/MG;Crescente;Colisão traseira;1;2;0;0;0;0;1
20/07/2022;04:02:53;15;Sem vítima;642,100;BR-381/MG;Crescente;Choque;1;1;0;0;0;0;1
20/07/2022;07:50:31;74;Sem vítima;913,150;BR-381/MG;Crescente;Choque;1;1;0;0;0;0;1
20/07/2022;10:09:54;147;Sem vítima;30,100;BR-381/MG;Decrescente;Engavetamento;1;3;0;0;0;0;1
21/07/2022;12:12:52;194;Sem vítima;810,600;BR-381/MG;Crescente;Colisão traseira;1;3;0;0;0;0;1
21/07/2022;16:21:19;296;Sem vítima;908,400;BR-381/MG;Decrescente;Colisão lateral no mesmo sentido;1;2;0;0;0;0;1
21/07/2022;23:47:59;426;Sem vítima;606,800;BR-381/MG;Decrescente;Choque;1;0;0;0;0;0;1
23/07/2022;01:36:45;11;Sem vítima;525,601;BR-381/MG;Decrescente;Capotamento;1;0;0;0;0;0;1
23/07/2022;02:58:07;22;Sem vítima;541,100;BR-381/MG;Crescente;Colisão traseira;2;2;0;0;0;0;1
23/07/2022;11:38:23;155;Sem vítima;61,500;BR-381/MG;Crescente;Colisão lateral no mesmo sentido;1;3;0;0;0;0;1
24/07/2022;01:49:11;13;Sem vítima;66,600;BR-381/MG;Decrescente;Colisão traseira;1;2;0;0;0;0;1
25/07/2022;07:06:06;58;Sem vítima;40,500;BR-381/MG;Decrescente;Engavetamento;1;4;0;0;0;0;1