data;horario;n_da_ocorrencia;tipo_de_ocorrencia;km;trecho;sentido;tipo_de_acidente;caminhao;ilesos;levemente_feridos;moderadamente_feridos;gravemente_feridos;mortos;3
25/07/2022;07:21:57;67;Sem vítima;912,300;BR-381/MG;Decrescente;Choque;1;1;0;0;0;0;1
25/07/2022;20:34:17;336;Sem vítima;516,790;BR-381/MG;Crescente;Colisão traseira;1;2;0;0;0;0;1
26/07/2022;16:30:27;245;Sem vítima;852,300;BR-381/MG;Crescente;Colisão lateral no mesmo sentido;1;3;0;0;0;0;1
26/07/2022;18:28:58;288;Sem vítima;504,100;BR-381/MG;Decrescente;Colisão traseira;2;2;0;0;0;0;1
27/07/2022;02:03:14;11;Sem vítima;846,600;BR-381/MG;Crescente;Choque;1;1;0;0;0;0;1
27/07/2022;16:19:34;263;Sem vítima;927,500;BR-381/MG;Decrescente;Colisão traseira;1;1;0;0;0;0;1
27/07/2022;16:44:38;276;Sem vítima;22,780;BR-381/MG;Crescente;Colisão traseira;1;1;0;0;0;0;1
27/07/2022;19:49:44;357;Sem vítima;852,939;BR-381/MG;Decrescente;Colisão traseira;1;2;0;0;0;0;1
28/07/2022;00:42:22;10;Sem vítima;835,200;BR-381/MG;Crescente;Tombamento;1;1;0;0;0;0;1
28/07/2022;05:26:41;24;Sem vítima;593,500;BR-381/MG;Crescente;Engavetamento;1;3;0;0;0;0;1
30/07/2022;01:35:22;14;Sem vítima;737,200;BR-381/MG;Crescente;Colisão traseira;1;2;0;0;0;0;1
30/07/2022;03:28:25;30;Sem vítima;532,600;BR-381/MG;Decrescente;Choque;1;0;0;0;0;0;1
31/07/2022;05:15:18;36;Sem vítima;948,100;BR-381/MG;Crescente;Acidentes de outra natureza;1;0;0;0;0;0;1
01/08/2022;10:56:05;189;Sem vítima;55,700;BR-381/MG;Decrescente;Colisão traseira;1;1;0;0;0;0;1
02/08/2022;05:07:21;29;Sem vítima;44,968;BR-381/MG;Decrescente;Colisão traseira;1;3;0;0;0;0;1
03/08/2022;00:41:42;5;Sem vítima;711,200;BR-381/MG;Crescente;Choque;1;0;0;0;0;0;1
03/08/2022;07:46:13;80;Sem vítima;477,200;BR-381/MG;Crescente;Engavetamento;2;3;0;0;0;0;1
03/08/2022;09:44:07;130;Sem vítima;663,600;BR-381/MG;Decrescente;Colisão traseira;1;2;0;0;0;0;1
03/08/2022;11:08:18;157;Sem vítima;484,000;BR-381/MG;Decrescente;Acidentes de outra natureza;1;0;0;0;0;0;1
03/08/2022;15:26:11;259;Sem vítima;489,300;BR-381/MG;Decrescente;Colisão lateral no mesmo sentido;1;1;0;0;0;0;1
04/08/2022;01:35:15;9;Com vítima;869,100;BR-381/MG;Crescente;Colisão traseira;1;1;0;0;2;0;2
04/08/2022;19:18:20;338;Sem vítima;47,400;BR-381/MG;Decrescente;Engavetamento;1;3;0;0;0;0;1
05/08/2022;13:44:44;216;Sem vítima;75,500;BR-381/MG;Crescente;Colisão lateral no mesmo sentido;1;2;0;0;0;0;1
05/08/2022;17:34:01;318;Sem vítima;528,300;BR-381/MG;Decrescente;Colisão traseira;1;2;0;0;0;0;1
06/08/2022;07:12:32;53;Sem vítima;77,800;BR-381/MG;Decrescente;Colisão traseira;1;2;0;0;0;0;1
07/08/2022;01:27:11;7;Sem vítima;932,200;BR-381/MG;Crescente;Choque;1;1;0;0;0;0;1
07/08/2022;18:19:21;251;Sem vítima;557,500;BR-381/MG;Decrescente;Colisão traseira;1;1;0;0;0;0;1
08/08/2022;12:38:26;191;Sem vítima;487,200;BR-381/MG;Decrescente;Colisão lateral no mesmo sentido;1;2;0;0;0;0;1
09/08/2022;13:56:48;212;Sem vítima;488,300;BR-381/MG;Crescente;Engavetamento;1;3;0;0;0;0;1
09/08/2022;18:41:42;316;Sem vítima;924,417;BR-381/MG;Decrescente;Colisão traseira;1;2;0;0;0;0;1
10/08/2022;04:54:56;45;Sem vítima;674,300;BR-381/MG;Crescente;Choque;1;1;0;0;0;0;1
11/08/2022;02:20:29;15;Sem vítima;71,200;BR-381/MG;Decrescente;Choque;1;1;0;0;0;0;1
11/08/2022;09:52:29;153;Sem vítima;907,600;BR-381/MG;Decrescente;Choque;1;1;0;0;0;0;1
11/08/2022;18:25:29;311;Sem vítima;900,500;BR-381/MG;Decrescente;Colisão traseira;2;2;0;0;0;0;1
12/08/2022;01:11:40;9;Sem vítima;663,800;BR-381/MG;Decrescente;Colisão traseira;1;1;0;0;0;0;1
12/08/2022;22:14:33;477;Sem vítima;486,550;BR-381/MG;Decrescente;Choque;2;2;0;0;0;0;1
14/08/2022;00:56:03;3;Sem vítima;872,250;BR-381/MG;Crescente;Colisão traseira;2;2;0;0;0;0;1
14/08/2022;01:58:07;13;Sem vítima;485,890;BR-381/MG;Decrescente;Choque;1;2;0;0;0;0;1
14/08/2022;21:11:54;316;Sem vítima;478,400;BR-381/MG;Crescente;Colisão traseira;1;2;0;0;0;0;1
15/08/2022;18:21:05;302;Sem vítima;492,100;BR-381/MG;Crescente;Colisão lateral no mesmo sentido;1;5;0;0;0;0;1
15/08/2022;20:20:42;337;Sem vítima;497,100;BR-381/MG;Crescente;Colisão traseira;1;2;0;0;0;0;1
16/08/2022;11:27:41;174;Sem vítima;508,700;BR-381/MG;Decrescente;Engavetamento;1;0;0;0;0;0;1
17/08/2022;00:04:53;2;Sem vítima;504,618;BR-381/MG;Crescente;Colisão traseira;2;1;0;0;0;0;1
17/08/2022;08:09:49;87;Sem vítima;477,801;BR-381/MG;Crescente;Engavetamento;1;3;0;0;0;0;1
17/08/2022;11:04:33;157;Sem vítima;58,100;BR-381/MG;Decrescente;Acidentes de outra natureza;1;0;0;0;0;0;1
19/08/2022;14:45:51;225;Sem vítima;489,150;BR-381/MG;Decrescente;Choque;1;2;0;0;0;0;1
19/08/2022;22:51:53;373;Sem vítima;51,100;BR-381/MG;Decrescente;Choque;1;2;0;0;0;0;1
20/08/2022;14:40:13;196;Sem vítima;42,800;BR-381/MG;Decrescente;Choque;2;2;0;0;0;0;1
21/08/2022;08:18:07;62;Sem vítima;65,100;BR-381/MG;Decrescente;Colisão lateral no mesmo sentido;1;2;0;0;0;0;1
22/08/2022;09:42:44;151;Sem vítima;519,500;BR-381/MG;Decrescente;Colisão traseira;1;2;0;0;0;0;1
22/08/2022;22:08:12;368;Sem vítima;22,100;BR-381/MG;Decrescente;Colisão traseira;1;1;0;0;0;0;1
23/08/2022;08:30:04;101;Sem vítima;79,900;BR-381/MG;Crescente;Tombamento;1;1;0;0;0;0;1
23/08/2022;10:07:42;135;Sem vítima;1,601;BR-381/MG;Crescente;Colisão traseira;2;2;0;0;0;0;1
25/08/2022;03:33:07;19;Sem vítima;893,615;BR-381/MG;Decrescente;Colisão traseira;1;3;0;0;0;0;1
26/08/2022;01:52:27;18;Sem vítima;884,950;BR-381/MG;Crescente;Atropelamento de animal;1;0;0;0;0;0;1
26/08/2022;07:07:30;61;Sem vítima;76,320;BR-381/MG;Decrescente;Choque;1;0;0;0;0;0;1
26/08/2022;08:58:14;101;Sem vítima;76,801;BR-381/MG;Decrescente;Choque;1;1;0;0;0;0;1
26/08/2022;14:43:52;224;Sem vítima;874,100;BR-381/MG;Crescente;Colisão lateral no mesmo sentido;1;2;0;0;0;0;1
27/08/2022;00:37:03;6;Sem vítima;519,250;BR-381/MG;Crescente;Colisão traseira;1;1;0;0;0;0;1
30/08/2022;11:06:36;187;Sem vítima;72,300;BR-381/MG;Crescente;Choque;1;1;0;0;0;0;1
30/08/2022;16:58:46;313;Sem vítima;561,500;BR-381/MG;Decrescente;Colisão traseira;1;1;0;0;0;0;1
31/08/2022;07:24:55;70;Sem vítima;636,900;BR-381/MG;Crescente;Colisão lateral no mesmo sentido;1;2;0;0;0;0;1
01/09/2022;08:56:42;156;Sem vítima;723,300;BR-381/MG;Crescente;Choque;1;1;0;0;0;0;1
01/09/2022;16:20:17;313;Sem vítima;487,800;BR-381/MG;Decrescente;Engavetamento;1;3;0;0;0;0;1
02/09/2022;13:17:37;206;Sem vítima;33,700;BR-381/MG;Crescente;Colisão lateral no mesmo sentido;1;2;0;0;0;0;1
03/09/2022;02:24:58;16;Sem vítima;639,100;BR-381/MG;Crescente;Colisão traseira;2;2;0;0;0;0;1
05/09/2022;07:20:06;69;Sem vítima;481,500;BR-381/MG;Crescente;Colisão traseira;1;2;0;0;0;0;1
06/09/2022;12:45:38;181;Sem vítima;71,800;BR-381/MG;Decrescente;Colisão traseira;1;2;0;0;0;0;1
09/09/2022;14:36:57;260;Sem vítima;700,100;BR-381/MG;Crescente;Colisão traseira;1;1;0;0;0;0;1
09/09/2022;16:39:00;315;Sem vítima;552,660;BR-381/MG;Crescente;Colisão lateral no mesmo sentido;1;5;0;0;0;0;1
09/09/2022;21:55:12;451;Sem vítima;14,200;BR-381/MG;Decrescente;Colisão traseira;2;2;0;0;0;0;1
10/09/2022;01:07:36;16;Sem vítima;507,753;BR-381/MG;Crescente;Colisão lateral no mesmo sentido;1;1;0;0;0;0;1
10/09/2022;05:22:34;40;Sem vítima;604,300;BR-381/MG;Crescente;Colisão traseira;1;2;0;0;0;0;1
10/09/2022;18:38:41;313;Sem vítima;817,454;BR-381/MG;Decrescente;Colisão traseira;1;2;0;0;0;0;1
15/09/2022;01:29:32;13;Sem vítima;54,100;BR-381/MG;Crescente;Choque;1;1;0;0;0;0;1
15/09/2022;14:44:14;235;Com vítima;88,100;BR-381/MG;Crescente;Colisão lateral no mesmo sentido;1;1;0;0;1;0;2
16/09/2022;10:01:03;152;Sem vítima;932,900;BR-381/MG;Decrescente;Colisão traseira;2;0;0;0;0;0;1
16/09/2022;17:57:17;328;Sem vítima;58,535;BR-381/MG;Decrescente;Colisão traseira;1;2;0;0;0;0;1
19/09/2022;04:39:51;26;Sem vítima;579,500;BR-381/MG;Decrescente;Tombamento;1;1;0;0;0;0;1
19/09/2022;07:59:49;88;Sem vítima;500,900;BR-381/MG;Crescente;Engavetamento;1;3;0;0;0;0;1
19/09/2022;09:00:09;119;Sem vítima;69,100;BR-381/MG;Crescente;Choque;1;1;0;0;0;0;1
19/09/2022;20:34:58;384;Sem vítima;906,800;BR-381/MG;Crescente;Colisão traseira;1;1;0;0;0;0;1
20/09/2022;08:19:06;95;Sem vítima;839,900;BR-381/MG;Decrescente;Choque;1;1;0;0;0;0;1
20/09/2022;08:45:25;104;Sem vítima;491,000;BR-381/MG;Crescente;Acidentes de outra natureza;1;0;0;0;0;0;1
20/09/2022;08:52:04;106;Sem vítima;490,857;BR-381/MG;Decrescente;Colisão lateral no mesmo sentido;1;1;0;0;0;0;1
20/09/2022;10:05:06;134;Sem vítima;659,300;BR-381/MG;Crescente;Atropelamento de animal;1;1;0;0;0;0;1
20/09/2022;10:17:14;136;Sem vítima;480,300;BR-381/MG;Decrescente;Engavetamento;1;3;0;0;0;0;1
20/09/2022;13:37:24;204;Sem vítima;489,300;BR-381/MG;Decrescente;Engavetamento;1;2;0;0;0;0;1
20/09/2022;20:49:17;368;Sem vítima;745,100;BR-381/MG;Decrescente;Colisão traseira;1;2;0;0;0;0;1
21/09/2022;05:37:46;53;Sem vítima;597,700;BR-381/MG;Crescente;Colisão traseira;1;2;0;0;0;0;1
21/09/2022;11:25:22;215;Sem vítima;929,900;BR-381/MG;Decrescente;Choque;1;1;0;0;0;0;1
21/09/2022;14:34:55;280;Sem vítima;633,200;BR-381/MG;Decrescente;Colisão traseira;1;2;0;0;0;0;1
21/09/2022;14:45:24;287;Com vítima;693,260;BR-381/MG;Crescente;Colisão lateral no mesmo sentido;1;2;0;0;3;0;2
22/09/2022;00:28:34;8;Sem vítima;54,100;BR-381/MG;Crescente;Choque;1;1;0;0;0;0;1
22/09/2022;03:22:18;31;Sem vítima;895,100;BR-381/MG;Decrescente;Colisão traseira;1;1;0;0;0;0;1
22/09/2022;12:04:07;218;Sem vítima;492,100;BR-381/MG;Crescente;Engavetamento;1;2;0;0;0;0;1
22/09/2022;15:29:23;284;Sem vítima;692,800;BR-381/MG;Decrescente;Choque;1;1;0;0;0;0;1
22/09/2022;20:34:30;396;Sem vítima;900,880;BR-381/MG;Crescente;Colisão traseira;1;2;0;0;0;0;1
23/09/2022;01:24:32;15;Sem vítima;739,200;BR-381/MG;Decrescente;Choque;1;1;0;0;0;0;1
26/09/2022;16:38:45;283;Sem vítima;61,000;BR-381/MG;Crescente;Choque;1;1;0;0;0;0;1
27/09/2022;00:07:53;4;Sem vítima;503,100;BR-381/MG;Decrescente;Colisão traseira;1;1;0;0;0;0;1
27/09/2022;06:36:05;80;Sem vítima;488,300;BR-381/MG;Crescente;Colisão traseira;1;2;0;0;0;0;1
28/09/2022;01:09:57;6;Sem vítima;671,500;BR-381/MG;Crescente;Colisão traseira;1;1;0;0;0;0;1
28/09/2022;13:04:01;209;Sem vítima;31,300;BR-381/MG;Crescente;Colisão traseira;1;2;0;0;0;0;1
28/09/2022;17:14:09;309;Sem vítima;53,880;BR-381/MG;Crescente;Colisão traseira;1;2;0;0;0;0;1
29/09/2022;15:03:00;290;Sem vítima;650,769;BR-381/MG;Decrescente;Colisão traseira;1;2;0;0;0;0;1
29/09/2022;22:15:59;482;Sem vítima;502,300;BR-381/MG;Decrescente;Choque;1;2;0;0;0;0;1
30/09/2022;14:07:25;303;Sem vítima;71,300;BR-381/MG;Decrescente;Choque;1;1;0;0;0;0;1
30/09/2022;15:33:47;335;Sem vítima;921,700;BR-381/MG;Decrescente;Colisão traseira;1;2;0;0;0;0;1
01/10/2022;04:35:02;56;Sem vítima;805,100;BR-381/MG;Crescente;Choque;1;1;0;0;0;0;1
03/10/2022;08:53:15;128;Sem vítima;51,600;BR-381/MG;Crescente;Acidentes de outra natureza;1;1;0;0;0;0;1
03/10/2022;19:31:13;350;Sem vítima;757,294;BR-381/MG;Decrescente;Colisão traseira;1;2;0;0;0;0;1
03/10/2022;20:00:21;358;Sem vítima;948,100;BR-381/MG;Crescente;Colisão traseira;1;2;0;0;0;0;1
04/10/2022;09:23:28;157;Sem vítima;7,570;BR-381/MG;Decrescente;Colisão traseira;1;0;0;0;0;0;1
04/10/2022;10:13:46;183;Sem vítima;500,500;BR-381/MG;Decrescente;Engavetamento;1;5;0;0;0;0;1
04/10/2022;12:59:46;242;Sem vítima;834,100;BR-381/MG;Crescente;Colisão traseira;1;2;0;0;0;0;1
04/10/2022;22:23:58;457;Sem vítima;521,800;BR-381/MG;Crescente;Colisão lateral no mesmo sentido;1;2;0;0;0;0;1
06/10/2022;03:57:05;25;Sem vítima;636,566;BR-381/MG;Decrescente;Choque;1;2;0;0;0;0;1
08/10/2022;13:44:48;222;Sem vítima;866,200;BR-381/MG;Crescente;Choque;1;0;0;0;0;0;1
08/10/2022;17:54:18;339;Sem vítima;763,139;BR-381/MG;Decrescente;Colisão lateral no mesmo sentido;1;1;0;0;0;0;1
10/10/2022;02:02:29;19;Sem vítima;825,655;BR-381/MG;Decrescente;Colisão lateral no mesmo sentido;1;2;0;0;0;0;1
10/10/2022;22:46:56;378;Sem vítima;883,100;BR-381/MG;Decrescente;Engavetamento;1;3;0;0;0;0;1
11/10/2022;08:33:44;106;Sem vítima;658,200;BR-381/MG;Decrescente;Choque;1;2;0;0;0;0;1
11/10/2022;09:16:19;130;Sem vítima;600,300;BR-381/MG;Decrescente;Choque;1;1;0;0;0;0;1
12/10/2022;16:50:55;265;Sem vítima;560,800;BR-381/MG;Crescente;Colisão traseira;1;2;0;0;0;0;1
14/10/2022;00:19:58;6;Sem vítima;735,500;BR-381/MG;Decrescente;Colisão traseira;1;2;0;0;0;0;1
14/10/2022;11:13:42;207;Sem vítima;491,300;BR-381/MG;Decrescente;Colisão lateral no mesmo sentido;1;2;0;0;0;0;1
14/10/2022;11:25:15;215;Sem vítima;54,300;BR-381/MG;Crescente;Choque;1;0;0;0;0;0;1
14/10/2022;12:17:52;229;Sem vítima;490,600;BR-381/MG;Decrescente;Colisão traseira;1;1;0;0;0;0;1
15/10/2022;00:57:06;12;Sem vítima;740,300;BR-381/MG;Crescente;Colisão traseira;1;2;0;0;0;0;1
15/10/2022;11:00:01;160;Sem vítima;541,400;BR-381/MG;Crescente;Colisão traseira;1;2;0;0;0;0;1
16/10/2022;02:24:23;15;Sem vítima;910,934;BR-381/MG;Decrescente;Choque;1;1;0;0;0;0;1
16/10/2022;10:29:51;120;Sem vítima;822,625;BR-381/MG;Decrescente;Colisão lateral no mesmo sentido;1;2;0;0;0;0;1
18/10/2022;15:14:51;274;Sem vítima;926,900;BR-381/MG;Decrescente;Choque;1;0;0;0;0;0;1
18/10/2022;16:36:55;311;Sem vítima;8,950;BR-381/MG;Decrescente;Choque;1;1;0;0;0;0;1
18/10/2022;19:05:43;356;Sem vítima;510,000;BR-381/MG;Decrescente;Colisão lateral no mesmo sentido;1;2;0;0;0;0;1
19/10/2022;05:30:25;34;Sem vítima;527,700;BR-381/MG;Decrescente;Colisão traseira;1;1;0;0;0;0;1
19/10/2022;09:41:54;142;Sem vítima;908,189;BR-381/MG;Decrescente;Choque;1;1;0;0;0;0;1
19/10/2022;13:52:58;223;Sem vítima;817,000;BR-381/MG;Crescente;Choque;1;1;0;0;0;0;1
20/10/2022;05:40:00;29;Sem vítima;480,522;BR-381/MG;Crescente;Tombamento;1;0;0;0;0;0;1
20/10/2022;18:59:51;344;Sem vítima;558,100;BR-381/MG;Decrescente;Colisão traseira;1;2;0;0;0;0;1
22/10/2022;15:06:58;274;Sem vítima;532,100;BR-381/MG;Decrescente;Choque;1;1;0;0;0;0;1
23/10/2022;20:24:40;299;Sem vítima;67,549;BR-381/MG;Crescente;Choque;1;1;0;0;0;0;1
24/10/2022;22:16:47;368;Sem vítima;486,150;BR-381/MG;Crescente;Colisão traseira;1;0;0;0;0;0;1
26/10/2022;04:56:57;32;Sem vítima;845,605;BR-381/MG;Crescente;Colisão traseira;1;0;0;0;0;0;1
26/10/2022;23:55:46;398;Sem vítima;728,800;BR-381/MG;Crescente;Choque;1;1;0;0;0;0;1
27/10/2022;05:07:16;30;Sem vítima;853,500;BR-381/MG;Crescente;Colisão traseira;1;1;0;0;0;0;1
27/10/2022;12:49:15;208;Sem vítima;482,700;BR-381/MG;Crescente;Colisão lateral no mesmo sentido;1;2;0;0;0;0;1
27/10/2022;17:30:00;320;Sem vítima;68,615;BR-381/MG;Decrescente;Choque;1;1;0;0;0;0;1
28/10/2022;07:14:22;82;Sem vítima;481,900;BR-381/MG;Decrescente;Colisão lateral no mesmo sentido;1;2;0;0;0;0;1
28/10/2022;16:25:22;290;Sem vítima;483,500;BR-381/MG;Crescente;Colisão lateral no mesmo sentido;1;2;0;0;0;0;1
29/10/2022;00:49:54;5;Sem vítima;481,300;BR-381/MG;Decrescente;Colisão traseira;1;1;0;0;0;0;1
29/10/2022;11:50:36;172;Sem vítima;545,500;BR-381/MG;Crescente;Choque;1;0;0;0;0;0;1
29/10/2022;16:59:28;283;Sem vítima;66,600;BR-381/MG;Decrescente;Colisão traseira;1;2;0;0;0;0;1
30/10/2022;16:25:41;265;Sem vítima;65,500;BR-381/MG;Crescente;Colisão traseira;2;0;0;0;0;0;1
30/10/2022;16:42:15;269;Sem vítima;70,500;BR-381/MG;Crescente;Colisão lateral no mesmo sentido;1;2;0;0;0;0;1
31/10/2022;14:48:47;227;Sem vítima;751,800;BR-381/MG;Crescente;Choque;1;1;0;0;0;0;1
31/10/2022;16:04:49;260;Sem vítima;482,500;BR-381/MG;Decrescente;Colisão traseira;2;2;0;0;0;0;1
01/11/2022;08:49:08;98;Sem vítima;515,100;BR-381/MG;Crescente;Colisão traseira;1;2;0;0;0;0;1
02/11/2022;20:44:07;260;Sem vítima;669,800;BR-381/MG;Decrescente;Colisão lateral no mesmo sentido;1;2;0;0;0;0;1
03/11/2022;16:54:04;246;Sem vítima;923,837;BR-381/MG;Crescente;Engavetamento;1;3;0;0;0;0;1
03/11/2022;21:23:51;309;Sem vítima;54,500;BR-381/MG;Decrescente;Colisão traseira;1;1;0;0;0;0;1
04/11/2022;00:56:35;12;Sem vítima;766,300;BR-381/MG;Crescente;Colisão traseira;1;2;0;0;0;0;1
04/11/2022;07:49:21;104;Sem vítima;545,500;BR-381/MG;Decrescente;Colisão lateral no mesmo sentido;1;1;0;0;0;0;1
04/11/2022;19:46:57;341;Sem vítima;900,980;BR-381/MG;Crescente;Colisão lateral no mesmo sentido;1;2;0;0;0;0;1
05/11/2022;15:28:30;270;Com vítima;489,352;BR-381/MG;Crescente;Colisão traseira;1;1;0;0;0;1;3
06/11/2022;08:42:56;95;Sem vítima;24,800;BR-381/MG;Crescente;Colisão traseira;1;2;0;0;0;0;1
06/11/2022;09:24:46;109;Sem vítima;792,100;BR-381/MG;Decrescente;Choque;1;1;0;0;0;0;1
06/11/2022;19:20:28;313;Sem vítima;560,700;BR-381/MG;Decrescente;Choque;1;1;0;0;0;0;1
07/11/2022;21:47:23;352;Sem vítima;756,707;BR-381/MG;Decrescente;Colisão lateral no mesmo sentido;1;1;0;0;0;0;1
08/11/2022;18:31:31;332;Sem vítima;504,100;BR-381/MG;Decrescente;Engavetamento;1;3;0;0;0;0;1
09/11/2022;09:02:29;127;Sem vítima;616,840;BR-381/MG;Crescente;Colisão traseira;1;2;0;0;0;0;1
09/11/2022;11:31:45;191;Sem vítima;674,450;BR-381/MG;Decrescente;Colisão traseira;1;2;0;0;0;0;1
09/11/2022;14:23:01;249;Sem vítima;936,000;BR-381/MG;Decrescente;Colisão lateral no mesmo sentido;2;2;0;0;0;0;1
09/11/2022;16:11:56;305;Sem vítima;490,400;BR-381/MG;Crescente;Colisão lateral no mesmo sentido;2;2;0;0;0;0;1
09/11/2022;18:13:03;363;Sem vítima;490,200;BR-381/MG;Decrescente;Colisão lateral no mesmo sentido;1;2;0;0;0;0;1
10/11/2022;22:39:32;420;Sem vítima;501,400;BR-381/MG;Crescente;Colisão traseira;1;2;0;0;0;0;1
11/11/2022;08:56:35;128;Sem vítima;50,242;BR-381/MG;Crescente;Engavetamento;3;7;0;0;0;0;1
11/11/2022;14:57:29;269;Sem vítima;487,600;BR-381/MG;Crescente;Colisão lateral no mesmo sentido;1;2;0;0;0;0;1
11/11/2022;15:12:46;274;Sem vítima;21,100;BR-381/MG;Decrescente;Colisão traseira;1;2;0;0;0;0;1
12/11/2022;10:13:38;144;Sem vítima;844,500;BR-381/MG;Crescente;Colisão traseira;1;2;0;0;0;0;1
12/11/2022;10:40:43;151;Sem vítima;691,500;BR-381/MG;Crescente;Colisão lateral no mesmo sentido;1;2;0;0;0;0;1
14/11/2022;03:30:42;30;Sem vítima;776,500;BR-381/MG;Crescente;Choque;1;1;0;0;0;0;1
14/11/2022;14:31:44;199;Sem vítima;22,300;BR-381/MG;Decrescente;Colisão traseira;1;2;0;0;0;0;1
15/11/2022;20:45:24;332;Sem vítima;697,800;BR-381/MG;Decrescente;Choque;1;1;0;0;0;0;1
16/11/2022;10:43:17;177;Sem vítima;489,500;BR-381/MG;Decrescente;Colisão traseira;1;2;0;0;0;0;1
16/11/2022;12:44:16;203;Sem vítima;486,950;BR-381/MG;Decrescente;Colisão lateral no mesmo sentido;2;2;0;0;0;0;1
17/11/2022;03:59:36;26;Sem vítima;546,200;BR-381/MG;Crescente;Colisão traseira;2;2;0;0;0;0;1
17/11/2022;12:39:14;208;Sem vítima;691,400;BR-381/MG;Crescente;Colisão traseira;1;3;0;0;0;0;1
19/11/2022;09:19:15;116;Sem vítima;915,400;BR-381/MG;Crescente;Choque;1;1;0;0;0;0;1
21/11/2022;06:53:55;58;Sem vítima;499,760;BR-381/MG;Crescente;Colisão traseira;1;0;0;0;0;0;1
21/11/2022;15:24:44;246;Sem vítima;622,100;BR-381/MG;Decrescente;Colisão traseira;1;2;0;0;0;0;1
22/11/2022;02:26:30;24;Sem vítima;907,300;BR-381/MG;Crescente;Choque;1;1;0;0;0;0;1
22/11/2022;17:04:30;304;Sem vítima;29,500;BR-381/MG;Crescente;Colisão lateral no mesmo sentido;1;2;0;0;0;0;1
22/11/2022;23:40:18;399;Sem vítima;556,100;BR-381/MG;Crescente;Colisão traseira;1;2;0;0;0;0;1
23/11/2022;14:42:13;237;Sem vítima;744,500;BR-381/MG;Decrescente;Choque;1;1;0;0;0;0;1
24/11/2022;13:23:33;214;Sem vítima;500,900;BR-381/MG;Crescente;Colisão lateral no mesmo sentido;1;2;0;0;0;0;1
25/11/2022;00:41:30;9;Sem vítima;689,100;BR-381/MG;Decrescente;Colisão traseira;1;1;0;0;0;0;1
25/11/2022;08:33:12;157;Sem vítima;479,100;BR-381/MG;Crescente;Colisão traseira;1;3;0;0;0;0;1
25/11/2022;16:45:57;327;Sem vítima;57,900;BR-381/MG;Decrescente;Colisão traseira;1;2;0;0;0;0;1
26/11/2022;14:28:32;249;Sem vítima;495,355;BR-381/MG;Crescente;Colisão lateral no mesmo sentido;1;1;0;0;0;0;1
27/11/2022;02:12:16;16;Sem vítima;767,657;BR-381/MG;Decrescente;Atropelamento de animal;1;1;0;0;0;0;1
27/11/2022;19:37:32;293;Sem vítima;563,100;BR-381/MG;Crescente;Colisão lateral no mesmo sentido;1;1;0;0;0;0;1
28/11/2022;14:39:03;231;Sem vítima;758,662;BR-381/MG;Crescente;Colisão traseira;1;2;0;0;0;0;1
28/11/2022;17:50:17;284;Sem vítima;636,451;BR-381/MG;Crescente;Choque;1;1;0;0;0;0;1
29/11/2022;06:33:33;50;Sem vítima;542,254;BR-381/MG;Crescente;Choque;1;1;0;0;0;0;1
29/11/2022;19:24:55;375;Sem vítima;559,685;BR-381/MG;Crescente;Choque;1;1;0;0;0;0;1
29/11/2022;19:47:49;387;Sem vítima;669,867;BR-381/MG;Decrescente;Colisão traseira;1;2;0;0;0;0;1
29/11/2022;20:45:37;401;Sem vítima;936,800;BR-381/MG;Decrescente;Tombamento;1;1;0;0;0;0;1
30/11/2022;00:58:32;7;Sem vítima;816,400;BR-381/MG;Decrescente;Colisão traseira;1;2;0;0;0;0;1
30/11/2022;11:24:16;230;Sem vítima;854,800;BR-381/MG;Crescente;Choque;1;1;0;0;0;0;1
30/11/2022;12:18:19;253;Sem vítima;705,110;BR-381/MG;Decrescente;Colisão lateral no mesmo sentido;1;2;0;0;0;0;1
30/11/2022;14:29:49;305;Sem vítima;904,500;BR-381/MG;Crescente;Choque;1;1;0;0;0;0;1
30/11/2022;14:43:49;311;Sem vítima;501,500;BR-381/MG;Decrescente;Colisão lateral no mesmo sentido;1;1;0;0;0;0;1
30/11/2022;22:29:49;472;Sem vítima;844,100;BR-381/MG;Crescente;Colisão traseira;1;2;0;0;0;0;1
01/12/2022;15:11:23;328;Sem vítima;945,845;BR-381/MG;Decrescente;Colisão traseira;1;1;0;0;0;0;1
01/12/2022;20:17:44;449;Sem vítima;485,713;BR-381/MG;Crescente;Engavetamento;1;3;0;0;0;0;1
02/12/2022;06:21:22;49;Sem vítima;482,301;BR-381/MG;Crescente;Colisão traseira;1;2;0;0;0;0;1
02/12/2022;10:57:24;204;Sem vítima;526,500;BR-381/MG;Decrescente;Choque;1;1;0;0;0;0;1
02/12/2022;17:19:19;355;Sem vítima;60,501;BR-381/MG;Decrescente;Colisão lateral no mesmo sentido;1;2;0;0;0;0;1
03/12/2022;03:49:52;30;Sem vítima;908,200;BR-381/MG;Decrescente;Choque;1;1;0;0;0;0;1
03/12/2022;16:36:46;268;Sem vítima;817,500;BR-381/MG;Decrescente;Choque;1;1;0;0;0;0;1